diameter,steps,measured_angle,tilt,tilt component,experimental a/s,theoretical a/s,k factor,expected angle,error
2,6.5625,10.03,0,1,1.528380952,2.910625599,0.525103934,9.550490248,-0.479509752
2,6.5625,9.69,0,1,1.476571429,2.910625599,0.507303801,9.550490248,-0.139509752
2,6.5,9.6,0,1,1.476923077,2.910625599,0.507424616,9.459533198,-0.140466802
2,6.5,8.65,0,1,1.330769231,2.910625599,0.457210722,9.459533198,0.809533198
2,6.5,8.45,0,1,1.3,2.910625599,0.446639376,9.459533198,1.009533198
2,6.5,8.27,0,1,1.272307692,2.910625599,0.437125164,9.459533198,1.189533198
2,6.5,7.09,0,1,1.090769231,2.910625599,0.374754222,9.459533198,2.369533198
2,6.5625,7.04,0,1,1.072761905,2.910625599,0.368567467,9.550490248,2.510490248
2,6.5625,6.95,0,1,1.059047619,2.910625599,0.363855667,9.550490248,2.600490248
2,6.5625,6.23,0,1,0.949333333,2.910625599,0.326161267,9.550490248,3.320490248
2,29.3125,46.88,0,1,1.599317697,2.910625599,0.549475583,42.65885644,-4.221143561
2,29.375,45.47,0,1,1.547914894,2.910625599,0.531815186,42.74981349,-2.720186511
2,29.375,43.85,0,1,1.492765957,2.910625599,0.512867735,42.74981349,-1.100186511
2,29.375,43.74,0,1,1.489021277,2.910625599,0.511581179,42.74981349,-0.990186511
2,29.3125,43.09,0,1,1.470021322,2.910625599,0.505053389,42.65885644,-0.431143561
2,29.3125,42.93,0,1,1.4645629,2.910625599,0.503178045,42.65885644,-0.271143561
2,29.375,42.56,0,1,1.448851064,2.910625599,0.49777995,42.74981349,0.189813489
2,29.3125,41.3,0,1,1.408955224,2.910625599,0.484072986,42.65885644,1.358856439
2,29.3125,40.43,0,1,1.379275053,2.910625599,0.473875807,42.65885644,2.228856439
2,29.375,39.24,0,1,1.335829787,2.910625599,0.458949371,42.74981349,3.509813489
2,58.6875,92.64,0,1,1.578530351,2.910625599,0.5423337,85.40866993,-7.231330072
2,58.8125,91.13,0,1,1.549500531,2.910625599,0.532359961,85.59058403,-5.539415972
2,58.6875,90.78,0,1,1.546837061,2.910625599,0.531444876,85.40866993,-5.371330072
2,58.8125,90.68,0,1,1.541849097,2.910625599,0.529731167,85.59058403,-5.089415972
2,58.6875,89.82,0,1,1.530479233,2.910625599,0.525824838,85.40866993,-4.411330072
2,58.8125,89.73,0,1,1.525696068,2.910625599,0.524181492,85.59058403,-4.139415972
2,58.6875,89.62,0,1,1.527071353,2.910625599,0.524653996,85.40866993,-4.211330072
2,58.6875,88.47,0,1,1.507476038,2.910625599,0.517921659,85.40866993,-3.061330072
2,58.6875,86.98,0,1,1.482087327,2.910625599,0.509198891,85.40866993,-1.571330072
2,58.8125,86.24,0,1,1.466354942,2.910625599,0.503793735,85.59058403,-0.649415972
2,88,135.3,0,1,1.5375,2.910625599,0.528236954,128.0675264,-7.232473632
2,88,134.95,0,1,1.533522727,2.910625599,0.526870487,128.0675264,-6.882473632
2,88.1875,134.76,0,1,1.528107725,2.910625599,0.525010062,128.3403975,-6.419602482
2,88.1875,134.25,0,1,1.522324592,2.910625599,0.523023158,128.3403975,-5.909602482
2,88,134.21,0,1,1.525113636,2.910625599,0.523981386,128.0675264,-6.142473632
2,88,133.62,0,1,1.518409091,2.910625599,0.521677914,128.0675264,-5.552473632
2,88,133.49,0,1,1.516931818,2.910625599,0.521170369,128.0675264,-5.422473632
2,88.1875,132.96,0,1,1.507696669,2.910625599,0.517997461,128.3403975,-4.619602482
2,88.1875,132.95,0,1,1.507583274,2.910625599,0.517958502,128.3403975,-4.609602482
2,88.1875,132.77,0,1,1.505542169,2.910625599,0.517257242,128.3403975,-4.429602482
3,9.9375,10.68,0,1,1.074716981,1.940417066,0.553858755,9.641447298,-1.038552702
3,9.875,10.59,0,1,1.072405063,1.940417066,0.552667301,9.580809264,-1.009190736
3,9.875,8.75,0,1,0.886075949,1.940417066,0.45664201,9.580809264,0.830809264
3,9.875,8.1,0,1,0.820253165,1.940417066,0.422720032,9.580809264,1.480809264
3,9.9375,7.79,0,1,0.783899371,1.940417066,0.403984991,9.641447298,1.851447298
3,9.9375,7.77,0,1,0.781886792,1.940417066,0.402947802,9.641447298,1.871447298
3,9.875,7.7,0,1,0.779746835,1.940417066,0.401844969,9.580809264,1.880809264
3,9.9375,7.69,0,1,0.773836478,1.940417066,0.398799048,9.641447298,1.951447298
3,9.875,7.65,0,1,0.774683544,1.940417066,0.399235586,9.580809264,1.930809264
3,9.9375,7.64,0,1,0.768805031,1.940417066,0.396206076,9.641447298,2.001447298
3,44.75,45.33,0,1,1.012960894,1.940417066,0.522032563,43.41683186,-1.913168144
3,44.75,45.18,0,1,1.009608939,1.940417066,0.520305122,43.41683186,-1.763168144
3,44.5,45.09,0,1,1.013258427,1.940417066,0.522185897,43.17427972,-1.915720278
3,44.5,44.63,0,1,1.002921348,1.940417066,0.516858652,43.17427972,-1.455720278
3,44.75,44.62,0,1,0.997094972,1.940417066,0.51385601,43.41683186,-1.203168144
3,44.5,44.35,0,1,0.996629213,1.940417066,0.51361598,43.17427972,-1.175720278
3,44.75,44.2,0,1,0.987709497,1.940417066,0.509019177,43.41683186,-0.783168144
3,44.5,44.1,0,1,0.991011236,1.940417066,0.510720738,43.17427972,-0.925720278
3,44.75,43.63,0,1,0.974972067,1.940417066,0.502454902,43.41683186,-0.213168144
3,44.5,43.01,0,1,0.966516854,1.940417066,0.498097482,43.17427972,0.164279722
3,89.5,90.71,0,1,1.013519553,1.940417066,0.52232047,86.83366371,-3.876336289
3,88.9375,90.68,0,1,1.01959241,1.940417066,0.525450136,86.28792141,-4.392078588
3,89.5,90.35,0,1,1.009497207,1.940417066,0.520247541,86.83366371,-3.516336289
3,88.9375,89.73,0,1,1.008910752,1.940417066,0.519945309,86.28792141,-3.442078588
3,89.5,88.68,0,1,0.990837989,1.940417066,0.510631454,86.83366371,-1.846336289
3,88.9375,88.58,0,1,0.995980323,1.940417066,0.513281573,86.28792141,-2.292078588
3,88.9375,88.31,0,1,0.992944483,1.940417066,0.511717043,86.28792141,-2.022078588
3,88.9375,88.1,0,1,0.990583275,1.940417066,0.510500187,86.28792141,-1.812078588
3,88.9375,87.56,0,1,0.984511595,1.940417066,0.507371128,86.28792141,-1.272078588
3,89.5,87.31,0,1,0.975530726,1.940417066,0.502742809,86.83366371,-0.476336289
3,134.25,137.92,0,1,1.027337058,1.940417066,0.529441364,130.2504956,-7.669504433
3,133.4375,136.03,0,1,1.019428571,1.940417066,0.525365701,129.4622011,-6.567798866
3,133.4375,135.03,0,1,1.011934426,1.940417066,0.521503569,129.4622011,-5.567798866
3,134.25,134.96,0,1,1.005288641,1.940417066,0.518078643,130.2504956,-4.709504433
3,134.25,134.92,0,1,1.004990689,1.940417066,0.517925093,130.2504956,-4.669504433
3,134.25,134.85,0,1,1.004469274,1.940417066,0.51765638,130.2504956,-4.599504433
3,134.25,134.84,0,1,1.004394786,1.940417066,0.517617992,130.2504956,-4.589504433
3,134.25,134.8,0,1,1.004096834,1.940417066,0.517464442,130.2504956,-4.549504433
3,133.4375,134.13,0,1,1.005189696,1.940417066,0.518027651,129.4622011,-4.667798866
3,133.4375,133.69,0,1,1.001892272,1.940417066,0.516328314,129.4622011,-4.227798866
3,133.4375,132.66,0,1,0.994173302,1.940417066,0.512350319,129.4622011,-3.197798866
4,12.75,9.65,0,1,0.756862745,1.4553128,0.520068775,9.277619098,-0.372380902
4,12.9375,9.11,0,1,0.704154589,1.4553128,0.483851025,9.414054673,0.304054673
4,12.9375,9.02,0,1,0.697198068,1.4553128,0.479070938,9.414054673,0.394054673
4,12.75,8.94,0,1,0.701176471,1.4553128,0.481804648,9.277619098,0.337619098
4,12.9375,8.93,0,1,0.690241546,1.4553128,0.474290851,9.414054673,0.484054673
4,12.75,8.91,0,1,0.698823529,1.4553128,0.480187853,9.277619098,0.367619098
4,12.9375,8.9,0,1,0.687922705,1.4553128,0.472697488,9.414054673,0.514054673
4,12.9375,8.82,0,1,0.68173913,1.4553128,0.468448522,9.414054673,0.594054673
4,12.75,8.61,0,1,0.675294118,1.4553128,0.464019912,9.277619098,0.667619098
4,12.75,8.13,0,1,0.637647059,1.4553128,0.438151206,9.277619098,1.147619098
4,58.1875,44.18,0,1,0.759269603,1.4553128,0.521722617,42.34050676,-1.839493236
4,58.1875,43.87,0,1,0.753941998,1.4553128,0.51806182,42.34050676,-1.529493236
4,57.4375,43.56,0,1,0.758389554,1.4553128,0.521117903,41.79476446,-1.765235536
4,58.1875,42.97,0,1,0.738474758,1.4553128,0.5074337,42.34050676,-0.629493236
4,57.4375,42.54,0,1,0.740631121,1.4553128,0.508915417,41.79476446,-0.745235536
4,57.4375,42.47,0,1,0.739412405,1.4553128,0.508077992,41.79476446,-0.675235536
4,58.1875,42.46,0,1,0.729709989,1.4553128,0.501411098,42.34050676,-0.119493236
4,58.1875,42.33,0,1,0.727475832,1.4553128,0.499875925,42.34050676,0.010506764
4,57.4375,42.13,0,1,0.733492927,1.4553128,0.504010497,41.79476446,-0.335235536
4,57.4375,42.08,0,1,0.732622416,1.4553128,0.503412336,41.79476446,-0.285235536
4,114.875,88.95,0,1,0.774319913,1.4553128,0.53206425,83.58952893,-5.360471071
4,116.375,88.86,0,1,0.763566058,1.4553128,0.524674873,84.68101353,-4.178986471
4,116.375,88.86,0,1,0.763566058,1.4553128,0.524674873,84.68101353,-4.178986471
4,116.375,87.26,0,1,0.749817401,1.4553128,0.515227655,84.68101353,-2.578986471
4,114.875,87.22,0,1,0.759260065,1.4553128,0.521716064,83.58952893,-3.630471071
4,116.375,87.21,0,1,0.749387755,1.4553128,0.514932429,84.68101353,-2.528986471
4,114.875,87.18,0,1,0.758911861,1.4553128,0.521476799,83.58952893,-3.590471071
4,114.875,86.84,0,1,0.755952122,1.4553128,0.519443052,83.58952893,-3.250471071
4,114.875,86.77,0,1,0.755342764,1.4553128,0.519024339,83.58952893,-3.180471071
4,114.875,86.4,0,1,0.752121872,1.4553128,0.516811143,83.58952893,-2.810471071
4,116.375,86.24,0,1,0.741052632,1.4553128,0.509205053,84.68101353,-1.558986471
4,174.5,133.25,0,1,0.763610315,1.4553128,0.524705284,126.9760418,-6.273958232
4,174.5,133.14,0,1,0.762979943,1.4553128,0.524272131,126.9760418,-6.163958232
4,174.5,132.96,0,1,0.761948424,1.4553128,0.523563336,126.9760418,-5.983958232
4,174.5,132.79,0,1,0.760974212,1.4553128,0.522893918,126.9760418,-5.813958232
4,172.375,131.44,0,1,0.762523568,1.4553128,0.523958539,125.4297719,-6.010228082
4,172.375,131.06,0,1,0.760319072,1.4553128,0.522443747,125.4297719,-5.630228082
4,174.5,130.99,0,1,0.750659026,1.4553128,0.515805967,126.9760418,-4.013958232
4,172.375,130.62,0,1,0.757766497,1.4553128,0.520689777,125.4297719,-5.190228082
4,172.375,130.11,0,1,0.754807832,1.4553128,0.518656767,125.4297719,-4.680228082
4,172.375,130.02,0,1,0.754285714,1.4553128,0.518298001,125.4297719,-4.590228082
5,16.375,10.22,0,1,0.624122137,1.16425024,0.536072157,9.532298838,-0.687701162
5,16.4375,10.1,0,1,0.614448669,1.16425024,0.527763404,9.568681658,-0.531318342
5,16.4375,10.03,0,1,0.610190114,1.16425024,0.524105637,9.568681658,-0.461318342
5,16.4375,9.84,0,1,0.598631179,1.16425024,0.514177415,9.568681658,-0.271318342
5,16.375,9.74,0,1,0.59480916,1.16425024,0.5108946,9.532298838,-0.207701162
5,16.375,9.45,0,1,0.577099237,1.16425024,0.495683159,9.532298838,0.082298838
5,16.375,9.02,0,1,0.550839695,1.16425024,0.473128264,9.532298838,0.512298838
5,16.375,8.84,0,1,0.539847328,1.16425024,0.46368668,9.532298838,0.692298838
5,16.4375,8.79,0,1,0.534752852,1.16425024,0.459310923,9.568681658,0.778681658
5,16.4375,8.79,0,1,0.534752852,1.16425024,0.459310923,9.568681658,0.778681658
5,73.9375,44.8,0,1,0.60591716,1.16425024,0.520435504,43.04087605,-1.759123951
5,73.75,44.46,0,1,0.602847458,1.16425024,0.517798869,42.93172759,-1.528272411
5,73.9375,43.91,0,1,0.593879966,1.16425024,0.510096495,43.04087605,-0.869123951
5,73.9375,43.73,0,1,0.591445478,1.16425024,0.508005459,43.04087605,-0.689123951
5,73.75,43.53,0,1,0.590237288,1.16425024,0.506967719,42.93172759,-0.598272411
5,73.75,43.31,0,1,0.587254237,1.16425024,0.504405511,42.93172759,-0.378272411
5,73.75,43.24,0,1,0.586305085,1.16425024,0.503590263,42.93172759,-0.308272411
5,73.9375,43.04,0,1,0.582113271,1.16425024,0.499989823,43.04087605,0.000876049
5,73.75,42.93,0,1,0.582101695,1.16425024,0.49997988,42.93172759,0.001727589
5,73.9375,42.75,0,1,0.57819104,1.16425024,0.496620933,43.04087605,0.290876049
5,147.875,89.69,0,1,0.606525782,1.16425024,0.520958262,86.0817521,-3.608247902
5,147.5,89.11,0,1,0.604135593,1.16425024,0.518905277,85.86345518,-3.246544822
5,147.5,89.04,0,1,0.603661017,1.16425024,0.518497653,85.86345518,-3.176544822
5,147.875,88.92,0,1,0.601318681,1.16425024,0.51648577,86.0817521,-2.838247902
5,147.5,88.55,0,1,0.600338983,1.16425024,0.515644286,85.86345518,-2.686544822
5,147.875,88.08,0,1,0.595638208,1.16425024,0.511606687,86.0817521,-1.998247902
5,147.5,87.56,0,1,0.593627119,1.16425024,0.509879318,85.86345518,-1.696544822
5,147.5,87.54,0,1,0.593491525,1.16425024,0.509762854,85.86345518,-1.676544822
5,147.875,87.32,0,1,0.590498732,1.16425024,0.507192279,86.0817521,-1.238247902
5,147.875,87.09,0,1,0.588943364,1.16425024,0.505856339,86.0817521,-1.008247902
5,221.875,134.45,0,1,0.605971831,1.16425024,0.520482462,129.159011,-5.290989033
5,221.875,133.58,0,1,0.602050704,1.16425024,0.51711452,129.159011,-4.420989033
5,221.875,133.51,0,1,0.601735211,1.16425024,0.516843537,129.159011,-4.350989033
5,221.875,132.28,0,1,0.596191549,1.16425024,0.512081964,129.159011,-3.120989033
5,221.875,132.26,0,1,0.596101408,1.16425024,0.51200454,129.159011,-3.100989033
5,221.25,131.87,0,1,0.596022599,1.16425024,0.511936849,128.7951828,-3.074817233
5,221.25,131.81,0,1,0.595751412,1.16425024,0.511703921,128.7951828,-3.014817233
5,221.25,131.54,0,1,0.594531073,1.16425024,0.510655745,128.7951828,-2.744817233
5,221.25,131.19,0,1,0.592949153,1.16425024,0.509296998,128.7951828,-2.394817233
5,221.25,131.13,0,1,0.592677966,1.16425024,0.50906407,128.7951828,-2.334817233
2,6.5625,10.22,10,0.984807753,1.557333333,2.866406656,0.543305092,9.550490248,-0.669509752
2,6.5625,9.64,10,0.984807753,1.468952381,2.866406656,0.512471731,9.550490248,-0.089509752
2,6.5,9.5,10,0.984807753,1.461538462,2.866406656,0.509885245,9.459533198,-0.040466802
2,6.5,8.5,10,0.984807753,1.307692308,2.866406656,0.456213114,9.459533198,0.959533198
2,6.5,8.45,10,0.984807753,1.3,2.866406656,0.453529508,9.459533198,1.009533198
2,6.5,8.25,10,0.984807753,1.269230769,2.866406656,0.442795082,9.459533198,1.209533198
2,6.5625,7.06,10,0.984807753,1.075809524,2.866406656,0.375316434,9.550490248,2.490490248
2,6.5625,6.99,10,0.984807753,1.065142857,2.866406656,0.371595166,9.550490248,2.560490248
2,6.5,6.84,10,0.984807753,1.052307692,2.866406656,0.367117377,9.459533198,2.619533198
2,6.5625,6.16,10,0.984807753,0.938666667,2.866406656,0.327471563,9.550490248,3.390490248
2,29.375,43.73,10,0.984807753,1.488680851,2.866406656,0.51935438,42.74981349,-0.980186511
2,29.375,43.57,10,0.984807753,1.483234043,2.866406656,0.517454158,42.74981349,-0.820186511
2,29.3125,42.53,10,0.984807753,1.450916844,2.866406656,0.506179694,42.65885644,0.128856439
2,29.3125,42.11,10,0.984807753,1.436588486,2.866406656,0.501180976,42.65885644,0.548856439
2,29.3125,41.9,10,0.984807753,1.429424307,2.866406656,0.498681617,42.65885644,0.758856439
2,29.3125,41.78,10,0.984807753,1.42533049,2.866406656,0.497253412,42.65885644,0.878856439
2,29.375,41.48,10,0.984807753,1.412085106,2.866406656,0.49263251,42.74981349,1.269813489
2,29.375,41.1,10,0.984807753,1.399148936,2.866406656,0.488119483,42.74981349,1.649813489
2,29.3125,40.23,10,0.984807753,1.372452026,2.866406656,0.478805763,42.65885644,2.428856439
2,29.375,40,10,0.984807753,1.361702128,2.866406656,0.475055458,42.74981349,2.749813489
2,58.8125,92.04,10,0.984807753,1.564973433,2.866406656,0.545970485,85.59058403,-6.449415972
2,58.8125,91.55,10,0.984807753,1.55664187,2.866406656,0.543063863,85.59058403,-5.959415972
2,58.6875,90.64,10,0.984807753,1.544451544,2.866406656,0.538811037,85.40866993,-5.231330072
2,58.6875,90.26,10,0.984807753,1.537976571,2.866406656,0.536552121,85.40866993,-4.851330072
2,58.8125,89.45,10,0.984807753,1.520935175,2.866406656,0.530606909,85.59058403,-3.859415972
2,58.6875,89.31,10,0.984807753,1.521789137,2.866406656,0.53090483,85.40866993,-3.901330072
2,58.6875,89.11,10,0.984807753,1.518381257,2.866406656,0.529715926,85.40866993,-3.701330072
2,58.6875,87.68,10,0.984807753,1.494014909,2.866406656,0.521215267,85.40866993,-2.271330072
2,58.8125,84.53,10,0.984807753,1.43727949,2.866406656,0.501422046,85.59058403,1.060584028
2,58.6875,84.06,10,0.984807753,1.432332268,2.866406656,0.499696114,85.40866993,1.348669928
2,88,134.12,10,0.984807753,1.524090909,2.866406656,0.531707846,128.0675264,-6.052473632
2,88,134.09,10,0.984807753,1.52375,2.866406656,0.531588913,128.0675264,-6.022473632
2,88.1875,133.86,10,0.984807753,1.517902197,2.866406656,0.529548797,128.3403975,-5.519602482
2,88,133.1,10,0.984807753,1.5125,2.866406656,0.527664139,128.0675264,-5.032473632
2,88.1875,132.77,10,0.984807753,1.505542169,2.866406656,0.525236768,128.3403975,-4.429602482
2,88,132.32,10,0.984807753,1.503636364,2.866406656,0.524571892,128.0675264,-4.252473632
2,88,132.15,10,0.984807753,1.501704545,2.866406656,0.523897941,128.0675264,-4.082473632
2,88.1875,132.09,10,0.984807753,1.497831325,2.866406656,0.522546695,128.3403975,-3.749602482
2,88.1875,131.41,10,0.984807753,1.490120482,2.866406656,0.519856622,128.3403975,-3.069602482
2,88.1875,131.34,10,0.984807753,1.489326719,2.866406656,0.519579703,128.3403975,-2.999602482
3,9.9375,10.63,10,0.984807753,1.069685535,1.910937771,0.559769947,9.641447298,-0.988552702
3,9.875,10.61,10,0.984807753,1.07443038,1.910937771,0.56225294,9.580809264,-1.029190736
3,9.875,8.04,10,0.984807753,0.814177215,1.910937771,0.426061606,9.580809264,1.540809264
3,9.875,7.81,10,0.984807753,0.790886076,1.910937771,0.413873276,9.580809264,1.770809264
3,9.875,7.78,10,0.984807753,0.787848101,1.910937771,0.412283494,9.580809264,1.800809264
3,9.9375,7.65,10,0.984807753,0.769811321,1.910937771,0.402844788,9.641447298,1.991447298
3,9.9375,7.65,10,0.984807753,0.769811321,1.910937771,0.402844788,9.641447298,1.991447298
3,9.9375,7.62,10,0.984807753,0.766792453,1.910937771,0.401265004,9.641447298,2.021447298
3,9.9375,7.62,10,0.984807753,0.766792453,1.910937771,0.401265004,9.641447298,2.021447298
3,9.875,7.56,10,0.984807753,0.76556962,1.910937771,0.400625092,9.580809264,2.020809264
3,44.5,45.67,10,0.984807753,1.026292135,1.910937771,0.537062039,43.17427972,-2.495720278
3,44.75,45.25,10,0.984807753,1.011173184,1.910937771,0.529150242,43.41683186,-1.833168144
3,44.75,44.62,10,0.984807753,0.997094972,1.910937771,0.521783068,43.41683186,-1.203168144
3,44.5,44.58,10,0.984807753,1.001797753,1.910937771,0.524244048,43.17427972,-1.405720278
3,44.75,44.46,10,0.984807753,0.993519553,1.910937771,0.519912039,43.41683186,-1.043168144
3,44.5,43.98,10,0.984807753,0.988314607,1.910937771,0.517188274,43.17427972,-0.805720278
3,44.5,43.98,10,0.984807753,0.988314607,1.910937771,0.517188274,43.17427972,-0.805720278
3,44.75,43.96,10,0.984807753,0.982346369,1.910937771,0.514065075,43.41683186,-0.543168144
3,44.75,43.9,10,0.984807753,0.981005587,1.910937771,0.513363439,43.41683186,-0.483168144
3,44.5,43.48,10,0.984807753,0.977078652,1.910937771,0.511308462,43.17427972,-0.305720278
3,89.5,91.87,10,0.984807753,1.026480447,1.910937771,0.537160583,86.83366371,-5.036336289
3,88.9375,90.65,10,0.984807753,1.019255095,1.910937771,0.533379533,86.28792141,-4.362078588
3,88.9375,90.36,10,0.984807753,1.015994378,1.910937771,0.531673189,86.28792141,-4.072078588
3,88.9375,89.71,10,0.984807753,1.008685875,1.910937771,0.527848625,86.28792141,-3.422078588
3,89.5,89.37,10,0.984807753,0.998547486,1.910937771,0.522543173,86.83366371,-2.536336289
3,89.5,88.77,10,0.984807753,0.991843575,1.910937771,0.519034995,86.83366371,-1.936336289
3,89.5,88.23,10,0.984807753,0.985810056,1.910937771,0.515877634,86.83366371,-1.396336289
3,89.5,87.6,10,0.984807753,0.97877095,1.910937771,0.512194047,86.83366371,-0.766336289
3,88.9375,87.52,10,0.984807753,0.984061841,1.910937771,0.514962787,86.28792141,-1.232078588
3,88.9375,87.22,10,0.984807753,0.980688686,1.910937771,0.513197604,86.28792141,-0.932078588
3,134.25,136.69,10,0.984807753,1.018175047,1.910937771,0.53281434,130.2504956,-6.439504433
3,134.25,135.67,10,0.984807753,1.010577281,1.910937771,0.528838404,130.2504956,-5.419504433
3,134.25,135.32,10,0.984807753,1.007970205,1.910937771,0.527474113,130.2504956,-5.069504433
3,133.4375,134.78,10,0.984807753,1.01006089,1.910937771,0.528568175,129.4622011,-5.317798866
3,133.4375,133.99,10,0.984807753,1.004140515,1.910937771,0.525470023,129.4622011,-4.527798866
3,133.4375,133.71,10,0.984807753,1.002042155,1.910937771,0.524371944,129.4622011,-4.247798866
3,134.25,133.11,10,0.984807753,0.99150838,1.910937771,0.518859586,130.2504956,-2.859504433
3,133.4375,132.44,10,0.984807753,0.99252459,1.910937771,0.519391372,129.4622011,-2.977798866
3,133.4375,132.23,10,0.984807753,0.99095082,1.910937771,0.518567813,129.4622011,-2.767798866
3,134.25,132.15,10,0.984807753,0.984357542,1.910937771,0.515117529,130.2504956,-1.899504433
4,12.9375,9.76,10,0.984807753,0.754396135,1.433203328,0.526370628,9.414054673,-0.345945327
4,12.75,9.62,10,0.984807753,0.754509804,1.433203328,0.526449938,9.277619098,-0.342380902
4,12.75,9.14,10,0.984807753,0.716862745,1.433203328,0.500182166,9.277619098,0.137619098
4,12.9375,8.8,10,0.984807753,0.680193237,1.433203328,0.474596467,9.414054673,0.614054673
4,12.75,8.78,10,0.984807753,0.688627451,1.433203328,0.480481337,9.277619098,0.497619098
4,12.75,8.72,10,0.984807753,0.683921569,1.433203328,0.477197865,9.277619098,0.557619098
4,12.9375,8.71,10,0.984807753,0.673236715,1.433203328,0.46974264,9.414054673,0.704054673
4,12.9375,8.68,10,0.984807753,0.670917874,1.433203328,0.468124697,9.414054673,0.734054673
4,12.75,8.34,10,0.984807753,0.654117647,1.433203328,0.456402545,9.277619098,0.937619098
4,12.75,8.32,10,0.984807753,0.65254902,1.433203328,0.455308055,9.277619098,0.957619098
4,58.1875,43.82,10,0.984807753,0.753082707,1.433203328,0.525454199,42.34050676,-1.479493236
4,58.1875,43.71,10,0.984807753,0.751192266,1.433203328,0.524135167,42.34050676,-1.369493236
4,58.1875,43.7,10,0.984807753,0.751020408,1.433203328,0.524015255,42.34050676,-1.359493236
4,57.4375,43.3,10,0.984807753,0.753862894,1.433203328,0.525998565,41.79476446,-1.505235536
4,57.4375,43,10,0.984807753,0.748639826,1.433203328,0.522354233,41.79476446,-1.205235536
4,57.4375,42.86,10,0.984807753,0.746202394,1.433203328,0.520653545,41.79476446,-1.065235536
4,57.4375,41.93,10,0.984807753,0.730010881,1.433203328,0.509356117,41.79476446,-0.135235536
4,57.4375,41.77,10,0.984807753,0.727225245,1.433203328,0.507412473,41.79476446,0.024764464
4,58.1875,41.69,10,0.984807753,0.716476907,1.433203328,0.499912952,42.34050676,0.650506764
4,58.1875,41.56,10,0.984807753,0.71424275,1.433203328,0.498354097,42.34050676,0.780506764
4,116.375,88.42,10,0.984807753,0.759785177,1.433203328,0.530130765,84.68101353,-3.738986471
4,114.875,87.62,10,0.984807753,0.762742111,1.433203328,0.53219393,83.58952893,-4.030471071
4,116.375,86.55,10,0.984807753,0.743716434,1.433203328,0.518918997,84.68101353,-1.868986471
4,114.875,86.42,10,0.984807753,0.752295974,1.433203328,0.524905266,83.58952893,-2.830471071
4,116.375,86.32,10,0.984807753,0.741740064,1.433203328,0.51754001,84.68101353,-1.638986471
4,114.875,86.13,10,0.984807753,0.749771491,1.433203328,0.523143839,83.58952893,-2.540471071
4,116.375,85.67,10,0.984807753,0.736154672,1.433203328,0.513642871,84.68101353,-0.988986471
4,114.875,85.66,10,0.984807753,0.745680087,1.433203328,0.520289112,83.58952893,-2.070471071
4,116.375,85.64,10,0.984807753,0.735896885,1.433203328,0.513463003,84.68101353,-0.958986471
4,114.875,85.17,10,0.984807753,0.741414581,1.433203328,0.517312908,83.58952893,-1.580471071
4,174.5,131.53,10,0.984807753,0.753753582,1.433203328,0.525922294,126.9760418,-4.553958232
4,174.5,130.24,10,0.984807753,0.746361032,1.433203328,0.520764233,126.9760418,-3.263958232
4,174.5,129.92,10,0.984807753,0.744527221,1.433203328,0.519484714,126.9760418,-2.943958232
4,174.5,129.9,10,0.984807753,0.744412607,1.433203328,0.519404744,126.9760418,-2.923958232
4,172.375,129.87,10,0.984807753,0.753415518,1.433203328,0.525686414,125.4297719,-4.440228082
4,172.375,129.46,10,0.984807753,0.751036983,1.433203328,0.524026821,125.4297719,-4.030228082
4,174.5,129.25,10,0.984807753,0.740687679,1.433203328,0.516805721,126.9760418,-2.273958232
4,172.375,128.78,10,0.984807753,0.747092096,1.433203328,0.521274324,125.4297719,-3.350228082
4,172.375,128.53,10,0.984807753,0.745641769,1.433203328,0.520262376,125.4297719,-3.100228082
4,172.375,127.42,10,0.984807753,0.739202321,1.433203328,0.51576933,125.4297719,-1.990228082
5,16.375,10.1,10,0.984807753,0.616793893,1.146562663,0.537950444,9.532298838,-0.567701162
5,16.4375,10.09,10,0.984807753,0.613840304,1.146562663,0.535374406,9.568681658,-0.521318342
5,16.375,10.05,10,0.984807753,0.613740458,1.146562663,0.535287323,9.532298838,-0.517701162
5,16.4375,10,10,0.984807753,0.608365019,1.146562663,0.530599015,9.568681658,-0.431318342
5,16.4375,9.95,10,0.984807753,0.605323194,1.146562663,0.52794602,9.568681658,-0.381318342
5,16.375,9.37,10,0.984807753,0.57221374,1.146562663,0.499068877,9.532298838,0.162298838
5,16.4375,9.06,10,0.984807753,0.551178707,1.146562663,0.480722707,9.568681658,0.508681658
5,16.4375,8.89,10,0.984807753,0.540836502,1.146562663,0.471702524,9.568681658,0.678681658
5,16.375,8.8,10,0.984807753,0.53740458,1.146562663,0.468709298,9.532298838,0.732298838
5,16.375,8.75,10,0.984807753,0.534351145,1.146562663,0.466046177,9.532298838,0.782298838
5,73.75,44.2,10,0.984807753,0.599322034,1.146562663,0.522711975,42.93172759,-1.268272411
5,73.75,44.13,10,0.984807753,0.598372881,1.146562663,0.521884151,42.93172759,-1.198272411
5,73.9375,44.06,10,0.984807753,0.595908707,1.146562663,0.519734966,43.04087605,-1.019123951
5,73.9375,43.74,10,0.984807753,0.591580727,1.146562663,0.515960223,43.04087605,-0.699123951
5,73.9375,43.48,10,0.984807753,0.588064243,1.146562663,0.512893244,43.04087605,-0.439123951
5,73.9375,43.11,10,0.984807753,0.583060017,1.146562663,0.508528697,43.04087605,-0.069123951
5,73.9375,42.89,10,0.984807753,0.580084531,1.146562663,0.505933561,43.04087605,0.150876049
5,73.75,42.82,10,0.984807753,0.580610169,1.146562663,0.506392008,42.93172759,0.111727589
5,73.75,42.56,10,0.984807753,0.577084746,1.146562663,0.503317232,42.93172759,0.371727589
5,73.75,42.17,10,0.984807753,0.57179661,1.146562663,0.498705068,42.93172759,0.761727589
5,147.5,90.21,10,0.984807753,0.61159322,1.146562663,0.533414562,85.86345518,-4.346544822
5,147.875,88.7,10,0.984807753,0.599830938,1.146562663,0.523155827,86.0817521,-2.618247902
5,147.5,88.36,10,0.984807753,0.599050847,1.146562663,0.522475454,85.86345518,-2.496544822
5,147.875,88.35,10,0.984807753,0.597464074,1.146562663,0.521091515,86.0817521,-2.268247902
5,147.5,88.3,10,0.984807753,0.598644068,1.146562663,0.522120672,85.86345518,-2.436544822
5,147.875,87.96,10,0.984807753,0.594826712,1.146562663,0.51879128,86.0817521,-1.878247902
5,147.875,87.89,10,0.984807753,0.594353339,1.146562663,0.518378418,86.0817521,-1.808247902
5,147.5,87.69,10,0.984807753,0.594508475,1.146562663,0.518513723,85.86345518,-1.826544822
5,147.875,86.72,10,0.984807753,0.586441251,1.146562663,0.511477715,86.0817521,-0.638247902
5,147.5,86.54,10,0.984807753,0.586711864,1.146562663,0.511713737,85.86345518,-0.676544822
5,221.25,134,10,0.984807753,0.605649718,1.146562663,0.528230804,128.7951828,-5.204817233
5,221.875,132.99,10,0.984807753,0.599391549,1.146562663,0.522772604,129.159011,-3.830989033
5,221.875,132.64,10,0.984807753,0.597814085,1.146562663,0.521396784,129.159011,-3.480989033
5,221.875,132.18,10,0.984807753,0.595740845,1.146562663,0.519588562,129.159011,-3.020989033
5,221.875,132.03,10,0.984807753,0.595064789,1.146562663,0.518998925,129.159011,-2.870989033
5,221.25,131.7,10,0.984807753,0.595254237,1.146562663,0.519164156,128.7951828,-2.904817233
5,221.25,131.57,10,0.984807753,0.594666667,1.146562663,0.518651694,128.7951828,-2.774817233
5,221.875,130.63,10,0.984807753,0.58875493,1.146562663,0.513495641,129.159011,-1.470989033
5,221.25,129.62,10,0.984807753,0.585853107,1.146562663,0.510964753,128.7951828,-0.824817233
5,221.25,129.55,10,0.984807753,0.585536723,1.146562663,0.510688811,128.7951828,-0.754817233
2,6.5625,12.69,20,0.939692621,1.933714286,2.735093397,0.70700119,9.550490248,-3.139509752
2,6.5,8.34,20,0.939692621,1.283076923,2.735093397,0.46911631,9.459533198,1.119533198
2,6.5,8.28,20,0.939692621,1.273846154,2.735093397,0.465741373,9.459533198,1.179533198
2,6.5,8.21,20,0.939692621,1.263076923,2.735093397,0.461803946,9.459533198,1.249533198
2,6.5,8.1,20,0.939692621,1.246153846,2.735093397,0.45561656,9.459533198,1.359533198
2,6.5,7.55,20,0.939692621,1.161538462,2.735093397,0.424679633,9.459533198,1.909533198
2,6.5,7.12,20,0.939692621,1.095384615,2.735093397,0.400492581,9.459533198,2.339533198
2,6.5625,6.76,20,0.939692621,1.030095238,2.735093397,0.376621595,9.550490248,2.790490248
2,29.3125,42.51,20,0.939692621,1.450234542,2.735093397,0.530232183,42.65885644,0.148856439
2,29.375,42.42,20,0.939692621,1.444085106,2.735093397,0.527983837,42.74981349,0.329813489
2,29.3125,42.25,20,0.939692621,1.441364606,2.735093397,0.526989172,42.65885644,0.408856439
2,29.3125,42.06,20,0.939692621,1.434882729,2.735093397,0.52461928,42.65885644,0.598856439
2,29.375,41.28,20,0.939692621,1.405276596,2.735093397,0.513794738,42.74981349,1.469813489
2,29.3125,40.83,20,0.939692621,1.392921109,2.735093397,0.509277347,42.65885644,1.828856439
2,29.3125,40.63,20,0.939692621,1.386098081,2.735093397,0.506782724,42.65885644,2.028856439
2,29.3125,40.48,20,0.939692621,1.38098081,2.735093397,0.504911756,42.65885644,2.178856439
2,29.3125,40.09,20,0.939692621,1.367675906,2.735093397,0.500047241,42.65885644,2.568856439
2,58.8125,94.34,20,0.939692621,1.604080765,2.735093397,0.586481166,85.59058403,-8.749415972
2,58.6875,88.68,20,0.939692621,1.511054313,2.735093397,0.552469,85.40866993,-3.271330072
2,58.6875,88.64,20,0.939692621,1.510372737,2.735093397,0.552219803,85.40866993,-3.231330072
2,58.6875,87.67,20,0.939692621,1.493844515,2.735093397,0.546176784,85.40866993,-2.261330072
2,58.6875,87.23,20,0.939692621,1.486347178,2.735093397,0.543435621,85.40866993,-1.821330072
2,58.8125,86.56,20,0.939692621,1.471795962,2.735093397,0.538115431,85.59058403,-0.969415972
2,58.8125,86.39,20,0.939692621,1.46890542,2.735093397,0.537058596,85.59058403,-0.799415972
2,58.6875,85.97,20,0.939692621,1.464877529,2.735093397,0.535585926,85.40866993,-0.561330072
2,58.6875,84.64,20,0.939692621,1.442215122,2.735093397,0.527300137,85.40866993,0.768669928
2,58.8125,84.59,20,0.939692621,1.438299681,2.735093397,0.52586858,85.59058403,1.000584028
2,58.8125,84.43,20,0.939692621,1.435579171,2.735093397,0.524873912,85.59058403,1.160584028
2,58.6875,84.33,20,0.939692621,1.436932907,2.735093397,0.525368863,85.40866993,1.078669928
2,58.6875,84,20,0.939692621,1.431309904,2.735093397,0.52331299,85.40866993,1.408669928
2,58.6875,83.99,20,0.939692621,1.43113951,2.735093397,0.523250691,85.40866993,1.418669928
2,88.1875,131.64,20,0.939692621,1.492728561,2.735093397,0.545768771,128.3403975,-3.299602482
2,88,131.15,20,0.939692621,1.490340909,2.735093397,0.544895802,128.0675264,-3.082473632
2,88,131.11,20,0.939692621,1.489886364,2.735093397,0.544729611,128.0675264,-3.042473632
2,88,131.1,20,0.939692621,1.489772727,2.735093397,0.544688064,128.0675264,-3.032473632
2,88.1875,131.06,20,0.939692621,1.486151665,2.735093397,0.543364138,128.3403975,-2.719602482
2,88.1875,130.57,20,0.939692621,1.480595322,2.735093397,0.541332637,128.3403975,-2.229602482
2,88.1875,130.5,20,0.939692621,1.479801559,2.735093397,0.541042423,128.3403975,-2.159602482
2,88,129.78,20,0.939692621,1.474772727,2.735093397,0.53920379,128.0675264,-1.712473632
2,88.1875,127.41,20,0.939692621,1.44476258,2.735093397,0.528231534,128.3403975,0.930397518
2,88,125.66,20,0.939692621,1.427954545,2.735093397,0.52208621,128.0675264,2.407526368
3,9.9375,10.63,20,0.939692621,1.069685535,1.823395598,0.586644794,9.641447298,-0.988552702
3,9.875,10.45,20,0.939692621,1.058227848,1.823395598,0.580361085,9.580809264,-0.869190736
3,9.875,7.9,20,0.939692621,0.8,1.823395598,0.438741873,9.580809264,1.680809264
3,9.875,7.67,20,0.939692621,0.776708861,1.823395598,0.425968375,9.580809264,1.910809264
3,9.9375,7.62,20,0.939692621,0.766792453,1.823395598,0.420529946,9.641447298,2.021447298
3,9.9375,7.59,20,0.939692621,0.763773585,1.823395598,0.418874316,9.641447298,2.051447298
3,9.875,7.58,20,0.939692621,0.767594937,1.823395598,0.42097005,9.580809264,2.000809264
3,9.9375,7.57,20,0.939692621,0.761761006,1.823395598,0.417770563,9.641447298,2.071447298
3,9.9375,7.57,20,0.939692621,0.761761006,1.823395598,0.417770563,9.641447298,2.071447298
3,9.875,7.56,20,0.939692621,0.76556962,1.823395598,0.419859311,9.580809264,2.020809264
3,9.9375,7.53,20,0.939692621,0.757735849,1.823395598,0.415563057,9.641447298,2.111447298
3,9.875,6.72,20,0.939692621,0.680506329,1.823395598,0.373208277,9.580809264,2.860809264
3,44.5,44.82,20,0.939692621,1.007191011,1.823395598,0.552371088,43.17427972,-1.645720278
3,44.75,44.4,20,0.939692621,0.992178771,1.823395598,0.544137965,43.41683186,-0.983168144
3,44.75,44.31,20,0.939692621,0.990167598,1.823395598,0.543034983,43.41683186,-0.893168144
3,44.5,44.12,20,0.939692621,0.991460674,1.823395598,0.543744141,43.17427972,-0.945720278
3,44.5,43.93,20,0.939692621,0.987191011,1.823395598,0.541402542,43.17427972,-0.755720278
3,44.5,43.87,20,0.939692621,0.985842697,1.823395598,0.540663089,43.17427972,-0.695720278
3,44.75,43.75,20,0.939692621,0.977653631,1.823395598,0.536171982,43.41683186,-0.333168144
3,44.5,43.7,20,0.939692621,0.982022472,1.823395598,0.538567973,43.17427972,-0.525720278
3,44.75,43.41,20,0.939692621,0.970055866,1.823395598,0.532005159,43.41683186,0.006831856
3,44.75,43.33,20,0.939692621,0.968268156,1.823395598,0.531024731,43.41683186,0.086831856
3,44.5,43.2,20,0.939692621,0.970786517,1.823395598,0.532405868,43.17427972,-0.025720278
3,44.75,42.75,20,0.939692621,0.955307263,1.823395598,0.523916622,43.41683186,0.666831856
3,44.5,42.7,20,0.939692621,0.959550562,1.823395598,0.526243763,43.17427972,0.474279722
3,44.75,42.54,20,0.939692621,0.950614525,1.823395598,0.521342997,43.41683186,0.876831856
3,44.75,42.41,20,0.939692621,0.947709497,1.823395598,0.5197498,43.41683186,1.006831856
3,44.5,42.31,20,0.939692621,0.950786517,1.823395598,0.521437322,43.17427972,0.864279722
3,88.9375,91.37,20,0.939692621,1.027350668,1.823395598,0.563427195,86.28792141,-5.082078588
3,89.5,90.23,20,0.939692621,1.008156425,1.823395598,0.552900547,86.83366371,-3.396336289
3,89.5,88.95,20,0.939692621,0.993854749,1.823395598,0.545057117,86.83366371,-2.116336289
3,88.9375,88.35,20,0.939692621,0.993394238,1.823395598,0.54480456,86.28792141,-2.062078588
3,88.9375,87.31,20,0.939692621,0.981700632,1.823395598,0.538391468,86.28792141,-1.022078588
3,89.5,87.15,20,0.939692621,0.973743017,1.823395598,0.534027294,86.83366371,-0.316336289
3,88.9375,86.65,20,0.939692621,0.974279691,1.823395598,0.53432162,86.28792141,-0.362078588
3,89.5,85.88,20,0.939692621,0.959553073,1.823395598,0.52624514,86.83366371,0.953663711
3,134.25,135.85,20,0.939692621,1.011918063,1.823395598,0.554963533,130.2504956,-5.599504433
3,134.25,134.86,20,0.939692621,1.004543762,1.823395598,0.550919264,130.2504956,-4.609504433
3,133.4375,133.17,20,0.939692621,0.997995316,1.823395598,0.547327918,129.4622011,-3.707798866
3,134.25,130.89,20,0.939692621,0.974972067,1.823395598,0.534701338,130.2504956,-0.639504433
3,133.4375,130.65,20,0.939692621,0.97911007,1.823395598,0.536970733,129.4622011,-1.187798866
3,134.25,130.53,20,0.939692621,0.972290503,1.823395598,0.533230695,130.2504956,-0.279504433
4,12.9375,9.55,20,0.939692621,0.738164251,1.367546699,0.53977261,9.414054673,-0.135945327
4,12.75,9.46,20,0.939692621,0.741960784,1.367546699,0.542548774,9.277619098,-0.182380902
4,12.75,8.98,20,0.939692621,0.704313725,1.367546699,0.515019872,9.277619098,0.297619098
4,12.9375,8.75,20,0.939692621,0.676328502,1.367546699,0.494556057,9.414054673,0.664054673
4,12.9375,8.68,20,0.939692621,0.670917874,1.367546699,0.490599608,9.414054673,0.734054673
4,12.9375,8.67,20,0.939692621,0.670144928,1.367546699,0.490034401,9.414054673,0.744054673
4,12.75,8.65,20,0.939692621,0.678431373,1.367546699,0.496093752,9.277619098,0.627619098
4,12.75,8.64,20,0.939692621,0.677647059,1.367546699,0.495520233,9.277619098,0.637619098
4,12.75,8.62,20,0.939692621,0.676078431,1.367546699,0.494373195,9.277619098,0.657619098
4,12.9375,8.59,20,0.939692621,0.663961353,1.367546699,0.485512746,9.414054673,0.824054673
4,58.1875,44.95,20,0.939692621,0.772502685,1.367546699,0.564882125,42.34050676,-2.609493236
4,57.4375,44.14,20,0.939692621,0.768487486,1.367546699,0.561946065,41.79476446,-2.345235536
4,57.4375,43.2,20,0.939692621,0.752121872,1.367546699,0.549978931,41.79476446,-1.405235536
4,58.1875,42.44,20,0.939692621,0.729366273,1.367546699,0.533339208,42.34050676,-0.099493236
4,58.1875,42.4,20,0.939692621,0.72867884,1.367546699,0.532836532,42.34050676,-0.059493236
4,57.4375,42.07,20,0.939692621,0.732448313,1.367546699,0.535592908,41.79476446,-0.275235536
4,58.1875,42.04,20,0.939692621,0.722491944,1.367546699,0.528312448,42.34050676,0.300506764
4,58.1875,40.68,20,0.939692621,0.699119227,1.367546699,0.511221465,42.34050676,1.660506764
4,58.1875,40.12,20,0.939692621,0.689495166,1.367546699,0.504184001,42.34050676,2.220506764
4,57.4375,39.62,20,0.939692621,0.689793254,1.367546699,0.504401973,41.79476446,2.174764464
4,116.375,88.06,20,0.939692621,0.756691729,1.367546699,0.553320578,84.68101353,-3.378986471
4,116.375,87.01,20,0.939692621,0.747669173,1.367546699,0.546722956,84.68101353,-2.328986471
4,114.875,86.91,20,0.939692621,0.75656148,1.367546699,0.553225335,83.58952893,-3.320471071
4,116.375,86.18,20,0.939692621,0.740537057,1.367546699,0.541507692,84.68101353,-1.498986471
4,114.875,86.03,20,0.939692621,0.748900979,1.367546699,0.547623697,83.58952893,-2.440471071
4,114.875,85.25,20,0.939692621,0.74211099,1.367546699,0.54265861,83.58952893,-1.660471071
4,114.875,84.28,20,0.939692621,0.733667029,1.367546699,0.536484078,83.58952893,-0.690471071
4,116.375,83.91,20,0.939692621,0.721031149,1.367546699,0.527244262,84.68101353,0.771013529
4,114.875,83.08,20,0.939692621,0.723220892,1.367546699,0.528845481,83.58952893,0.509528929
4,116.375,82.85,20,0.939692621,0.711922664,1.367546699,0.520583805,84.68101353,1.831013529
4,172.375,131.59,20,0.939692621,0.763393764,1.367546699,0.558221349,125.4297719,-6.160228082
4,174.5,131.56,20,0.939692621,0.753925501,1.367546699,0.551297811,126.9760418,-4.583958232
4,174.5,131.29,20,0.939692621,0.752378223,1.367546699,0.550166385,126.9760418,-4.313958232
4,172.375,131.29,20,0.939692621,0.761653372,1.367546699,0.556948712,125.4297719,-5.860228082
4,174.5,129.02,20,0.939692621,0.739369628,1.367546699,0.540654025,126.9760418,-2.043958232
4,172.375,127.79,20,0.939692621,0.741348803,1.367546699,0.542101271,125.4297719,-2.360228082
4,174.5,127.68,20,0.939692621,0.731690544,1.367546699,0.5350388,126.9760418,-0.703958232
4,172.375,126.22,20,0.939692621,0.732240754,1.367546699,0.535441133,125.4297719,-0.790228082
4,172.375,125.69,20,0.939692621,0.729166062,1.367546699,0.533192807,125.4297719,-0.260228082
4,174.5,125.31,20,0.939692621,0.718108883,1.367546699,0.525107394,126.9760418,1.666041768
5,16.4375,9.84,20,0.939692621,0.598631179,1.094037359,0.547176176,9.568681658,-0.271318342
5,16.375,9.82,20,0.939692621,0.599694656,1.094037359,0.548148243,9.532298838,-0.287701162
5,16.375,9.64,20,0.939692621,0.58870229,1.094037359,0.53810072,9.532298838,-0.107701162
5,16.375,9.39,20,0.939692621,0.573435115,1.094037359,0.524145825,9.532298838,0.142298838
5,16.4375,9.22,20,0.939692621,0.560912548,1.094037359,0.512699629,9.568681658,0.348681658
5,16.375,9.05,20,0.939692621,0.552671756,1.094037359,0.505167169,9.532298838,0.482298838
5,16.4375,8.9,20,0.939692621,0.541444867,1.094037359,0.494905281,9.568681658,0.668681658
5,16.375,8.8,20,0.939692621,0.53740458,1.094037359,0.491212275,9.532298838,0.732298838
5,16.4375,8.68,20,0.939692621,0.528060837,1.094037359,0.482671668,9.568681658,0.888681658
5,16.375,8.64,20,0.939692621,0.527633588,1.094037359,0.482281143,9.532298838,0.892298838
5,73.75,45.12,20,0.939692621,0.61179661,1.094037359,0.55920998,42.93172759,-2.188272411
5,73.9375,44.8,20,0.939692621,0.60591716,1.094037359,0.553835895,43.04087605,-1.759123951
5,73.75,44.07,20,0.939692621,0.597559322,1.094037359,0.54619645,42.93172759,-1.138272411
5,73.9375,43.1,20,0.939692621,0.582924768,1.094037359,0.532819801,43.04087605,-0.059123951
5,73.9375,42.47,20,0.939692621,0.574404057,1.094037359,0.525031483,43.04087605,0.570876049
5,73.9375,42.43,20,0.939692621,0.57386306,1.094037359,0.524536987,43.04087605,0.610876049
5,73.75,42.34,20,0.939692621,0.574101695,1.094037359,0.52475511,42.93172759,0.591727589
5,73.9375,42.15,20,0.939692621,0.570076078,1.094037359,0.521075513,43.04087605,0.890876049
5,73.75,41.54,20,0.939692621,0.563254237,1.094037359,0.51484004,42.93172759,1.391727589
5,73.75,41.11,20,0.939692621,0.557423729,1.094037359,0.509510689,42.93172759,1.821727589
5,147.875,88.57,20,0.939692621,0.598951817,1.094037359,0.547469255,86.0817521,-2.488247902
5,147.875,88.49,20,0.939692621,0.59841082,1.094037359,0.546974758,86.0817521,-2.408247902
5,147.5,88.29,20,0.939692621,0.598576271,1.094037359,0.547125988,85.86345518,-2.426544822
5,147.5,87.76,20,0.939692621,0.594983051,1.094037359,0.543841621,85.86345518,-1.896544822
5,147.5,87.21,20,0.939692621,0.591254237,1.094037359,0.540433316,85.86345518,-1.346544822
5,147.5,86.74,20,0.939692621,0.588067797,1.094037359,0.537520764,85.86345518,-0.876544822
5,147.5,86.73,20,0.939692621,0.588,1.094037359,0.537458794,85.86345518,-0.866544822
5,147.875,86.13,20,0.939692621,0.582451395,1.094037359,0.532387116,86.0817521,-0.048247902
5,147.875,86.04,20,0.939692621,0.581842773,1.094037359,0.531830808,86.0817521,0.041752098
5,147.875,85.9,20,0.939692621,0.580896027,1.094037359,0.530965439,86.0817521,0.181752098
5,221.875,134.96,20,0.939692621,0.608270423,1.094037359,0.555986884,129.159011,-5.800989033
5,221.25,134.18,20,0.939692621,0.606463277,1.094037359,0.554335071,128.7951828,-5.384817233
5,221.25,133.97,20,0.939692621,0.605514124,1.094037359,0.553467502,128.7951828,-5.174817233
5,221.875,133.44,20,0.939692621,0.601419718,1.094037359,0.549725028,129.159011,-4.280989033
5,221.875,133.07,20,0.939692621,0.599752113,1.094037359,0.548200761,129.159011,-3.910989033
5,221.875,131.04,20,0.939692621,0.590602817,1.094037359,0.539837888,129.159011,-1.880989033
5,221.25,130.57,20,0.939692621,0.590146893,1.094037359,0.539421152,128.7951828,-1.774817233
5,221.875,128.54,20,0.939692621,0.579335211,1.094037359,0.529538783,129.159011,0.619010967
5,221.25,128.16,20,0.939692621,0.579254237,1.094037359,0.529464769,128.7951828,0.635182767
5,221.25,126.54,20,0.939692621,0.571932203,1.094037359,0.522772096,128.7951828,2.255182767
2,6.5625,12.3,30,0.866025404,1.874285714,2.52067571,0.743564794,9.550490248,-2.749509752
2,6.5,9.25,30,0.866025404,1.423076923,2.52067571,0.564561684,9.459533198,0.209533198
2,6.5,9.06,30,0.866025404,1.393846154,2.52067571,0.552965282,9.459533198,0.399533198
2,6.5,7.81,30,0.866025404,1.201538462,2.52067571,0.476673162,9.459533198,1.649533198
2,6.5,7.79,30,0.866025404,1.198461538,2.52067571,0.475452488,9.459533198,1.669533198
2,6.5,7.76,30,0.866025404,1.193846154,2.52067571,0.473621477,9.459533198,1.699533198
2,6.5,7.7,30,0.866025404,1.184615385,2.52067571,0.469959456,9.459533198,1.759533198
2,6.5,7.64,30,0.866025404,1.175384615,2.52067571,0.466297434,9.459533198,1.819533198
2,6.5,7.64,30,0.866025404,1.175384615,2.52067571,0.466297434,9.459533198,1.819533198
2,6.5625,7.58,30,0.866025404,1.155047619,2.52067571,0.458229361,9.550490248,1.970490248
2,6.5,7.57,30,0.866025404,1.164615385,2.52067571,0.462025075,9.459533198,1.889533198
2,6.5,7.53,30,0.866025404,1.158461538,2.52067571,0.459583727,9.459533198,1.929533198
2,6.5,7.5,30,0.866025404,1.153846154,2.52067571,0.457752717,9.459533198,1.959533198
2,6.5,7.06,30,0.866025404,1.086153846,2.52067571,0.430897891,9.459533198,2.399533198
2,6.5,6.77,30,0.866025404,1.041538462,2.52067571,0.413198119,9.459533198,2.689533198
2,6.5,6.56,30,0.866025404,1.009230769,2.52067571,0.400381043,9.459533198,2.899533198
2,29.375,51.98,30,0.866025404,1.769531915,2.52067571,0.702006969,42.74981349,-9.230186511
2,29.375,49.93,30,0.866025404,1.699744681,2.52067571,0.674321046,42.74981349,-7.180186511
2,29.3125,41.17,30,0.866025404,1.404520256,2.52067571,0.557199901,42.65885644,1.488856439
2,29.3125,40.79,30,0.866025404,1.391556503,2.52067571,0.552056934,42.65885644,1.868856439
2,29.3125,40.63,30,0.866025404,1.386098081,2.52067571,0.549891474,42.65885644,2.028856439
2,29.3125,39.92,30,0.866025404,1.361876333,2.52067571,0.540282245,42.65885644,2.738856439
2,29.3125,39.83,30,0.866025404,1.35880597,2.52067571,0.539064174,42.65885644,2.828856439
2,29.3125,39.47,30,0.866025404,1.34652452,2.52067571,0.534191889,42.65885644,3.188856439
2,29.3125,39.22,30,0.866025404,1.337995736,2.52067571,0.530808358,42.65885644,3.438856439
2,29.3125,38.68,30,0.866025404,1.319573561,2.52067571,0.523499931,42.65885644,3.978856439
2,29.3125,38.64,30,0.866025404,1.318208955,2.52067571,0.522958566,42.65885644,4.018856439
2,29.3125,38.06,30,0.866025404,1.298422175,2.52067571,0.515108774,42.65885644,4.598856439
2,29.3125,37.61,30,0.866025404,1.283070362,2.52067571,0.509018418,42.65885644,5.048856439
2,29.3125,37.44,30,0.866025404,1.277270789,2.52067571,0.506717617,42.65885644,5.218856439
2,29.3125,36.95,30,0.866025404,1.260554371,2.52067571,0.500085896,42.65885644,5.708856439
2,29.3125,36.78,30,0.866025404,1.254754797,2.52067571,0.497785095,42.65885644,5.878856439
2,29.375,36.21,30,0.866025404,1.232680851,2.52067571,0.48902794,42.74981349,6.539813489
2,58.8125,98.85,30,0.866025404,1.680765143,2.52067571,0.666791502,85.59058403,-13.25941597
2,58.8125,95.47,30,0.866025404,1.623294368,2.52067571,0.643991752,85.59058403,-9.879415972
2,58.6875,85.11,30,0.866025404,1.450223642,2.52067571,0.575331304,85.40866993,0.298669928
2,58.6875,84.87,30,0.866025404,1.446134185,2.52067571,0.573708938,85.40866993,0.538669928
2,58.8125,84.41,30,0.866025404,1.435239107,2.52067571,0.569386654,85.59058403,1.180584028
2,58.6875,84.08,30,0.866025404,1.432673056,2.52067571,0.568368652,85.40866993,1.328669928
2,58.6875,84.02,30,0.866025404,1.431650692,2.52067571,0.567963061,85.40866993,1.388669928
2,58.6875,83.76,30,0.866025404,1.427220447,2.52067571,0.566205499,85.40866993,1.648669928
2,58.6875,83.65,30,0.866025404,1.425346113,2.52067571,0.565461915,85.40866993,1.758669928
2,58.8125,83.2,30,0.866025404,1.41466525,2.52067571,0.561224613,85.59058403,2.390584028
2,58.6875,82.9,30,0.866025404,1.41256656,2.52067571,0.560392023,85.40866993,2.508669928
2,58.6875,82.85,30,0.866025404,1.41171459,2.52067571,0.56005403,85.40866993,2.558669928
2,58.6875,82.72,30,0.866025404,1.409499468,2.52067571,0.559175249,85.40866993,2.688669928
2,58.8125,82.6,30,0.866025404,1.404463337,2.52067571,0.55717732,85.59058403,2.990584028
2,58.6875,82.27,30,0.866025404,1.401831736,2.52067571,0.556133314,85.40866993,3.138669928
2,58.8125,82.19,30,0.866025404,1.39749203,2.52067571,0.55441167,85.59058403,3.400584028
2,58.6875,81.56,30,0.866025404,1.389733759,2.52067571,0.551333817,85.40866993,3.848669928
2,58.6875,81.52,30,0.866025404,1.389052183,2.52067571,0.551063422,85.40866993,3.888669928
2,58.8125,81.08,30,0.866025404,1.378618491,2.52067571,0.546924178,85.59058403,4.510584028
2,58.6875,81.05,30,0.866025404,1.381043663,2.52067571,0.54788629,85.40866993,4.358669928
2,58.6875,80.35,30,0.866025404,1.369116081,2.52067571,0.543154391,85.40866993,5.058669928
2,58.8125,80.09,30,0.866025404,1.361785335,2.52067571,0.540246145,85.59058403,5.500584028
2,88,126.6,30,0.866025404,1.438636364,2.52067571,0.57073441,128.0675264,1.467526368
2,88.1875,126.55,30,0.866025404,1.435010631,2.52067571,0.569296013,128.3403975,1.790397518
2,88,125.1,30,0.866025404,1.421590909,2.52067571,0.563972154,128.0675264,2.967526368
2,88,124.23,30,0.866025404,1.411704545,2.52067571,0.560050045,128.0675264,3.837526368
2,88.1875,124.1,30,0.866025404,1.407228916,2.52067571,0.558274478,128.3403975,4.240397518
2,88,124.05,30,0.866025404,1.409659091,2.52067571,0.559238575,128.0675264,4.017526368
2,88,123.94,30,0.866025404,1.408409091,2.52067571,0.558742676,128.0675264,4.127526368
2,88,122.94,30,0.866025404,1.397045455,2.52067571,0.554234505,128.0675264,5.127526368
3,9.9375,10.13,30,0.866025404,1.019371069,1.680450473,0.606605839,9.641447298,-0.488552702
3,9.875,7.82,30,0.866025404,0.791898734,1.680450473,0.471241936,9.580809264,1.760809264
3,44.75,48.88,30,0.866025404,1.092290503,1.680450473,0.649998628,43.41683186,-5.463168144
3,44.5,44.15,30,0.866025404,0.992134831,1.680450473,0.590398139,43.17427972,-0.975720278
3,44.5,43.31,30,0.866025404,0.973258427,1.680450473,0.579165196,43.17427972,-0.135720278
3,44.5,42.57,30,0.866025404,0.956629213,1.680450473,0.569269508,43.17427972,0.604279722
3,44.5,42.25,30,0.866025404,0.949438202,1.680450473,0.564990291,43.17427972,0.924279722
3,44.75,41.26,30,0.866025404,0.922011173,1.680450473,0.548669055,43.41683186,2.156831856
3,44.5,40.85,30,0.866025404,0.917977528,1.680450473,0.546268719,43.17427972,2.324279722
3,44.5,40.75,30,0.866025404,0.915730337,1.680450473,0.544931464,43.17427972,2.424279722
3,44.75,40.53,30,0.866025404,0.905698324,1.680450473,0.538961629,43.41683186,2.886831856
3,44.5,40.18,30,0.866025404,0.902921348,1.680450473,0.53730911,43.17427972,2.994279722
3,89.5,97.44,30,0.866025404,1.088715084,1.680450473,0.647870973,86.83366371,-10.60633629
3,88.9375,85.52,30,0.866025404,0.961574139,1.680450473,0.572212127,86.28792141,0.767921412
3,89.5,85.19,30,0.866025404,0.951843575,1.680450473,0.566421677,86.83366371,1.643663711
3,88.9375,84.01,30,0.866025404,0.944595924,1.680450473,0.562108755,86.28792141,2.277921412
3,88.9375,83.25,30,0.866025404,0.936050597,1.680450473,0.557023615,86.28792141,3.037921412
3,88.9375,82.65,30,0.866025404,0.929304287,1.680450473,0.55300903,86.28792141,3.637921412
3,88.9375,82.63,30,0.866025404,0.92907941,1.680450473,0.552875211,86.28792141,3.657921412
3,89.5,81.87,30,0.866025404,0.914748603,1.680450473,0.544347256,86.83366371,4.963663711
3,134.25,127.1,30,0.866025404,0.946741155,1.680450473,0.563385336,130.2504956,3.150495567
3,134.25,126.82,30,0.866025404,0.944655493,1.680450473,0.562144204,130.2504956,3.430495567
3,134.25,125.54,30,0.866025404,0.935121043,1.680450473,0.556470457,130.2504956,4.710495567
3,134.25,125.51,30,0.866025404,0.934897579,1.680450473,0.556337479,130.2504956,4.740495567
3,133.4375,124.69,30,0.866025404,0.934444965,1.680450473,0.556068138,129.4622011,4.772201134
3,133.4375,124.63,30,0.866025404,0.933995316,1.680450473,0.555800561,129.4622011,4.832201134
3,133.4375,124.5,30,0.866025404,0.933021077,1.680450473,0.555220813,129.4622011,4.962201134
3,133.4375,124.21,30,0.866025404,0.930847775,1.680450473,0.553927527,129.4622011,5.252201134
3,133.4375,123.88,30,0.866025404,0.928374707,1.680450473,0.552455858,129.4622011,5.582201134
3,133.4375,122.81,30,0.866025404,0.920355972,1.680450473,0.54768408,129.4622011,6.652201134
4,12.9375,11.68,30,0.866025404,0.902801932,1.260337855,0.716317398,9.414054673,-2.265945327
4,12.75,10.35,30,0.866025404,0.811764706,1.260337855,0.644084999,9.277619098,-1.072380902
4,12.75,8.91,30,0.866025404,0.698823529,1.260337855,0.554473173,9.277619098,0.367619098
4,12.75,8.73,30,0.866025404,0.684705882,1.260337855,0.543271695,9.277619098,0.547619098
4,12.75,8.7,30,0.866025404,0.682352941,1.260337855,0.541404782,9.277619098,0.577619098
4,12.75,8.4,30,0.866025404,0.658823529,1.260337855,0.522735651,9.277619098,0.877619098
4,12.9375,8.4,30,0.866025404,0.649275362,1.260337855,0.515159772,9.414054673,1.014054673
4,12.75,8.34,30,0.866025404,0.654117647,1.260337855,0.519001825,9.277619098,0.937619098
4,12.75,7.92,30,0.866025404,0.621176471,1.260337855,0.492865043,9.277619098,1.357619098
4,58.1875,46.59,30,0.866025404,0.800687433,1.260337855,0.635295869,42.34050676,-4.249493236
4,58.1875,42.02,30,0.866025404,0.722148228,1.260337855,0.572979876,42.34050676,0.320506764
4,57.4375,41.77,30,0.866025404,0.727225245,1.260337855,0.577008174,41.79476446,0.024764464
4,57.4375,41.12,30,0.866025404,0.715908596,1.260337855,0.568029115,41.79476446,0.674764464
4,58.1875,40.37,30,0.866025404,0.693791622,1.260337855,0.550480666,42.34050676,1.970506764
4,57.4375,40.22,30,0.866025404,0.700239391,1.260337855,0.555596571,41.79476446,1.574764464
4,57.4375,39.79,30,0.866025404,0.692752992,1.260337855,0.549656578,41.79476446,2.004764464
4,57.4375,39.14,30,0.866025404,0.681436344,1.260337855,0.540677518,41.79476446,2.654764464
4,57.4375,39.14,30,0.866025404,0.681436344,1.260337855,0.540677518,41.79476446,2.654764464
4,116.375,96.82,30,0.866025404,0.831965628,1.260337855,0.660113179,84.68101353,-12.13898647
4,116.375,83.8,30,0.866025404,0.720085929,1.260337855,0.57134357,84.68101353,0.881013529
4,114.875,82.78,30,0.866025404,0.720609358,1.260337855,0.571758878,83.58952893,0.809528929
4,114.875,81.4,30,0.866025404,0.7085963,1.260337855,0.562227261,83.58952893,2.189528929
4,114.875,80.44,30,0.866025404,0.700239391,1.260337855,0.555596571,83.58952893,3.149528929
4,172.375,123.05,30,0.866025404,0.713850616,1.260337855,0.566396235,125.4297719,2.379771918
4,174.5,122.89,30,0.866025404,0.704240688,1.260337855,0.558771352,126.9760418,4.086041768
4,174.5,122.67,30,0.866025404,0.702979943,1.260337855,0.557771029,126.9760418,4.306041768
4,172.375,121.32,30,0.866025404,0.703814358,1.260337855,0.558433086,125.4297719,4.109771918
4,172.375,120.94,30,0.866025404,0.701609862,1.260337855,0.556683955,125.4297719,4.489771918
5,16.375,11.6,30,0.866025404,0.708396947,1.008270284,0.702586358,9.532298838,-2.067701162
5,16.4375,9.88,30,0.866025404,0.601064639,1.008270284,0.596134438,9.568681658,-0.311318342
5,16.4375,9.65,30,0.866025404,0.587072243,1.008270284,0.582256814,9.568681658,-0.081318342
5,16.4375,9.62,30,0.866025404,0.585247148,1.008270284,0.580446689,9.568681658,-0.051318342
5,16.4375,9.54,30,0.866025404,0.580380228,1.008270284,0.57561969,9.568681658,0.028681658
5,16.4375,9.51,30,0.866025404,0.578555133,1.008270284,0.573809565,9.568681658,0.058681658
5,16.4375,9.39,30,0.866025404,0.571254753,1.008270284,0.566569066,9.568681658,0.178681658
5,16.375,8.96,30,0.866025404,0.547175573,1.008270284,0.542687394,9.532298838,0.572298838
5,16.4375,8.49,30,0.866025404,0.516501901,1.008270284,0.512265321,9.568681658,1.078681658
5,16.4375,8.39,30,0.866025404,0.510418251,1.008270284,0.506231572,9.568681658,1.178681658
5,16.4375,8.34,30,0.866025404,0.507376426,1.008270284,0.503214697,9.568681658,1.228681658
5,16.4375,8.31,30,0.866025404,0.505551331,1.008270284,0.501404573,9.568681658,1.258681658
5,73.75,48.05,30,0.866025404,0.651525424,1.008270284,0.646181321,42.93172759,-5.118272411
5,73.9375,42.37,30,0.866025404,0.573051564,1.008270284,0.568351139,43.04087605,0.670876049
5,73.9375,41.68,30,0.866025404,0.563719358,1.008270284,0.559095479,43.04087605,1.360876049
5,73.9375,41.07,30,0.866025404,0.555469146,1.008270284,0.55091294,43.04087605,1.970876049
5,73.9375,40.73,30,0.866025404,0.550870668,1.008270284,0.54635218,43.04087605,2.310876049
5,73.9375,40.69,30,0.866025404,0.55032967,1.008270284,0.54581562,43.04087605,2.350876049
5,73.9375,40.62,30,0.866025404,0.549382925,1.008270284,0.54487664,43.04087605,2.420876049
5,73.9375,40.58,30,0.866025404,0.548841927,1.008270284,0.54434008,43.04087605,2.460876049
5,73.75,40.53,30,0.866025404,0.549559322,1.008270284,0.545051591,42.93172759,2.401727589
5,147.5,95.62,30,0.866025404,0.648271186,1.008270284,0.642953776,85.86345518,-9.756544822
5,147.875,84.35,30,0.866025404,0.570414201,1.008270284,0.565735409,86.0817521,1.731752098
5,147.5,84.05,30,0.866025404,0.569830508,1.008270284,0.565156504,85.86345518,1.813455178
5,147.875,83.58,30,0.866025404,0.565207101,1.008270284,0.560571019,86.0817521,2.501752098
5,147.875,82.78,30,0.866025404,0.559797126,1.008270284,0.555205419,86.0817521,3.301752098
5,147.875,82.74,30,0.866025404,0.559526627,1.008270284,0.55493714,86.0817521,3.341752098
