{
  "recording_timestamp": 1757346763.248426,
  "elapsed_time_s": 29.0,
  "fz": 0.79372,
  "peak_intensity": 0.132,
  "deformation_mesh": [
    {
      "coordinates": [
        0,
        0
      ],
      "magnitude": 1.8603451251983643,
      "direction": [
        -0.10174660384654999,
        -0.9948103427886963
      ]
    },
    {
      "coordinates": [
        22,
        0
      ],
      "magnitude": 2.4135799407958984,
      "direction": [
        0.17489390075206757,
        -0.9845873117446899
      ]
    },
    {
      "coordinates": [
        45,
        0
      ],
      "magnitude": 2.2111332416534424,
      "direction": [
        0.03576340898871422,
        -0.9993602633476257
      ]
    },
    {
      "coordinates": [
        68,
        0
      ],
      "magnitude": 2.261211633682251,
      "direction": [
        0.08251716196537018,
        -0.9965896010398865
      ]
    },
    {
      "coordinates": [
        91,
        0
      ],
      "magnitude": 2.6451282501220703,
      "direction": [
        0.22974807024002075,
        -0.9732500910758972
      ]
    },
    {
      "coordinates": [
        113,
        0
      ],
      "magnitude": 3.0799942016601562,
      "direction": [
        0.48477616906166077,
        -0.8746382594108582
      ]
    },
    {
      "coordinates": [
        136,
        0
      ],
      "magnitude": 2.9556517601013184,
      "direction": [
        0.524429202079773,
        -0.8514540195465088
      ]
    },
    {
      "coordinates": [
        159,
        0
      ],
      "magnitude": 2.560149669647217,
      "direction": [
        0.6132035255432129,
        -0.7899249792098999
      ]
    },
    {
      "coordinates": [
        182,
        0
      ],
      "magnitude": 2.70432186126709,
      "direction": [
        0.6599770784378052,
        -0.75128573179245
      ]
    },
    {
      "coordinates": [
        205,
        0
      ],
      "magnitude": 2.7750444412231445,
      "direction": [
        0.5952329039573669,
        -0.8035532236099243
      ]
    },
    {
      "coordinates": [
        227,
        0
      ],
      "magnitude": 2.817978620529175,
      "direction": [
        0.6301485300064087,
        -0.77647465467453
      ]
    },
    {
      "coordinates": [
        250,
        0
      ],
      "magnitude": 3.0423195362091064,
      "direction": [
        0.8142483830451965,
        -0.5805166959762573
      ]
    },
    {
      "coordinates": [
        273,
        0
      ],
      "magnitude": 3.2674026489257812,
      "direction": [
        0.8252688050270081,
        -0.5647401213645935
      ]
    },
    {
      "coordinates": [
        296,
        0
      ],
      "magnitude": 3.3494136333465576,
      "direction": [
        0.8058076500892639,
        -0.5921773314476013
      ]
    },
    {
      "coordinates": [
        319,
        0
      ],
      "magnitude": 3.0584278106689453,
      "direction": [
        0.8273371458053589,
        -0.5617057085037231
      ]
    },
    {
      "coordinates": [
        0,
        17
      ],
      "magnitude": 2.0854482650756836,
      "direction": [
        -0.03436606377363205,
        -0.9994092583656311
      ]
    },
    {
      "coordinates": [
        22,
        17
      ],
      "magnitude": 2.114783525466919,
      "direction": [
        -0.036467477679252625,
        -0.9993348121643066
      ]
    },
    {
      "coordinates": [
        45,
        17
      ],
      "magnitude": 2.359137773513794,
      "direction": [
        0.0073184659704566,
        -0.9999732375144958
      ]
    },
    {
      "coordinates": [
        68,
        17
      ],
      "magnitude": 2.5329508781433105,
      "direction": [
        0.016234364360570908,
        -0.9998682141304016
      ]
    },
    {
      "coordinates": [
        91,
        17
      ],
      "magnitude": 2.9805240631103516,
      "direction": [
        0.22535249590873718,
        -0.9742772579193115
      ]
    },
    {
      "coordinates": [
        113,
        17
      ],
      "magnitude": 2.8988654613494873,
      "direction": [
        0.40406545996665955,
        -0.9147301316261292
      ]
    },
    {
      "coordinates": [
        136,
        17
      ],
      "magnitude": 2.7830276489257812,
      "direction": [
        0.46099022030830383,
        -0.8874051570892334
      ]
    },
    {
      "coordinates": [
        159,
        17
      ],
      "magnitude": 2.7201132774353027,
      "direction": [
        0.5954569578170776,
        -0.8033872842788696
      ]
    },
    {
      "coordinates": [
        182,
        17
      ],
      "magnitude": 2.6757028102874756,
      "direction": [
        0.6887319087982178,
        -0.7250160574913025
      ]
    },
    {
      "coordinates": [
        205,
        17
      ],
      "magnitude": 2.7990477085113525,
      "direction": [
        0.6633303165435791,
        -0.7483267784118652
      ]
    },
    {
      "coordinates": [
        227,
        17
      ],
      "magnitude": 3.1010358333587646,
      "direction": [
        0.7051021456718445,
        -0.7091057896614075
      ]
    },
    {
      "coordinates": [
        250,
        17
      ],
      "magnitude": 3.0730180740356445,
      "direction": [
        0.7744672894477844,
        -0.6326139569282532
      ]
    },
    {
      "coordinates": [
        273,
        17
      ],
      "magnitude": 3.0950520038604736,
      "direction": [
        0.8205920457839966,
        -0.571514368057251
      ]
    },
    {
      "coordinates": [
        296,
        17
      ],
      "magnitude": 3.199615716934204,
      "direction": [
        0.8068995475769043,
        -0.5906885862350464
      ]
    },
    {
      "coordinates": [
        319,
        17
      ],
      "magnitude": 2.880305051803589,
      "direction": [
        0.8712171912193298,
        -0.4908978343009949
      ]
    },
    {
      "coordinates": [
        0,
        34
      ],
      "magnitude": 2.25575852394104,
      "direction": [
        -0.11184798926115036,
        -0.9937252998352051
      ]
    },
    {
      "coordinates": [
        22,
        34
      ],
      "magnitude": 2.4894983768463135,
      "direction": [
        -0.1874648630619049,
        -0.9822713136672974
      ]
    },
    {
      "coordinates": [
        45,
        34
      ],
      "magnitude": 3.0034120082855225,
      "direction": [
        0.037424370646476746,
        -0.9992994666099548
      ]
    },
    {
      "coordinates": [
        68,
        34
      ],
      "magnitude": 2.801313638687134,
      "direction": [
        0.10929790139198303,
        -0.9940090775489807
      ]
    },
    {
      "coordinates": [
        91,
        34
      ],
      "magnitude": 3.2414286136627197,
      "direction": [
        0.2875862121582031,
        -0.9577547311782837
      ]
    },
    {
      "coordinates": [
        113,
        34
      ],
      "magnitude": 2.984358549118042,
      "direction": [
        0.3858397901058197,
        -0.922565758228302
      ]
    },
    {
      "coordinates": [
        136,
        34
      ],
      "magnitude": 2.956815004348755,
      "direction": [
        0.6155837178230286,
        -0.7880715131759644
      ]
    },
    {
      "coordinates": [
        159,
        34
      ],
      "magnitude": 2.8054697513580322,
      "direction": [
        0.6228652596473694,
        -0.7823292016983032
      ]
    },
    {
      "coordinates": [
        182,
        34
      ],
      "magnitude": 2.854893207550049,
      "direction": [
        0.6640701293945312,
        -0.7476702928543091
      ]
    },
    {
      "coordinates": [
        205,
        34
      ],
      "magnitude": 3.0912842750549316,
      "direction": [
        0.6991219520568848,
        -0.7150024175643921
      ]
    },
    {
      "coordinates": [
        227,
        34
      ],
      "magnitude": 3.257917881011963,
      "direction": [
        0.738588273525238,
        -0.6741567850112915
      ]
    },
    {
      "coordinates": [
        250,
        34
      ],
      "magnitude": 3.287299394607544,
      "direction": [
        0.7818857431411743,
        -0.6234217882156372
      ]
    },
    {
      "coordinates": [
        273,
        34
      ],
      "magnitude": 3.2293167114257812,
      "direction": [
        0.7837235927581787,
        -0.6211097836494446
      ]
    },
    {
      "coordinates": [
        296,
        34
      ],
      "magnitude": 3.643918514251709,
      "direction": [
        0.7958943247795105,
        -0.6054356694221497
      ]
    },
    {
      "coordinates": [
        319,
        34
      ],
      "magnitude": 2.9885387420654297,
      "direction": [
        0.8361079096794128,
        -0.5485649704933167
      ]
    },
    {
      "coordinates": [
        0,
        51
      ],
      "magnitude": 2.1060047149658203,
      "direction": [
        -0.3272227942943573,
        -0.9449471831321716
      ]
    },
    {
      "coordinates": [
        22,
        51
      ],
      "magnitude": 2.719024419784546,
      "direction": [
        -0.3084637522697449,
        -0.9512360692024231
      ]
    },
    {
      "coordinates": [
        45,
        51
      ],
      "magnitude": 2.9991860389709473,
      "direction": [
        -0.13112860918045044,
        -0.9913653135299683
      ]
    },
    {
      "coordinates": [
        68,
        51
      ],
      "magnitude": 2.83272123336792,
      "direction": [
        0.008038608357310295,
        -0.9999676942825317
      ]
    },
    {
      "coordinates": [
        91,
        51
      ],
      "magnitude": 3.2594046592712402,
      "direction": [
        0.14412356913089752,
        -0.9895596504211426
      ]
    },
    {
      "coordinates": [
        113,
        51
      ],
      "magnitude": 3.3149898052215576,
      "direction": [
        0.3583737909793854,
        -0.9335781931877136
      ]
    },
    {
      "coordinates": [
        136,
        51
      ],
      "magnitude": 3.4129059314727783,
      "direction": [
        0.5868796110153198,
        -0.8096742033958435
      ]
    },
    {
      "coordinates": [
        159,
        51
      ],
      "magnitude": 3.4326303005218506,
      "direction": [
        0.5941898822784424,
        -0.8043248057365417
      ]
    },
    {
      "coordinates": [
        182,
        51
      ],
      "magnitude": 3.242643356323242,
      "direction": [
        0.6759353280067444,
        -0.7369609475135803
      ]
    },
    {
      "coordinates": [
        205,
        51
      ],
      "magnitude": 3.3635666370391846,
      "direction": [
        0.7149645686149597,
        -0.6991606950759888
      ]
    },
    {
      "coordinates": [
        227,
        51
      ],
      "magnitude": 3.506807327270508,
      "direction": [
        0.7376709580421448,
        -0.6751604080200195
      ]
    },
    {
      "coordinates": [
        250,
        51
      ],
      "magnitude": 3.757831573486328,
      "direction": [
        0.8095425367355347,
        -0.5870611667633057
      ]
    },
    {
      "coordinates": [
        273,
        51
      ],
      "magnitude": 3.699605941772461,
      "direction": [
        0.8272678852081299,
        -0.5618076324462891
      ]
    },
    {
      "coordinates": [
        296,
        51
      ],
      "magnitude": 3.820831060409546,
      "direction": [
        0.815058708190918,
        -0.5793783068656921
      ]
    },
    {
      "coordinates": [
        319,
        51
      ],
      "magnitude": 3.6091713905334473,
      "direction": [
        0.8977071046829224,
        -0.4405927360057831
      ]
    },
    {
      "coordinates": [
        0,
        68
      ],
      "magnitude": 2.4825329780578613,
      "direction": [
        -0.5887233018875122,
        -0.8083346486091614
      ]
    },
    {
      "coordinates": [
        22,
        68
      ],
      "magnitude": 2.9447734355926514,
      "direction": [
        -0.5121594071388245,
        -0.8588903546333313
      ]
    },
    {
      "coordinates": [
        45,
        68
      ],
      "magnitude": 3.448023557662964,
      "direction": [
        -0.29132041335105896,
        -0.9566255211830139
      ]
    },
    {
      "coordinates": [
        68,
        68
      ],
      "magnitude": 3.3990015983581543,
      "direction": [
        -0.22054314613342285,
        -0.9753772020339966
      ]
    },
    {
      "coordinates": [
        91,
        68
      ],
      "magnitude": 3.747499704360962,
      "direction": [
        0.04244029521942139,
        -0.9990990161895752
      ]
    },
    {
      "coordinates": [
        113,
        68
      ],
      "magnitude": 4.005131721496582,
      "direction": [
        0.2753412425518036,
        -0.9613465666770935
      ]
    },
    {
      "coordinates": [
        136,
        68
      ],
      "magnitude": 3.768423318862915,
      "direction": [
        0.4906211793422699,
        -0.8713729381561279
      ]
    },
    {
      "coordinates": [
        159,
        68
      ],
      "magnitude": 3.7585091590881348,
      "direction": [
        0.5410647988319397,
        -0.8409808874130249
      ]
    },
    {
      "coordinates": [
        182,
        68
      ],
      "magnitude": 3.636122226715088,
      "direction": [
        0.7036948800086975,
        -0.7105022072792053
      ]
    },
    {
      "coordinates": [
        205,
        68
      ],
      "magnitude": 3.7721304893493652,
      "direction": [
        0.7875977754592896,
        -0.6161896586418152
      ]
    },
    {
      "coordinates": [
        227,
        68
      ],
      "magnitude": 4.069787502288818,
      "direction": [
        0.766825258731842,
        -0.6418559551239014
      ]
    },
    {
      "coordinates": [
        250,
        68
      ],
      "magnitude": 4.230331897735596,
      "direction": [
        0.8299784064292908,
        -0.557795524597168
      ]
    },
    {
      "coordinates": [
        273,
        68
      ],
      "magnitude": 3.9996089935302734,
      "direction": [
        0.8553088307380676,
        -0.5181186199188232
      ]
    },
    {
      "coordinates": [
        296,
        68
      ],
      "magnitude": 3.912299633026123,
      "direction": [
        0.8496314287185669,
        -0.5273768305778503
      ]
    },
    {
      "coordinates": [
        319,
        68
      ],
      "magnitude": 3.9272069931030273,
      "direction": [
        0.8745430111885071,
        -0.4849480092525482
      ]
    },
    {
      "coordinates": [
        0,
        85
      ],
      "magnitude": 2.937861919403076,
      "direction": [
        -0.6746987700462341,
        -0.7380932569503784
      ]
    },
    {
      "coordinates": [
        22,
        85
      ],
      "magnitude": 3.868701457977295,
      "direction": [
        -0.7088335752487183,
        -0.7053757309913635
      ]
    },
    {
      "coordinates": [
        45,
        85
      ],
      "magnitude": 4.003647804260254,
      "direction": [
        -0.49816012382507324,
        -0.8670850396156311
      ]
    },
    {
      "coordinates": [
        68,
        85
      ],
      "magnitude": 3.7846133708953857,
      "direction": [
        -0.2865428626537323,
        -0.9580673575401306
      ]
    },
    {
      "coordinates": [
        91,
        85
      ],
      "magnitude": 3.931929588317871,
      "direction": [
        -0.0845736563205719,
        -0.996417224407196
      ]
    },
    {
      "coordinates": [
        113,
        85
      ],
      "magnitude": 4.133551597595215,
      "direction": [
        0.26850470900535583,
        -0.9632784128189087
      ]
    },
    {
      "coordinates": [
        136,
        85
      ],
      "magnitude": 3.990368127822876,
      "direction": [
        0.4444495141506195,
        -0.8958039283752441
      ]
    },
    {
      "coordinates": [
        159,
        85
      ],
      "magnitude": 4.06121301651001,
      "direction": [
        0.5768939852714539,
        -0.8168190121650696
      ]
    },
    {
      "coordinates": [
        182,
        85
      ],
      "magnitude": 3.8708715438842773,
      "direction": [
        0.7769840955734253,
        -0.6295202970504761
      ]
    },
    {
      "coordinates": [
        205,
        85
      ],
      "magnitude": 4.141486167907715,
      "direction": [
        0.8119736909866333,
        -0.5836940407752991
      ]
    },
    {
      "coordinates": [
        227,
        85
      ],
      "magnitude": 4.599029541015625,
      "direction": [
        0.8121582269668579,
        -0.5834372639656067
      ]
    },
    {
      "coordinates": [
        250,
        85
      ],
      "magnitude": 4.8732991218566895,
      "direction": [
        0.8280935883522034,
        -0.5605898499488831
      ]
    },
    {
      "coordinates": [
        273,
        85
      ],
      "magnitude": 4.328742027282715,
      "direction": [
        0.9142880439758301,
        -0.40506449341773987
      ]
    },
    {
      "coordinates": [
        296,
        85
      ],
      "magnitude": 4.435147762298584,
      "direction": [
        0.9018269777297974,
        -0.43209725618362427
      ]
    },
    {
      "coordinates": [
        319,
        85
      ],
      "magnitude": 4.36564302444458,
      "direction": [
        0.9052457809448242,
        -0.4248883128166199
      ]
    },
    {
      "coordinates": [
        0,
        102
      ],
      "magnitude": 3.7391018867492676,
      "direction": [
        -0.8600925803184509,
        -0.5101379752159119
      ]
    },
    {
      "coordinates": [
        22,
        102
      ],
      "magnitude": 4.6449971199035645,
      "direction": [
        -0.8159012198448181,
        -0.5781913995742798
      ]
    },
    {
      "coordinates": [
        45,
        102
      ],
      "magnitude": 4.3901519775390625,
      "direction": [
        -0.6889269948005676,
        -0.724830687046051
      ]
    },
    {
      "coordinates": [
        68,
        102
      ],
      "magnitude": 3.738762378692627,
      "direction": [
        -0.3915099799633026,
        -0.9201738834381104
      ]
    },
    {
      "coordinates": [
        91,
        102
      ],
      "magnitude": 3.4469876289367676,
      "direction": [
        -0.2042785882949829,
        -0.9789127707481384
      ]
    },
    {
      "coordinates": [
        113,
        102
      ],
      "magnitude": 3.5551888942718506,
      "direction": [
        0.33277371525764465,
        -0.943006694316864
      ]
    },
    {
      "coordinates": [
        136,
        102
      ],
      "magnitude": 3.9952454566955566,
      "direction": [
        0.48982223868370056,
        -0.8718223571777344
      ]
    },
    {
      "coordinates": [
        159,
        102
      ],
      "magnitude": 3.9900593757629395,
      "direction": [
        0.6203787326812744,
        -0.7843024134635925
      ]
    },
    {
      "coordinates": [
        182,
        102
      ],
      "magnitude": 4.128542900085449,
      "direction": [
        0.8176535367965698,
        -0.5757105946540833
      ]
    },
    {
      "coordinates": [
        205,
        102
      ],
      "magnitude": 4.509361743927002,
      "direction": [
        0.8586493134498596,
        -0.5125635266304016
      ]
    },
    {
      "coordinates": [
        227,
        102
      ],
      "magnitude": 5.064547061920166,
      "direction": [
        0.8339299559593201,
        -0.5518703460693359
      ]
    },
    {
      "coordinates": [
        250,
        102
      ],
      "magnitude": 5.071445941925049,
      "direction": [
        0.8511422872543335,
        -0.5249350666999817
      ]
    },
    {
      "coordinates": [
        273,
        102
      ],
      "magnitude": 5.046819686889648,
      "direction": [
        0.905208170413971,
        -0.42496854066848755
      ]
    },
    {
      "coordinates": [
        296,
        102
      ],
      "magnitude": 4.795649528503418,
      "direction": [
        0.9272557497024536,
        -0.37442857027053833
      ]
    },
    {
      "coordinates": [
        319,
        102
      ],
      "magnitude": 4.606797695159912,
      "direction": [
        0.9421346783638,
        -0.33523446321487427
      ]
    },
    {
      "coordinates": [
        0,
        119
      ],
      "magnitude": 4.6329498291015625,
      "direction": [
        -0.8855709433555603,
        -0.464504212141037
      ]
    },
    {
      "coordinates": [
        22,
        119
      ],
      "magnitude": 4.518579959869385,
      "direction": [
        -0.9147599935531616,
        -0.4039977490901947
      ]
    },
    {
      "coordinates": [
        45,
        119
      ],
      "magnitude": 4.432868957519531,
      "direction": [
        -0.7831407785415649,
        -0.6218443512916565
      ]
    },
    {
      "coordinates": [
        68,
        119
      ],
      "magnitude": 3.4906344413757324,
      "direction": [
        -0.6272376179695129,
        -0.7788279056549072
      ]
    },
    {
      "coordinates": [
        91,
        119
      ],
      "magnitude": 2.845245838165283,
      "direction": [
        -0.316669762134552,
        -0.9485358595848083
      ]
    },
    {
      "coordinates": [
        113,
        119
      ],
      "magnitude": 2.9719438552856445,
      "direction": [
        0.26211655139923096,
        -0.9650362133979797
      ]
    },
    {
      "coordinates": [
        136,
        119
      ],
      "magnitude": 3.5431272983551025,
      "direction": [
        0.48416054248809814,
        -0.8749791979789734
      ]
    },
    {
      "coordinates": [
        159,
        119
      ],
      "magnitude": 3.440765619277954,
      "direction": [
        0.8185127377510071,
        -0.5744884014129639
      ]
    },
    {
      "coordinates": [
        182,
        119
      ],
      "magnitude": 3.940160036087036,
      "direction": [
        0.9482916593551636,
        -0.31740015745162964
      ]
    },
    {
      "coordinates": [
        205,
        119
      ],
      "magnitude": 4.701873779296875,
      "direction": [
        0.9576156139373779,
        -0.2880490720272064
      ]
    },
    {
      "coordinates": [
        227,
        119
      ],
      "magnitude": 5.489706516265869,
      "direction": [
        0.9229236841201782,
        -0.3849829435348511
      ]
    },
    {
      "coordinates": [
        250,
        119
      ],
      "magnitude": 5.771046161651611,
      "direction": [
        0.9181951284408569,
        -0.39612844586372375
      ]
    },
    {
      "coordinates": [
        273,
        119
      ],
      "magnitude": 5.484633922576904,
      "direction": [
        0.9318833947181702,
        -0.362758070230484
      ]
    },
    {
      "coordinates": [
        296,
        119
      ],
      "magnitude": 5.198215961456299,
      "direction": [
        0.945331871509552,
        -0.32610997557640076
      ]
    },
    {
      "coordinates": [
        319,
        119
      ],
      "magnitude": 4.642077922821045,
      "direction": [
        0.9729064106941223,
        -0.2311992049217224
      ]
    },
    {
      "coordinates": [
        0,
        136
      ],
      "magnitude": 4.982710361480713,
      "direction": [
        -0.9537627696990967,
        -0.30056053400039673
      ]
    },
    {
      "coordinates": [
        22,
        136
      ],
      "magnitude": 4.717460632324219,
      "direction": [
        -0.9739405512809753,
        -0.2268030345439911
      ]
    },
    {
      "coordinates": [
        45,
        136
      ],
      "magnitude": 3.838850259780884,
      "direction": [
        -0.9527472257614136,
        -0.30376413464546204
      ]
    },
    {
      "coordinates": [
        68,
        136
      ],
      "magnitude": 2.65258526802063,
      "direction": [
        -0.8484181761741638,
        -0.5293265581130981
      ]
    },
    {
      "coordinates": [
        91,
        136
      ],
      "magnitude": 2.2801971435546875,
      "direction": [
        -0.2925000786781311,
        -0.9562654495239258
      ]
    },
    {
      "coordinates": [
        113,
        136
      ],
      "magnitude": 1.9471842050552368,
      "direction": [
        0.17543496191501617,
        -0.9844910502433777
      ]
    },
    {
      "coordinates": [
        136,
        136
      ],
      "magnitude": 2.8337719440460205,
      "direction": [
        0.8236229419708252,
        -0.5671378374099731
      ]
    },
    {
      "coordinates": [
        159,
        136
      ],
      "magnitude": 3.6586520671844482,
      "direction": [
        0.9666949510574341,
        -0.25593137741088867
      ]
    },
    {
      "coordinates": [
        182,
        136
      ],
      "magnitude": 4.221029758453369,
      "direction": [
        0.9996204376220703,
        -0.0275475662201643
      ]
    },
    {
      "coordinates": [
        205,
        136
      ],
      "magnitude": 4.836671352386475,
      "direction": [
        0.9811702966690063,
        -0.19314464926719666
      ]
    },
    {
      "coordinates": [
        227,
        136
      ],
      "magnitude": 5.7318806648254395,
      "direction": [
        0.9644137620925903,
        -0.2643977701663971
      ]
    },
    {
      "coordinates": [
        250,
        136
      ],
      "magnitude": 6.119558334350586,
      "direction": [
        0.9613956212997437,
        -0.27516984939575195
      ]
    },
    {
      "coordinates": [
        273,
        136
      ],
      "magnitude": 6.169881343841553,
      "direction": [
        0.9683430194854736,
        -0.24962306022644043
      ]
    },
    {
      "coordinates": [
        296,
        136
      ],
      "magnitude": 5.8046441078186035,
      "direction": [
        0.9744669795036316,
        -0.2245306670665741
      ]
    },
    {
      "coordinates": [
        319,
        136
      ],
      "magnitude": 5.335678577423096,
      "direction": [
        0.9861200451850891,
        -0.16603396832942963
      ]
    },
    {
      "coordinates": [
        0,
        153
      ],
      "magnitude": 5.405516624450684,
      "direction": [
        -0.9999999403953552,
        0.0004561004461720586
      ]
    },
    {
      "coordinates": [
        22,
        153
      ],
      "magnitude": 4.795172214508057,
      "direction": [
        -0.9999564290046692,
        -0.009329866617918015
      ]
    },
    {
      "coordinates": [
        45,
        153
      ],
      "magnitude": 4.259311676025391,
      "direction": [
        -0.9997925758361816,
        0.02036871947348118
      ]
    },
    {
      "coordinates": [
        68,
        153
      ],
      "magnitude": 2.4148428440093994,
      "direction": [
        -0.9999995827674866,
        -0.0008567054173909128
      ]
    },
    {
      "coordinates": [
        91,
        153
      ],
      "magnitude": 1.12490975856781,
      "direction": [
        -0.7928935885429382,
        -0.6093600988388062
      ]
    },
    {
      "coordinates": [
        113,
        153
      ],
      "magnitude": 1.0823065042495728,
      "direction": [
        0.7469744086265564,
        -0.6648528575897217
      ]
    },
    {
      "coordinates": [
        136,
        153
      ],
      "magnitude": 2.613999843597412,
      "direction": [
        0.9955180883407593,
        -0.09457101672887802
      ]
    },
    {
      "coordinates": [
        159,
        153
      ],
      "magnitude": 3.7298319339752197,
      "direction": [
        0.9781633615493774,
        0.2078372687101364
      ]
    },
    {
      "coordinates": [
        182,
        153
      ],
      "magnitude": 4.540890693664551,
      "direction": [
        0.9687293171882629,
        0.2481197714805603
      ]
    },
    {
      "coordinates": [
        205,
        153
      ],
      "magnitude": 5.195388317108154,
      "direction": [
        0.9986225366592407,
        0.05246831104159355
      ]
    },
    {
      "coordinates": [
        227,
        153
      ],
      "magnitude": 5.96501350402832,
      "direction": [
        0.990333616733551,
        -0.13870581984519958
      ]
    },
    {
      "coordinates": [
        250,
        153
      ],
      "magnitude": 6.7113423347473145,
      "direction": [
        0.9844615459442139,
        -0.1756000965833664
      ]
    },
    {
      "coordinates": [
        273,
        153
      ],
      "magnitude": 6.599135875701904,
      "direction": [
        0.982608437538147,
        -0.1856897473335266
      ]
    },
    {
      "coordinates": [
        296,
        153
      ],
      "magnitude": 6.09066915512085,
      "direction": [
        0.9882915019989014,
        -0.152577206492424
      ]
    },
    {
      "coordinates": [
        319,
        153
      ],
      "magnitude": 5.702957630157471,
      "direction": [
        0.9945293068885803,
        -0.1044575646519661
      ]
    },
    {
      "coordinates": [
        0,
        170
      ],
      "magnitude": 5.806401252746582,
      "direction": [
        -0.9639992117881775,
        0.2659052312374115
      ]
    },
    {
      "coordinates": [
        22,
        170
      ],
      "magnitude": 5.806214809417725,
      "direction": [
        -0.9593762159347534,
        0.28212979435920715
      ]
    },
    {
      "coordinates": [
        45,
        170
      ],
      "magnitude": 4.983047962188721,
      "direction": [
        -0.9319062232971191,
        0.3626992404460907
      ]
    },
    {
      "coordinates": [
        68,
        170
      ],
      "magnitude": 2.959434986114502,
      "direction": [
        -0.8334112167358398,
        0.5526533722877502
      ]
    },
    {
      "coordinates": [
        91,
        170
      ],
      "magnitude": 1.7726058959960938,
      "direction": [
        -0.8467274904251099,
        0.5320268869400024
      ]
    },
    {
      "coordinates": [
        113,
        170
      ],
      "magnitude": 2.094357967376709,
      "direction": [
        0.4083613455295563,
        0.9128203392028809
      ]
    },
    {
      "coordinates": [
        136,
        170
      ],
      "magnitude": 3.3959736824035645,
      "direction": [
        0.8487350344657898,
        0.5288183093070984
      ]
    },
    {
      "coordinates": [
        159,
        170
      ],
      "magnitude": 4.07470703125,
      "direction": [
        0.8462633490562439,
        0.5327646732330322
      ]
    },
    {
      "coordinates": [
        182,
        170
      ],
      "magnitude": 5.235575199127197,
      "direction": [
        0.8918477892875671,
        0.4523354470729828
      ]
    },
    {
      "coordinates": [
        205,
        170
      ],
      "magnitude": 5.697903156280518,
      "direction": [
        0.9304507374763489,
        0.36641719937324524
      ]
    },
    {
      "coordinates": [
        227,
        170
      ],
      "magnitude": 6.327904224395752,
      "direction": [
        0.9992924928665161,
        0.03761030733585358
      ]
    },
    {
      "coordinates": [
        250,
        170
      ],
      "magnitude": 7.208747863769531,
      "direction": [
        0.9989411234855652,
        -0.0460079051554203
      ]
    },
    {
      "coordinates": [
        273,
        170
      ],
      "magnitude": 6.8093953132629395,
      "direction": [
        0.9968328475952148,
        -0.07952522486448288
      ]
    },
    {
      "coordinates": [
        296,
        170
      ],
      "magnitude": 6.221432685852051,
      "direction": [
        0.9953615069389343,
        -0.09620504826307297
      ]
    },
    {
      "coordinates": [
        319,
        170
      ],
      "magnitude": 5.720312118530273,
      "direction": [
        0.9963707327842712,
        -0.08511995524168015
      ]
    },
    {
      "coordinates": [
        0,
        187
      ],
      "magnitude": 6.3192830085754395,
      "direction": [
        -0.942345142364502,
        0.3346426784992218
      ]
    },
    {
      "coordinates": [
        22,
        187
      ],
      "magnitude": 6.440823554992676,
      "direction": [
        -0.9341633319854736,
        0.35684582591056824
      ]
    },
    {
      "coordinates": [
        45,
        187
      ],
      "magnitude": 6.18416166305542,
      "direction": [
        -0.89421546459198,
        0.4476368725299835
      ]
    },
    {
      "coordinates": [
        68,
        187
      ],
      "magnitude": 4.116757392883301,
      "direction": [
        -0.723767876625061,
        0.6900435090065002
      ]
    },
    {
      "coordinates": [
        91,
        187
      ],
      "magnitude": 2.9116501808166504,
      "direction": [
        -0.3680762052536011,
        0.9297956228256226
      ]
    },
    {
      "coordinates": [
        113,
        187
      ],
      "magnitude": 3.2208006381988525,
      "direction": [
        0.2618766725063324,
        0.9651013016700745
      ]
    },
    {
      "coordinates": [
        136,
        187
      ],
      "magnitude": 4.193481922149658,
      "direction": [
        0.5302597880363464,
        0.847835123538971
      ]
    },
    {
      "coordinates": [
        159,
        187
      ],
      "magnitude": 5.198231220245361,
      "direction": [
        0.6318753361701965,
        0.7750701308250427
      ]
    },
    {
      "coordinates": [
        182,
        187
      ],
      "magnitude": 6.638651371002197,
      "direction": [
        0.7817173004150391,
        0.6236330270767212
      ]
    },
    {
      "coordinates": [
        205,
        187
      ],
      "magnitude": 6.543567657470703,
      "direction": [
        0.8611655831336975,
        0.5083246231079102
      ]
    },
    {
      "coordinates": [
        227,
        187
      ],
      "magnitude": 6.704977989196777,
      "direction": [
        0.9511505365371704,
        0.30872759222984314
      ]
    },
    {
      "coordinates": [
        250,
        187
      ],
      "magnitude": 7.413345813751221,
      "direction": [
        0.9924101233482361,
        0.12297246605157852
      ]
    },
    {
      "coordinates": [
        273,
        187
      ],
      "magnitude": 6.987607955932617,
      "direction": [
        0.9936301112174988,
        0.11269097030162811
      ]
    },
    {
      "coordinates": [
        296,
        187
      ],
      "magnitude": 6.680517196655273,
      "direction": [
        0.9987500905990601,
        0.04998305067420006
      ]
    },
    {
      "coordinates": [
        319,
        187
      ],
      "magnitude": 5.866978168487549,
      "direction": [
        0.9999979138374329,
        0.0020447263959795237
      ]
    },
    {
      "coordinates": [
        0,
        204
      ],
      "magnitude": 6.614801406860352,
      "direction": [
        -0.9109820127487183,
        0.4124460816383362
      ]
    },
    {
      "coordinates": [
        22,
        204
      ],
      "magnitude": 7.241603374481201,
      "direction": [
        -0.8531177043914795,
        0.5217185020446777
      ]
    },
    {
      "coordinates": [
        45,
        204
      ],
      "magnitude": 7.265029430389404,
      "direction": [
        -0.7263182997703552,
        0.687358558177948
      ]
    },
    {
      "coordinates": [
        68,
        204
      ],
      "magnitude": 5.622140407562256,
      "direction": [
        -0.5924949049949646,
        0.8055741786956787
      ]
    },
    {
      "coordinates": [
        91,
        204
      ],
      "magnitude": 4.970038890838623,
      "direction": [
        -0.3246384263038635,
        0.9458381533622742
      ]
    },
    {
      "coordinates": [
        113,
        204
      ],
      "magnitude": 5.3782877922058105,
      "direction": [
        -0.026326050981879234,
        0.9996534585952759
      ]
    },
    {
      "coordinates": [
        136,
        204
      ],
      "magnitude": 5.594818115234375,
      "direction": [
        0.3957294225692749,
        0.9183671474456787
      ]
    },
    {
      "coordinates": [
        159,
        204
      ],
      "magnitude": 6.484084606170654,
      "direction": [
        0.4934771955013275,
        0.8697587251663208
      ]
    },
    {
      "coordinates": [
        182,
        204
      ],
      "magnitude": 7.780813694000244,
      "direction": [
        0.6177226901054382,
        0.7863960266113281
      ]
    },
    {
      "coordinates": [
        205,
        204
      ],
      "magnitude": 7.827314376831055,
      "direction": [
        0.824678361415863,
        0.5656020641326904
      ]
    },
    {
      "coordinates": [
        227,
        204
      ],
      "magnitude": 7.475632190704346,
      "direction": [
        0.8775333166122437,
        0.4795157313346863
      ]
    },
    {
      "coordinates": [
        250,
        204
      ],
      "magnitude": 7.4600510597229,
      "direction": [
        0.9282535910606384,
        0.3719480335712433
      ]
    },
    {
      "coordinates": [
        273,
        204
      ],
      "magnitude": 7.626574516296387,
      "direction": [
        0.9600139856338501,
        0.27995219826698303
      ]
    },
    {
      "coordinates": [
        296,
        204
      ],
      "magnitude": 7.065657615661621,
      "direction": [
        0.9790453910827637,
        0.20364204049110413
      ]
    },
    {
      "coordinates": [
        319,
        204
      ],
      "magnitude": 5.89740514755249,
      "direction": [
        0.996683657169342,
        0.08137418329715729
      ]
    },
    {
      "coordinates": [
        0,
        221
      ],
      "magnitude": 7.561666965484619,
      "direction": [
        -0.8237147927284241,
        0.567004382610321
      ]
    },
    {
      "coordinates": [
        22,
        221
      ],
      "magnitude": 7.925860404968262,
      "direction": [
        -0.7661982774734497,
        0.6426041126251221
      ]
    },
    {
      "coordinates": [
        45,
        221
      ],
      "magnitude": 7.8259196281433105,
      "direction": [
        -0.6051504015922546,
        0.7961112260818481
      ]
    },
    {
      "coordinates": [
        68,
        221
      ],
      "magnitude": 7.258057594299316,
      "direction": [
        -0.47672054171562195,
        0.879054844379425
      ]
    },
    {
      "coordinates": [
        91,
        221
      ],
      "magnitude": 6.536337375640869,
      "direction": [
        -0.20441032946109772,
        0.978885293006897
      ]
    },
    {
      "coordinates": [
        113,
        221
      ],
      "magnitude": 6.66099739074707,
      "direction": [
        -0.049723900854587555,
        0.9987629652023315
      ]
    },
    {
      "coordinates": [
        136,
        221
      ],
      "magnitude": 7.295155048370361,
      "direction": [
        0.28551897406578064,
        0.9583730101585388
      ]
    },
    {
      "coordinates": [
        159,
        221
      ],
      "magnitude": 7.941408157348633,
      "direction": [
        0.4229777753353119,
        0.9061400890350342
      ]
    },
    {
      "coordinates": [
        182,
        221
      ],
      "magnitude": 8.965938568115234,
      "direction": [
        0.532111644744873,
        0.8466742634773254
      ]
    },
    {
      "coordinates": [
        205,
        221
      ],
      "magnitude": 8.913483619689941,
      "direction": [
        0.702285647392273,
        0.7118953466415405
      ]
    },
    {
      "coordinates": [
        227,
        221
      ],
      "magnitude": 8.181519508361816,
      "direction": [
        0.8306191563606262,
        0.5568409562110901
      ]
    },
    {
      "coordinates": [
        250,
        221
      ],
      "magnitude": 8.200587272644043,
      "direction": [
        0.8584858179092407,
        0.5128374099731445
      ]
    },
    {
      "coordinates": [
        273,
        221
      ],
      "magnitude": 8.183672904968262,
      "direction": [
        0.9262608885765076,
        0.3768830895423889
      ]
    },
    {
      "coordinates": [
        296,
        221
      ],
      "magnitude": 6.9579691886901855,
      "direction": [
        0.9538049697875977,
        0.3004264533519745
      ]
    },
    {
      "coordinates": [
        319,
        221
      ],
      "magnitude": 5.888803482055664,
      "direction": [
        0.9807679653167725,
        0.19517725706100464
      ]
    },
    {
      "coordinates": [
        0,
        239
      ],
      "magnitude": 7.663201808929443,
      "direction": [
        -0.76346755027771,
        0.6458461880683899
      ]
    },
    {
      "coordinates": [
        22,
        239
      ],
      "magnitude": 8.585171699523926,
      "direction": [
        -0.6709280610084534,
        0.7415224313735962
      ]
    },
    {
      "coordinates": [
        45,
        239
      ],
      "magnitude": 8.727679252624512,
      "direction": [
        -0.5385329127311707,
        0.842604398727417
      ]
    },
    {
      "coordinates": [
        68,
        239
      ],
      "magnitude": 8.579291343688965,
      "direction": [
        -0.3646003305912018,
        0.931164026260376
      ]
    },
    {
      "coordinates": [
        91,
        239
      ],
      "magnitude": 7.781046390533447,
      "direction": [
        -0.14159314334392548,
        0.989924967288971
      ]
    },
    {
      "coordinates": [
        113,
        239
      ],
      "magnitude": 8.003740310668945,
      "direction": [
        0.07314742356538773,
        0.9973211288452148
      ]
    },
    {
      "coordinates": [
        136,
        239
      ],
      "magnitude": 9.035256385803223,
      "direction": [
        0.28513461351394653,
        0.9584874510765076
      ]
    },
    {
      "coordinates": [
        159,
        239
      ],
      "magnitude": 10.209879875183105,
      "direction": [
        0.32605618238449097,
        0.9453503489494324
      ]
    },
    {
      "coordinates": [
        182,
        239
      ],
      "magnitude": 10.707817077636719,
      "direction": [
        0.4712808430194855,
        0.88198322057724
      ]
    },
    {
      "coordinates": [
        205,
        239
      ],
      "magnitude": 9.875224113464355,
      "direction": [
        0.6346624493598938,
        0.7727895379066467
      ]
    },
    {
      "coordinates": [
        227,
        239
      ],
      "magnitude": 9.442821502685547,
      "direction": [
        0.7339344024658203,
        0.6792203187942505
      ]
    },
    {
      "coordinates": [
        250,
        239
      ],
      "magnitude": 8.661107063293457,
      "direction": [
        0.8075778484344482,
        0.589760959148407
      ]
    },
    {
      "coordinates": [
        273,
        239
      ],
      "magnitude": 8.197807312011719,
      "direction": [
        0.8847997784614563,
        0.4659714996814728
      ]
    },
    {
      "coordinates": [
        296,
        239
      ],
      "magnitude": 7.228975296020508,
      "direction": [
        0.9104529619216919,
        0.41361257433891296
      ]
    },
    {
      "coordinates": [
        319,
        239
      ],
      "magnitude": 5.952610015869141,
      "direction": [
        0.9585047364234924,
        0.285076379776001
      ]
    }
  ],
  "shear_mesh": [
    {
      "coordinates": [
        0,
        0
      ],
      "magnitude": 2.229846715927124,
      "direction": [
        0.8881232142448425,
        0.4596054255962372
      ]
    },
    {
      "coordinates": [
        22,
        0
      ],
      "magnitude": 2.380086898803711,
      "direction": [
        0.8860113024711609,
        0.46366357803344727
      ]
    },
    {
      "coordinates": [
        45,
        0
      ],
      "magnitude": 2.218581438064575,
      "direction": [
        0.7637603878974915,
        0.6454998254776001
      ]
    },
    {
      "coordinates": [
        68,
        0
      ],
      "magnitude": 2.2980878353118896,
      "direction": [
        0.6596092581748962,
        0.751608669757843
      ]
    },
    {
      "coordinates": [
        91,
        0
      ],
      "magnitude": 2.1924054622650146,
      "direction": [
        0.688859224319458,
        0.724895179271698
      ]
    },
    {
      "coordinates": [
        113,
        0
      ],
      "magnitude": 2.2743985652923584,
      "direction": [
        0.729543149471283,
        0.6839348077774048
      ]
    },
    {
      "coordinates": [
        136,
        0
      ],
      "magnitude": 2.1724448204040527,
      "direction": [
        0.5555480122566223,
        0.8314844369888306
      ]
    },
    {
      "coordinates": [
        159,
        0
      ],
      "magnitude": 2.2252299785614014,
      "direction": [
        0.4107125699520111,
        0.9117648601531982
      ]
    },
    {
      "coordinates": [
        182,
        0
      ],
      "magnitude": 2.0367586612701416,
      "direction": [
        0.3267804682254791,
        0.9451002478599548
      ]
    },
    {
      "coordinates": [
        205,
        0
      ],
      "magnitude": 1.5814670324325562,
      "direction": [
        0.2208413928747177,
        0.9753097295761108
      ]
    },
    {
      "coordinates": [
        227,
        0
      ],
      "magnitude": 1.1859995126724243,
      "direction": [
        0.0624571293592453,
        0.9980476498603821
      ]
    },
    {
      "coordinates": [
        250,
        0
      ],
      "magnitude": 1.426887035369873,
      "direction": [
        0.32773080468177795,
        0.9447711706161499
      ]
    },
    {
      "coordinates": [
        273,
        0
      ],
      "magnitude": 1.1056997776031494,
      "direction": [
        0.4433496594429016,
        0.8963488340377808
      ]
    },
    {
      "coordinates": [
        296,
        0
      ],
      "magnitude": 0.7721563577651978,
      "direction": [
        0.5827503800392151,
        0.8126512169837952
      ]
    },
    {
      "coordinates": [
        319,
        0
      ],
      "magnitude": 0.6739630699157715,
      "direction": [
        0.5587345957756042,
        0.8293464183807373
      ]
    },
    {
      "coordinates": [
        0,
        17
      ],
      "magnitude": 2.3488190174102783,
      "direction": [
        0.9164509177207947,
        0.40014714002609253
      ]
    },
    {
      "coordinates": [
        22,
        17
      ],
      "magnitude": 2.530092716217041,
      "direction": [
        0.8280792832374573,
        0.5606110095977783
      ]
    },
    {
      "coordinates": [
        45,
        17
      ],
      "magnitude": 2.4026777744293213,
      "direction": [
        0.7660816311836243,
        0.6427432894706726
      ]
    },
    {
      "coordinates": [
        68,
        17
      ],
      "magnitude": 2.400498151779175,
      "direction": [
        0.6884626746177673,
        0.7252717614173889
      ]
    },
    {
      "coordinates": [
        91,
        17
      ],
      "magnitude": 2.250553846359253,
      "direction": [
        0.7256783843040466,
        0.6880341172218323
      ]
    },
    {
      "coordinates": [
        113,
        17
      ],
      "magnitude": 2.294649600982666,
      "direction": [
        0.5756914019584656,
        0.8176670670509338
      ]
    },
    {
      "coordinates": [
        136,
        17
      ],
      "magnitude": 2.2198305130004883,
      "direction": [
        0.3861663043498993,
        0.922429084777832
      ]
    },
    {
      "coordinates": [
        159,
        17
      ],
      "magnitude": 2.2459356784820557,
      "direction": [
        0.3225506544113159,
        0.9465522766113281
      ]
    },
    {
      "coordinates": [
        182,
        17
      ],
      "magnitude": 2.245936155319214,
      "direction": [
        0.27749189734458923,
        0.9607279896736145
      ]
    },
    {
      "coordinates": [
        205,
        17
      ],
      "magnitude": 1.7355586290359497,
      "direction": [
        0.21061183512210846,
        0.9775697588920593
      ]
    },
    {
      "coordinates": [
        227,
        17
      ],
      "magnitude": 1.2869267463684082,
      "direction": [
        0.1952124983072281,
        0.9807609915733337
      ]
    },
    {
      "coordinates": [
        250,
        17
      ],
      "magnitude": 1.2220345735549927,
      "direction": [
        0.09367946535348892,
        0.9956024289131165
      ]
    },
    {
      "coordinates": [
        273,
        17
      ],
      "magnitude": 1.033936619758606,
      "direction": [
        0.10346302390098572,
        0.9946333169937134
      ]
    },
    {
      "coordinates": [
        296,
        17
      ],
      "magnitude": 0.5913856029510498,
      "direction": [
        0.21823276579380035,
        0.9758968353271484
      ]
    },
    {
      "coordinates": [
        319,
        17
      ],
      "magnitude": 0.7109553813934326,
      "direction": [
        0.19201193749904633,
        0.9813925623893738
      ]
    },
    {
      "coordinates": [
        0,
        34
      ],
      "magnitude": 2.4959936141967773,
      "direction": [
        0.9118427634239197,
        0.4105395972728729
      ]
    },
    {
      "coordinates": [
        22,
        34
      ],
      "magnitude": 2.465195655822754,
      "direction": [
        0.8185250759124756,
        0.5744708776473999
      ]
    },
    {
      "coordinates": [
        45,
        34
      ],
      "magnitude": 2.7074921131134033,
      "direction": [
        0.8197289705276489,
        0.5727515816688538
      ]
    },
    {
      "coordinates": [
        68,
        34
      ],
      "magnitude": 2.861342191696167,
      "direction": [
        0.75944983959198,
        0.6505659222602844
      ]
    },
    {
      "coordinates": [
        91,
        34
      ],
      "magnitude": 2.544769048690796,
      "direction": [
        0.7189027070999146,
        0.6951107382774353
      ]
    },
    {
      "coordinates": [
        113,
        34
      ],
      "magnitude": 2.548825263977051,
      "direction": [
        0.5365998148918152,
        0.8438369035720825
      ]
    },
    {
      "coordinates": [
        136,
        34
      ],
      "magnitude": 2.574742555618286,
      "direction": [
        0.44005584716796875,
        0.89797043800354
      ]
    },
    {
      "coordinates": [
        159,
        34
      ],
      "magnitude": 2.411529064178467,
      "direction": [
        0.3352876603603363,
        0.9421157240867615
      ]
    },
    {
      "coordinates": [
        182,
        34
      ],
      "magnitude": 2.351482391357422,
      "direction": [
        0.22527356445789337,
        0.9742954969406128
      ]
    },
    {
      "coordinates": [
        205,
        34
      ],
      "magnitude": 1.9013022184371948,
      "direction": [
        0.20559453964233398,
        0.9786372184753418
      ]
    },
    {
      "coordinates": [
        227,
        34
      ],
      "magnitude": 1.4738863706588745,
      "direction": [
        0.12730787694454193,
        0.9918633103370667
      ]
    },
    {
      "coordinates": [
        250,
        34
      ],
      "magnitude": 1.2084790468215942,
      "direction": [
        -0.004643356893211603,
        0.9999892711639404
      ]
    },
    {
      "coordinates": [
        273,
        34
      ],
      "magnitude": 1.0058642625808716,
      "direction": [
        0.000450647174147889,
        0.9999998807907104
      ]
    },
    {
      "coordinates": [
        296,
        34
      ],
      "magnitude": 0.5377121567726135,
      "direction": [
        0.2592865228652954,
        0.965800404548645
      ]
    },
    {
      "coordinates": [
        319,
        34
      ],
      "magnitude": 0.7934881448745728,
      "direction": [
        -0.10915625095367432,
        0.9940246343612671
      ]
    },
    {
      "coordinates": [
        0,
        51
      ],
      "magnitude": 2.7573893070220947,
      "direction": [
        0.8606317043304443,
        0.5092278122901917
      ]
    },
    {
      "coordinates": [
        22,
        51
      ],
      "magnitude": 2.6028339862823486,
      "direction": [
        0.8542562127113342,
        0.5198522806167603
      ]
    },
    {
      "coordinates": [
        45,
        51
      ],
      "magnitude": 2.6652135848999023,
      "direction": [
        0.7526777386665344,
        0.6583890318870544
      ]
    },
    {
      "coordinates": [
        68,
        51
      ],
      "magnitude": 2.9826176166534424,
      "direction": [
        0.676604151725769,
        0.7363470196723938
      ]
    },
    {
      "coordinates": [
        91,
        51
      ],
      "magnitude": 2.541167974472046,
      "direction": [
        0.5842581987380981,
        0.8115678429603577
      ]
    },
    {
      "coordinates": [
        113,
        51
      ],
      "magnitude": 2.5265491008758545,
      "direction": [
        0.5175896883010864,
        0.8556289076805115
      ]
    },
    {
      "coordinates": [
        136,
        51
      ],
      "magnitude": 2.896494150161743,
      "direction": [
        0.47830823063850403,
        0.878192126750946
      ]
    },
    {
      "coordinates": [
        159,
        51
      ],
      "magnitude": 2.65671443939209,
      "direction": [
        0.35434770584106445,
        0.9351137280464172
      ]
    },
    {
      "coordinates": [
        182,
        51
      ],
      "magnitude": 2.601489782333374,
      "direction": [
        0.2564236521720886,
        0.9665644764900208
      ]
    },
    {
      "coordinates": [
        205,
        51
      ],
      "magnitude": 2.089832305908203,
      "direction": [
        0.11794066429138184,
        0.9930205941200256
      ]
    },
    {
      "coordinates": [
        227,
        51
      ],
      "magnitude": 1.5682485103607178,
      "direction": [
        0.005196287762373686,
        0.999986469745636
      ]
    },
    {
      "coordinates": [
        250,
        51
      ],
      "magnitude": 1.2344820499420166,
      "direction": [
        0.14177073538303375,
        0.9898994565010071
      ]
    },
    {
      "coordinates": [
        273,
        51
      ],
      "magnitude": 1.032953143119812,
      "direction": [
        0.30444207787513733,
        0.9525309205055237
      ]
    },
    {
      "coordinates": [
        296,
        51
      ],
      "magnitude": 0.5267202258110046,
      "direction": [
        0.2149590402841568,
        0.976622998714447
      ]
    },
    {
      "coordinates": [
        319,
        51
      ],
      "magnitude": 0.870764970779419,
      "direction": [
        0.4535326659679413,
        0.8912396430969238
      ]
    },
    {
      "coordinates": [
        0,
        68
      ],
      "magnitude": 2.4979777336120605,
      "direction": [
        0.8354652523994446,
        0.5495432615280151
      ]
    },
    {
      "coordinates": [
        22,
        68
      ],
      "magnitude": 2.6759181022644043,
      "direction": [
        0.781779944896698,
        0.6235544681549072
      ]
    },
    {
      "coordinates": [
        45,
        68
      ],
      "magnitude": 2.6047940254211426,
      "direction": [
        0.7087774276733398,
        0.7054321765899658
      ]
    },
    {
      "coordinates": [
        68,
        68
      ],
      "magnitude": 2.6211650371551514,
      "direction": [
        0.5569946765899658,
        0.8305160999298096
      ]
    },
    {
      "coordinates": [
        91,
        68
      ],
      "magnitude": 2.7197656631469727,
      "direction": [
        0.5185279250144958,
        0.8550606369972229
      ]
    },
    {
      "coordinates": [
        113,
        68
      ],
      "magnitude": 2.517399311065674,
      "direction": [
        0.48851269483566284,
        0.872556746006012
      ]
    },
    {
      "coordinates": [
        136,
        68
      ],
      "magnitude": 2.7762253284454346,
      "direction": [
        0.34570547938346863,
        0.9383430480957031
      ]
    },
    {
      "coordinates": [
        159,
        68
      ],
      "magnitude": 2.787909984588623,
      "direction": [
        0.34401050209999084,
        0.9389657974243164
      ]
    },
    {
      "coordinates": [
        182,
        68
      ],
      "magnitude": 2.8122339248657227,
      "direction": [
        0.2400510013103485,
        0.9707602858543396
      ]
    },
    {
      "coordinates": [
        205,
        68
      ],
      "magnitude": 2.355343818664551,
      "direction": [
        0.15850749611854553,
        0.9873577356338501
      ]
    },
    {
      "coordinates": [
        227,
        68
      ],
      "magnitude": 1.5657624006271362,
      "direction": [
        0.10687754303216934,
        0.9942721128463745
      ]
    },
    {
      "coordinates": [
        250,
        68
      ],
      "magnitude": 1.1597976684570312,
      "direction": [
        0.15653380751609802,
        0.9876726269721985
      ]
    },
    {
      "coordinates": [
        273,
        68
      ],
      "magnitude": 1.0255582332611084,
      "direction": [
        0.30090615153312683,
        0.9536537528038025
      ]
    },
    {
      "coordinates": [
        296,
        68
      ],
      "magnitude": 0.5935295820236206,
      "direction": [
        0.15727932751178741,
        0.987554132938385
      ]
    },
    {
      "coordinates": [
        319,
        68
      ],
      "magnitude": 0.5483996272087097,
      "direction": [
        0.7142447829246521,
        0.699895977973938
      ]
    },
    {
      "coordinates": [
        0,
        85
      ],
      "magnitude": 2.4638404846191406,
      "direction": [
        0.812838613986969,
        0.5824890732765198
      ]
    },
    {
      "coordinates": [
        22,
        85
      ],
      "magnitude": 2.4947988986968994,
      "direction": [
        0.7146730422973633,
        0.699458658695221
      ]
    },
    {
      "coordinates": [
        45,
        85
      ],
      "magnitude": 2.4369306564331055,
      "direction": [
        0.6262593865394592,
        0.7796148061752319
      ]
    },
    {
      "coordinates": [
        68,
        85
      ],
      "magnitude": 2.733280658721924,
      "direction": [
        0.5166734457015991,
        0.8561825156211853
      ]
    },
    {
      "coordinates": [
        91,
        85
      ],
      "magnitude": 2.6605148315429688,
      "direction": [
        0.4667021930217743,
        0.8844144344329834
      ]
    },
    {
      "coordinates": [
        113,
        85
      ],
      "magnitude": 2.687685251235962,
      "direction": [
        0.3790087103843689,
        0.9253931045532227
      ]
    },
    {
      "coordinates": [
        136,
        85
      ],
      "magnitude": 2.775599718093872,
      "direction": [
        0.3202299475669861,
        0.9473398327827454
      ]
    },
    {
      "coordinates": [
        159,
        85
      ],
      "magnitude": 2.8496296405792236,
      "direction": [
        0.3571856915950775,
        0.9340333938598633
      ]
    },
    {
      "coordinates": [
        182,
        85
      ],
      "magnitude": 3.1563475131988525,
      "direction": [
        0.2170386016368866,
        0.9761630296707153
      ]
    },
    {
      "coordinates": [
        205,
        85
      ],
      "magnitude": 2.479036808013916,
      "direction": [
        0.11640678346157074,
        0.9932015538215637
      ]
    },
    {
      "coordinates": [
        227,
        85
      ],
      "magnitude": 1.641013741493225,
      "direction": [
        0.12074657529592514,
        0.9926834106445312
      ]
    },
    {
      "coordinates": [
        250,
        85
      ],
      "magnitude": 1.1074578762054443,
      "direction": [
        0.36047589778900146,
        0.9327685832977295
      ]
    },
    {
      "coordinates": [
        273,
        85
      ],
      "magnitude": 1.1460707187652588,
      "direction": [
        0.3493718206882477,
        0.9369841814041138
      ]
    },
    {
      "coordinates": [
        296,
        85
      ],
      "magnitude": 0.7644829154014587,
      "direction": [
        0.7705588340759277,
        0.63736891746521
      ]
    },
    {
      "coordinates": [
        319,
        85
      ],
      "magnitude": 0.6220076084136963,
      "direction": [
        0.9156306385993958,
        0.40202054381370544
      ]
    },
    {
      "coordinates": [
        0,
        102
      ],
      "magnitude": 2.1962873935699463,
      "direction": [
        0.64786297082901,
        0.7617568969726562
      ]
    },
    {
      "coordinates": [
        22,
        102
      ],
      "magnitude": 2.204113006591797,
      "direction": [
        0.5389941930770874,
        0.8423094749450684
      ]
    },
    {
      "coordinates": [
        45,
        102
      ],
      "magnitude": 2.2167863845825195,
      "direction": [
        0.5077944993972778,
        0.8614782691001892
      ]
    },
    {
      "coordinates": [
        68,
        102
      ],
      "magnitude": 2.606147289276123,
      "direction": [
        0.4108717143535614,
        0.9116931557655334
      ]
    },
    {
      "coordinates": [
        91,
        102
      ],
      "magnitude": 2.7200982570648193,
      "direction": [
        0.42793387174606323,
        0.9038100838661194
      ]
    },
    {
      "coordinates": [
        113,
        102
      ],
      "magnitude": 2.8110249042510986,
      "direction": [
        0.38475027680397034,
        0.9230207204818726
      ]
    },
    {
      "coordinates": [
        136,
        102
      ],
      "magnitude": 2.798768997192383,
      "direction": [
        0.3840409815311432,
        0.9233160614967346
      ]
    },
    {
      "coordinates": [
        159,
        102
      ],
      "magnitude": 2.987475633621216,
      "direction": [
        0.30240681767463684,
        0.9531790018081665
      ]
    },
    {
      "coordinates": [
        182,
        102
      ],
      "magnitude": 3.228224277496338,
      "direction": [
        0.21393714845180511,
        0.9768474698066711
      ]
    },
    {
      "coordinates": [
        205,
        102
      ],
      "magnitude": 2.80169677734375,
      "direction": [
        0.13788223266601562,
        0.9904485940933228
      ]
    },
    {
      "coordinates": [
        227,
        102
      ],
      "magnitude": 1.6548665761947632,
      "direction": [
        0.12353098392486572,
        0.9923407435417175
      ]
    },
    {
      "coordinates": [
        250,
        102
      ],
      "magnitude": 0.9823544025421143,
      "direction": [
        0.13620640337467194,
        0.990680456161499
      ]
    },
    {
      "coordinates": [
        273,
        102
      ],
      "magnitude": 0.8857024908065796,
      "direction": [
        0.4923761188983917,
        0.87038254737854
      ]
    },
    {
      "coordinates": [
        296,
        102
      ],
      "magnitude": 0.8132210969924927,
      "direction": [
        0.8485906720161438,
        0.5290499925613403
      ]
    },
    {
      "coordinates": [
        319,
        102
      ],
      "magnitude": 0.783715009689331,
      "direction": [
        0.9113726019859314,
        0.4115821123123169
      ]
    },
    {
      "coordinates": [
        0,
        119
      ],
      "magnitude": 1.832787275314331,
      "direction": [
        0.7216591835021973,
        0.692248523235321
      ]
    },
    {
      "coordinates": [
        22,
        119
      ],
      "magnitude": 2.5386300086975098,
      "direction": [
        0.5180129408836365,
        0.8553727269172668
      ]
    },
    {
      "coordinates": [
        45,
        119
      ],
      "magnitude": 2.2273452281951904,
      "direction": [
        0.46190565824508667,
        0.8869290351867676
      ]
    },
    {
      "coordinates": [
        68,
        119
      ],
      "magnitude": 2.5448203086853027,
      "direction": [
        0.3703896105289459,
        0.928876519203186
      ]
    },
    {
      "coordinates": [
        91,
        119
      ],
      "magnitude": 2.4979214668273926,
      "direction": [
        0.32702508568763733,
        0.9450156688690186
      ]
    },
    {
      "coordinates": [
        113,
        119
      ],
      "magnitude": 2.7198987007141113,
      "direction": [
        0.364859938621521,
        0.9310624003410339
      ]
    },
    {
      "coordinates": [
        136,
        119
      ],
      "magnitude": 2.7080774307250977,
      "direction": [
        0.3287413716316223,
        0.9444200396537781
      ]
    },
    {
      "coordinates": [
        159,
        119
      ],
      "magnitude": 3.330958604812622,
      "direction": [
        0.265924870967865,
        0.9639937877655029
      ]
    },
    {
      "coordinates": [
        182,
        119
      ],
      "magnitude": 3.471956491470337,
      "direction": [
        0.18519431352615356,
        0.9827019572257996
      ]
    },
    {
      "coordinates": [
        205,
        119
      ],
      "magnitude": 2.9513204097747803,
      "direction": [
        0.20748628675937653,
        0.9782379269599915
      ]
    },
    {
      "coordinates": [
        227,
        119
      ],
      "magnitude": 1.829923391342163,
      "direction": [
        0.33891499042510986,
        0.9408169984817505
      ]
    },
    {
      "coordinates": [
        250,
        119
      ],
      "magnitude": 1.1620543003082275,
      "direction": [
        0.5243071913719177,
        0.8515291810035706
      ]
    },
    {
      "coordinates": [
        273,
        119
      ],
      "magnitude": 0.8199208974838257,
      "direction": [
        0.5307214260101318,
        0.8475462794303894
      ]
    },
    {
      "coordinates": [
        296,
        119
      ],
      "magnitude": 0.8349254727363586,
      "direction": [
        0.9212765097618103,
        0.3889082670211792
      ]
    },
    {
      "coordinates": [
        319,
        119
      ],
      "magnitude": 0.6787707805633545,
      "direction": [
        0.8539919853210449,
        0.5202860832214355
      ]
    },
    {
      "coordinates": [
        0,
        136
      ],
      "magnitude": 1.7295633554458618,
      "direction": [
        0.6079318523406982,
        0.7939892411231995
      ]
    },
    {
      "coordinates": [
        22,
        136
      ],
      "magnitude": 2.3981239795684814,
      "direction": [
        0.4742864668369293,
        0.880370557308197
      ]
    },
    {
      "coordinates": [
        45,
        136
      ],
      "magnitude": 2.5961124897003174,
      "direction": [
        0.5139002203941345,
        0.8578498959541321
      ]
    },
    {
      "coordinates": [
        68,
        136
      ],
      "magnitude": 2.722912073135376,
      "direction": [
        0.3623797297477722,
        0.9320305585861206
      ]
    },
    {
      "coordinates": [
        91,
        136
      ],
      "magnitude": 2.5070011615753174,
      "direction": [
        0.4026561677455902,
        0.9153512716293335
      ]
    },
    {
      "coordinates": [
        113,
        136
      ],
      "magnitude": 2.7679526805877686,
      "direction": [
        0.3960353136062622,
        0.9182352423667908
      ]
    },
    {
      "coordinates": [
        136,
        136
      ],
      "magnitude": 2.8580217361450195,
      "direction": [
        0.4071621000766754,
        0.9133559465408325
      ]
    },
    {
      "coordinates": [
        159,
        136
      ],
      "magnitude": 3.402531862258911,
      "direction": [
        0.3434138298034668,
        0.9391841888427734
      ]
    },
    {
      "coordinates": [
        182,
        136
      ],
      "magnitude": 3.6073555946350098,
      "direction": [
        0.21169288456439972,
        0.9773362874984741
      ]
    },
    {
      "coordinates": [
        205,
        136
      ],
      "magnitude": 2.913172960281372,
      "direction": [
        0.25848937034606934,
        0.9660141468048096
      ]
    },
    {
      "coordinates": [
        227,
        136
      ],
      "magnitude": 1.9214239120483398,
      "direction": [
        0.3820127844810486,
        0.9241570830345154
      ]
    },
    {
      "coordinates": [
        250,
        136
      ],
      "magnitude": 1.2022528648376465,
      "direction": [
        0.5468920469284058,
        0.8372030854225159
      ]
    },
    {
      "coordinates": [
        273,
        136
      ],
      "magnitude": 1.0227850675582886,
      "direction": [
        0.8614274263381958,
        0.5078806281089783
      ]
    },
    {
      "coordinates": [
        296,
        136
      ],
      "magnitude": 1.0298352241516113,
      "direction": [
        0.9763925671577454,
        0.21600379049777985
      ]
    },
    {
      "coordinates": [
        319,
        136
      ],
      "magnitude": 1.2929848432540894,
      "direction": [
        0.9634236097335815,
        0.26798319816589355
      ]
    },
    {
      "coordinates": [
        0,
        153
      ],
      "magnitude": 1.8042207956314087,
      "direction": [
        0.49140408635139465,
        0.8709317445755005
      ]
    },
    {
      "coordinates": [
        22,
        153
      ],
      "magnitude": 2.240143299102783,
      "direction": [
        0.409870982170105,
        0.9121434688568115
      ]
    },
    {
      "coordinates": [
        45,
        153
      ],
      "magnitude": 2.5793581008911133,
      "direction": [
        0.4076167941093445,
        0.9131531119346619
      ]
    },
    {
      "coordinates": [
        68,
        153
      ],
      "magnitude": 2.573451519012451,
      "direction": [
        0.42143678665161133,
        0.9068577885627747
      ]
    },
    {
      "coordinates": [
        91,
        153
      ],
      "magnitude": 2.323941230773926,
      "direction": [
        0.46862176060676575,
        0.8833988904953003
      ]
    },
    {
      "coordinates": [
        113,
        153
      ],
      "magnitude": 2.7509701251983643,
      "direction": [
        0.45313334465026855,
        0.8914427757263184
      ]
    },
    {
      "coordinates": [
        136,
        153
      ],
      "magnitude": 2.879031181335449,
      "direction": [
        0.4828151762485504,
        0.8757222294807434
      ]
    },
    {
      "coordinates": [
        159,
        153
      ],
      "magnitude": 3.5330183506011963,
      "direction": [
        0.3028794825077057,
        0.9530288577079773
      ]
    },
    {
      "coordinates": [
        182,
        153
      ],
      "magnitude": 3.9068849086761475,
      "direction": [
        0.2721650004386902,
        0.9622505903244019
      ]
    },
    {
      "coordinates": [
        205,
        153
      ],
      "magnitude": 3.0255095958709717,
      "direction": [
        0.32756921648979187,
        0.9448271989822388
      ]
    },
    {
      "coordinates": [
        227,
        153
      ],
      "magnitude": 1.7515676021575928,
      "direction": [
        0.4341818690299988,
        0.9008252620697021
      ]
    },
    {
      "coordinates": [
        250,
        153
      ],
      "magnitude": 1.3065240383148193,
      "direction": [
        0.754299521446228,
        0.6565304398536682
      ]
    },
    {
      "coordinates": [
        273,
        153
      ],
      "magnitude": 1.1608015298843384,
      "direction": [
        0.9243543744087219,
        0.38153496384620667
      ]
    },
    {
      "coordinates": [
        296,
        153
      ],
      "magnitude": 1.0715765953063965,
      "direction": [
        0.9728888869285583,
        0.23127293586730957
      ]
    },
    {
      "coordinates": [
        319,
        153
      ],
      "magnitude": 1.3834874629974365,
      "direction": [
        0.9938383102416992,
        0.11084002256393433
      ]
    },
    {
      "coordinates": [
        0,
        170
      ],
      "magnitude": 1.7340551614761353,
      "direction": [
        0.39679887890815735,
        0.9179055690765381
      ]
    },
    {
      "coordinates": [
        22,
        170
      ],
      "magnitude": 1.8565480709075928,
      "direction": [
        0.2865561544895172,
        0.9580634832382202
      ]
    },
    {
      "coordinates": [
        45,
        170
      ],
      "magnitude": 2.394599676132202,
      "direction": [
        0.34770888090133667,
        0.9376025199890137
      ]
    },
    {
      "coordinates": [
        68,
        170
      ],
      "magnitude": 2.618530750274658,
      "direction": [
        0.31946471333503723,
        0.9475981593132019
      ]
    },
    {
      "coordinates": [
        91,
        170
      ],
      "magnitude": 2.1711838245391846,
      "direction": [
        0.4415307641029358,
        0.8972460627555847
      ]
    },
    {
      "coordinates": [
        113,
        170
      ],
      "magnitude": 2.579516887664795,
      "direction": [
        0.4146653413772583,
        0.9099739193916321
      ]
    },
    {
      "coordinates": [
        136,
        170
      ],
      "magnitude": 3.1349990367889404,
      "direction": [
        0.4478669762611389,
        0.8941001892089844
      ]
    },
    {
      "coordinates": [
        159,
        170
      ],
      "magnitude": 3.6319844722747803,
      "direction": [
        0.3356228172779083,
        0.9419963955879211
      ]
    },
    {
      "coordinates": [
        182,
        170
      ],
      "magnitude": 3.733070135116577,
      "direction": [
        0.27361056208610535,
        0.9618405699729919
      ]
    },
    {
      "coordinates": [
        205,
        170
      ],
      "magnitude": 3.137371301651001,
      "direction": [
        0.310697078704834,
        0.9505089521408081
      ]
    },
    {
      "coordinates": [
        227,
        170
      ],
      "magnitude": 1.8443794250488281,
      "direction": [
        0.5731939077377319,
        0.8194197416305542
      ]
    },
    {
      "coordinates": [
        250,
        170
      ],
      "magnitude": 1.5868877172470093,
      "direction": [
        0.8566058874130249,
        0.5159712433815002
      ]
    },
    {
      "coordinates": [
        273,
        170
      ],
      "magnitude": 1.168123483657837,
      "direction": [
        0.8791985511779785,
        0.4764556288719177
      ]
    },
    {
      "coordinates": [
        296,
        170
      ],
      "magnitude": 0.9208480715751648,
      "direction": [
        0.9919553995132446,
        0.12658756971359253
      ]
    },
    {
      "coordinates": [
        319,
        170
      ],
      "magnitude": 1.136147141456604,
      "direction": [
        0.997953474521637,
        -0.06394406408071518
      ]
    },
    {
      "coordinates": [
        0,
        187
      ],
      "magnitude": 1.5701839923858643,
      "direction": [
        0.22322842478752136,
        0.9747661352157593
      ]
    },
    {
      "coordinates": [
        22,
        187
      ],
      "magnitude": 1.7857420444488525,
      "direction": [
        0.20334768295288086,
        0.979106605052948
      ]
    },
    {
      "coordinates": [
        45,
        187
      ],
      "magnitude": 2.2552597522735596,
      "direction": [
        0.06466968357563019,
        0.9979066848754883
      ]
    },
    {
      "coordinates": [
        68,
        187
      ],
      "magnitude": 2.1924872398376465,
      "direction": [
        0.22702977061271667,
        0.9738877415657043
      ]
    },
    {
      "coordinates": [
        91,
        187
      ],
      "magnitude": 2.2087812423706055,
      "direction": [
        0.49405351281166077,
        0.8694315552711487
      ]
    },
    {
      "coordinates": [
        113,
        187
      ],
      "magnitude": 2.4255969524383545,
      "direction": [
        0.48727571964263916,
        0.873248279094696
      ]
    },
    {
      "coordinates": [
        136,
        187
      ],
      "magnitude": 2.9506349563598633,
      "direction": [
        0.33481308817863464,
        0.9422845840454102
      ]
    },
    {
      "coordinates": [
        159,
        187
      ],
      "magnitude": 3.7382235527038574,
      "direction": [
        0.3598814308643341,
        0.9329980611801147
      ]
    },
    {
      "coordinates": [
        182,
        187
      ],
      "magnitude": 4.143656253814697,
      "direction": [
        0.35339391231536865,
        0.9354745745658875
      ]
    },
    {
      "coordinates": [
        205,
        187
      ],
      "magnitude": 3.1433968544006348,
      "direction": [
        0.40844279527664185,
        0.9127839207649231
      ]
    },
    {
      "coordinates": [
        227,
        187
      ],
      "magnitude": 2.0449020862579346,
      "direction": [
        0.7206776738166809,
        0.693270206451416
      ]
    },
    {
      "coordinates": [
        250,
        187
      ],
      "magnitude": 1.752004623413086,
      "direction": [
        0.827734112739563,
        0.5611205101013184
      ]
    },
    {
      "coordinates": [
        273,
        187
      ],
      "magnitude": 1.418745517730713,
      "direction": [
        0.874997079372406,
        0.48412811756134033
      ]
    },
    {
      "coordinates": [
        296,
        187
      ],
      "magnitude": 1.2856444120407104,
      "direction": [
        0.9953606128692627,
        0.09621519595384598
      ]
    },
    {
      "coordinates": [
        319,
        187
      ],
      "magnitude": 1.2262768745422363,
      "direction": [
        0.9888811111450195,
        -0.1487078070640564
      ]
    },
    {
      "coordinates": [
        0,
        204
      ],
      "magnitude": 1.344943881034851,
      "direction": [
        0.11409276723861694,
        0.9934700727462769
      ]
    },
    {
      "coordinates": [
        22,
        204
      ],
      "magnitude": 1.7777104377746582,
      "direction": [
        0.02264447696506977,
        0.9997435808181763
      ]
    },
    {
      "coordinates": [
        45,
        204
      ],
      "magnitude": 2.3671202659606934,
      "direction": [
        -0.0417247898876667,
        0.9991291761398315
      ]
    },
    {
      "coordinates": [
        68,
        204
      ],
      "magnitude": 1.9117341041564941,
      "direction": [
        0.15780118107795715,
        0.9874709248542786
      ]
    },
    {
      "coordinates": [
        91,
        204
      ],
      "magnitude": 1.6717129945755005,
      "direction": [
        0.21340876817703247,
        0.9769629836082458
      ]
    },
    {
      "coordinates": [
        113,
        204
      ],
      "magnitude": 2.3902292251586914,
      "direction": [
        0.26685619354248047,
        0.9637362957000732
      ]
    },
    {
      "coordinates": [
        136,
        204
      ],
      "magnitude": 2.8700644969940186,
      "direction": [
        0.40619727969169617,
        0.9137853980064392
      ]
    },
    {
      "coordinates": [
        159,
        204
      ],
      "magnitude": 3.3440065383911133,
      "direction": [
        0.387666791677475,
        0.9217996001243591
      ]
    },
    {
      "coordinates": [
        182,
        204
      ],
      "magnitude": 4.250812530517578,
      "direction": [
        0.3376525640487671,
        0.9412708282470703
      ]
    },
    {
      "coordinates": [
        205,
        204
      ],
      "magnitude": 3.2770493030548096,
      "direction": [
        0.5549225211143494,
        0.831902027130127
      ]
    },
    {
      "coordinates": [
        227,
        204
      ],
      "magnitude": 2.2613914012908936,
      "direction": [
        0.7783236503601074,
        0.6278631687164307
      ]
    },
    {
      "coordinates": [
        250,
        204
      ],
      "magnitude": 1.7597599029541016,
      "direction": [
        0.7819966077804565,
        0.6232826709747314
      ]
    },
    {
      "coordinates": [
        273,
        204
      ],
      "magnitude": 1.7711111307144165,
      "direction": [
        0.9114406108856201,
        0.4114316403865814
      ]
    },
    {
      "coordinates": [
        296,
        204
      ],
      "magnitude": 1.5603078603744507,
      "direction": [
        0.9897223711013794,
        0.14300213754177094
      ]
    },
    {
      "coordinates": [
        319,
        204
      ],
      "magnitude": 1.5036481618881226,
      "direction": [
        0.9784564971923828,
        -0.20645280182361603
      ]
    },
    {
      "coordinates": [
        0,
        221
      ],
      "magnitude": 1.590847134590149,
      "direction": [
        -0.23299723863601685,
        0.972477376461029
      ]
    },
    {
      "coordinates": [
        22,
        221
      ],
      "magnitude": 1.9165102243423462,
      "direction": [
        -0.15680675208568573,
        0.9876292943954468
      ]
    },
    {
      "coordinates": [
        45,
        221
      ],
      "magnitude": 2.1192073822021484,
      "direction": [
        0.019313471391797066,
        0.9998134970664978
      ]
    },
    {
      "coordinates": [
        68,
        221
      ],
      "magnitude": 1.750808835029602,
      "direction": [
        0.045038510113954544,
        0.998985230922699
      ]
    },
    {
      "coordinates": [
        91,
        221
      ],
      "magnitude": 1.4670690298080444,
      "direction": [
        0.20946067571640015,
        0.9778170585632324
      ]
    },
    {
      "coordinates": [
        113,
        221
      ],
      "magnitude": 1.8930500745773315,
      "direction": [
        0.3162262737751007,
        0.9486837983131409
      ]
    },
    {
      "coordinates": [
        136,
        221
      ],
      "magnitude": 2.7178516387939453,
      "direction": [
        0.5400264859199524,
        0.8416479825973511
      ]
    },
    {
      "coordinates": [
        159,
        221
      ],
      "magnitude": 3.5018808841705322,
      "direction": [
        0.48409757018089294,
        0.8750140070915222
      ]
    },
    {
      "coordinates": [
        182,
        221
      ],
      "magnitude": 3.960475206375122,
      "direction": [
        0.4103684723377228,
        0.9119198322296143
      ]
    },
    {
      "coordinates": [
        205,
        221
      ],
      "magnitude": 3.241150140762329,
      "direction": [
        0.6214519143104553,
        0.7834523320198059
      ]
    },
    {
      "coordinates": [
        227,
        221
      ],
      "magnitude": 2.614353895187378,
      "direction": [
        0.777627170085907,
        0.6287257075309753
      ]
    },
    {
      "coordinates": [
        250,
        221
      ],
      "magnitude": 2.298159599304199,
      "direction": [
        0.8521001935005188,
        0.5233787298202515
      ]
    },
    {
      "coordinates": [
        273,
        221
      ],
      "magnitude": 2.109375238418579,
      "direction": [
        0.9574199318885803,
        0.2886989712715149
      ]
    },
    {
      "coordinates": [
        296,
        221
      ],
      "magnitude": 1.7745217084884644,
      "direction": [
        0.9753075242042542,
        0.22085119783878326
      ]
    },
    {
      "coordinates": [
        319,
        221
      ],
      "magnitude": 1.4882005453109741,
      "direction": [
        0.9846129417419434,
        -0.17474916577339172
      ]
    },
    {
      "coordinates": [
        0,
        239
      ],
      "magnitude": 1.6902785301208496,
      "direction": [
        -0.41210633516311646,
        0.911135733127594
      ]
    },
    {
      "coordinates": [
        22,
        239
      ],
      "magnitude": 1.9453678131103516,
      "direction": [
        -0.36653265357017517,
        0.9304051995277405
      ]
    },
    {
      "coordinates": [
        45,
        239
      ],
      "magnitude": 1.9071388244628906,
      "direction": [
        -0.29229971766471863,
        0.9563267827033997
      ]
    },
    {
      "coordinates": [
        68,
        239
      ],
      "magnitude": 1.7402108907699585,
      "direction": [
        -0.08621775358915329,
        0.996276319026947
      ]
    },
    {
      "coordinates": [
        91,
        239
      ],
      "magnitude": 1.3508825302124023,
      "direction": [
        0.3718404173851013,
        0.928296685218811
      ]
    },
    {
      "coordinates": [
        113,
        239
      ],
      "magnitude": 1.6495383977890015,
      "direction": [
        0.7321702241897583,
        0.6811216473579407
      ]
    },
    {
      "coordinates": [
        136,
        239
      ],
      "magnitude": 2.8973982334136963,
      "direction": [
        0.7023559212684631,
        0.711825966835022
      ]
    },
    {
      "coordinates": [
        159,
        239
      ],
      "magnitude": 3.613492012023926,
      "direction": [
        0.5317342281341553,
        0.8469112515449524
      ]
    },
    {
      "coordinates": [
        182,
        239
      ],
      "magnitude": 3.935647487640381,
      "direction": [
        0.5250752568244934,
        0.8510558009147644
      ]
    },
    {
      "coordinates": [
        205,
        239
      ],
      "magnitude": 3.3976593017578125,
      "direction": [
        0.6937389373779297,
        0.7202264666557312
      ]
    },
    {
      "coordinates": [
        227,
        239
      ],
      "magnitude": 3.10969614982605,
      "direction": [
        0.8296529054641724,
        0.5582795739173889
      ]
    },
    {
      "coordinates": [
        250,
        239
      ],
      "magnitude": 2.650377035140991,
      "direction": [
        0.8900496363639832,
        0.4558636248111725
      ]
    },
    {
      "coordinates": [
        273,
        239
      ],
      "magnitude": 2.4087021350860596,
      "direction": [
        0.9598214626312256,
        0.280611515045166
      ]
    },
    {
      "coordinates": [
        296,
        239
      ],
      "magnitude": 2.232614517211914,
      "direction": [
        0.9696967005729675,
        0.24431154131889343
      ]
    },
    {
      "coordinates": [
        319,
        239
      ],
      "magnitude": 1.6607990264892578,
      "direction": [
        0.9929677248001099,
        -0.11838486045598984
      ]
    }
  ]
}