{
  "recording_timestamp": 1757346754.2441614,
  "elapsed_time_s": 20.0,
  "fz": 0.819522,
  "peak_intensity": 0.151,
  "deformation_mesh": [
    {
      "coordinates": [
        0,
        0
      ],
      "magnitude": 1.7203986644744873,
      "direction": [
        0.06162424013018608,
        -0.9980993866920471
      ]
    },
    {
      "coordinates": [
        22,
        0
      ],
      "magnitude": 1.939987063407898,
      "direction": [
        0.09999734908342361,
        -0.9949877262115479
      ]
    },
    {
      "coordinates": [
        45,
        0
      ],
      "magnitude": 2.1095070838928223,
      "direction": [
        -0.0395512655377388,
        -0.9992175698280334
      ]
    },
    {
      "coordinates": [
        68,
        0
      ],
      "magnitude": 2.262298345565796,
      "direction": [
        0.1343449503183365,
        -0.9909346699714661
      ]
    },
    {
      "coordinates": [
        91,
        0
      ],
      "magnitude": 2.4471139907836914,
      "direction": [
        0.29573073983192444,
        -0.9552713632583618
      ]
    },
    {
      "coordinates": [
        113,
        0
      ],
      "magnitude": 2.7694647312164307,
      "direction": [
        0.5428760051727295,
        -0.8398128747940063
      ]
    },
    {
      "coordinates": [
        136,
        0
      ],
      "magnitude": 2.7816431522369385,
      "direction": [
        0.5072020888328552,
        -0.8618271350860596
      ]
    },
    {
      "coordinates": [
        159,
        0
      ],
      "magnitude": 2.6896896362304688,
      "direction": [
        0.5459003448486328,
        -0.8378500938415527
      ]
    },
    {
      "coordinates": [
        182,
        0
      ],
      "magnitude": 2.7167630195617676,
      "direction": [
        0.701802670955658,
        -0.7123714089393616
      ]
    },
    {
      "coordinates": [
        205,
        0
      ],
      "magnitude": 2.9087398052215576,
      "direction": [
        0.6773982644081116,
        -0.7356164455413818
      ]
    },
    {
      "coordinates": [
        227,
        0
      ],
      "magnitude": 2.7842419147491455,
      "direction": [
        0.6588234901428223,
        -0.7522975206375122
      ]
    },
    {
      "coordinates": [
        250,
        0
      ],
      "magnitude": 2.9241855144500732,
      "direction": [
        0.8054869771003723,
        -0.5926133990287781
      ]
    },
    {
      "coordinates": [
        273,
        0
      ],
      "magnitude": 3.2122762203216553,
      "direction": [
        0.8109340667724609,
        -0.5851375460624695
      ]
    },
    {
      "coordinates": [
        296,
        0
      ],
      "magnitude": 3.3436741828918457,
      "direction": [
        0.8177242875099182,
        -0.5756101608276367
      ]
    },
    {
      "coordinates": [
        319,
        0
      ],
      "magnitude": 3.3401966094970703,
      "direction": [
        0.8130251169204712,
        -0.5822286605834961
      ]
    },
    {
      "coordinates": [
        0,
        17
      ],
      "magnitude": 2.046631097793579,
      "direction": [
        -0.1666906476020813,
        -0.9860092997550964
      ]
    },
    {
      "coordinates": [
        22,
        17
      ],
      "magnitude": 2.0025651454925537,
      "direction": [
        -0.145920991897583,
        -0.9892961978912354
      ]
    },
    {
      "coordinates": [
        45,
        17
      ],
      "magnitude": 2.1276257038116455,
      "direction": [
        -0.11995959281921387,
        -0.9927788376808167
      ]
    },
    {
      "coordinates": [
        68,
        17
      ],
      "magnitude": 2.411118268966675,
      "direction": [
        0.06592873483896255,
        -0.9978242516517639
      ]
    },
    {
      "coordinates": [
        91,
        17
      ],
      "magnitude": 2.958583116531372,
      "direction": [
        0.2882118225097656,
        -0.9575667381286621
      ]
    },
    {
      "coordinates": [
        113,
        17
      ],
      "magnitude": 2.7760653495788574,
      "direction": [
        0.38446223735809326,
        -0.9231407046318054
      ]
    },
    {
      "coordinates": [
        136,
        17
      ],
      "magnitude": 2.790919065475464,
      "direction": [
        0.4269089102745056,
        -0.9042946696281433
      ]
    },
    {
      "coordinates": [
        159,
        17
      ],
      "magnitude": 2.774653911590576,
      "direction": [
        0.5413521528244019,
        -0.8407959938049316
      ]
    },
    {
      "coordinates": [
        182,
        17
      ],
      "magnitude": 2.8207108974456787,
      "direction": [
        0.7060191631317139,
        -0.708192765712738
      ]
    },
    {
      "coordinates": [
        205,
        17
      ],
      "magnitude": 2.8954696655273438,
      "direction": [
        0.7337549924850464,
        -0.6794142127037048
      ]
    },
    {
      "coordinates": [
        227,
        17
      ],
      "magnitude": 3.1014881134033203,
      "direction": [
        0.7423187494277954,
        -0.670046865940094
      ]
    },
    {
      "coordinates": [
        250,
        17
      ],
      "magnitude": 2.971592664718628,
      "direction": [
        0.7985286116600037,
        -0.601956844329834
      ]
    },
    {
      "coordinates": [
        273,
        17
      ],
      "magnitude": 3.2270278930664062,
      "direction": [
        0.8276196718215942,
        -0.5612893104553223
      ]
    },
    {
      "coordinates": [
        296,
        17
      ],
      "magnitude": 3.38334059715271,
      "direction": [
        0.8469336032867432,
        -0.5316986441612244
      ]
    },
    {
      "coordinates": [
        319,
        17
      ],
      "magnitude": 3.321186065673828,
      "direction": [
        0.8724781274795532,
        -0.4886532425880432
      ]
    },
    {
      "coordinates": [
        0,
        34
      ],
      "magnitude": 2.279775857925415,
      "direction": [
        -0.22666190564632416,
        -0.9739735126495361
      ]
    },
    {
      "coordinates": [
        22,
        34
      ],
      "magnitude": 2.376227617263794,
      "direction": [
        -0.21158073842525482,
        -0.9773605465888977
      ]
    },
    {
      "coordinates": [
        45,
        34
      ],
      "magnitude": 2.600712299346924,
      "direction": [
        -0.010223174467682838,
        -0.999947726726532
      ]
    },
    {
      "coordinates": [
        68,
        34
      ],
      "magnitude": 2.7715723514556885,
      "direction": [
        0.08681415021419525,
        -0.9962245225906372
      ]
    },
    {
      "coordinates": [
        91,
        34
      ],
      "magnitude": 3.2452499866485596,
      "direction": [
        0.2866744101047516,
        -0.9580280184745789
      ]
    },
    {
      "coordinates": [
        113,
        34
      ],
      "magnitude": 3.0125789642333984,
      "direction": [
        0.3463292717933655,
        -0.9381130933761597
      ]
    },
    {
      "coordinates": [
        136,
        34
      ],
      "magnitude": 2.985244035720825,
      "direction": [
        0.5804930925369263,
        -0.814265251159668
      ]
    },
    {
      "coordinates": [
        159,
        34
      ],
      "magnitude": 2.8643226623535156,
      "direction": [
        0.6423449516296387,
        -0.7664156556129456
      ]
    },
    {
      "coordinates": [
        182,
        34
      ],
      "magnitude": 2.991189956665039,
      "direction": [
        0.6864051818847656,
        -0.7272193431854248
      ]
    },
    {
      "coordinates": [
        205,
        34
      ],
      "magnitude": 3.142893075942993,
      "direction": [
        0.7198750972747803,
        -0.6941035389900208
      ]
    },
    {
      "coordinates": [
        227,
        34
      ],
      "magnitude": 3.3512556552886963,
      "direction": [
        0.7650809288024902,
        -0.6439341902732849
      ]
    },
    {
      "coordinates": [
        250,
        34
      ],
      "magnitude": 3.2951550483703613,
      "direction": [
        0.7862478494644165,
        -0.6179112195968628
      ]
    },
    {
      "coordinates": [
        273,
        34
      ],
      "magnitude": 3.1710965633392334,
      "direction": [
        0.8159294128417969,
        -0.5781516432762146
      ]
    },
    {
      "coordinates": [
        296,
        34
      ],
      "magnitude": 3.6379129886627197,
      "direction": [
        0.8327258825302124,
        -0.5536854863166809
      ]
    },
    {
      "coordinates": [
        319,
        34
      ],
      "magnitude": 3.516664505004883,
      "direction": [
        0.8793938159942627,
        -0.4760950207710266
      ]
    },
    {
      "coordinates": [
        0,
        51
      ],
      "magnitude": 2.118135690689087,
      "direction": [
        -0.31397420167922974,
        -0.9494314789772034
      ]
    },
    {
      "coordinates": [
        22,
        51
      ],
      "magnitude": 2.523566961288452,
      "direction": [
        -0.2695455849170685,
        -0.9629876613616943
      ]
    },
    {
      "coordinates": [
        45,
        51
      ],
      "magnitude": 2.6789987087249756,
      "direction": [
        -0.05862516909837723,
        -0.9982800483703613
      ]
    },
    {
      "coordinates": [
        68,
        51
      ],
      "magnitude": 2.937762975692749,
      "direction": [
        0.0019288731273263693,
        -0.999998152256012
      ]
    },
    {
      "coordinates": [
        91,
        51
      ],
      "magnitude": 3.257580518722534,
      "direction": [
        0.11645033210515976,
        -0.9931964874267578
      ]
    },
    {
      "coordinates": [
        113,
        51
      ],
      "magnitude": 3.3676819801330566,
      "direction": [
        0.34535151720046997,
        -0.9384734034538269
      ]
    },
    {
      "coordinates": [
        136,
        51
      ],
      "magnitude": 3.4610095024108887,
      "direction": [
        0.5827370882034302,
        -0.8126607537269592
      ]
    },
    {
      "coordinates": [
        159,
        51
      ],
      "magnitude": 3.5083866119384766,
      "direction": [
        0.616840660572052,
        -0.7870880961418152
      ]
    },
    {
      "coordinates": [
        182,
        51
      ],
      "magnitude": 3.3164491653442383,
      "direction": [
        0.7033268213272095,
        -0.7108666300773621
      ]
    },
    {
      "coordinates": [
        205,
        51
      ],
      "magnitude": 3.498361587524414,
      "direction": [
        0.7009801268577576,
        -0.7131807208061218
      ]
    },
    {
      "coordinates": [
        227,
        51
      ],
      "magnitude": 3.6561999320983887,
      "direction": [
        0.7353711724281311,
        -0.6776646375656128
      ]
    },
    {
      "coordinates": [
        250,
        51
      ],
      "magnitude": 3.697509765625,
      "direction": [
        0.836223304271698,
        -0.5483891367912292
      ]
    },
    {
      "coordinates": [
        273,
        51
      ],
      "magnitude": 3.6706349849700928,
      "direction": [
        0.84256911277771,
        -0.5385881662368774
      ]
    },
    {
      "coordinates": [
        296,
        51
      ],
      "magnitude": 3.6381947994232178,
      "direction": [
        0.8384979963302612,
        -0.5449045896530151
      ]
    },
    {
      "coordinates": [
        319,
        51
      ],
      "magnitude": 3.7846405506134033,
      "direction": [
        0.8943236470222473,
        -0.44742050766944885
      ]
    },
    {
      "coordinates": [
        0,
        68
      ],
      "magnitude": 2.6760358810424805,
      "direction": [
        -0.6348244547843933,
        -0.7726563811302185
      ]
    },
    {
      "coordinates": [
        22,
        68
      ],
      "magnitude": 2.981177806854248,
      "direction": [
        -0.4780436158180237,
        -0.8783361315727234
      ]
    },
    {
      "coordinates": [
        45,
        68
      ],
      "magnitude": 2.9937753677368164,
      "direction": [
        -0.2759455442428589,
        -0.9611732363700867
      ]
    },
    {
      "coordinates": [
        68,
        68
      ],
      "magnitude": 3.4261438846588135,
      "direction": [
        -0.245347261428833,
        -0.9694352746009827
      ]
    },
    {
      "coordinates": [
        91,
        68
      ],
      "magnitude": 3.7245965003967285,
      "direction": [
        -0.007082169409841299,
        -0.9999749064445496
      ]
    },
    {
      "coordinates": [
        113,
        68
      ],
      "magnitude": 3.9315128326416016,
      "direction": [
        0.2950025200843811,
        -0.9554964303970337
      ]
    },
    {
      "coordinates": [
        136,
        68
      ],
      "magnitude": 3.6785662174224854,
      "direction": [
        0.5138362646102905,
        -0.8578882217407227
      ]
    },
    {
      "coordinates": [
        159,
        68
      ],
      "magnitude": 3.661602735519409,
      "direction": [
        0.5664917826652527,
        -0.8240674138069153
      ]
    },
    {
      "coordinates": [
        182,
        68
      ],
      "magnitude": 3.571892023086548,
      "direction": [
        0.7042352557182312,
        -0.7099667191505432
      ]
    },
    {
      "coordinates": [
        205,
        68
      ],
      "magnitude": 3.7507686614990234,
      "direction": [
        0.7696506381034851,
        -0.6384652853012085
      ]
    },
    {
      "coordinates": [
        227,
        68
      ],
      "magnitude": 4.192359447479248,
      "direction": [
        0.7495247721672058,
        -0.6619762182235718
      ]
    },
    {
      "coordinates": [
        250,
        68
      ],
      "magnitude": 4.416856288909912,
      "direction": [
        0.8213560581207275,
        -0.570415735244751
      ]
    },
    {
      "coordinates": [
        273,
        68
      ],
      "magnitude": 3.957129716873169,
      "direction": [
        0.8498707413673401,
        -0.5269913077354431
      ]
    },
    {
      "coordinates": [
        296,
        68
      ],
      "magnitude": 3.6406610012054443,
      "direction": [
        0.8446207046508789,
        -0.5353651642799377
      ]
    },
    {
      "coordinates": [
        319,
        68
      ],
      "magnitude": 4.003628253936768,
      "direction": [
        0.8790103793144226,
        -0.47680264711380005
      ]
    },
    {
      "coordinates": [
        0,
        85
      ],
      "magnitude": 3.2674450874328613,
      "direction": [
        -0.7007396221160889,
        -0.7134171724319458
      ]
    },
    {
      "coordinates": [
        22,
        85
      ],
      "magnitude": 3.8759500980377197,
      "direction": [
        -0.676748514175415,
        -0.7362142205238342
      ]
    },
    {
      "coordinates": [
        45,
        85
      ],
      "magnitude": 3.931256055831909,
      "direction": [
        -0.49375465512275696,
        -0.869601309299469
      ]
    },
    {
      "coordinates": [
        68,
        85
      ],
      "magnitude": 3.641681671142578,
      "direction": [
        -0.34288257360458374,
        -0.9393782615661621
      ]
    },
    {
      "coordinates": [
        91,
        85
      ],
      "magnitude": 3.9514882564544678,
      "direction": [
        -0.03417367860674858,
        -0.9994158744812012
      ]
    },
    {
      "coordinates": [
        113,
        85
      ],
      "magnitude": 3.9965388774871826,
      "direction": [
        0.25189608335494995,
        -0.9677543044090271
      ]
    },
    {
      "coordinates": [
        136,
        85
      ],
      "magnitude": 3.9354541301727295,
      "direction": [
        0.42668643593788147,
        -0.9043996334075928
      ]
    },
    {
      "coordinates": [
        159,
        85
      ],
      "magnitude": 3.9383251667022705,
      "direction": [
        0.5796422362327576,
        -0.814871072769165
      ]
    },
    {
      "coordinates": [
        182,
        85
      ],
      "magnitude": 3.8049397468566895,
      "direction": [
        0.7856519818305969,
        -0.6186686754226685
      ]
    },
    {
      "coordinates": [
        205,
        85
      ],
      "magnitude": 4.006270408630371,
      "direction": [
        0.8049589991569519,
        -0.5933303833007812
      ]
    },
    {
      "coordinates": [
        227,
        85
      ],
      "magnitude": 4.691102027893066,
      "direction": [
        0.816354513168335,
        -0.5775511860847473
      ]
    },
    {
      "coordinates": [
        250,
        85
      ],
      "magnitude": 4.954915523529053,
      "direction": [
        0.8355610370635986,
        -0.5493975281715393
      ]
    },
    {
      "coordinates": [
        273,
        85
      ],
      "magnitude": 4.301712989807129,
      "direction": [
        0.9021949768066406,
        -0.43132853507995605
      ]
    },
    {
      "coordinates": [
        296,
        85
      ],
      "magnitude": 4.189904689788818,
      "direction": [
        0.8922016620635986,
        -0.45163726806640625
      ]
    },
    {
      "coordinates": [
        319,
        85
      ],
      "magnitude": 4.381222724914551,
      "direction": [
        0.9077346920967102,
        -0.4195448160171509
      ]
    },
    {
      "coordinates": [
        0,
        102
      ],
      "magnitude": 3.6076889038085938,
      "direction": [
        -0.8503884077072144,
        -0.526155412197113
      ]
    },
    {
      "coordinates": [
        22,
        102
      ],
      "magnitude": 4.667491912841797,
      "direction": [
        -0.8011226654052734,
        -0.5985001921653748
      ]
    },
    {
      "coordinates": [
        45,
        102
      ],
      "magnitude": 4.081793308258057,
      "direction": [
        -0.6386427283287048,
        -0.7695033550262451
      ]
    },
    {
      "coordinates": [
        68,
        102
      ],
      "magnitude": 3.738752603530884,
      "direction": [
        -0.43137505650520325,
        -0.9021726846694946
      ]
    },
    {
      "coordinates": [
        91,
        102
      ],
      "magnitude": 3.4928884506225586,
      "direction": [
        -0.17410051822662354,
        -0.9847279191017151
      ]
    },
    {
      "coordinates": [
        113,
        102
      ],
      "magnitude": 3.438328981399536,
      "direction": [
        0.32050496339797974,
        -0.947246789932251
      ]
    },
    {
      "coordinates": [
        136,
        102
      ],
      "magnitude": 3.8928093910217285,
      "direction": [
        0.48234716057777405,
        -0.8759801387786865
      ]
    },
    {
      "coordinates": [
        159,
        102
      ],
      "magnitude": 3.7710869312286377,
      "direction": [
        0.6178690791130066,
        -0.7862809300422668
      ]
    },
    {
      "coordinates": [
        182,
        102
      ],
      "magnitude": 4.079342365264893,
      "direction": [
        0.8572078943252563,
        -0.5149704813957214
      ]
    },
    {
      "coordinates": [
        205,
        102
      ],
      "magnitude": 4.422582149505615,
      "direction": [
        0.8652155995368958,
        -0.5014000535011292
      ]
    },
    {
      "coordinates": [
        227,
        102
      ],
      "magnitude": 5.009160041809082,
      "direction": [
        0.8433330059051514,
        -0.5373913645744324
      ]
    },
    {
      "coordinates": [
        250,
        102
      ],
      "magnitude": 5.127791404724121,
      "direction": [
        0.8536596298217773,
        -0.5208314061164856
      ]
    },
    {
      "coordinates": [
        273,
        102
      ],
      "magnitude": 5.062005996704102,
      "direction": [
        0.9081266522407532,
        -0.4186955392360687
      ]
    },
    {
      "coordinates": [
        296,
        102
      ],
      "magnitude": 4.829615592956543,
      "direction": [
        0.9278331995010376,
        -0.37299537658691406
      ]
    },
    {
      "coordinates": [
        319,
        102
      ],
      "magnitude": 4.541254043579102,
      "direction": [
        0.9330721497535706,
        -0.35968923568725586
      ]
    },
    {
      "coordinates": [
        0,
        119
      ],
      "magnitude": 4.6397552490234375,
      "direction": [
        -0.9096510410308838,
        -0.41537344455718994
      ]
    },
    {
      "coordinates": [
        22,
        119
      ],
      "magnitude": 4.369389533996582,
      "direction": [
        -0.9246001839637756,
        -0.380938857793808
      ]
    },
    {
      "coordinates": [
        45,
        119
      ],
      "magnitude": 4.100731372833252,
      "direction": [
        -0.7850092053413391,
        -0.619484007358551
      ]
    },
    {
      "coordinates": [
        68,
        119
      ],
      "magnitude": 3.3976728916168213,
      "direction": [
        -0.6040387153625488,
        -0.7969550490379333
      ]
    },
    {
      "coordinates": [
        91,
        119
      ],
      "magnitude": 2.7638282775878906,
      "direction": [
        -0.28532862663269043,
        -0.958429753780365
      ]
    },
    {
      "coordinates": [
        113,
        119
      ],
      "magnitude": 2.8257851600646973,
      "direction": [
        0.2909233570098877,
        -0.9567463397979736
      ]
    },
    {
      "coordinates": [
        136,
        119
      ],
      "magnitude": 3.3713436126708984,
      "direction": [
        0.5154424905776978,
        -0.8569241166114807
      ]
    },
    {
      "coordinates": [
        159,
        119
      ],
      "magnitude": 3.3364615440368652,
      "direction": [
        0.8197233080863953,
        -0.5727596879005432
      ]
    },
    {
      "coordinates": [
        182,
        119
      ],
      "magnitude": 3.9379048347473145,
      "direction": [
        0.9529427289962769,
        -0.30315038561820984
      ]
    },
    {
      "coordinates": [
        205,
        119
      ],
      "magnitude": 4.702823162078857,
      "direction": [
        0.9522302150726318,
        -0.3053809702396393
      ]
    },
    {
      "coordinates": [
        227,
        119
      ],
      "magnitude": 5.347651481628418,
      "direction": [
        0.9075472950935364,
        -0.41994985938072205
      ]
    },
    {
      "coordinates": [
        250,
        119
      ],
      "magnitude": 5.6406989097595215,
      "direction": [
        0.9046636819839478,
        -0.4261264204978943
      ]
    },
    {
      "coordinates": [
        273,
        119
      ],
      "magnitude": 5.401504993438721,
      "direction": [
        0.9250783324241638,
        -0.37977635860443115
      ]
    },
    {
      "coordinates": [
        296,
        119
      ],
      "magnitude": 5.230752468109131,
      "direction": [
        0.9471758008003235,
        -0.3207148015499115
      ]
    },
    {
      "coordinates": [
        319,
        119
      ],
      "magnitude": 4.63530969619751,
      "direction": [
        0.9617562890052795,
        -0.27390652894973755
      ]
    },
    {
      "coordinates": [
        0,
        136
      ],
      "magnitude": 4.9034528732299805,
      "direction": [
        -0.9529886841773987,
        -0.30300581455230713
      ]
    },
    {
      "coordinates": [
        22,
        136
      ],
      "magnitude": 4.631390571594238,
      "direction": [
        -0.9780297875404358,
        -0.20846523344516754
      ]
    },
    {
      "coordinates": [
        45,
        136
      ],
      "magnitude": 3.7469773292541504,
      "direction": [
        -0.9654989838600159,
        -0.2604069113731384
      ]
    },
    {
      "coordinates": [
        68,
        136
      ],
      "magnitude": 2.664214849472046,
      "direction": [
        -0.882435142993927,
        -0.47043418884277344
      ]
    },
    {
      "coordinates": [
        91,
        136
      ],
      "magnitude": 2.2658498287200928,
      "direction": [
        -0.23212026059627533,
        -0.9726870656013489
      ]
    },
    {
      "coordinates": [
        113,
        136
      ],
      "magnitude": 1.9450767040252686,
      "direction": [
        0.288770854473114,
        -0.9573982357978821
      ]
    },
    {
      "coordinates": [
        136,
        136
      ],
      "magnitude": 2.807396411895752,
      "direction": [
        0.8063936829566956,
        -0.5913791060447693
      ]
    },
    {
      "coordinates": [
        159,
        136
      ],
      "magnitude": 3.485960006713867,
      "direction": [
        0.9793322086334229,
        -0.2022581696510315
      ]
    },
    {
      "coordinates": [
        182,
        136
      ],
      "magnitude": 4.150099754333496,
      "direction": [
        0.9993677139282227,
        -0.0355563759803772
      ]
    },
    {
      "coordinates": [
        205,
        136
      ],
      "magnitude": 4.921398639678955,
      "direction": [
        0.9783615469932556,
        -0.20690271258354187
      ]
    },
    {
      "coordinates": [
        227,
        136
      ],
      "magnitude": 5.616213798522949,
      "direction": [
        0.9622320532798767,
        -0.2722305357456207
      ]
    },
    {
      "coordinates": [
        250,
        136
      ],
      "magnitude": 6.086766719818115,
      "direction": [
        0.9630929231643677,
        -0.2691691517829895
      ]
    },
    {
      "coordinates": [
        273,
        136
      ],
      "magnitude": 6.0930047035217285,
      "direction": [
        0.958946704864502,
        -0.2835862636566162
      ]
    },
    {
      "coordinates": [
        296,
        136
      ],
      "magnitude": 5.562866687774658,
      "direction": [
        0.9650920629501343,
        -0.26191094517707825
      ]
    },
    {
      "coordinates": [
        319,
        136
      ],
      "magnitude": 5.136174201965332,
      "direction": [
        0.9869711399078369,
        -0.16089709103107452
      ]
    },
    {
      "coordinates": [
        0,
        153
      ],
      "magnitude": 5.35698938369751,
      "direction": [
        -0.9996652007102966,
        0.025873946025967598
      ]
    },
    {
      "coordinates": [
        22,
        153
      ],
      "magnitude": 4.9846625328063965,
      "direction": [
        -0.9995943307876587,
        -0.028483837842941284
      ]
    },
    {
      "coordinates": [
        45,
        153
      ],
      "magnitude": 4.624162197113037,
      "direction": [
        -0.9978824853897095,
        0.06504295766353607
      ]
    },
    {
      "coordinates": [
        68,
        153
      ],
      "magnitude": 2.416848659515381,
      "direction": [
        -0.9940499067306519,
        0.10892502218484879
      ]
    },
    {
      "coordinates": [
        91,
        153
      ],
      "magnitude": 1.2547478675842285,
      "direction": [
        -0.8168812990188599,
        -0.5768057703971863
      ]
    },
    {
      "coordinates": [
        113,
        153
      ],
      "magnitude": 0.7212513089179993,
      "direction": [
        0.7207512855529785,
        -0.6931937336921692
      ]
    },
    {
      "coordinates": [
        136,
        153
      ],
      "magnitude": 2.788539409637451,
      "direction": [
        0.9780693054199219,
        -0.20827968418598175
      ]
    },
    {
      "coordinates": [
        159,
        153
      ],
      "magnitude": 3.372035264968872,
      "direction": [
        0.9717077612876892,
        0.2361864447593689
      ]
    },
    {
      "coordinates": [
        182,
        153
      ],
      "magnitude": 4.456650257110596,
      "direction": [
        0.9506627917289734,
        0.31022605299949646
      ]
    },
    {
      "coordinates": [
        205,
        153
      ],
      "magnitude": 5.41184663772583,
      "direction": [
        0.9989311099052429,
        0.04622352868318558
      ]
    },
    {
      "coordinates": [
        227,
        153
      ],
      "magnitude": 6.044302940368652,
      "direction": [
        0.9944445490837097,
        -0.10526201874017715
      ]
    },
    {
      "coordinates": [
        250,
        153
      ],
      "magnitude": 6.658963680267334,
      "direction": [
        0.9876040816307068,
        -0.1569654941558838
      ]
    },
    {
      "coordinates": [
        273,
        153
      ],
      "magnitude": 6.359124660491943,
      "direction": [
        0.9802695512771606,
        -0.19766533374786377
      ]
    },
    {
      "coordinates": [
        296,
        153
      ],
      "magnitude": 5.881068706512451,
      "direction": [
        0.9878891706466675,
        -0.1551615595817566
      ]
    },
    {
      "coordinates": [
        319,
        153
      ],
      "magnitude": 5.490250587463379,
      "direction": [
        0.997119128704071,
        -0.0758512020111084
      ]
    },
    {
      "coordinates": [
        0,
        170
      ],
      "magnitude": 5.9260640144348145,
      "direction": [
        -0.9595677852630615,
        0.2814777195453644
      ]
    },
    {
      "coordinates": [
        22,
        170
      ],
      "magnitude": 5.732389450073242,
      "direction": [
        -0.9600710868835449,
        0.2797561585903168
      ]
    },
    {
      "coordinates": [
        45,
        170
      ],
      "magnitude": 5.300093173980713,
      "direction": [
        -0.911327600479126,
        0.4116820991039276
      ]
    },
    {
      "coordinates": [
        68,
        170
      ],
      "magnitude": 3.0709593296051025,
      "direction": [
        -0.8176053762435913,
        0.5757789611816406
      ]
    },
    {
      "coordinates": [
        91,
        170
      ],
      "magnitude": 1.8897250890731812,
      "direction": [
        -0.7861012816429138,
        0.6180976629257202
      ]
    },
    {
      "coordinates": [
        113,
        170
      ],
      "magnitude": 1.7906478643417358,
      "direction": [
        0.5677739977836609,
        0.8231844902038574
      ]
    },
    {
      "coordinates": [
        136,
        170
      ],
      "magnitude": 3.3182029724121094,
      "direction": [
        0.8464447855949402,
        0.5324766039848328
      ]
    },
    {
      "coordinates": [
        159,
        170
      ],
      "magnitude": 3.9833972454071045,
      "direction": [
        0.8239275217056274,
        0.5666952133178711
      ]
    },
    {
      "coordinates": [
        182,
        170
      ],
      "magnitude": 5.322187423706055,
      "direction": [
        0.8841402530670166,
        0.46722158789634705
      ]
    },
    {
      "coordinates": [
        205,
        170
      ],
      "magnitude": 5.92099666595459,
      "direction": [
        0.9395233988761902,
        0.3424847424030304
      ]
    },
    {
      "coordinates": [
        227,
        170
      ],
      "magnitude": 6.3730292320251465,
      "direction": [
        0.9960019588470459,
        0.08933120965957642
      ]
    },
    {
      "coordinates": [
        250,
        170
      ],
      "magnitude": 7.085302829742432,
      "direction": [
        0.9993409514427185,
        -0.03630097582936287
      ]
    },
    {
      "coordinates": [
        273,
        170
      ],
      "magnitude": 6.575381755828857,
      "direction": [
        0.996376633644104,
        -0.08505091071128845
      ]
    },
    {
      "coordinates": [
        296,
        170
      ],
      "magnitude": 6.243566513061523,
      "direction": [
        0.9976775050163269,
        -0.06811406463384628
      ]
    },
    {
      "coordinates": [
        319,
        170
      ],
      "magnitude": 5.681656837463379,
      "direction": [
        0.9999926090240479,
        -0.003851470770314336
      ]
    },
    {
      "coordinates": [
        0,
        187
      ],
      "magnitude": 6.303308963775635,
      "direction": [
        -0.9436245560646057,
        0.3310178220272064
      ]
    },
    {
      "coordinates": [
        22,
        187
      ],
      "magnitude": 6.282644748687744,
      "direction": [
        -0.9356136322021484,
        0.3530256748199463
      ]
    },
    {
      "coordinates": [
        45,
        187
      ],
      "magnitude": 6.338174819946289,
      "direction": [
        -0.8760768175125122,
        0.48217153549194336
      ]
    },
    {
      "coordinates": [
        68,
        187
      ],
      "magnitude": 4.574319839477539,
      "direction": [
        -0.7303650379180908,
        0.6830569505691528
      ]
    },
    {
      "coordinates": [
        91,
        187
      ],
      "magnitude": 2.8441050052642822,
      "direction": [
        -0.3462630808353424,
        0.938137412071228
      ]
    },
    {
      "coordinates": [
        113,
        187
      ],
      "magnitude": 3.1626222133636475,
      "direction": [
        0.24233299493789673,
        0.9701931476593018
      ]
    },
    {
      "coordinates": [
        136,
        187
      ],
      "magnitude": 4.127373218536377,
      "direction": [
        0.5793449282646179,
        0.8150824308395386
      ]
    },
    {
      "coordinates": [
        159,
        187
      ],
      "magnitude": 5.376308917999268,
      "direction": [
        0.6788052916526794,
        0.7343182563781738
      ]
    },
    {
      "coordinates": [
        182,
        187
      ],
      "magnitude": 6.677731037139893,
      "direction": [
        0.7756472229957581,
        0.6311667561531067
      ]
    },
    {
      "coordinates": [
        205,
        187
      ],
      "magnitude": 6.583859443664551,
      "direction": [
        0.873932957649231,
        0.48604634404182434
      ]
    },
    {
      "coordinates": [
        227,
        187
      ],
      "magnitude": 6.777986526489258,
      "direction": [
        0.9459804892539978,
        0.3242236375808716
      ]
    },
    {
      "coordinates": [
        250,
        187
      ],
      "magnitude": 7.284755706787109,
      "direction": [
        0.9925860166549683,
        0.12154446542263031
      ]
    },
    {
      "coordinates": [
        273,
        187
      ],
      "magnitude": 6.851406097412109,
      "direction": [
        0.9916253089904785,
        0.12914793193340302
      ]
    },
    {
      "coordinates": [
        296,
        187
      ],
      "magnitude": 6.682804584503174,
      "direction": [
        0.9940953850746155,
        0.10850950330495834
      ]
    },
    {
      "coordinates": [
        319,
        187
      ],
      "magnitude": 5.7957563400268555,
      "direction": [
        0.997051477432251,
        0.07673583179712296
      ]
    },
    {
      "coordinates": [
        0,
        204
      ],
      "magnitude": 6.76539945602417,
      "direction": [
        -0.9110004305839539,
        0.4124053120613098
      ]
    },
    {
      "coordinates": [
        22,
        204
      ],
      "magnitude": 7.0892157554626465,
      "direction": [
        -0.8541227579116821,
        0.5200713872909546
      ]
    },
    {
      "coordinates": [
        45,
        204
      ],
      "magnitude": 7.066301345825195,
      "direction": [
        -0.749552845954895,
        0.6619444489479065
      ]
    },
    {
      "coordinates": [
        68,
        204
      ],
      "magnitude": 5.68664026260376,
      "direction": [
        -0.6218612194061279,
        0.7831274271011353
      ]
    },
    {
      "coordinates": [
        91,
        204
      ],
      "magnitude": 4.879098415374756,
      "direction": [
        -0.2927899956703186,
        0.9561766982078552
      ]
    },
    {
      "coordinates": [
        113,
        204
      ],
      "magnitude": 5.328991413116455,
      "direction": [
        -0.044545728713274,
        0.9990072846412659
      ]
    },
    {
      "coordinates": [
        136,
        204
      ],
      "magnitude": 5.536738395690918,
      "direction": [
        0.4253386855125427,
        0.9050342440605164
      ]
    },
    {
      "coordinates": [
        159,
        204
      ],
      "magnitude": 6.7307610511779785,
      "direction": [
        0.5026167035102844,
        0.8645093441009521
      ]
    },
    {
      "coordinates": [
        182,
        204
      ],
      "magnitude": 7.927820205688477,
      "direction": [
        0.6091264486312866,
        0.7930731773376465
      ]
    },
    {
      "coordinates": [
        205,
        204
      ],
      "magnitude": 7.8607497215271,
      "direction": [
        0.829925537109375,
        0.5578741431236267
      ]
    },
    {
      "coordinates": [
        227,
        204
      ],
      "magnitude": 7.492101192474365,
      "direction": [
        0.8766199946403503,
        0.4811832904815674
      ]
    },
    {
      "coordinates": [
        250,
        204
      ],
      "magnitude": 7.481443405151367,
      "direction": [
        0.938666045665741,
        0.34482747316360474
      ]
    },
    {
      "coordinates": [
        273,
        204
      ],
      "magnitude": 7.208239555358887,
      "direction": [
        0.9605538249015808,
        0.27809420228004456
      ]
    },
    {
      "coordinates": [
        296,
        204
      ],
      "magnitude": 7.106118679046631,
      "direction": [
        0.9783074259757996,
        0.20715853571891785
      ]
    },
    {
      "coordinates": [
        319,
        204
      ],
      "magnitude": 5.858373641967773,
      "direction": [
        0.9946597218513489,
        0.10320839285850525
      ]
    },
    {
      "coordinates": [
        0,
        221
      ],
      "magnitude": 7.680446624755859,
      "direction": [
        -0.8401652574539185,
        0.5423304438591003
      ]
    },
    {
      "coordinates": [
        22,
        221
      ],
      "magnitude": 8.20850658416748,
      "direction": [
        -0.7682133316993713,
        0.6401938199996948
      ]
    },
    {
      "coordinates": [
        45,
        221
      ],
      "magnitude": 7.857161998748779,
      "direction": [
        -0.6113783121109009,
        0.7913385033607483
      ]
    },
    {
      "coordinates": [
        68,
        221
      ],
      "magnitude": 7.259002208709717,
      "direction": [
        -0.4990898370742798,
        0.8665502667427063
      ]
    },
    {
      "coordinates": [
        91,
        221
      ],
      "magnitude": 6.5876078605651855,
      "direction": [
        -0.21073651313781738,
        0.9775428771972656
      ]
    },
    {
      "coordinates": [
        113,
        221
      ],
      "magnitude": 6.539872169494629,
      "direction": [
        -0.0452217198908329,
        0.9989769458770752
      ]
    },
    {
      "coordinates": [
        136,
        221
      ],
      "magnitude": 7.427258491516113,
      "direction": [
        0.30967602133750916,
        0.9508420825004578
      ]
    },
    {
      "coordinates": [
        159,
        221
      ],
      "magnitude": 8.090594291687012,
      "direction": [
        0.43826454877853394,
        0.8988459706306458
      ]
    },
    {
      "coordinates": [
        182,
        221
      ],
      "magnitude": 8.8491849899292,
      "direction": [
        0.5288010835647583,
        0.8487458229064941
      ]
    },
    {
      "coordinates": [
        205,
        221
      ],
      "magnitude": 9.095939636230469,
      "direction": [
        0.727770984172821,
        0.6858201622962952
      ]
    },
    {
      "coordinates": [
        227,
        221
      ],
      "magnitude": 8.42821216583252,
      "direction": [
        0.8238803744316101,
        0.5667636394500732
      ]
    },
    {
      "coordinates": [
        250,
        221
      ],
      "magnitude": 8.251402854919434,
      "direction": [
        0.8558083176612854,
        0.5172932147979736
      ]
    },
    {
      "coordinates": [
        273,
        221
      ],
      "magnitude": 8.147591590881348,
      "direction": [
        0.9192266464233398,
        0.39372873306274414
      ]
    },
    {
      "coordinates": [
        296,
        221
      ],
      "magnitude": 6.7773237228393555,
      "direction": [
        0.9561247229576111,
        0.29295989871025085
      ]
    },
    {
      "coordinates": [
        319,
        221
      ],
      "magnitude": 5.871559143066406,
      "direction": [
        0.9740318059921265,
        0.22641140222549438
      ]
    },
    {
      "coordinates": [
        0,
        239
      ],
      "magnitude": 7.900153636932373,
      "direction": [
        -0.7509368062019348,
        0.660374104976654
      ]
    },
    {
      "coordinates": [
        22,
        239
      ],
      "magnitude": 8.744280815124512,
      "direction": [
        -0.6874289512634277,
        0.7262517213821411
      ]
    },
    {
      "coordinates": [
        45,
        239
      ],
      "magnitude": 8.849542617797852,
      "direction": [
        -0.531825065612793,
        0.8468542098999023
      ]
    },
    {
      "coordinates": [
        68,
        239
      ],
      "magnitude": 8.667593002319336,
      "direction": [
        -0.365249902009964,
        0.9309095144271851
      ]
    },
    {
      "coordinates": [
        91,
        239
      ],
      "magnitude": 8.041603088378906,
      "direction": [
        -0.1753568798303604,
        0.9845049381256104
      ]
    },
    {
      "coordinates": [
        113,
        239
      ],
      "magnitude": 8.067487716674805,
      "direction": [
        0.04486026242375374,
        0.9989931583404541
      ]
    },
    {
      "coordinates": [
        136,
        239
      ],
      "magnitude": 9.403711318969727,
      "direction": [
        0.28851279616355896,
        0.957476019859314
      ]
    },
    {
      "coordinates": [
        159,
        239
      ],
      "magnitude": 10.70872974395752,
      "direction": [
        0.3370482325553894,
        0.9414874315261841
      ]
    },
    {
      "coordinates": [
        182,
        239
      ],
      "magnitude": 10.854561805725098,
      "direction": [
        0.45632559061050415,
        0.8898128867149353
      ]
    },
    {
      "coordinates": [
        205,
        239
      ],
      "magnitude": 9.93557071685791,
      "direction": [
        0.633531391620636,
        0.7737169861793518
      ]
    },
    {
      "coordinates": [
        227,
        239
      ],
      "magnitude": 9.495638847351074,
      "direction": [
        0.7222647070884705,
        0.6916167140007019
      ]
    },
    {
      "coordinates": [
        250,
        239
      ],
      "magnitude": 8.83951187133789,
      "direction": [
        0.7898232936859131,
        0.6133343577384949
      ]
    },
    {
      "coordinates": [
        273,
        239
      ],
      "magnitude": 8.2084321975708,
      "direction": [
        0.8799680471420288,
        0.47503283619880676
      ]
    },
    {
      "coordinates": [
        296,
        239
      ],
      "magnitude": 6.981383323669434,
      "direction": [
        0.9129536747932434,
        0.4080633223056793
      ]
    },
    {
      "coordinates": [
        319,
        239
      ],
      "magnitude": 5.647775650024414,
      "direction": [
        0.950950026512146,
        0.30934467911720276
      ]
    }
  ],
  "shear_mesh": [
    {
      "coordinates": [
        0,
        0
      ],
      "magnitude": 2.5258448123931885,
      "direction": [
        0.8850697875022888,
        0.46545839309692383
      ]
    },
    {
      "coordinates": [
        22,
        0
      ],
      "magnitude": 2.5813205242156982,
      "direction": [
        0.8309094309806824,
        0.5564075708389282
      ]
    },
    {
      "coordinates": [
        45,
        0
      ],
      "magnitude": 2.2886204719543457,
      "direction": [
        0.7264524102210999,
        0.6872167587280273
      ]
    },
    {
      "coordinates": [
        68,
        0
      ],
      "magnitude": 2.412405490875244,
      "direction": [
        0.6667303442955017,
        0.7452990412712097
      ]
    },
    {
      "coordinates": [
        91,
        0
      ],
      "magnitude": 2.299741268157959,
      "direction": [
        0.6581135392189026,
        0.7529187202453613
      ]
    },
    {
      "coordinates": [
        113,
        0
      ],
      "magnitude": 2.4540374279022217,
      "direction": [
        0.6876541972160339,
        0.7260382771492004
      ]
    },
    {
      "coordinates": [
        136,
        0
      ],
      "magnitude": 2.262786865234375,
      "direction": [
        0.5689290165901184,
        0.822386622428894
      ]
    },
    {
      "coordinates": [
        159,
        0
      ],
      "magnitude": 2.0862109661102295,
      "direction": [
        0.4295032322406769,
        0.9030653238296509
      ]
    },
    {
      "coordinates": [
        182,
        0
      ],
      "magnitude": 2.1777265071868896,
      "direction": [
        0.3713868260383606,
        0.9284782409667969
      ]
    },
    {
      "coordinates": [
        205,
        0
      ],
      "magnitude": 1.739487648010254,
      "direction": [
        0.2966845631599426,
        0.9549754858016968
      ]
    },
    {
      "coordinates": [
        227,
        0
      ],
      "magnitude": 1.3167425394058228,
      "direction": [
        0.15487222373485565,
        0.9879345297813416
      ]
    },
    {
      "coordinates": [
        250,
        0
      ],
      "magnitude": 1.4843696355819702,
      "direction": [
        0.2932265102863312,
        0.9560429453849792
      ]
    },
    {
      "coordinates": [
        273,
        0
      ],
      "magnitude": 1.1620267629623413,
      "direction": [
        0.45380905270576477,
        0.8910989761352539
      ]
    },
    {
      "coordinates": [
        296,
        0
      ],
      "magnitude": 0.9362457394599915,
      "direction": [
        0.5396992564201355,
        0.84185791015625
      ]
    },
    {
      "coordinates": [
        319,
        0
      ],
      "magnitude": 0.6901230216026306,
      "direction": [
        0.7542694807052612,
        0.6565649509429932
      ]
    },
    {
      "coordinates": [
        0,
        17
      ],
      "magnitude": 2.2788686752319336,
      "direction": [
        0.845454216003418,
        0.5340479612350464
      ]
    },
    {
      "coordinates": [
        22,
        17
      ],
      "magnitude": 2.529240846633911,
      "direction": [
        0.7688990831375122,
        0.6393702030181885
      ]
    },
    {
      "coordinates": [
        45,
        17
      ],
      "magnitude": 2.4504778385162354,
      "direction": [
        0.7125914692878723,
        0.7015792727470398
      ]
    },
    {
      "coordinates": [
        68,
        17
      ],
      "magnitude": 2.3715014457702637,
      "direction": [
        0.6684166193008423,
        0.7437870502471924
      ]
    },
    {
      "coordinates": [
        91,
        17
      ],
      "magnitude": 2.301082134246826,
      "direction": [
        0.7187857627868652,
        0.6952316164970398
      ]
    },
    {
      "coordinates": [
        113,
        17
      ],
      "magnitude": 2.468986749649048,
      "direction": [
        0.5431810617446899,
        0.8396155834197998
      ]
    },
    {
      "coordinates": [
        136,
        17
      ],
      "magnitude": 2.3611090183258057,
      "direction": [
        0.42379066348075867,
        0.9057601690292358
      ]
    },
    {
      "coordinates": [
        159,
        17
      ],
      "magnitude": 2.196087598800659,
      "direction": [
        0.3479459881782532,
        0.9375145435333252
      ]
    },
    {
      "coordinates": [
        182,
        17
      ],
      "magnitude": 2.2201449871063232,
      "direction": [
        0.2982441782951355,
        0.9544895887374878
      ]
    },
    {
      "coordinates": [
        205,
        17
      ],
      "magnitude": 1.900101900100708,
      "direction": [
        0.27038654685020447,
        0.9627518653869629
      ]
    },
    {
      "coordinates": [
        227,
        17
      ],
      "magnitude": 1.4296822547912598,
      "direction": [
        0.25449755787849426,
        0.9670734405517578
      ]
    },
    {
      "coordinates": [
        250,
        17
      ],
      "magnitude": 1.3222501277923584,
      "direction": [
        0.24024327099323273,
        0.9707127213478088
      ]
    },
    {
      "coordinates": [
        273,
        17
      ],
      "magnitude": 1.0489028692245483,
      "direction": [
        0.36359596252441406,
        0.9315568208694458
      ]
    },
    {
      "coordinates": [
        296,
        17
      ],
      "magnitude": 0.8509284853935242,
      "direction": [
        0.5418249368667603,
        0.8404912948608398
      ]
    },
    {
      "coordinates": [
        319,
        17
      ],
      "magnitude": 0.7548165917396545,
      "direction": [
        0.6289509534835815,
        0.7774449586868286
      ]
    },
    {
      "coordinates": [
        0,
        34
      ],
      "magnitude": 2.41275954246521,
      "direction": [
        0.8774711489677429,
        0.4796293377876282
      ]
    },
    {
      "coordinates": [
        22,
        34
      ],
      "magnitude": 2.5970795154571533,
      "direction": [
        0.7744382619857788,
        0.6326494216918945
      ]
    },
    {
      "coordinates": [
        45,
        34
      ],
      "magnitude": 2.8107190132141113,
      "direction": [
        0.7619178295135498,
        0.6476737260818481
      ]
    },
    {
      "coordinates": [
        68,
        34
      ],
      "magnitude": 2.7915966510772705,
      "direction": [
        0.7563784718513489,
        0.654134213924408
      ]
    },
    {
      "coordinates": [
        91,
        34
      ],
      "magnitude": 2.6023294925689697,
      "direction": [
        0.6917202472686768,
        0.722165584564209
      ]
    },
    {
      "coordinates": [
        113,
        34
      ],
      "magnitude": 2.670422315597534,
      "direction": [
        0.5289584398269653,
        0.8486477732658386
      ]
    },
    {
      "coordinates": [
        136,
        34
      ],
      "magnitude": 2.6705987453460693,
      "direction": [
        0.46486636996269226,
        0.8853808641433716
      ]
    },
    {
      "coordinates": [
        159,
        34
      ],
      "magnitude": 2.481734275817871,
      "direction": [
        0.39563316106796265,
        0.9184085726737976
      ]
    },
    {
      "coordinates": [
        182,
        34
      ],
      "magnitude": 2.3030223846435547,
      "direction": [
        0.22227202355861664,
        0.9749846458435059
      ]
    },
    {
      "coordinates": [
        205,
        34
      ],
      "magnitude": 1.9350247383117676,
      "direction": [
        0.20944257080554962,
        0.9778209328651428
      ]
    },
    {
      "coordinates": [
        227,
        34
      ],
      "magnitude": 1.5975812673568726,
      "direction": [
        0.21896684169769287,
        0.9757323265075684
      ]
    },
    {
      "coordinates": [
        250,
        34
      ],
      "magnitude": 1.218823790550232,
      "direction": [
        0.10483966767787933,
        0.9944891929626465
      ]
    },
    {
      "coordinates": [
        273,
        34
      ],
      "magnitude": 1.0082088708877563,
      "direction": [
        0.21705783903598785,
        0.9761586785316467
      ]
    },
    {
      "coordinates": [
        296,
        34
      ],
      "magnitude": 0.734923243522644,
      "direction": [
        0.5587981939315796,
        0.8293036818504333
      ]
    },
    {
      "coordinates": [
        319,
        34
      ],
      "magnitude": 0.7558838725090027,
      "direction": [
        0.5237383842468262,
        0.8518792390823364
      ]
    },
    {
      "coordinates": [
        0,
        51
      ],
      "magnitude": 2.8482935428619385,
      "direction": [
        0.8562724590301514,
        0.5165243744850159
      ]
    },
    {
      "coordinates": [
        22,
        51
      ],
      "magnitude": 2.8529324531555176,
      "direction": [
        0.8391619920730591,
        0.5438815355300903
      ]
    },
    {
      "coordinates": [
        45,
        51
      ],
      "magnitude": 3.0025618076324463,
      "direction": [
        0.7433756589889526,
        0.668874204158783
      ]
    },
    {
      "coordinates": [
        68,
        51
      ],
      "magnitude": 2.947768211364746,
      "direction": [
        0.6908784508705139,
        0.7229708433151245
      ]
    },
    {
      "coordinates": [
        91,
        51
      ],
      "magnitude": 2.637237548828125,
      "direction": [
        0.5764914155006409,
        0.8171032071113586
      ]
    },
    {
      "coordinates": [
        113,
        51
      ],
      "magnitude": 2.680541515350342,
      "direction": [
        0.5314502120018005,
        0.8470895886421204
      ]
    },
    {
      "coordinates": [
        136,
        51
      ],
      "magnitude": 2.958022117614746,
      "direction": [
        0.5058155655860901,
        0.8626416921615601
      ]
    },
    {
      "coordinates": [
        159,
        51
      ],
      "magnitude": 2.7421369552612305,
      "direction": [
        0.39551135897636414,
        0.9184610843658447
      ]
    },
    {
      "coordinates": [
        182,
        51
      ],
      "magnitude": 2.6600420475006104,
      "direction": [
        0.2674996554851532,
        0.9635579586029053
      ]
    },
    {
      "coordinates": [
        205,
        51
      ],
      "magnitude": 2.066518545150757,
      "direction": [
        0.12424682080745697,
        0.9922513961791992
      ]
    },
    {
      "coordinates": [
        227,
        51
      ],
      "magnitude": 1.5836514234542847,
      "direction": [
        0.04191933199763298,
        0.9991210103034973
      ]
    },
    {
      "coordinates": [
        250,
        51
      ],
      "magnitude": 1.307437539100647,
      "direction": [
        0.19926194846630096,
        0.9799462556838989
      ]
    },
    {
      "coordinates": [
        273,
        51
      ],
      "magnitude": 0.9853792190551758,
      "direction": [
        0.4340818226337433,
        0.9008734822273254
      ]
    },
    {
      "coordinates": [
        296,
        51
      ],
      "magnitude": 0.5982223749160767,
      "direction": [
        0.3926033675670624,
        0.9197078943252563
      ]
    },
    {
      "coordinates": [
        319,
        51
      ],
      "magnitude": 0.7372890114784241,
      "direction": [
        0.6275320053100586,
        0.7785906791687012
      ]
    },
    {
      "coordinates": [
        0,
        68
      ],
      "magnitude": 2.38830304145813,
      "direction": [
        0.7970248460769653,
        0.6039465665817261
      ]
    },
    {
      "coordinates": [
        22,
        68
      ],
      "magnitude": 2.77980637550354,
      "direction": [
        0.7615854740142822,
        0.6480644345283508
      ]
    },
    {
      "coordinates": [
        45,
        68
      ],
      "magnitude": 2.892726182937622,
      "direction": [
        0.6765757203102112,
        0.7363731265068054
      ]
    },
    {
      "coordinates": [
        68,
        68
      ],
      "magnitude": 2.737513542175293,
      "direction": [
        0.5616719126701355,
        0.8273600339889526
      ]
    },
    {
      "coordinates": [
        91,
        68
      ],
      "magnitude": 2.7261462211608887,
      "direction": [
        0.5045582056045532,
        0.8633777499198914
      ]
    },
    {
      "coordinates": [
        113,
        68
      ],
      "magnitude": 2.630441427230835,
      "direction": [
        0.5180132389068604,
        0.8553726673126221
      ]
    },
    {
      "coordinates": [
        136,
        68
      ],
      "magnitude": 2.821469306945801,
      "direction": [
        0.37885618209838867,
        0.9254555702209473
      ]
    },
    {
      "coordinates": [
        159,
        68
      ],
      "magnitude": 2.893054723739624,
      "direction": [
        0.35292863845825195,
        0.9356502890586853
      ]
    },
    {
      "coordinates": [
        182,
        68
      ],
      "magnitude": 2.8982315063476562,
      "direction": [
        0.2189963310956955,
        0.9757257103919983
      ]
    },
    {
      "coordinates": [
        205,
        68
      ],
      "magnitude": 2.379359006881714,
      "direction": [
        0.13529466092586517,
        0.9908053874969482
      ]
    },
    {
      "coordinates": [
        227,
        68
      ],
      "magnitude": 1.5174942016601562,
      "direction": [
        0.07146987318992615,
        0.9974427223205566
      ]
    },
    {
      "coordinates": [
        250,
        68
      ],
      "magnitude": 1.1838384866714478,
      "direction": [
        0.17218130826950073,
        0.9850652813911438
      ]
    },
    {
      "coordinates": [
        273,
        68
      ],
      "magnitude": 0.9689879417419434,
      "direction": [
        0.2982238829135895,
        0.954495906829834
      ]
    },
    {
      "coordinates": [
        296,
        68
      ],
      "magnitude": 0.5829231142997742,
      "direction": [
        0.15767289698123932,
        0.9874913692474365
      ]
    },
    {
      "coordinates": [
        319,
        68
      ],
      "magnitude": 0.4546607732772827,
      "direction": [
        0.8290076851844788,
        0.5592371821403503
      ]
    },
    {
      "coordinates": [
        0,
        85
      ],
      "magnitude": 2.3289713859558105,
      "direction": [
        0.7956555485725403,
        0.605749249458313
      ]
    },
    {
      "coordinates": [
        22,
        85
      ],
      "magnitude": 2.453282356262207,
      "direction": [
        0.7217411994934082,
        0.6921629905700684
      ]
    },
    {
      "coordinates": [
        45,
        85
      ],
      "magnitude": 2.533869743347168,
      "direction": [
        0.5743215680122375,
        0.818629801273346
      ]
    },
    {
      "coordinates": [
        68,
        85
      ],
      "magnitude": 2.816540002822876,
      "direction": [
        0.4693956971168518,
        0.8829879760742188
      ]
    },
    {
      "coordinates": [
        91,
        85
      ],
      "magnitude": 2.6756322383880615,
      "direction": [
        0.5094388723373413,
        0.8605068325996399
      ]
    },
    {
      "coordinates": [
        113,
        85
      ],
      "magnitude": 2.7358484268188477,
      "direction": [
        0.3792492747306824,
        0.9252945184707642
      ]
    },
    {
      "coordinates": [
        136,
        85
      ],
      "magnitude": 2.8236427307128906,
      "direction": [
        0.3113381266593933,
        0.9502991437911987
      ]
    },
    {
      "coordinates": [
        159,
        85
      ],
      "magnitude": 2.936715602874756,
      "direction": [
        0.3446029722690582,
        0.9387485980987549
      ]
    },
    {
      "coordinates": [
        182,
        85
      ],
      "magnitude": 3.2614426612854004,
      "direction": [
        0.19811350107192993,
        0.9801790714263916
      ]
    },
    {
      "coordinates": [
        205,
        85
      ],
      "magnitude": 2.4725534915924072,
      "direction": [
        0.08553145080804825,
        0.9963354468345642
      ]
    },
    {
      "coordinates": [
        227,
        85
      ],
      "magnitude": 1.5672482252120972,
      "direction": [
        0.11355046927928925,
        0.9935322403907776
      ]
    },
    {
      "coordinates": [
        250,
        85
      ],
      "magnitude": 1.0983573198318481,
      "direction": [
        0.3538820445537567,
        0.9352900981903076
      ]
    },
    {
      "coordinates": [
        273,
        85
      ],
      "magnitude": 1.0805542469024658,
      "direction": [
        0.3167085647583008,
        0.9485229253768921
      ]
    },
    {
      "coordinates": [
        296,
        85
      ],
      "magnitude": 0.7246494293212891,
      "direction": [
        0.6816978454589844,
        0.7316339015960693
      ]
    },
    {
      "coordinates": [
        319,
        85
      ],
      "magnitude": 0.5802231431007385,
      "direction": [
        0.9753341674804688,
        0.22073322534561157
      ]
    },
    {
      "coordinates": [
        0,
        102
      ],
      "magnitude": 2.325300455093384,
      "direction": [
        0.7261943817138672,
        0.6874895095825195
      ]
    },
    {
      "coordinates": [
        22,
        102
      ],
      "magnitude": 2.23530650138855,
      "direction": [
        0.5863090753555298,
        0.8100873827934265
      ]
    },
    {
      "coordinates": [
        45,
        102
      ],
      "magnitude": 2.546178102493286,
      "direction": [
        0.5039417147636414,
        0.8637377023696899
      ]
    },
    {
      "coordinates": [
        68,
        102
      ],
      "magnitude": 2.7312917709350586,
      "direction": [
        0.4086475968360901,
        0.9126922488212585
      ]
    },
    {
      "coordinates": [
        91,
        102
      ],
      "magnitude": 2.699531316757202,
      "direction": [
        0.43417108058929443,
        0.9008303880691528
      ]
    },
    {
      "coordinates": [
        113,
        102
      ],
      "magnitude": 2.961352586746216,
      "direction": [
        0.3633486032485962,
        0.9316532611846924
      ]
    },
    {
      "coordinates": [
        136,
        102
      ],
      "magnitude": 2.8025920391082764,
      "direction": [
        0.36934739351272583,
        0.9292914271354675
      ]
    },
    {
      "coordinates": [
        159,
        102
      ],
      "magnitude": 3.1078286170959473,
      "direction": [
        0.25000235438346863,
        0.9682452082633972
      ]
    },
    {
      "coordinates": [
        182,
        102
      ],
      "magnitude": 3.4181368350982666,
      "direction": [
        0.2041802704334259,
        0.9789332747459412
      ]
    },
    {
      "coordinates": [
        205,
        102
      ],
      "magnitude": 2.714665651321411,
      "direction": [
        0.12328707426786423,
        0.9923710823059082
      ]
    },
    {
      "coordinates": [
        227,
        102
      ],
      "magnitude": 1.605359673500061,
      "direction": [
        0.12875939905643463,
        0.991675853729248
      ]
    },
    {
      "coordinates": [
        250,
        102
      ],
      "magnitude": 0.931485652923584,
      "direction": [
        0.12093130499124527,
        0.9926608800888062
      ]
    },
    {
      "coordinates": [
        273,
        102
      ],
      "magnitude": 0.9658838510513306,
      "direction": [
        0.48868322372436523,
        0.8724613189697266
      ]
    },
    {
      "coordinates": [
        296,
        102
      ],
      "magnitude": 0.8127598166465759,
      "direction": [
        0.8697769641876221,
        0.4934450089931488
      ]
    },
    {
      "coordinates": [
        319,
        102
      ],
      "magnitude": 0.6919076442718506,
      "direction": [
        0.9656645059585571,
        0.2597923278808594
      ]
    },
    {
      "coordinates": [
        0,
        119
      ],
      "magnitude": 1.9407589435577393,
      "direction": [
        0.6671998500823975,
        0.7448787093162537
      ]
    },
    {
      "coordinates": [
        22,
        119
      ],
      "magnitude": 2.5634443759918213,
      "direction": [
        0.5497059226036072,
        0.8353582620620728
      ]
    },
    {
      "coordinates": [
        45,
        119
      ],
      "magnitude": 2.49861216545105,
      "direction": [
        0.47011539340019226,
        0.8826049566268921
      ]
    },
    {
      "coordinates": [
        68,
        119
      ],
      "magnitude": 2.73891282081604,
      "direction": [
        0.4042324721813202,
        0.9146563410758972
      ]
    },
    {
      "coordinates": [
        91,
        119
      ],
      "magnitude": 2.6384236812591553,
      "direction": [
        0.316577672958374,
        0.9485666155815125
      ]
    },
    {
      "coordinates": [
        113,
        119
      ],
      "magnitude": 2.8249452114105225,
      "direction": [
        0.36622530221939087,
        0.9305261969566345
      ]
    },
    {
      "coordinates": [
        136,
        119
      ],
      "magnitude": 2.7546942234039307,
      "direction": [
        0.31448718905448914,
        0.9492617249488831
      ]
    },
    {
      "coordinates": [
        159,
        119
      ],
      "magnitude": 3.344217538833618,
      "direction": [
        0.28198763728141785,
        0.959417998790741
      ]
    },
    {
      "coordinates": [
        182,
        119
      ],
      "magnitude": 3.6295032501220703,
      "direction": [
        0.1628764271736145,
        0.9866464734077454
      ]
    },
    {
      "coordinates": [
        205,
        119
      ],
      "magnitude": 2.901365280151367,
      "direction": [
        0.17696140706539154,
        0.9842177629470825
      ]
    },
    {
      "coordinates": [
        227,
        119
      ],
      "magnitude": 1.7689834833145142,
      "direction": [
        0.24932943284511566,
        0.9684187173843384
      ]
    },
    {
      "coordinates": [
        250,
        119
      ],
      "magnitude": 0.9890803098678589,
      "direction": [
        0.36708712577819824,
        0.9301865696907043
      ]
    },
    {
      "coordinates": [
        273,
        119
      ],
      "magnitude": 0.7128573656082153,
      "direction": [
        0.45568138360977173,
        0.8901429772377014
      ]
    },
    {
      "coordinates": [
        296,
        119
      ],
      "magnitude": 0.8634108304977417,
      "direction": [
        0.9322259426116943,
        0.3618767559528351
      ]
    },
    {
      "coordinates": [
        319,
        119
      ],
      "magnitude": 0.5917150378227234,
      "direction": [
        0.8933078050613403,
        0.449445515871048
      ]
    },
    {
      "coordinates": [
        0,
        136
      ],
      "magnitude": 1.7070558071136475,
      "direction": [
        0.6937016248703003,
        0.7202625274658203
      ]
    },
    {
      "coordinates": [
        22,
        136
      ],
      "magnitude": 2.39801025390625,
      "direction": [
        0.49872201681137085,
        0.8667619824409485
      ]
    },
    {
      "coordinates": [
        45,
        136
      ],
      "magnitude": 2.872293710708618,
      "direction": [
        0.520733118057251,
        0.8537195324897766
      ]
    },
    {
      "coordinates": [
        68,
        136
      ],
      "magnitude": 2.954195261001587,
      "direction": [
        0.32206815481185913,
        0.9467164874076843
      ]
    },
    {
      "coordinates": [
        91,
        136
      ],
      "magnitude": 2.6089882850646973,
      "direction": [
        0.4131139814853668,
        0.910679280757904
      ]
    },
    {
      "coordinates": [
        113,
        136
      ],
      "magnitude": 2.902780055999756,
      "direction": [
        0.38613536953926086,
        0.9224421381950378
      ]
    },
    {
      "coordinates": [
        136,
        136
      ],
      "magnitude": 2.918517589569092,
      "direction": [
        0.40333718061447144,
        0.9150514602661133
      ]
    },
    {
      "coordinates": [
        159,
        136
      ],
      "magnitude": 3.4884400367736816,
      "direction": [
        0.3356085419654846,
        0.9420015215873718
      ]
    },
    {
      "coordinates": [
        182,
        136
      ],
      "magnitude": 3.804744243621826,
      "direction": [
        0.2028571218252182,
        0.9792082905769348
      ]
    },
    {
      "coordinates": [
        205,
        136
      ],
      "magnitude": 2.9695568084716797,
      "direction": [
        0.22433112561702728,
        0.9745129942893982
      ]
    },
    {
      "coordinates": [
        227,
        136
      ],
      "magnitude": 1.8344587087631226,
      "direction": [
        0.33133652806282043,
        0.9435126185417175
      ]
    },
    {
      "coordinates": [
        250,
        136
      ],
      "magnitude": 1.1209213733673096,
      "direction": [
        0.5179672241210938,
        0.8554003834724426
      ]
    },
    {
      "coordinates": [
        273,
        136
      ],
      "magnitude": 0.843180775642395,
      "direction": [
        0.9036778211593628,
        0.4282130002975464
      ]
    },
    {
      "coordinates": [
        296,
        136
      ],
      "magnitude": 0.8113863468170166,
      "direction": [
        0.97981858253479,
        0.1998889446258545
      ]
    },
    {
      "coordinates": [
        319,
        136
      ],
      "magnitude": 1.112778663635254,
      "direction": [
        0.9084352850914001,
        0.4180254638195038
      ]
    },
    {
      "coordinates": [
        0,
        153
      ],
      "magnitude": 1.9089750051498413,
      "direction": [
        0.5271802544593811,
        0.8497534990310669
      ]
    },
    {
      "coordinates": [
        22,
        153
      ],
      "magnitude": 2.0698752403259277,
      "direction": [
        0.35206711292266846,
        0.9359747767448425
      ]
    },
    {
      "coordinates": [
        45,
        153
      ],
      "magnitude": 2.8077657222747803,
      "direction": [
        0.3394429087638855,
        0.9406266212463379
      ]
    },
    {
      "coordinates": [
        68,
        153
      ],
      "magnitude": 2.8649353981018066,
      "direction": [
        0.39919090270996094,
        0.9168678522109985
      ]
    },
    {
      "coordinates": [
        91,
        153
      ],
      "magnitude": 2.3564703464508057,
      "direction": [
        0.4249439537525177,
        0.9052197337150574
      ]
    },
    {
      "coordinates": [
        113,
        153
      ],
      "magnitude": 2.894134283065796,
      "direction": [
        0.37655842304229736,
        0.9263928532600403
      ]
    },
    {
      "coordinates": [
        136,
        153
      ],
      "magnitude": 2.9035263061523438,
      "direction": [
        0.4860057234764099,
        0.8739556074142456
      ]
    },
    {
      "coordinates": [
        159,
        153
      ],
      "magnitude": 3.5970299243927,
      "direction": [
        0.25200268626213074,
        0.9677265286445618
      ]
    },
    {
      "coordinates": [
        182,
        153
      ],
      "magnitude": 4.041922092437744,
      "direction": [
        0.2411724030971527,
        0.9704822301864624
      ]
    },
    {
      "coordinates": [
        205,
        153
      ],
      "magnitude": 3.0584516525268555,
      "direction": [
        0.35730957984924316,
        0.9339860677719116
      ]
    },
    {
      "coordinates": [
        227,
        153
      ],
      "magnitude": 1.8330239057540894,
      "direction": [
        0.4081685245037079,
        0.9129066467285156
      ]
    },
    {
      "coordinates": [
        250,
        153
      ],
      "magnitude": 1.2318989038467407,
      "direction": [
        0.7465411424636841,
        0.6653392314910889
      ]
    },
    {
      "coordinates": [
        273,
        153
      ],
      "magnitude": 0.9943261742591858,
      "direction": [
        0.9285959005355835,
        0.37109246850013733
      ]
    },
    {
      "coordinates": [
        296,
        153
      ],
      "magnitude": 0.9247316718101501,
      "direction": [
        0.948519229888916,
        0.3167193830013275
      ]
    },
    {
      "coordinates": [
        319,
        153
      ],
      "magnitude": 1.1354165077209473,
      "direction": [
        0.9584540724754333,
        0.28524693846702576
      ]
    },
    {
      "coordinates": [
        0,
        170
      ],
      "magnitude": 1.972099781036377,
      "direction": [
        0.34555912017822266,
        0.9383969306945801
      ]
    },
    {
      "coordinates": [
        22,
        170
      ],
      "magnitude": 1.928361177444458,
      "direction": [
        0.36630183458328247,
        0.930496096611023
      ]
    },
    {
      "coordinates": [
        45,
        170
      ],
      "magnitude": 2.6176741123199463,
      "direction": [
        0.2962642312049866,
        0.9551060795783997
      ]
    },
    {
      "coordinates": [
        68,
        170
      ],
      "magnitude": 2.8307766914367676,
      "direction": [
        0.3143985867500305,
        0.9492911100387573
      ]
    },
    {
      "coordinates": [
        91,
        170
      ],
      "magnitude": 2.315054416656494,
      "direction": [
        0.4552501440048218,
        0.8903636336326599
      ]
    },
    {
      "coordinates": [
        113,
        170
      ],
      "magnitude": 2.7362194061279297,
      "direction": [
        0.4542858600616455,
        0.8908560276031494
      ]
    },
    {
      "coordinates": [
        136,
        170
      ],
      "magnitude": 3.1045773029327393,
      "direction": [
        0.4119902551174164,
        0.9111882448196411
      ]
    },
    {
      "coordinates": [
        159,
        170
      ],
      "magnitude": 3.820439338684082,
      "direction": [
        0.2924560010433197,
        0.9562789797782898
      ]
    },
    {
      "coordinates": [
        182,
        170
      ],
      "magnitude": 3.829974889755249,
      "direction": [
        0.2506105601787567,
        0.9680879712104797
      ]
    },
    {
      "coordinates": [
        205,
        170
      ],
      "magnitude": 3.036452054977417,
      "direction": [
        0.3400212824344635,
        0.9404177069664001
      ]
    },
    {
      "coordinates": [
        227,
        170
      ],
      "magnitude": 2.058025598526001,
      "direction": [
        0.5515655875205994,
        0.8341314792633057
      ]
    },
    {
      "coordinates": [
        250,
        170
      ],
      "magnitude": 1.467442274093628,
      "direction": [
        0.8620453476905823,
        0.506831169128418
      ]
    },
    {
      "coordinates": [
        273,
        170
      ],
      "magnitude": 1.0342286825180054,
      "direction": [
        0.9059968590736389,
        0.4232844412326813
      ]
    },
    {
      "coordinates": [
        296,
        170
      ],
      "magnitude": 0.8965608477592468,
      "direction": [
        0.9913433790206909,
        0.13129468262195587
      ]
    },
    {
      "coordinates": [
        319,
        170
      ],
      "magnitude": 1.0584572553634644,
      "direction": [
        0.993849515914917,
        0.1107383444905281
      ]
    },
    {
      "coordinates": [
        0,
        187
      ],
      "magnitude": 1.6757241487503052,
      "direction": [
        0.286001980304718,
        0.9582290649414062
      ]
    },
    {
      "coordinates": [
        22,
        187
      ],
      "magnitude": 1.8527684211730957,
      "direction": [
        0.19945837557315826,
        0.9799063205718994
      ]
    },
    {
      "coordinates": [
        45,
        187
      ],
      "magnitude": 2.4210033416748047,
      "direction": [
        0.06346886605024338,
        0.9979838132858276
      ]
    },
    {
      "coordinates": [
        68,
        187
      ],
      "magnitude": 2.307382345199585,
      "direction": [
        0.21841606497764587,
        0.9758557081222534
      ]
    },
    {
      "coordinates": [
        91,
        187
      ],
      "magnitude": 2.275592565536499,
      "direction": [
        0.5066055059432983,
        0.8621779680252075
      ]
    },
    {
      "coordinates": [
        113,
        187
      ],
      "magnitude": 2.5503859519958496,
      "direction": [
        0.4881135821342468,
        0.8727801442146301
      ]
    },
    {
      "coordinates": [
        136,
        187
      ],
      "magnitude": 3.0949044227600098,
      "direction": [
        0.36788445711135864,
        0.9298714995384216
      ]
    },
    {
      "coordinates": [
        159,
        187
      ],
      "magnitude": 3.836843729019165,
      "direction": [
        0.38098177313804626,
        0.9245826005935669
      ]
    },
    {
      "coordinates": [
        182,
        187
      ],
      "magnitude": 4.2147321701049805,
      "direction": [
        0.32623639702796936,
        0.9452881217002869
      ]
    },
    {
      "coordinates": [
        205,
        187
      ],
      "magnitude": 3.078516960144043,
      "direction": [
        0.40366268157958984,
        0.9149078726768494
      ]
    },
    {
      "coordinates": [
        227,
        187
      ],
      "magnitude": 2.1145169734954834,
      "direction": [
        0.6227469444274902,
        0.7824233174324036
      ]
    },
    {
      "coordinates": [
        250,
        187
      ],
      "magnitude": 1.5607937574386597,
      "direction": [
        0.8208189010620117,
        0.5711885690689087
      ]
    },
    {
      "coordinates": [
        273,
        187
      ],
      "magnitude": 1.3066853284835815,
      "direction": [
        0.9052147269248962,
        0.42495450377464294
      ]
    },
    {
      "coordinates": [
        296,
        187
      ],
      "magnitude": 1.1182142496109009,
      "direction": [
        0.989635169506073,
        0.14360450208187103
      ]
    },
    {
      "coordinates": [
        319,
        187
      ],
      "magnitude": 1.1580067873001099,
      "direction": [
        0.9989519119262695,
        -0.04577164351940155
      ]
    },
    {
      "coordinates": [
        0,
        204
      ],
      "magnitude": 1.4385870695114136,
      "direction": [
        0.07152432948350906,
        0.9974387884140015
      ]
    },
    {
      "coordinates": [
        22,
        204
      ],
      "magnitude": 1.9781455993652344,
      "direction": [
        0.09560232609510422,
        0.9954195618629456
      ]
    },
    {
      "coordinates": [
        45,
        204
      ],
      "magnitude": 2.431277275085449,
      "direction": [
        -0.04889106750488281,
        0.9988040924072266
      ]
    },
    {
      "coordinates": [
        68,
        204
      ],
      "magnitude": 2.0430095195770264,
      "direction": [
        0.18624214828014374,
        0.9825038909912109
      ]
    },
    {
      "coordinates": [
        91,
        204
      ],
      "magnitude": 1.8107041120529175,
      "direction": [
        0.2697230577468872,
        0.9629379510879517
      ]
    },
    {
      "coordinates": [
        113,
        204
      ],
      "magnitude": 2.530508518218994,
      "direction": [
        0.2704072892665863,
        0.9627460837364197
      ]
    },
    {
      "coordinates": [
        136,
        204
      ],
      "magnitude": 2.9529647827148438,
      "direction": [
        0.4261970520019531,
        0.9046303629875183
      ]
    },
    {
      "coordinates": [
        159,
        204
      ],
      "magnitude": 3.547921657562256,
      "direction": [
        0.36217570304870605,
        0.9321098327636719
      ]
    },
    {
      "coordinates": [
        182,
        204
      ],
      "magnitude": 4.39759635925293,
      "direction": [
        0.3261497914791107,
        0.9453181028366089
      ]
    },
    {
      "coordinates": [
        205,
        204
      ],
      "magnitude": 3.189591884613037,
      "direction": [
        0.5283688306808472,
        0.849014937877655
      ]
    },
    {
      "coordinates": [
        227,
        204
      ],
      "magnitude": 2.178035020828247,
      "direction": [
        0.72463458776474,
        0.68913334608078
      ]
    },
    {
      "coordinates": [
        250,
        204
      ],
      "magnitude": 1.7292866706848145,
      "direction": [
        0.7687472701072693,
        0.639552652835846
      ]
    },
    {
      "coordinates": [
        273,
        204
      ],
      "magnitude": 1.4095823764801025,
      "direction": [
        0.8852365612983704,
        0.46514102816581726
      ]
    },
    {
      "coordinates": [
        296,
        204
      ],
      "magnitude": 1.3930100202560425,
      "direction": [
        0.9882326126098633,
        0.15295855700969696
      ]
    },
    {
      "coordinates": [
        319,
        204
      ],
      "magnitude": 1.411873459815979,
      "direction": [
        0.9903501868247986,
        -0.13858768343925476
      ]
    },
    {
      "coordinates": [
        0,
        221
      ],
      "magnitude": 1.6117169857025146,
      "direction": [
        -0.2836880087852478,
        0.9589166045188904
      ]
    },
    {
      "coordinates": [
        22,
        221
      ],
      "magnitude": 2.125246524810791,
      "direction": [
        -0.2306431084871292,
        0.973038375377655
      ]
    },
    {
      "coordinates": [
        45,
        221
      ],
      "magnitude": 2.2659122943878174,
      "direction": [
        -0.029853740707039833,
        0.9995542764663696
      ]
    },
    {
      "coordinates": [
        68,
        221
      ],
      "magnitude": 1.738341212272644,
      "direction": [
        0.10926758497953415,
        0.9940123558044434
      ]
    },
    {
      "coordinates": [
        91,
        221
      ],
      "magnitude": 1.5810422897338867,
      "direction": [
        0.16872911155223846,
        0.9856624603271484
      ]
    },
    {
      "coordinates": [
        113,
        221
      ],
      "magnitude": 2.0324923992156982,
      "direction": [
        0.39576753973960876,
        0.9183508157730103
      ]
    },
    {
      "coordinates": [
        136,
        221
      ],
      "magnitude": 2.961712121963501,
      "direction": [
        0.5300764441490173,
        0.8479498028755188
      ]
    },
    {
      "coordinates": [
        159,
        221
      ],
      "magnitude": 3.738375425338745,
      "direction": [
        0.44381633400917053,
        0.8961178064346313
      ]
    },
    {
      "coordinates": [
        182,
        221
      ],
      "magnitude": 3.9914543628692627,
      "direction": [
        0.38211795687675476,
        0.9241135716438293
      ]
    },
    {
      "coordinates": [
        205,
        221
      ],
      "magnitude": 3.4036147594451904,
      "direction": [
        0.6118934154510498,
        0.7909401655197144
      ]
    },
    {
      "coordinates": [
        227,
        221
      ],
      "magnitude": 2.745105743408203,
      "direction": [
        0.7642943859100342,
        0.6448674201965332
      ]
    },
    {
      "coordinates": [
        250,
        221
      ],
      "magnitude": 2.294811725616455,
      "direction": [
        0.8106705546379089,
        0.5855025053024292
      ]
    },
    {
      "coordinates": [
        273,
        221
      ],
      "magnitude": 1.8938689231872559,
      "direction": [
        0.9341339468955994,
        0.35692253708839417
      ]
    },
    {
      "coordinates": [
        296,
        221
      ],
      "magnitude": 1.4608399868011475,
      "direction": [
        0.9911457300186157,
        0.13277851045131683
      ]
    },
    {
      "coordinates": [
        319,
        221
      ],
      "magnitude": 1.3694372177124023,
      "direction": [
        0.9980433583259583,
        -0.06252516061067581
      ]
    },
    {
      "coordinates": [
        0,
        239
      ],
      "magnitude": 1.9105833768844604,
      "direction": [
        -0.37054193019866943,
        0.9288157224655151
      ]
    },
    {
      "coordinates": [
        22,
        239
      ],
      "magnitude": 2.052083730697632,
      "direction": [
        -0.36122041940689087,
        0.9324803948402405
      ]
    },
    {
      "coordinates": [
        45,
        239
      ],
      "magnitude": 2.074195623397827,
      "direction": [
        -0.2622349262237549,
        0.965004026889801
      ]
    },
    {
      "coordinates": [
        68,
        239
      ],
      "magnitude": 1.8056631088256836,
      "direction": [
        -0.13838836550712585,
        0.9903780221939087
      ]
    },
    {
      "coordinates": [
        91,
        239
      ],
      "magnitude": 1.398386001586914,
      "direction": [
        0.30189740657806396,
        0.953340470790863
      ]
    },
    {
      "coordinates": [
        113,
        239
      ],
      "magnitude": 1.5383610725402832,
      "direction": [
        0.712058424949646,
        0.7021201848983765
      ]
    },
    {
      "coordinates": [
        136,
        239
      ],
      "magnitude": 3.1820287704467773,
      "direction": [
        0.6684150695800781,
        0.743788480758667
      ]
    },
    {
      "coordinates": [
        159,
        239
      ],
      "magnitude": 3.943965435028076,
      "direction": [
        0.4877755045890808,
        0.8729690909385681
      ]
    },
    {
      "coordinates": [
        182,
        239
      ],
      "magnitude": 3.9838147163391113,
      "direction": [
        0.48053207993507385,
        0.8769771456718445
      ]
    },
    {
      "coordinates": [
        205,
        239
      ],
      "magnitude": 3.3194518089294434,
      "direction": [
        0.6480738520622253,
        0.7615775465965271
      ]
    },
    {
      "coordinates": [
        227,
        239
      ],
      "magnitude": 3.0256001949310303,
      "direction": [
        0.774429976940155,
        0.6326596736907959
      ]
    },
    {
      "coordinates": [
        250,
        239
      ],
      "magnitude": 2.635838508605957,
      "direction": [
        0.8296332359313965,
        0.5583087801933289
      ]
    },
    {
      "coordinates": [
        273,
        239
      ],
      "magnitude": 2.3035478591918945,
      "direction": [
        0.9389878511428833,
        0.34395039081573486
      ]
    },
    {
      "coordinates": [
        296,
        239
      ],
      "magnitude": 1.906299352645874,
      "direction": [
        0.9621917009353638,
        0.2723730206489563
      ]
    },
    {
      "coordinates": [
        319,
        239
      ],
      "magnitude": 1.304265022277832,
      "direction": [
        0.9992763996124268,
        -0.03803570941090584
      ]
    }
  ]
}