{
  "recording_timestamp": 1757346742.2506757,
  "elapsed_time_s": 8.0,
  "fz": 0.948495,
  "peak_intensity": 0.164,
  "deformation_mesh": [
    {
      "coordinates": [
        0,
        0
      ],
      "magnitude": 1.5577647686004639,
      "direction": [
        0.15698255598545074,
        -0.9876013398170471
      ]
    },
    {
      "coordinates": [
        22,
        0
      ],
      "magnitude": 2.111727714538574,
      "direction": [
        0.14960551261901855,
        -0.9887458086013794
      ]
    },
    {
      "coordinates": [
        45,
        0
      ],
      "magnitude": 2.1444075107574463,
      "direction": [
        0.08786506205797195,
        -0.9961323142051697
      ]
    },
    {
      "coordinates": [
        68,
        0
      ],
      "magnitude": 2.307285785675049,
      "direction": [
        0.20396557450294495,
        -0.9789780378341675
      ]
    },
    {
      "coordinates": [
        91,
        0
      ],
      "magnitude": 2.5946218967437744,
      "direction": [
        0.3274640440940857,
        -0.9448636174201965
      ]
    },
    {
      "coordinates": [
        113,
        0
      ],
      "magnitude": 2.721100330352783,
      "direction": [
        0.5233410596847534,
        -0.8521232604980469
      ]
    },
    {
      "coordinates": [
        136,
        0
      ],
      "magnitude": 2.825362205505371,
      "direction": [
        0.5480660200119019,
        -0.836435079574585
      ]
    },
    {
      "coordinates": [
        159,
        0
      ],
      "magnitude": 2.7480547428131104,
      "direction": [
        0.6063099503517151,
        -0.7952284812927246
      ]
    },
    {
      "coordinates": [
        182,
        0
      ],
      "magnitude": 2.651768922805786,
      "direction": [
        0.6846187710762024,
        -0.7289013862609863
      ]
    },
    {
      "coordinates": [
        205,
        0
      ],
      "magnitude": 2.639572858810425,
      "direction": [
        0.6894683837890625,
        -0.7243157029151917
      ]
    },
    {
      "coordinates": [
        227,
        0
      ],
      "magnitude": 2.8779282569885254,
      "direction": [
        0.7245227694511414,
        -0.6892508864402771
      ]
    },
    {
      "coordinates": [
        250,
        0
      ],
      "magnitude": 3.002000570297241,
      "direction": [
        0.8646173477172852,
        -0.5024308562278748
      ]
    },
    {
      "coordinates": [
        273,
        0
      ],
      "magnitude": 3.3344337940216064,
      "direction": [
        0.8390724062919617,
        -0.544019877910614
      ]
    },
    {
      "coordinates": [
        296,
        0
      ],
      "magnitude": 3.1946513652801514,
      "direction": [
        0.7989850640296936,
        -0.6013507843017578
      ]
    },
    {
      "coordinates": [
        319,
        0
      ],
      "magnitude": 3.1413614749908447,
      "direction": [
        0.8333316445350647,
        -0.5527733564376831
      ]
    },
    {
      "coordinates": [
        0,
        17
      ],
      "magnitude": 2.075444459915161,
      "direction": [
        -0.06110513210296631,
        -0.9981313347816467
      ]
    },
    {
      "coordinates": [
        22,
        17
      ],
      "magnitude": 2.109679937362671,
      "direction": [
        0.04784788936376572,
        -0.9988546371459961
      ]
    },
    {
      "coordinates": [
        45,
        17
      ],
      "magnitude": 2.092881917953491,
      "direction": [
        0.030452340841293335,
        -0.9995362162590027
      ]
    },
    {
      "coordinates": [
        68,
        17
      ],
      "magnitude": 2.319044589996338,
      "direction": [
        0.1573411077260971,
        -0.9875442981719971
      ]
    },
    {
      "coordinates": [
        91,
        17
      ],
      "magnitude": 3.0039687156677246,
      "direction": [
        0.3344899117946625,
        -0.9423993229866028
      ]
    },
    {
      "coordinates": [
        113,
        17
      ],
      "magnitude": 2.774575710296631,
      "direction": [
        0.4549887180328369,
        -0.8904971480369568
      ]
    },
    {
      "coordinates": [
        136,
        17
      ],
      "magnitude": 2.7994723320007324,
      "direction": [
        0.5034441947937012,
        -0.8640276789665222
      ]
    },
    {
      "coordinates": [
        159,
        17
      ],
      "magnitude": 2.704216957092285,
      "direction": [
        0.5750467777252197,
        -0.818120539188385
      ]
    },
    {
      "coordinates": [
        182,
        17
      ],
      "magnitude": 2.6204957962036133,
      "direction": [
        0.7224301695823669,
        -0.691443920135498
      ]
    },
    {
      "coordinates": [
        205,
        17
      ],
      "magnitude": 2.572894811630249,
      "direction": [
        0.7484468221664429,
        -0.6631948947906494
      ]
    },
    {
      "coordinates": [
        227,
        17
      ],
      "magnitude": 3.0332820415496826,
      "direction": [
        0.7884820103645325,
        -0.6150578260421753
      ]
    },
    {
      "coordinates": [
        250,
        17
      ],
      "magnitude": 3.1470448970794678,
      "direction": [
        0.8330156803131104,
        -0.5532494187355042
      ]
    },
    {
      "coordinates": [
        273,
        17
      ],
      "magnitude": 3.3609867095947266,
      "direction": [
        0.8416630625724792,
        -0.5400030612945557
      ]
    },
    {
      "coordinates": [
        296,
        17
      ],
      "magnitude": 3.2659592628479004,
      "direction": [
        0.8452178835868835,
        -0.5344218015670776
      ]
    },
    {
      "coordinates": [
        319,
        17
      ],
      "magnitude": 3.1992392539978027,
      "direction": [
        0.8958037495613098,
        -0.444449782371521
      ]
    },
    {
      "coordinates": [
        0,
        34
      ],
      "magnitude": 2.121347665786743,
      "direction": [
        -0.08687050640583038,
        -0.9962196350097656
      ]
    },
    {
      "coordinates": [
        22,
        34
      ],
      "magnitude": 2.2338602542877197,
      "direction": [
        -0.11042097210884094,
        -0.9938849210739136
      ]
    },
    {
      "coordinates": [
        45,
        34
      ],
      "magnitude": 2.5823192596435547,
      "direction": [
        -0.027681445702910423,
        -0.9996167421340942
      ]
    },
    {
      "coordinates": [
        68,
        34
      ],
      "magnitude": 2.6044344902038574,
      "direction": [
        0.10553251206874847,
        -0.9944158792495728
      ]
    },
    {
      "coordinates": [
        91,
        34
      ],
      "magnitude": 3.2781386375427246,
      "direction": [
        0.30922389030456543,
        -0.9509892463684082
      ]
    },
    {
      "coordinates": [
        113,
        34
      ],
      "magnitude": 2.9074018001556396,
      "direction": [
        0.43927910923957825,
        -0.8983506560325623
      ]
    },
    {
      "coordinates": [
        136,
        34
      ],
      "magnitude": 3.079498767852783,
      "direction": [
        0.6388435363769531,
        -0.7693367004394531
      ]
    },
    {
      "coordinates": [
        159,
        34
      ],
      "magnitude": 2.774820566177368,
      "direction": [
        0.6346191763877869,
        -0.7728250026702881
      ]
    },
    {
      "coordinates": [
        182,
        34
      ],
      "magnitude": 2.634836196899414,
      "direction": [
        0.7057867646217346,
        -0.7084243297576904
      ]
    },
    {
      "coordinates": [
        205,
        34
      ],
      "magnitude": 2.9907476902008057,
      "direction": [
        0.7583804726600647,
        -0.6518122553825378
      ]
    },
    {
      "coordinates": [
        227,
        34
      ],
      "magnitude": 3.174020767211914,
      "direction": [
        0.7897235751152039,
        -0.6134628653526306
      ]
    },
    {
      "coordinates": [
        250,
        34
      ],
      "magnitude": 3.341987133026123,
      "direction": [
        0.8117508888244629,
        -0.5840038657188416
      ]
    },
    {
      "coordinates": [
        273,
        34
      ],
      "magnitude": 3.209617853164673,
      "direction": [
        0.8320555090904236,
        -0.5546924471855164
      ]
    },
    {
      "coordinates": [
        296,
        34
      ],
      "magnitude": 3.597630023956299,
      "direction": [
        0.8291014432907104,
        -0.5590982437133789
      ]
    },
    {
      "coordinates": [
        319,
        34
      ],
      "magnitude": 3.3624608516693115,
      "direction": [
        0.8866076469421387,
        -0.46252235770225525
      ]
    },
    {
      "coordinates": [
        0,
        51
      ],
      "magnitude": 1.9688901901245117,
      "direction": [
        -0.23378899693489075,
        -0.9722873568534851
      ]
    },
    {
      "coordinates": [
        22,
        51
      ],
      "magnitude": 2.3304762840270996,
      "direction": [
        -0.23476473987102509,
        -0.9720522165298462
      ]
    },
    {
      "coordinates": [
        45,
        51
      ],
      "magnitude": 2.5398106575012207,
      "direction": [
        -0.17782938480377197,
        -0.9840613603591919
      ]
    },
    {
      "coordinates": [
        68,
        51
      ],
      "magnitude": 2.7668161392211914,
      "direction": [
        0.03916897624731064,
        -0.9992325901985168
      ]
    },
    {
      "coordinates": [
        91,
        51
      ],
      "magnitude": 3.1991398334503174,
      "direction": [
        0.16081321239471436,
        -0.9869847893714905
      ]
    },
    {
      "coordinates": [
        113,
        51
      ],
      "magnitude": 3.2298383712768555,
      "direction": [
        0.4133022427558899,
        -0.9105938673019409
      ]
    },
    {
      "coordinates": [
        136,
        51
      ],
      "magnitude": 3.3865854740142822,
      "direction": [
        0.6536825895309448,
        -0.7567688226699829
      ]
    },
    {
      "coordinates": [
        159,
        51
      ],
      "magnitude": 3.4818572998046875,
      "direction": [
        0.666803240776062,
        -0.7452338337898254
      ]
    },
    {
      "coordinates": [
        182,
        51
      ],
      "magnitude": 3.086172103881836,
      "direction": [
        0.7428892254829407,
        -0.6694142818450928
      ]
    },
    {
      "coordinates": [
        205,
        51
      ],
      "magnitude": 3.322345733642578,
      "direction": [
        0.7604935169219971,
        -0.6493455171585083
      ]
    },
    {
      "coordinates": [
        227,
        51
      ],
      "magnitude": 3.22737717628479,
      "direction": [
        0.7631798386573792,
        -0.6461861729621887
      ]
    },
    {
      "coordinates": [
        250,
        51
      ],
      "magnitude": 3.745352029800415,
      "direction": [
        0.8075545430183411,
        -0.5897929072380066
      ]
    },
    {
      "coordinates": [
        273,
        51
      ],
      "magnitude": 3.72697114944458,
      "direction": [
        0.8327299356460571,
        -0.553679347038269
      ]
    },
    {
      "coordinates": [
        296,
        51
      ],
      "magnitude": 3.7913942337036133,
      "direction": [
        0.8372215032577515,
        -0.5468639135360718
      ]
    },
    {
      "coordinates": [
        319,
        51
      ],
      "magnitude": 3.5902938842773438,
      "direction": [
        0.8967748284339905,
        -0.44248726963996887
      ]
    },
    {
      "coordinates": [
        0,
        68
      ],
      "magnitude": 2.616441488265991,
      "direction": [
        -0.6466771960258484,
        -0.7627637386322021
      ]
    },
    {
      "coordinates": [
        22,
        68
      ],
      "magnitude": 2.755561113357544,
      "direction": [
        -0.4711810052394867,
        -0.8820365071296692
      ]
    },
    {
      "coordinates": [
        45,
        68
      ],
      "magnitude": 2.9659693241119385,
      "direction": [
        -0.2756839394569397,
        -0.9612482786178589
      ]
    },
    {
      "coordinates": [
        68,
        68
      ],
      "magnitude": 3.331636667251587,
      "direction": [
        -0.16893866658210754,
        -0.9856265783309937
      ]
    },
    {
      "coordinates": [
        91,
        68
      ],
      "magnitude": 3.7124013900756836,
      "direction": [
        -0.020557768642902374,
        -0.9997886419296265
      ]
    },
    {
      "coordinates": [
        113,
        68
      ],
      "magnitude": 3.7810041904449463,
      "direction": [
        0.32627302408218384,
        -0.945275604724884
      ]
    },
    {
      "coordinates": [
        136,
        68
      ],
      "magnitude": 3.5359253883361816,
      "direction": [
        0.5878100395202637,
        -0.8089990019798279
      ]
    },
    {
      "coordinates": [
        159,
        68
      ],
      "magnitude": 3.625946521759033,
      "direction": [
        0.6175300478935242,
        -0.7865472435951233
      ]
    },
    {
      "coordinates": [
        182,
        68
      ],
      "magnitude": 3.4433584213256836,
      "direction": [
        0.7370613217353821,
        -0.6758258938789368
      ]
    },
    {
      "coordinates": [
        205,
        68
      ],
      "magnitude": 3.678384780883789,
      "direction": [
        0.8272634148597717,
        -0.5618141889572144
      ]
    },
    {
      "coordinates": [
        227,
        68
      ],
      "magnitude": 3.9454145431518555,
      "direction": [
        0.771213173866272,
        -0.6365769505500793
      ]
    },
    {
      "coordinates": [
        250,
        68
      ],
      "magnitude": 4.163606643676758,
      "direction": [
        0.826015830039978,
        -0.5636468529701233
      ]
    },
    {
      "coordinates": [
        273,
        68
      ],
      "magnitude": 3.8914358615875244,
      "direction": [
        0.8470028638839722,
        -0.5315883159637451
      ]
    },
    {
      "coordinates": [
        296,
        68
      ],
      "magnitude": 3.7203524112701416,
      "direction": [
        0.8520058393478394,
        -0.5235323309898376
      ]
    },
    {
      "coordinates": [
        319,
        68
      ],
      "magnitude": 3.8144421577453613,
      "direction": [
        0.8895148634910583,
        -0.45690616965293884
      ]
    },
    {
      "coordinates": [
        0,
        85
      ],
      "magnitude": 3.073179244995117,
      "direction": [
        -0.7271605730056763,
        -0.6864674687385559
      ]
    },
    {
      "coordinates": [
        22,
        85
      ],
      "magnitude": 4.103732585906982,
      "direction": [
        -0.7088466286659241,
        -0.7053626775741577
      ]
    },
    {
      "coordinates": [
        45,
        85
      ],
      "magnitude": 3.864499092102051,
      "direction": [
        -0.4764951467514038,
        -0.8791770935058594
      ]
    },
    {
      "coordinates": [
        68,
        85
      ],
      "magnitude": 3.6290135383605957,
      "direction": [
        -0.271075040102005,
        -0.9625582098960876
      ]
    },
    {
      "coordinates": [
        91,
        85
      ],
      "magnitude": 3.874986410140991,
      "direction": [
        -0.03155718743801117,
        -0.9995019435882568
      ]
    },
    {
      "coordinates": [
        113,
        85
      ],
      "magnitude": 3.8578569889068604,
      "direction": [
        0.3141215443611145,
        -0.9493827223777771
      ]
    },
    {
      "coordinates": [
        136,
        85
      ],
      "magnitude": 3.800370454788208,
      "direction": [
        0.4511551856994629,
        -0.8924455046653748
      ]
    },
    {
      "coordinates": [
        159,
        85
      ],
      "magnitude": 3.7352912425994873,
      "direction": [
        0.6086642742156982,
        -0.7934278249740601
      ]
    },
    {
      "coordinates": [
        182,
        85
      ],
      "magnitude": 3.567805528640747,
      "direction": [
        0.8269844055175781,
        -0.5622248649597168
      ]
    },
    {
      "coordinates": [
        205,
        85
      ],
      "magnitude": 3.996135711669922,
      "direction": [
        0.8454791307449341,
        -0.5340085029602051
      ]
    },
    {
      "coordinates": [
        227,
        85
      ],
      "magnitude": 4.584951877593994,
      "direction": [
        0.8368080258369446,
        -0.5474963784217834
      ]
    },
    {
      "coordinates": [
        250,
        85
      ],
      "magnitude": 4.783957004547119,
      "direction": [
        0.8420082926750183,
        -0.53946453332901
      ]
    },
    {
      "coordinates": [
        273,
        85
      ],
      "magnitude": 4.116357326507568,
      "direction": [
        0.9074755311012268,
        -0.4201050102710724
      ]
    },
    {
      "coordinates": [
        296,
        85
      ],
      "magnitude": 4.276258945465088,
      "direction": [
        0.9040602445602417,
        -0.42740514874458313
      ]
    },
    {
      "coordinates": [
        319,
        85
      ],
      "magnitude": 4.433028221130371,
      "direction": [
        0.9061886668205261,
        -0.4228737950325012
      ]
    },
    {
      "coordinates": [
        0,
        102
      ],
      "magnitude": 3.6652817726135254,
      "direction": [
        -0.8979620933532715,
        -0.4400727450847626
      ]
    },
    {
      "coordinates": [
        22,
        102
      ],
      "magnitude": 4.543831825256348,
      "direction": [
        -0.8330447673797607,
        -0.5532055497169495
      ]
    },
    {
      "coordinates": [
        45,
        102
      ],
      "magnitude": 4.2647624015808105,
      "direction": [
        -0.6742199659347534,
        -0.7385305762290955
      ]
    },
    {
      "coordinates": [
        68,
        102
      ],
      "magnitude": 3.696338653564453,
      "direction": [
        -0.3847384750843048,
        -0.9230256676673889
      ]
    },
    {
      "coordinates": [
        91,
        102
      ],
      "magnitude": 3.4708828926086426,
      "direction": [
        -0.10813002288341522,
        -0.9941368103027344
      ]
    },
    {
      "coordinates": [
        113,
        102
      ],
      "magnitude": 3.4559273719787598,
      "direction": [
        0.3238806426525116,
        -0.9460979700088501
      ]
    },
    {
      "coordinates": [
        136,
        102
      ],
      "magnitude": 3.7876057624816895,
      "direction": [
        0.49146437644958496,
        -0.870897650718689
      ]
    },
    {
      "coordinates": [
        159,
        102
      ],
      "magnitude": 3.6410396099090576,
      "direction": [
        0.6777926087379456,
        -0.7352531552314758
      ]
    },
    {
      "coordinates": [
        182,
        102
      ],
      "magnitude": 3.8888158798217773,
      "direction": [
        0.8965438604354858,
        -0.4429549276828766
      ]
    },
    {
      "coordinates": [
        205,
        102
      ],
      "magnitude": 4.233686923980713,
      "direction": [
        0.8792192935943604,
        -0.4764173924922943
      ]
    },
    {
      "coordinates": [
        227,
        102
      ],
      "magnitude": 4.94862174987793,
      "direction": [
        0.8482728004455566,
        -0.5295594930648804
      ]
    },
    {
      "coordinates": [
        250,
        102
      ],
      "magnitude": 4.951924800872803,
      "direction": [
        0.863409698009491,
        -0.5045034289360046
      ]
    },
    {
      "coordinates": [
        273,
        102
      ],
      "magnitude": 5.066712379455566,
      "direction": [
        0.9030871391296387,
        -0.42945730686187744
      ]
    },
    {
      "coordinates": [
        296,
        102
      ],
      "magnitude": 4.674440860748291,
      "direction": [
        0.9194334149360657,
        -0.3932455778121948
      ]
    },
    {
      "coordinates": [
        319,
        102
      ],
      "magnitude": 4.598189830780029,
      "direction": [
        0.9258336424827576,
        -0.3779314160346985
      ]
    },
    {
      "coordinates": [
        0,
        119
      ],
      "magnitude": 4.47820520401001,
      "direction": [
        -0.9252195358276367,
        -0.3794320821762085
      ]
    },
    {
      "coordinates": [
        22,
        119
      ],
      "magnitude": 4.331079483032227,
      "direction": [
        -0.9137869477272034,
        -0.4061938226222992
      ]
    },
    {
      "coordinates": [
        45,
        119
      ],
      "magnitude": 4.161769866943359,
      "direction": [
        -0.7720471620559692,
        -0.6355652809143066
      ]
    },
    {
      "coordinates": [
        68,
        119
      ],
      "magnitude": 3.2227821350097656,
      "direction": [
        -0.5898472666740417,
        -0.8075147867202759
      ]
    },
    {
      "coordinates": [
        91,
        119
      ],
      "magnitude": 2.709355592727661,
      "direction": [
        -0.28045669198036194,
        -0.9598667025566101
      ]
    },
    {
      "coordinates": [
        113,
        119
      ],
      "magnitude": 2.9856414794921875,
      "direction": [
        0.23369614779949188,
        -0.9723095893859863
      ]
    },
    {
      "coordinates": [
        136,
        119
      ],
      "magnitude": 3.2793729305267334,
      "direction": [
        0.5204187035560608,
        -0.853911280632019
      ]
    },
    {
      "coordinates": [
        159,
        119
      ],
      "magnitude": 3.135141372680664,
      "direction": [
        0.8720909953117371,
        -0.4893437325954437
      ]
    },
    {
      "coordinates": [
        182,
        119
      ],
      "magnitude": 3.864213228225708,
      "direction": [
        0.976398229598999,
        -0.21597793698310852
      ]
    },
    {
      "coordinates": [
        205,
        119
      ],
      "magnitude": 4.530428886413574,
      "direction": [
        0.9766234159469604,
        -0.2149576097726822
      ]
    },
    {
      "coordinates": [
        227,
        119
      ],
      "magnitude": 5.261865139007568,
      "direction": [
        0.9178107380867004,
        -0.3970182538032532
      ]
    },
    {
      "coordinates": [
        250,
        119
      ],
      "magnitude": 5.700843334197998,
      "direction": [
        0.9178288578987122,
        -0.3969762921333313
      ]
    },
    {
      "coordinates": [
        273,
        119
      ],
      "magnitude": 5.606442451477051,
      "direction": [
        0.9226207137107849,
        -0.38570839166641235
      ]
    },
    {
      "coordinates": [
        296,
        119
      ],
      "magnitude": 5.25640344619751,
      "direction": [
        0.9464770555496216,
        -0.32277101278305054
      ]
    },
    {
      "coordinates": [
        319,
        119
      ],
      "magnitude": 4.706587791442871,
      "direction": [
        0.9758694171905518,
        -0.21835488080978394
      ]
    },
    {
      "coordinates": [
        0,
        136
      ],
      "magnitude": 4.860008716583252,
      "direction": [
        -0.9724661111831665,
        -0.23304429650306702
      ]
    },
    {
      "coordinates": [
        22,
        136
      ],
      "magnitude": 4.476469039916992,
      "direction": [
        -0.9806564450263977,
        -0.19573721289634705
      ]
    },
    {
      "coordinates": [
        45,
        136
      ],
      "magnitude": 3.859027862548828,
      "direction": [
        -0.9754461646080017,
        -0.22023804485797882
      ]
    },
    {
      "coordinates": [
        68,
        136
      ],
      "magnitude": 2.5801637172698975,
      "direction": [
        -0.857245147228241,
        -0.514908492565155
      ]
    },
    {
      "coordinates": [
        91,
        136
      ],
      "magnitude": 2.129094123840332,
      "direction": [
        -0.30566173791885376,
        -0.9521400928497314
      ]
    },
    {
      "coordinates": [
        113,
        136
      ],
      "magnitude": 1.9210745096206665,
      "direction": [
        0.09804312139749527,
        -0.9951821565628052
      ]
    },
    {
      "coordinates": [
        136,
        136
      ],
      "magnitude": 2.6547718048095703,
      "direction": [
        0.8722145557403564,
        -0.4891236424446106
      ]
    },
    {
      "coordinates": [
        159,
        136
      ],
      "magnitude": 3.2985613346099854,
      "direction": [
        0.9961301684379578,
        -0.08789058029651642
      ]
    },
    {
      "coordinates": [
        182,
        136
      ],
      "magnitude": 4.070840835571289,
      "direction": [
        0.999038577079773,
        0.043841809034347534
      ]
    },
    {
      "coordinates": [
        205,
        136
      ],
      "magnitude": 4.863002777099609,
      "direction": [
        0.9952825903892517,
        -0.0970178097486496
      ]
    },
    {
      "coordinates": [
        227,
        136
      ],
      "magnitude": 5.530949592590332,
      "direction": [
        0.9759865999221802,
        -0.2178305685520172
      ]
    },
    {
      "coordinates": [
        250,
        136
      ],
      "magnitude": 6.051904201507568,
      "direction": [
        0.9689889550209045,
        -0.24710406363010406
      ]
    },
    {
      "coordinates": [
        273,
        136
      ],
      "magnitude": 6.187624931335449,
      "direction": [
        0.9653359055519104,
        -0.26101067662239075
      ]
    },
    {
      "coordinates": [
        296,
        136
      ],
      "magnitude": 5.692575454711914,
      "direction": [
        0.9796417355537415,
        -0.20075373351573944
      ]
    },
    {
      "coordinates": [
        319,
        136
      ],
      "magnitude": 5.320475101470947,
      "direction": [
        0.9926972389221191,
        -0.120632603764534
      ]
    },
    {
      "coordinates": [
        0,
        153
      ],
      "magnitude": 5.208319187164307,
      "direction": [
        -0.9996011257171631,
        -0.02824108488857746
      ]
    },
    {
      "coordinates": [
        22,
        153
      ],
      "magnitude": 4.753030300140381,
      "direction": [
        -0.9999051690101624,
        0.013773450627923012
      ]
    },
    {
      "coordinates": [
        45,
        153
      ],
      "magnitude": 4.318312168121338,
      "direction": [
        -0.9994081258773804,
        0.034400153905153275
      ]
    },
    {
      "coordinates": [
        68,
        153
      ],
      "magnitude": 2.690345048904419,
      "direction": [
        -0.9820734858512878,
        0.188498392701149
      ]
    },
    {
      "coordinates": [
        91,
        153
      ],
      "magnitude": 1.231218934059143,
      "direction": [
        -0.9086846709251404,
        -0.41748306155204773
      ]
    },
    {
      "coordinates": [
        113,
        153
      ],
      "magnitude": 0.507782518863678,
      "direction": [
        0.9946102499961853,
        -0.10368475317955017
      ]
    },
    {
      "coordinates": [
        136,
        153
      ],
      "magnitude": 2.6949102878570557,
      "direction": [
        0.9999956488609314,
        -0.0029589759651571512
      ]
    },
    {
      "coordinates": [
        159,
        153
      ],
      "magnitude": 3.812497138977051,
      "direction": [
        0.9480360150337219,
        0.3181631565093994
      ]
    },
    {
      "coordinates": [
        182,
        153
      ],
      "magnitude": 4.764529705047607,
      "direction": [
        0.9185546040534973,
        0.3952941298484802
      ]
    },
    {
      "coordinates": [
        205,
        153
      ],
      "magnitude": 5.375505447387695,
      "direction": [
        0.9918230175971985,
        0.127620667219162
      ]
    },
    {
      "coordinates": [
        227,
        153
      ],
      "magnitude": 5.893765449523926,
      "direction": [
        0.9981080889701843,
        -0.06148402765393257
      ]
    },
    {
      "coordinates": [
        250,
        153
      ],
      "magnitude": 6.691993236541748,
      "direction": [
        0.9929462671279907,
        -0.11856543272733688
      ]
    },
    {
      "coordinates": [
        273,
        153
      ],
      "magnitude": 6.4734697341918945,
      "direction": [
        0.9902645945549011,
        -0.1391974240541458
      ]
    },
    {
      "coordinates": [
        296,
        153
      ],
      "magnitude": 6.010667324066162,
      "direction": [
        0.9942700266838074,
        -0.10689739137887955
      ]
    },
    {
      "coordinates": [
        319,
        153
      ],
      "magnitude": 5.507080078125,
      "direction": [
        0.9982132911682129,
        -0.0597502775490284
      ]
    },
    {
      "coordinates": [
        0,
        170
      ],
      "magnitude": 5.9768757820129395,
      "direction": [
        -0.957983136177063,
        0.28682461380958557
      ]
    },
    {
      "coordinates": [
        22,
        170
      ],
      "magnitude": 5.72316837310791,
      "direction": [
        -0.9551492929458618,
        0.29612457752227783
      ]
    },
    {
      "coordinates": [
        45,
        170
      ],
      "magnitude": 5.2403411865234375,
      "direction": [
        -0.9162302613258362,
        0.4006521701812744
      ]
    },
    {
      "coordinates": [
        68,
        170
      ],
      "magnitude": 3.012481689453125,
      "direction": [
        -0.8164524435997009,
        0.5774127244949341
      ]
    },
    {
      "coordinates": [
        91,
        170
      ],
      "magnitude": 2.326859951019287,
      "direction": [
        -0.7561146020889282,
        0.6544392108917236
      ]
    },
    {
      "coordinates": [
        113,
        170
      ],
      "magnitude": 2.221982479095459,
      "direction": [
        0.3867552578449249,
        0.9221824407577515
      ]
    },
    {
      "coordinates": [
        136,
        170
      ],
      "magnitude": 3.5039780139923096,
      "direction": [
        0.8188069462776184,
        0.574069082736969
      ]
    },
    {
      "coordinates": [
        159,
        170
      ],
      "magnitude": 4.102309703826904,
      "direction": [
        0.8018115758895874,
        0.597576916217804
      ]
    },
    {
      "coordinates": [
        182,
        170
      ],
      "magnitude": 5.510061264038086,
      "direction": [
        0.8690492510795593,
        0.4947255551815033
      ]
    },
    {
      "coordinates": [
        205,
        170
      ],
      "magnitude": 5.710785388946533,
      "direction": [
        0.9278605580329895,
        0.3729272782802582
      ]
    },
    {
      "coordinates": [
        227,
        170
      ],
      "magnitude": 6.287422180175781,
      "direction": [
        0.9930656552314758,
        0.11756133288145065
      ]
    },
    {
      "coordinates": [
        250,
        170
      ],
      "magnitude": 7.010155200958252,
      "direction": [
        0.998971164226532,
        0.045349832624197006
      ]
    },
    {
      "coordinates": [
        273,
        170
      ],
      "magnitude": 6.79212760925293,
      "direction": [
        0.9999678730964661,
        0.008016864769160748
      ]
    },
    {
      "coordinates": [
        296,
        170
      ],
      "magnitude": 6.203702926635742,
      "direction": [
        0.9997031688690186,
        -0.024364303797483444
      ]
    },
    {
      "coordinates": [
        319,
        170
      ],
      "magnitude": 5.5983195304870605,
      "direction": [
        0.9976264238357544,
        -0.06885891407728195
      ]
    },
    {
      "coordinates": [
        0,
        187
      ],
      "magnitude": 6.61142635345459,
      "direction": [
        -0.9364926218986511,
        0.3506871163845062
      ]
    },
    {
      "coordinates": [
        22,
        187
      ],
      "magnitude": 6.322297096252441,
      "direction": [
        -0.9283969402313232,
        0.37159013748168945
      ]
    },
    {
      "coordinates": [
        45,
        187
      ],
      "magnitude": 6.224989891052246,
      "direction": [
        -0.8919023275375366,
        0.4522281289100647
      ]
    },
    {
      "coordinates": [
        68,
        187
      ],
      "magnitude": 4.285338401794434,
      "direction": [
        -0.6796875596046448,
        0.7335017919540405
      ]
    },
    {
      "coordinates": [
        91,
        187
      ],
      "magnitude": 3.085559368133545,
      "direction": [
        -0.3728245496749878,
        0.9279018640518188
      ]
    },
    {
      "coordinates": [
        113,
        187
      ],
      "magnitude": 3.382237434387207,
      "direction": [
        0.19772206246852875,
        0.9802581071853638
      ]
    },
    {
      "coordinates": [
        136,
        187
      ],
      "magnitude": 4.524953842163086,
      "direction": [
        0.5073784589767456,
        0.8617233037948608
      ]
    },
    {
      "coordinates": [
        159,
        187
      ],
      "magnitude": 5.874615669250488,
      "direction": [
        0.6336750388145447,
        0.7735993266105652
      ]
    },
    {
      "coordinates": [
        182,
        187
      ],
      "magnitude": 6.976673603057861,
      "direction": [
        0.7294575572013855,
        0.6840260028839111
      ]
    },
    {
      "coordinates": [
        205,
        187
      ],
      "magnitude": 6.79315710067749,
      "direction": [
        0.8357815146446228,
        0.5490620732307434
      ]
    },
    {
      "coordinates": [
        227,
        187
      ],
      "magnitude": 6.698001861572266,
      "direction": [
        0.9465261101722717,
        0.32262706756591797
      ]
    },
    {
      "coordinates": [
        250,
        187
      ],
      "magnitude": 7.167031288146973,
      "direction": [
        0.9869441986083984,
        0.16106250882148743
      ]
    },
    {
      "coordinates": [
        273,
        187
      ],
      "magnitude": 7.008584499359131,
      "direction": [
        0.9899096488952637,
        0.14170005917549133
      ]
    },
    {
      "coordinates": [
        296,
        187
      ],
      "magnitude": 6.8106608390808105,
      "direction": [
        0.9957166314125061,
        0.0924573615193367
      ]
    },
    {
      "coordinates": [
        319,
        187
      ],
      "magnitude": 5.8736491203308105,
      "direction": [
        0.9999976754188538,
        0.002182981465011835
      ]
    },
    {
      "coordinates": [
        0,
        204
      ],
      "magnitude": 7.136075496673584,
      "direction": [
        -0.9121813774108887,
        0.4097866117954254
      ]
    },
    {
      "coordinates": [
        22,
        204
      ],
      "magnitude": 7.190939903259277,
      "direction": [
        -0.8522385954856873,
        0.5231532454490662
      ]
    },
    {
      "coordinates": [
        45,
        204
      ],
      "magnitude": 7.197370529174805,
      "direction": [
        -0.746515154838562,
        0.665368378162384
      ]
    },
    {
      "coordinates": [
        68,
        204
      ],
      "magnitude": 5.376543998718262,
      "direction": [
        -0.6009020805358887,
        0.7993226647377014
      ]
    },
    {
      "coordinates": [
        91,
        204
      ],
      "magnitude": 4.8535566329956055,
      "direction": [
        -0.27378812432289124,
        0.9617900252342224
      ]
    },
    {
      "coordinates": [
        113,
        204
      ],
      "magnitude": 5.80072546005249,
      "direction": [
        -0.04160801321268082,
        0.9991340041160583
      ]
    },
    {
      "coordinates": [
        136,
        204
      ],
      "magnitude": 5.505913257598877,
      "direction": [
        0.4232335090637207,
        0.9060206413269043
      ]
    },
    {
      "coordinates": [
        159,
        204
      ],
      "magnitude": 7.072317600250244,
      "direction": [
        0.5180773138999939,
        0.8553337454795837
      ]
    },
    {
      "coordinates": [
        182,
        204
      ],
      "magnitude": 8.245789527893066,
      "direction": [
        0.5844516158103943,
        0.8114286065101624
      ]
    },
    {
      "coordinates": [
        205,
        204
      ],
      "magnitude": 8.010265350341797,
      "direction": [
        0.7962620258331299,
        0.6049518585205078
      ]
    },
    {
      "coordinates": [
        227,
        204
      ],
      "magnitude": 7.379695415496826,
      "direction": [
        0.8497808575630188,
        0.5271362066268921
      ]
    },
    {
      "coordinates": [
        250,
        204
      ],
      "magnitude": 7.487185001373291,
      "direction": [
        0.9215858578681946,
        0.38817453384399414
      ]
    },
    {
      "coordinates": [
        273,
        204
      ],
      "magnitude": 7.316036224365234,
      "direction": [
        0.9680333733558655,
        0.25082138180732727
      ]
    },
    {
      "coordinates": [
        296,
        204
      ],
      "magnitude": 6.9600372314453125,
      "direction": [
        0.9849597811698914,
        0.17278392612934113
      ]
    },
    {
      "coordinates": [
        319,
        204
      ],
      "magnitude": 5.943421840667725,
      "direction": [
        0.9936763048171997,
        0.11228270828723907
      ]
    },
    {
      "coordinates": [
        0,
        221
      ],
      "magnitude": 7.88403844833374,
      "direction": [
        -0.8371257185935974,
        0.547010600566864
      ]
    },
    {
      "coordinates": [
        22,
        221
      ],
      "magnitude": 8.073281288146973,
      "direction": [
        -0.75958251953125,
        0.6504109501838684
      ]
    },
    {
      "coordinates": [
        45,
        221
      ],
      "magnitude": 7.837085247039795,
      "direction": [
        -0.6047111749649048,
        0.796444833278656
      ]
    },
    {
      "coordinates": [
        68,
        221
      ],
      "magnitude": 7.236806869506836,
      "direction": [
        -0.4646770656108856,
        0.8854802250862122
      ]
    },
    {
      "coordinates": [
        91,
        221
      ],
      "magnitude": 6.519186973571777,
      "direction": [
        -0.1809360384941101,
        0.9834948182106018
      ]
    },
    {
      "coordinates": [
        113,
        221
      ],
      "magnitude": 6.650667190551758,
      "direction": [
        -0.03209756314754486,
        0.9994847774505615
      ]
    },
    {
      "coordinates": [
        136,
        221
      ],
      "magnitude": 7.3496479988098145,
      "direction": [
        0.27902907133102417,
        0.9602826237678528
      ]
    },
    {
      "coordinates": [
        159,
        221
      ],
      "magnitude": 8.853425025939941,
      "direction": [
        0.416856974363327,
        0.9089721441268921
      ]
    },
    {
      "coordinates": [
        182,
        221
      ],
      "magnitude": 9.52342700958252,
      "direction": [
        0.4832051396369934,
        0.8755071759223938
      ]
    },
    {
      "coordinates": [
        205,
        221
      ],
      "magnitude": 9.130105018615723,
      "direction": [
        0.7021260261535645,
        0.7120527625083923
      ]
    },
    {
      "coordinates": [
        227,
        221
      ],
      "magnitude": 8.466212272644043,
      "direction": [
        0.8016677498817444,
        0.5977697372436523
      ]
    },
    {
      "coordinates": [
        250,
        221
      ],
      "magnitude": 8.329331398010254,
      "direction": [
        0.8532695174217224,
        0.5214701890945435
      ]
    },
    {
      "coordinates": [
        273,
        221
      ],
      "magnitude": 8.343412399291992,
      "direction": [
        0.9275951981544495,
        0.3735867440700531
      ]
    },
    {
      "coordinates": [
        296,
        221
      ],
      "magnitude": 6.766028881072998,
      "direction": [
        0.964236319065094,
        0.26504403352737427
      ]
    },
    {
      "coordinates": [
        319,
        221
      ],
      "magnitude": 6.031325817108154,
      "direction": [
        0.980168879032135,
        0.1981639415025711
      ]
    },
    {
      "coordinates": [
        0,
        239
      ],
      "magnitude": 7.814359188079834,
      "direction": [
        -0.7535322904586792,
        0.6574109196662903
      ]
    },
    {
      "coordinates": [
        22,
        239
      ],
      "magnitude": 8.793061256408691,
      "direction": [
        -0.6800803542137146,
        0.7331376075744629
      ]
    },
    {
      "coordinates": [
        45,
        239
      ],
      "magnitude": 8.892351150512695,
      "direction": [
        -0.5152328610420227,
        0.8570502996444702
      ]
    },
    {
      "coordinates": [
        68,
        239
      ],
      "magnitude": 8.522591590881348,
      "direction": [
        -0.3319112956523895,
        0.9433106780052185
      ]
    },
    {
      "coordinates": [
        91,
        239
      ],
      "magnitude": 7.96580171585083,
      "direction": [
        -0.13943006098270416,
        0.9902318716049194
      ]
    },
    {
      "coordinates": [
        113,
        239
      ],
      "magnitude": 8.141951560974121,
      "direction": [
        0.027373451739549637,
        0.9996253252029419
      ]
    },
    {
      "coordinates": [
        136,
        239
      ],
      "magnitude": 9.635766983032227,
      "direction": [
        0.27993708848953247,
        0.9600183367729187
      ]
    },
    {
      "coordinates": [
        159,
        239
      ],
      "magnitude": 10.85836410522461,
      "direction": [
        0.3471917510032654,
        0.9377942085266113
      ]
    },
    {
      "coordinates": [
        182,
        239
      ],
      "magnitude": 11.071602821350098,
      "direction": [
        0.4525092840194702,
        0.8917596936225891
      ]
    },
    {
      "coordinates": [
        205,
        239
      ],
      "magnitude": 10.16282844543457,
      "direction": [
        0.6212819814682007,
        0.7835870385169983
      ]
    },
    {
      "coordinates": [
        227,
        239
      ],
      "magnitude": 9.41392993927002,
      "direction": [
        0.6991441249847412,
        0.7149807214736938
      ]
    },
    {
      "coordinates": [
        250,
        239
      ],
      "magnitude": 8.818314552307129,
      "direction": [
        0.7924267649650574,
        0.609967052936554
      ]
    },
    {
      "coordinates": [
        273,
        239
      ],
      "magnitude": 8.291830062866211,
      "direction": [
        0.8876461982727051,
        0.4605260491371155
      ]
    },
    {
      "coordinates": [
        296,
        239
      ],
      "magnitude": 6.994904041290283,
      "direction": [
        0.9217516183853149,
        0.3877808749675751
      ]
    },
    {
      "coordinates": [
        319,
        239
      ],
      "magnitude": 5.997603416442871,
      "direction": [
        0.9663861393928528,
        0.2570950388908386
      ]
    }
  ],
  "shear_mesh": [
    {
      "coordinates": [
        0,
        0
      ],
      "magnitude": 2.6606736183166504,
      "direction": [
        0.8389350175857544,
        0.544231653213501
      ]
    },
    {
      "coordinates": [
        22,
        0
      ],
      "magnitude": 2.7053580284118652,
      "direction": [
        0.8583548069000244,
        0.5130565166473389
      ]
    },
    {
      "coordinates": [
        45,
        0
      ],
      "magnitude": 2.494210958480835,
      "direction": [
        0.7535113096237183,
        0.6574349403381348
      ]
    },
    {
      "coordinates": [
        68,
        0
      ],
      "magnitude": 2.4621145725250244,
      "direction": [
        0.6953524947166443,
        0.7186688780784607
      ]
    },
    {
      "coordinates": [
        91,
        0
      ],
      "magnitude": 2.31888747215271,
      "direction": [
        0.6874071955680847,
        0.7262722253799438
      ]
    },
    {
      "coordinates": [
        113,
        0
      ],
      "magnitude": 2.500053882598877,
      "direction": [
        0.6700411438941956,
        0.7423239946365356
      ]
    },
    {
      "coordinates": [
        136,
        0
      ],
      "magnitude": 2.2938647270202637,
      "direction": [
        0.5622309446334839,
        0.8269802927970886
      ]
    },
    {
      "coordinates": [
        159,
        0
      ],
      "magnitude": 2.1813759803771973,
      "direction": [
        0.4609251022338867,
        0.8874390721321106
      ]
    },
    {
      "coordinates": [
        182,
        0
      ],
      "magnitude": 2.236919641494751,
      "direction": [
        0.3641950786113739,
        0.9313227534294128
      ]
    },
    {
      "coordinates": [
        205,
        0
      ],
      "magnitude": 1.9706915616989136,
      "direction": [
        0.22546914219856262,
        0.974250316619873
      ]
    },
    {
      "coordinates": [
        227,
        0
      ],
      "magnitude": 1.4174342155456543,
      "direction": [
        0.1268376260995865,
        0.9919235110282898
      ]
    },
    {
      "coordinates": [
        250,
        0
      ],
      "magnitude": 1.737162709236145,
      "direction": [
        0.32543623447418213,
        0.9455639719963074
      ]
    },
    {
      "coordinates": [
        273,
        0
      ],
      "magnitude": 1.1538918018341064,
      "direction": [
        0.5088097453117371,
        0.8608790040016174
      ]
    },
    {
      "coordinates": [
        296,
        0
      ],
      "magnitude": 0.8286047577857971,
      "direction": [
        0.5427300333976746,
        0.8399072289466858
      ]
    },
    {
      "coordinates": [
        319,
        0
      ],
      "magnitude": 0.7156307697296143,
      "direction": [
        0.616168737411499,
        0.7876141667366028
      ]
    },
    {
      "coordinates": [
        0,
        17
      ],
      "magnitude": 2.451627492904663,
      "direction": [
        0.8534329533576965,
        0.5212026238441467
      ]
    },
    {
      "coordinates": [
        22,
        17
      ],
      "magnitude": 2.777928590774536,
      "direction": [
        0.8153464794158936,
        0.5789732933044434
      ]
    },
    {
      "coordinates": [
        45,
        17
      ],
      "magnitude": 2.7122433185577393,
      "direction": [
        0.7544249892234802,
        0.6563863158226013
      ]
    },
    {
      "coordinates": [
        68,
        17
      ],
      "magnitude": 2.675661325454712,
      "direction": [
        0.6852518916130066,
        0.7283061146736145
      ]
    },
    {
      "coordinates": [
        91,
        17
      ],
      "magnitude": 2.4990291595458984,
      "direction": [
        0.7322070598602295,
        0.6810820698738098
      ]
    },
    {
      "coordinates": [
        113,
        17
      ],
      "magnitude": 2.593214511871338,
      "direction": [
        0.5788101553916931,
        0.8154623508453369
      ]
    },
    {
      "coordinates": [
        136,
        17
      ],
      "magnitude": 2.351480722427368,
      "direction": [
        0.4338485300540924,
        0.9009858965873718
      ]
    },
    {
      "coordinates": [
        159,
        17
      ],
      "magnitude": 2.256416082382202,
      "direction": [
        0.35600706934928894,
        0.9344833493232727
      ]
    },
    {
      "coordinates": [
        182,
        17
      ],
      "magnitude": 2.3753373622894287,
      "direction": [
        0.2793174982070923,
        0.9601987600326538
      ]
    },
    {
      "coordinates": [
        205,
        17
      ],
      "magnitude": 2.0776565074920654,
      "direction": [
        0.18469543755054474,
        0.982795774936676
      ]
    },
    {
      "coordinates": [
        227,
        17
      ],
      "magnitude": 1.5402698516845703,
      "direction": [
        0.20090745389461517,
        0.9796102046966553
      ]
    },
    {
      "coordinates": [
        250,
        17
      ],
      "magnitude": 1.4157800674438477,
      "direction": [
        0.21178995072841644,
        0.9773152470588684
      ]
    },
    {
      "coordinates": [
        273,
        17
      ],
      "magnitude": 1.144368290901184,
      "direction": [
        0.3582528531551361,
        0.9336246252059937
      ]
    },
    {
      "coordinates": [
        296,
        17
      ],
      "magnitude": 0.8456188440322876,
      "direction": [
        0.500701367855072,
        0.8656201362609863
      ]
    },
    {
      "coordinates": [
        319,
        17
      ],
      "magnitude": 0.7174769043922424,
      "direction": [
        0.4992618262767792,
        0.8664511442184448
      ]
    },
    {
      "coordinates": [
        0,
        34
      ],
      "magnitude": 2.683056592941284,
      "direction": [
        0.8809244632720947,
        0.4732569456100464
      ]
    },
    {
      "coordinates": [
        22,
        34
      ],
      "magnitude": 2.6797971725463867,
      "direction": [
        0.8008447289466858,
        0.5988721251487732
      ]
    },
    {
      "coordinates": [
        45,
        34
      ],
      "magnitude": 2.823085308074951,
      "direction": [
        0.7513490319252014,
        0.659904956817627
      ]
    },
    {
      "coordinates": [
        68,
        34
      ],
      "magnitude": 2.913522720336914,
      "direction": [
        0.7272144556045532,
        0.6864103674888611
      ]
    },
    {
      "coordinates": [
        91,
        34
      ],
      "magnitude": 2.6520023345947266,
      "direction": [
        0.7187204360961914,
        0.6952991485595703
      ]
    },
    {
      "coordinates": [
        113,
        34
      ],
      "magnitude": 2.9234652519226074,
      "direction": [
        0.5478927493095398,
        0.8365485072135925
      ]
    },
    {
      "coordinates": [
        136,
        34
      ],
      "magnitude": 2.7974936962127686,
      "direction": [
        0.4760935604572296,
        0.8793945908546448
      ]
    },
    {
      "coordinates": [
        159,
        34
      ],
      "magnitude": 2.476278066635132,
      "direction": [
        0.358174592256546,
        0.9336546659469604
      ]
    },
    {
      "coordinates": [
        182,
        34
      ],
      "magnitude": 2.559847593307495,
      "direction": [
        0.1753619760274887,
        0.984503984451294
      ]
    },
    {
      "coordinates": [
        205,
        34
      ],
      "magnitude": 2.0839014053344727,
      "direction": [
        0.18548184633255005,
        0.982647716999054
      ]
    },
    {
      "coordinates": [
        227,
        34
      ],
      "magnitude": 1.704632043838501,
      "direction": [
        0.13734817504882812,
        0.9905228018760681
      ]
    },
    {
      "coordinates": [
        250,
        34
      ],
      "magnitude": 1.2712290287017822,
      "direction": [
        0.057780805975198746,
        0.9983292818069458
      ]
    },
    {
      "coordinates": [
        273,
        34
      ],
      "magnitude": 1.1201486587524414,
      "direction": [
        0.1349010467529297,
        0.9908591508865356
      ]
    },
    {
      "coordinates": [
        296,
        34
      ],
      "magnitude": 0.7167203426361084,
      "direction": [
        0.4591609537601471,
        0.8883531093597412
      ]
    },
    {
      "coordinates": [
        319,
        34
      ],
      "magnitude": 0.7338432669639587,
      "direction": [
        0.2837510108947754,
        0.9588979482650757
      ]
    },
    {
      "coordinates": [
        0,
        51
      ],
      "magnitude": 2.893280506134033,
      "direction": [
        0.8410894274711609,
        0.5408961772918701
      ]
    },
    {
      "coordinates": [
        22,
        51
      ],
      "magnitude": 2.941784620285034,
      "direction": [
        0.8133366703987122,
        0.5817933082580566
      ]
    },
    {
      "coordinates": [
        45,
        51
      ],
      "magnitude": 2.8895926475524902,
      "direction": [
        0.6943850517272949,
        0.7196036577224731
      ]
    },
    {
      "coordinates": [
        68,
        51
      ],
      "magnitude": 2.994621515274048,
      "direction": [
        0.6950927972793579,
        0.7189199924468994
      ]
    },
    {
      "coordinates": [
        91,
        51
      ],
      "magnitude": 2.6649045944213867,
      "direction": [
        0.6154216527938843,
        0.7881981730461121
      ]
    },
    {
      "coordinates": [
        113,
        51
      ],
      "magnitude": 2.8242685794830322,
      "direction": [
        0.5421407222747803,
        0.8402876853942871
      ]
    },
    {
      "coordinates": [
        136,
        51
      ],
      "magnitude": 3.214024543762207,
      "direction": [
        0.5087043642997742,
        0.8609412312507629
      ]
    },
    {
      "coordinates": [
        159,
        51
      ],
      "magnitude": 2.8674304485321045,
      "direction": [
        0.39643794298171997,
        0.9180614948272705
      ]
    },
    {
      "coordinates": [
        182,
        51
      ],
      "magnitude": 2.897116184234619,
      "direction": [
        0.2464914470911026,
        0.9691449403762817
      ]
    },
    {
      "coordinates": [
        205,
        51
      ],
      "magnitude": 2.304699182510376,
      "direction": [
        0.10379812866449356,
        0.9945983290672302
      ]
    },
    {
      "coordinates": [
        227,
        51
      ],
      "magnitude": 1.8291493654251099,
      "direction": [
        -0.06213774532079697,
        0.9980675578117371
      ]
    },
    {
      "coordinates": [
        250,
        51
      ],
      "magnitude": 1.1979644298553467,
      "direction": [
        0.10713260620832443,
        0.9942447543144226
      ]
    },
    {
      "coordinates": [
        273,
        51
      ],
      "magnitude": 1.0522749423980713,
      "direction": [
        0.2879328727722168,
        0.9576506614685059
      ]
    },
    {
      "coordinates": [
        296,
        51
      ],
      "magnitude": 0.6325905323028564,
      "direction": [
        0.2611626088619232,
        0.9652947783470154
      ]
    },
    {
      "coordinates": [
        319,
        51
      ],
      "magnitude": 0.8297120332717896,
      "direction": [
        0.40393438935279846,
        0.9147879481315613
      ]
    },
    {
      "coordinates": [
        0,
        68
      ],
      "magnitude": 2.363267183303833,
      "direction": [
        0.7801116108894348,
        0.625640332698822
      ]
    },
    {
      "coordinates": [
        22,
        68
      ],
      "magnitude": 2.8485054969787598,
      "direction": [
        0.7357231378555298,
        0.6772823929786682
      ]
    },
    {
      "coordinates": [
        45,
        68
      ],
      "magnitude": 2.992302656173706,
      "direction": [
        0.6731916069984436,
        0.739467978477478
      ]
    },
    {
      "coordinates": [
        68,
        68
      ],
      "magnitude": 2.7602789402008057,
      "direction": [
        0.5903620719909668,
        0.8071385025978088
      ]
    },
    {
      "coordinates": [
        91,
        68
      ],
      "magnitude": 2.658522605895996,
      "direction": [
        0.5289373397827148,
        0.8486608862876892
      ]
    },
    {
      "coordinates": [
        113,
        68
      ],
      "magnitude": 2.689742088317871,
      "direction": [
        0.493075966835022,
        0.8699862360954285
      ]
    },
    {
      "coordinates": [
        136,
        68
      ],
      "magnitude": 3.0940451622009277,
      "direction": [
        0.3893156051635742,
        0.9211044311523438
      ]
    },
    {
      "coordinates": [
        159,
        68
      ],
      "magnitude": 3.1179697513580322,
      "direction": [
        0.36601686477661133,
        0.9306082725524902
      ]
    },
    {
      "coordinates": [
        182,
        68
      ],
      "magnitude": 3.160682439804077,
      "direction": [
        0.21469049155712128,
        0.976682186126709
      ]
    },
    {
      "coordinates": [
        205,
        68
      ],
      "magnitude": 2.6470582485198975,
      "direction": [
        0.11809126287698746,
        0.993002712726593
      ]
    },
    {
      "coordinates": [
        227,
        68
      ],
      "magnitude": 1.6876360177993774,
      "direction": [
        0.03625807911157608,
        0.9993424415588379
      ]
    },
    {
      "coordinates": [
        250,
        68
      ],
      "magnitude": 1.17434823513031,
      "direction": [
        0.051706623286008835,
        0.9986622929573059
      ]
    },
    {
      "coordinates": [
        273,
        68
      ],
      "magnitude": 0.9506887793540955,
      "direction": [
        0.17653198540210724,
        0.9842948913574219
      ]
    },
    {
      "coordinates": [
        296,
        68
      ],
      "magnitude": 0.6731917262077332,
      "direction": [
        -0.06131283566355705,
        0.9981185793876648
      ]
    },
    {
      "coordinates": [
        319,
        68
      ],
      "magnitude": 0.49244844913482666,
      "direction": [
        0.5050478577613831,
        0.8630912899971008
      ]
    },
    {
      "coordinates": [
        0,
        85
      ],
      "magnitude": 2.3375802040100098,
      "direction": [
        0.7443493604660034,
        0.6677903532981873
      ]
    },
    {
      "coordinates": [
        22,
        85
      ],
      "magnitude": 2.1700356006622314,
      "direction": [
        0.6574491262435913,
        0.7534990310668945
      ]
    },
    {
      "coordinates": [
        45,
        85
      ],
      "magnitude": 2.613295316696167,
      "direction": [
        0.5944146513938904,
        0.8041587471961975
      ]
    },
    {
      "coordinates": [
        68,
        85
      ],
      "magnitude": 2.8999903202056885,
      "direction": [
        0.5108578205108643,
        0.8596652150154114
      ]
    },
    {
      "coordinates": [
        91,
        85
      ],
      "magnitude": 2.7158050537109375,
      "direction": [
        0.49426648020744324,
        0.8693104386329651
      ]
    },
    {
      "coordinates": [
        113,
        85
      ],
      "magnitude": 2.807835578918457,
      "direction": [
        0.395727276802063,
        0.9183681011199951
      ]
    },
    {
      "coordinates": [
        136,
        85
      ],
      "magnitude": 2.953087329864502,
      "direction": [
        0.32622286677360535,
        0.9452928900718689
      ]
    },
    {
      "coordinates": [
        159,
        85
      ],
      "magnitude": 3.2121784687042236,
      "direction": [
        0.31205618381500244,
        0.9500636458396912
      ]
    },
    {
      "coordinates": [
        182,
        85
      ],
      "magnitude": 3.579681873321533,
      "direction": [
        0.15502826869487762,
        0.9879100322723389
      ]
    },
    {
      "coordinates": [
        205,
        85
      ],
      "magnitude": 2.7517824172973633,
      "direction": [
        0.08567073196172714,
        0.9963235259056091
      ]
    },
    {
      "coordinates": [
        227,
        85
      ],
      "magnitude": 1.80669105052948,
      "direction": [
        0.10675427317619324,
        0.9942854642868042
      ]
    },
    {
      "coordinates": [
        250,
        85
      ],
      "magnitude": 1.24733567237854,
      "direction": [
        0.2659783959388733,
        0.9639789462089539
      ]
    },
    {
      "coordinates": [
        273,
        85
      ],
      "magnitude": 1.0463711023330688,
      "direction": [
        0.1597304344177246,
        0.9871606230735779
      ]
    },
    {
      "coordinates": [
        296,
        85
      ],
      "magnitude": 0.6980307698249817,
      "direction": [
        0.668358564376831,
        0.7438392639160156
      ]
    },
    {
      "coordinates": [
        319,
        85
      ],
      "magnitude": 0.5640999674797058,
      "direction": [
        0.9374411106109619,
        0.34814369678497314
      ]
    },
    {
      "coordinates": [
        0,
        102
      ],
      "magnitude": 2.179903745651245,
      "direction": [
        0.6379171013832092,
        0.7701049447059631
      ]
    },
    {
      "coordinates": [
        22,
        102
      ],
      "magnitude": 2.1705100536346436,
      "direction": [
        0.499141663312912,
        0.8665204048156738
      ]
    },
    {
      "coordinates": [
        45,
        102
      ],
      "magnitude": 2.2769792079925537,
      "direction": [
        0.4692220985889435,
        0.883080244064331
      ]
    },
    {
      "coordinates": [
        68,
        102
      ],
      "magnitude": 2.765352249145508,
      "direction": [
        0.43109261989593506,
        0.9023076295852661
      ]
    },
    {
      "coordinates": [
        91,
        102
      ],
      "magnitude": 2.730982780456543,
      "direction": [
        0.4555397927761078,
        0.8902154564857483
      ]
    },
    {
      "coordinates": [
        113,
        102
      ],
      "magnitude": 2.9853246212005615,
      "direction": [
        0.39193421602249146,
        0.9199932813644409
      ]
    },
    {
      "coordinates": [
        136,
        102
      ],
      "magnitude": 2.96411395072937,
      "direction": [
        0.36397939920425415,
        0.9314070343971252
      ]
    },
    {
      "coordinates": [
        159,
        102
      ],
      "magnitude": 3.4648709297180176,
      "direction": [
        0.2659013271331787,
        0.9640002846717834
      ]
    },
    {
      "coordinates": [
        182,
        102
      ],
      "magnitude": 3.760040283203125,
      "direction": [
        0.18372119963169098,
        0.982978343963623
      ]
    },
    {
      "coordinates": [
        205,
        102
      ],
      "magnitude": 2.9410593509674072,
      "direction": [
        0.0664907768368721,
        0.9977869987487793
      ]
    },
    {
      "coordinates": [
        227,
        102
      ],
      "magnitude": 1.8029855489730835,
      "direction": [
        0.06672928482294083,
        0.9977710843086243
      ]
    },
    {
      "coordinates": [
        250,
        102
      ],
      "magnitude": 1.1768380403518677,
      "direction": [
        0.011694207787513733,
        0.9999316334724426
      ]
    },
    {
      "coordinates": [
        273,
        102
      ],
      "magnitude": 0.8661122918128967,
      "direction": [
        0.37849414348602295,
        0.9256036877632141
      ]
    },
    {
      "coordinates": [
        296,
        102
      ],
      "magnitude": 0.6970693469047546,
      "direction": [
        0.7777274250984192,
        0.6286016702651978
      ]
    },
    {
      "coordinates": [
        319,
        102
      ],
      "magnitude": 0.6407533288002014,
      "direction": [
        0.9500784873962402,
        0.31201088428497314
      ]
    },
    {
      "coordinates": [
        0,
        119
      ],
      "magnitude": 2.0211241245269775,
      "direction": [
        0.6556786894798279,
        0.7550399899482727
      ]
    },
    {
      "coordinates": [
        22,
        119
      ],
      "magnitude": 2.542494058609009,
      "direction": [
        0.5558856129646301,
        0.8312587738037109
      ]
    },
    {
      "coordinates": [
        45,
        119
      ],
      "magnitude": 2.349273920059204,
      "direction": [
        0.51606285572052,
        0.8565506339073181
      ]
    },
    {
      "coordinates": [
        68,
        119
      ],
      "magnitude": 2.6800100803375244,
      "direction": [
        0.426776647567749,
        0.9043570756912231
      ]
    },
    {
      "coordinates": [
        91,
        119
      ],
      "magnitude": 2.672801971435547,
      "direction": [
        0.32629725337028503,
        0.9452672600746155
      ]
    },
    {
      "coordinates": [
        113,
        119
      ],
      "magnitude": 2.8686139583587646,
      "direction": [
        0.37863850593566895,
        0.9255446195602417
      ]
    },
    {
      "coordinates": [
        136,
        119
      ],
      "magnitude": 2.9132347106933594,
      "direction": [
        0.29268714785575867,
        0.9562082290649414
      ]
    },
    {
      "coordinates": [
        159,
        119
      ],
      "magnitude": 3.694199800491333,
      "direction": [
        0.2357693463563919,
        0.9718090295791626
      ]
    },
    {
      "coordinates": [
        182,
        119
      ],
      "magnitude": 3.9012365341186523,
      "direction": [
        0.1458410769701004,
        0.9893080592155457
      ]
    },
    {
      "coordinates": [
        205,
        119
      ],
      "magnitude": 3.2149736881256104,
      "direction": [
        0.17298828065395355,
        0.9849238991737366
      ]
    },
    {
      "coordinates": [
        227,
        119
      ],
      "magnitude": 1.9107493162155151,
      "direction": [
        0.2311641126871109,
        0.9729147553443909
      ]
    },
    {
      "coordinates": [
        250,
        119
      ],
      "magnitude": 1.2112711668014526,
      "direction": [
        0.40643617510795593,
        0.9136792421340942
      ]
    },
    {
      "coordinates": [
        273,
        119
      ],
      "magnitude": 0.7983566522598267,
      "direction": [
        0.5179945826530457,
        0.8553838729858398
      ]
    },
    {
      "coordinates": [
        296,
        119
      ],
      "magnitude": 0.8394256830215454,
      "direction": [
        0.9126455783843994,
        0.40875184535980225
      ]
    },
    {
      "coordinates": [
        319,
        119
      ],
      "magnitude": 0.6321671009063721,
      "direction": [
        0.8158929347991943,
        0.5782029628753662
      ]
    },
    {
      "coordinates": [
        0,
        136
      ],
      "magnitude": 1.887933373451233,
      "direction": [
        0.6578556895256042,
        0.7531440258026123
      ]
    },
    {
      "coordinates": [
        22,
        136
      ],
      "magnitude": 2.41603684425354,
      "direction": [
        0.5379703640937805,
        0.8429638147354126
      ]
    },
    {
      "coordinates": [
        45,
        136
      ],
      "magnitude": 2.6127212047576904,
      "direction": [
        0.522068977355957,
        0.8529033064842224
      ]
    },
    {
      "coordinates": [
        68,
        136
      ],
      "magnitude": 2.7481331825256348,
      "direction": [
        0.314424067735672,
        0.9492826461791992
      ]
    },
    {
      "coordinates": [
        91,
        136
      ],
      "magnitude": 2.6908717155456543,
      "direction": [
        0.37504029273986816,
        0.9270085692405701
      ]
    },
    {
      "coordinates": [
        113,
        136
      ],
      "magnitude": 2.8041493892669678,
      "direction": [
        0.36976999044418335,
        0.9291232824325562
      ]
    },
    {
      "coordinates": [
        136,
        136
      ],
      "magnitude": 3.1049365997314453,
      "direction": [
        0.32351335883140564,
        0.9462236762046814
      ]
    },
    {
      "coordinates": [
        159,
        136
      ],
      "magnitude": 3.681486129760742,
      "direction": [
        0.26475265622138977,
        0.9643163681030273
      ]
    },
    {
      "coordinates": [
        182,
        136
      ],
      "magnitude": 4.016368389129639,
      "direction": [
        0.16187970340251923,
        0.9868105053901672
      ]
    },
    {
      "coordinates": [
        205,
        136
      ],
      "magnitude": 3.2958006858825684,
      "direction": [
        0.22360150516033173,
        0.9746806621551514
      ]
    },
    {
      "coordinates": [
        227,
        136
      ],
      "magnitude": 2.0500266551971436,
      "direction": [
        0.3610270917415619,
        0.9325552582740784
      ]
    },
    {
      "coordinates": [
        250,
        136
      ],
      "magnitude": 1.283414602279663,
      "direction": [
        0.4699115753173828,
        0.8827134966850281
      ]
    },
    {
      "coordinates": [
        273,
        136
      ],
      "magnitude": 0.9498676061630249,
      "direction": [
        0.8773032426834106,
        0.479936420917511
      ]
    },
    {
      "coordinates": [
        296,
        136
      ],
      "magnitude": 0.8349363803863525,
      "direction": [
        0.9604319334030151,
        0.2785150110721588
      ]
    },
    {
      "coordinates": [
        319,
        136
      ],
      "magnitude": 1.1244045495986938,
      "direction": [
        0.9185250401496887,
        0.39536285400390625
      ]
    },
    {
      "coordinates": [
        0,
        153
      ],
      "magnitude": 1.9466569423675537,
      "direction": [
        0.6047359704971313,
        0.796425998210907
      ]
    },
    {
      "coordinates": [
        22,
        153
      ],
      "magnitude": 2.2849156856536865,
      "direction": [
        0.39673033356666565,
        0.9179351925849915
      ]
    },
    {
      "coordinates": [
        45,
        153
      ],
      "magnitude": 2.6388542652130127,
      "direction": [
        0.387564480304718,
        0.9218425154685974
      ]
    },
    {
      "coordinates": [
        68,
        153
      ],
      "magnitude": 2.613644599914551,
      "direction": [
        0.33735230565071106,
        0.9413784742355347
      ]
    },
    {
      "coordinates": [
        91,
        153
      ],
      "magnitude": 2.3452017307281494,
      "direction": [
        0.35959550738334656,
        0.9331082701683044
      ]
    },
    {
      "coordinates": [
        113,
        153
      ],
      "magnitude": 3.029559373855591,
      "direction": [
        0.3496592044830322,
        0.9368769526481628
      ]
    },
    {
      "coordinates": [
        136,
        153
      ],
      "magnitude": 3.0273044109344482,
      "direction": [
        0.4073961079120636,
        0.913251519203186
      ]
    },
    {
      "coordinates": [
        159,
        153
      ],
      "magnitude": 3.8927364349365234,
      "direction": [
        0.26165977120399475,
        0.9651601910591125
      ]
    },
    {
      "coordinates": [
        182,
        153
      ],
      "magnitude": 4.27259635925293,
      "direction": [
        0.25677818059921265,
        0.9664703607559204
      ]
    },
    {
      "coordinates": [
        205,
        153
      ],
      "magnitude": 3.2796311378479004,
      "direction": [
        0.3206978142261505,
        0.9471815824508667
      ]
    },
    {
      "coordinates": [
        227,
        153
      ],
      "magnitude": 1.9474596977233887,
      "direction": [
        0.3965056240558624,
        0.9180322885513306
      ]
    },
    {
      "coordinates": [
        250,
        153
      ],
      "magnitude": 1.4612879753112793,
      "direction": [
        0.7033329010009766,
        0.7108606696128845
      ]
    },
    {
      "coordinates": [
        273,
        153
      ],
      "magnitude": 1.113824486732483,
      "direction": [
        0.8661679029464722,
        0.49975302815437317
      ]
    },
    {
      "coordinates": [
        296,
        153
      ],
      "magnitude": 0.780799925327301,
      "direction": [
        0.9393909573554993,
        0.3428477644920349
      ]
    },
    {
      "coordinates": [
        319,
        153
      ],
      "magnitude": 1.100588083267212,
      "direction": [
        0.9827920198440552,
        0.18471549451351166
      ]
    },
    {
      "coordinates": [
        0,
        170
      ],
      "magnitude": 1.8503395318984985,
      "direction": [
        0.3135935068130493,
        0.949557363986969
      ]
    },
    {
      "coordinates": [
        22,
        170
      ],
      "magnitude": 1.9761683940887451,
      "direction": [
        0.24053168296813965,
        0.9706413149833679
      ]
    },
    {
      "coordinates": [
        45,
        170
      ],
      "magnitude": 2.5512757301330566,
      "direction": [
        0.25907817482948303,
        0.9658563733100891
      ]
    },
    {
      "coordinates": [
        68,
        170
      ],
      "magnitude": 2.743988513946533,
      "direction": [
        0.2858666181564331,
        0.958269476890564
      ]
    },
    {
      "coordinates": [
        91,
        170
      ],
      "magnitude": 2.3060219287872314,
      "direction": [
        0.3735688328742981,
        0.9276024103164673
      ]
    },
    {
      "coordinates": [
        113,
        170
      ],
      "magnitude": 2.804997682571411,
      "direction": [
        0.3667047321796417,
        0.9303373694419861
      ]
    },
    {
      "coordinates": [
        136,
        170
      ],
      "magnitude": 3.3059237003326416,
      "direction": [
        0.40379035472869873,
        0.9148515462875366
      ]
    },
    {
      "coordinates": [
        159,
        170
      ],
      "magnitude": 3.9283597469329834,
      "direction": [
        0.24155284464359283,
        0.9703876972198486
      ]
    },
    {
      "coordinates": [
        182,
        170
      ],
      "magnitude": 4.091444969177246,
      "direction": [
        0.24474933743476868,
        0.9695864319801331
      ]
    },
    {
      "coordinates": [
        205,
        170
      ],
      "magnitude": 3.280505657196045,
      "direction": [
        0.2767954170703888,
        0.9609289169311523
      ]
    },
    {
      "coordinates": [
        227,
        170
      ],
      "magnitude": 2.0598483085632324,
      "direction": [
        0.5097388029098511,
        0.8603292107582092
      ]
    },
    {
      "coordinates": [
        250,
        170
      ],
      "magnitude": 1.646209955215454,
      "direction": [
        0.7729045748710632,
        0.6345223188400269
      ]
    },
    {
      "coordinates": [
        273,
        170
      ],
      "magnitude": 1.1720424890518188,
      "direction": [
        0.8084779977798462,
        0.5885264277458191
      ]
    },
    {
      "coordinates": [
        296,
        170
      ],
      "magnitude": 0.886856198310852,
      "direction": [
        0.9326133728027344,
        0.3608770966529846
      ]
    },
    {
      "coordinates": [
        319,
        170
      ],
      "magnitude": 1.0659338235855103,
      "direction": [
        0.9925411343574524,
        -0.1219104453921318
      ]
    },
    {
      "coordinates": [
        0,
        187
      ],
      "magnitude": 1.7412208318710327,
      "direction": [
        0.1875583678483963,
        0.9822534322738647
      ]
    },
    {
      "coordinates": [
        22,
        187
      ],
      "magnitude": 1.9379756450653076,
      "direction": [
        0.12042359262704849,
        0.9927226305007935
      ]
    },
    {
      "coordinates": [
        45,
        187
      ],
      "magnitude": 2.385826826095581,
      "direction": [
        0.026920245960354805,
        0.9996375441551208
      ]
    },
    {
      "coordinates": [
        68,
        187
      ],
      "magnitude": 2.323425769805908,
      "direction": [
        0.18202270567417145,
        0.9832942485809326
      ]
    },
    {
      "coordinates": [
        91,
        187
      ],
      "magnitude": 2.162337303161621,
      "direction": [
        0.45266830921173096,
        0.891679048538208
      ]
    },
    {
      "coordinates": [
        113,
        187
      ],
      "magnitude": 2.5430262088775635,
      "direction": [
        0.42337489128112793,
        0.9059546589851379
      ]
    },
    {
      "coordinates": [
        136,
        187
      ],
      "magnitude": 3.262171506881714,
      "direction": [
        0.32794520258903503,
        0.9446967244148254
      ]
    },
    {
      "coordinates": [
        159,
        187
      ],
      "magnitude": 4.156476020812988,
      "direction": [
        0.3483228385448456,
        0.9373746514320374
      ]
    },
    {
      "coordinates": [
        182,
        187
      ],
      "magnitude": 4.439355373382568,
      "direction": [
        0.29680413007736206,
        0.9549383521080017
      ]
    },
    {
      "coordinates": [
        205,
        187
      ],
      "magnitude": 3.3243894577026367,
      "direction": [
        0.377986878156662,
        0.9258109331130981
      ]
    },
    {
      "coordinates": [
        227,
        187
      ],
      "magnitude": 1.9898381233215332,
      "direction": [
        0.591668963432312,
        0.806181013584137
      ]
    },
    {
      "coordinates": [
        250,
        187
      ],
      "magnitude": 1.6021153926849365,
      "direction": [
        0.7053433060646057,
        0.7088658809661865
      ]
    },
    {
      "coordinates": [
        273,
        187
      ],
      "magnitude": 1.2714112997055054,
      "direction": [
        0.8553304076194763,
        0.518082857131958
      ]
    },
    {
      "coordinates": [
        296,
        187
      ],
      "magnitude": 1.454054355621338,
      "direction": [
        0.9852217435836792,
        0.1712838113307953
      ]
    },
    {
      "coordinates": [
        319,
        187
      ],
      "magnitude": 1.3335152864456177,
      "direction": [
        0.9798666834831238,
        -0.19965273141860962
      ]
    },
    {
      "coordinates": [
        0,
        204
      ],
      "magnitude": 1.5925674438476562,
      "direction": [
        -0.09802363067865372,
        0.995184063911438
      ]
    },
    {
      "coordinates": [
        22,
        204
      ],
      "magnitude": 1.957406997680664,
      "direction": [
        -0.02145020104944706,
        0.999769926071167
      ]
    },
    {
      "coordinates": [
        45,
        204
      ],
      "magnitude": 2.4431426525115967,
      "direction": [
        -0.09664615243673325,
        0.9953188300132751
      ]
    },
    {
      "coordinates": [
        68,
        204
      ],
      "magnitude": 1.9968044757843018,
      "direction": [
        0.12494032829999924,
        0.9921642541885376
      ]
    },
    {
      "coordinates": [
        91,
        204
      ],
      "magnitude": 1.8206602334976196,
      "direction": [
        0.2700815498828888,
        0.9628374576568604
      ]
    },
    {
      "coordinates": [
        113,
        204
      ],
      "magnitude": 2.6893084049224854,
      "direction": [
        0.23055866360664368,
        0.9730584025382996
      ]
    },
    {
      "coordinates": [
        136,
        204
      ],
      "magnitude": 3.0254766941070557,
      "direction": [
        0.4393962621688843,
        0.8982933163642883
      ]
    },
    {
      "coordinates": [
        159,
        204
      ],
      "magnitude": 3.90080189704895,
      "direction": [
        0.371247261762619,
        0.9285340309143066
      ]
    },
    {
      "coordinates": [
        182,
        204
      ],
      "magnitude": 4.683988571166992,
      "direction": [
        0.3005363941192627,
        0.9537703990936279
      ]
    },
    {
      "coordinates": [
        205,
        204
      ],
      "magnitude": 3.377753257751465,
      "direction": [
        0.47850990295410156,
        0.8780821561813354
      ]
    },
    {
      "coordinates": [
        227,
        204
      ],
      "magnitude": 2.261577606201172,
      "direction": [
        0.6804842352867126,
        0.7327628135681152
      ]
    },
    {
      "coordinates": [
        250,
        204
      ],
      "magnitude": 1.8187391757965088,
      "direction": [
        0.6827466487884521,
        0.7306551933288574
      ]
    },
    {
      "coordinates": [
        273,
        204
      ],
      "magnitude": 1.467602014541626,
      "direction": [
        0.8976422548294067,
        0.44072481989860535
      ]
    },
    {
      "coordinates": [
        296,
        204
      ],
      "magnitude": 1.3776713609695435,
      "direction": [
        0.9979662299156189,
        0.06374549865722656
      ]
    },
    {
      "coordinates": [
        319,
        204
      ],
      "magnitude": 1.5012555122375488,
      "direction": [
        0.9927772879600525,
        -0.11997232586145401
      ]
    },
    {
      "coordinates": [
        0,
        221
      ],
      "magnitude": 1.6360970735549927,
      "direction": [
        -0.29537588357925415,
        0.9553811550140381
      ]
    },
    {
      "coordinates": [
        22,
        221
      ],
      "magnitude": 2.037647247314453,
      "direction": [
        -0.21173204481601715,
        0.9773277044296265
      ]
    },
    {
      "coordinates": [
        45,
        221
      ],
      "magnitude": 2.208998680114746,
      "direction": [
        -0.035562075674533844,
        0.9993674159049988
      ]
    },
    {
      "coordinates": [
        68,
        221
      ],
      "magnitude": 1.6840908527374268,
      "direction": [
        0.04578675329685211,
        0.9989511966705322
      ]
    },
    {
      "coordinates": [
        91,
        221
      ],
      "magnitude": 1.556406021118164,
      "direction": [
        0.19738681614398956,
        0.9803256392478943
      ]
    },
    {
      "coordinates": [
        113,
        221
      ],
      "magnitude": 2.0358376502990723,
      "direction": [
        0.4297798275947571,
        0.9029337167739868
      ]
    },
    {
      "coordinates": [
        136,
        221
      ],
      "magnitude": 2.9517276287078857,
      "direction": [
        0.4931967556476593,
        0.8699178099632263
      ]
    },
    {
      "coordinates": [
        159,
        221
      ],
      "magnitude": 4.070094585418701,
      "direction": [
        0.3682543933391571,
        0.9297251105308533
      ]
    },
    {
      "coordinates": [
        182,
        221
      ],
      "magnitude": 4.397634983062744,
      "direction": [
        0.3416120409965515,
        0.939841091632843
      ]
    },
    {
      "coordinates": [
        205,
        221
      ],
      "magnitude": 3.43656587600708,
      "direction": [
        0.5800169110298157,
        0.8146043419837952
      ]
    },
    {
      "coordinates": [
        227,
        221
      ],
      "magnitude": 2.970223903656006,
      "direction": [
        0.7190080285072327,
        0.6950016617774963
      ]
    },
    {
      "coordinates": [
        250,
        221
      ],
      "magnitude": 2.4316658973693848,
      "direction": [
        0.8056982755661011,
        0.5923261642456055
      ]
    },
    {
      "coordinates": [
        273,
        221
      ],
      "magnitude": 2.0646464824676514,
      "direction": [
        0.9622649550437927,
        0.27211424708366394
      ]
    },
    {
      "coordinates": [
        296,
        221
      ],
      "magnitude": 1.5872931480407715,
      "direction": [
        0.9941043257713318,
        0.10842777043581009
      ]
    },
    {
      "coordinates": [
        319,
        221
      ],
      "magnitude": 1.6043299436569214,
      "direction": [
        0.9929049611091614,
        -0.11891040205955505
      ]
    },
    {
      "coordinates": [
        0,
        239
      ],
      "magnitude": 1.8613967895507812,
      "direction": [
        -0.33453691005706787,
        0.9423826336860657
      ]
    },
    {
      "coordinates": [
        22,
        239
      ],
      "magnitude": 2.0335488319396973,
      "direction": [
        -0.3944622278213501,
        0.9189121127128601
      ]
    },
    {
      "coordinates": [
        45,
        239
      ],
      "magnitude": 2.093411445617676,
      "direction": [
        -0.28133469820022583,
        0.9596097469329834
      ]
    },
    {
      "coordinates": [
        68,
        239
      ],
      "magnitude": 1.7263994216918945,
      "direction": [
        -0.08814049512147903,
        0.9961079955101013
      ]
    },
    {
      "coordinates": [
        91,
        239
      ],
      "magnitude": 1.3951174020767212,
      "direction": [
        0.31724581122398376,
        0.9483433961868286
      ]
    },
    {
      "coordinates": [
        113,
        239
      ],
      "magnitude": 1.602763056755066,
      "direction": [
        0.6442087888717651,
        0.7648497223854065
      ]
    },
    {
      "coordinates": [
        136,
        239
      ],
      "magnitude": 3.305332660675049,
      "direction": [
        0.6099679470062256,
        0.7924261093139648
      ]
    },
    {
      "coordinates": [
        159,
        239
      ],
      "magnitude": 4.06102991104126,
      "direction": [
        0.45294222235679626,
        0.8915398120880127
      ]
    },
    {
      "coordinates": [
        182,
        239
      ],
      "magnitude": 4.32488489151001,
      "direction": [
        0.4944903254508972,
        0.8691831231117249
      ]
    },
    {
      "coordinates": [
        205,
        239
      ],
      "magnitude": 3.615095853805542,
      "direction": [
        0.6456620693206787,
        0.7636232972145081
      ]
    },
    {
      "coordinates": [
        227,
        239
      ],
      "magnitude": 3.176199436187744,
      "direction": [
        0.7473370432853699,
        0.6644452214241028
      ]
    },
    {
      "coordinates": [
        250,
        239
      ],
      "magnitude": 2.6394495964050293,
      "direction": [
        0.8422990441322327,
        0.5390105247497559
      ]
    },
    {
      "coordinates": [
        273,
        239
      ],
      "magnitude": 2.392782688140869,
      "direction": [
        0.9530373215675354,
        0.302852988243103
      ]
    },
    {
      "coordinates": [
        296,
        239
      ],
      "magnitude": 2.0229640007019043,
      "direction": [
        0.9844520688056946,
        0.17565353214740753
      ]
    },
    {
      "coordinates": [
        319,
        239
      ],
      "magnitude": 1.674136757850647,
      "direction": [
        0.9915480017662048,
        -0.1297401636838913
      ]
    }
  ]
}