diameter,direction,tilt,tilt_component,steps,stepper_travel,measured_angle,a/s,c_rod,avg_offset,ideal_rnp,k,k_avg,predicted_angle,error
2,ccw,0,1,6.5625,0.1666875,10.03,1.506,-2.118,-1.216,2.910625599,0.517414538,0.544,9.174933389,-0.855066611
2,ccw,0,1,6.5625,0.1666875,9.69,1.506,-2.118,-1.216,2.910625599,0.517414538,0.544,9.174933389,-0.515066611
2,ccw,0,1,6.5625,0.1666875,7.04,1.506,-2.118,-1.216,2.910625599,0.517414538,0.544,9.174933389,2.134933389
2,ccw,0,1,6.5625,0.1666875,6.95,1.506,-2.118,-1.216,2.910625599,0.517414538,0.544,9.174933389,2.224933389
2,ccw,0,1,6.5625,0.1666875,6.23,1.506,-2.118,-1.216,2.910625599,0.517414538,0.544,9.174933389,2.944933389
2,ccw,0,1,29.375,0.746125,45.47,1.506,-2.118,-1.216,2.910625599,0.517414538,0.544,45.29579708,-0.174202924
2,ccw,0,1,29.375,0.746125,43.85,1.506,-2.118,-1.216,2.910625599,0.517414538,0.544,45.29579708,1.445797076
2,ccw,0,1,29.375,0.746125,43.74,1.506,-2.118,-1.216,2.910625599,0.517414538,0.544,45.29579708,1.555797076
2,ccw,0,1,29.375,0.746125,42.56,1.506,-2.118,-1.216,2.910625599,0.517414538,0.544,45.29579708,2.735797076
2,ccw,0,1,29.375,0.746125,39.24,1.506,-2.118,-1.216,2.910625599,0.517414538,0.544,45.29579708,6.055797076
2,ccw,0,1,58.8125,1.4938375,91.13,1.506,-2.118,-1.216,2.910625599,0.517414538,0.544,91.90655542,0.776555423
2,ccw,0,1,58.8125,1.4938375,90.68,1.506,-2.118,-1.216,2.910625599,0.517414538,0.544,91.90655542,1.226555423
2,ccw,0,1,58.8125,1.4938375,89.73,1.506,-2.118,-1.216,2.910625599,0.517414538,0.544,91.90655542,2.176555423
2,ccw,0,1,58.8125,1.4938375,86.24,1.506,-2.118,-1.216,2.910625599,0.517414538,0.544,91.90655542,5.666555423
2,ccw,0,1,88.1875,2.2399625,134.76,1.506,-2.118,-1.216,2.910625599,0.517414538,0.544,138.4183525,3.658352499
2,ccw,0,1,88.1875,2.2399625,134.25,1.506,-2.118,-1.216,2.910625599,0.517414538,0.544,138.4183525,4.168352499
2,ccw,0,1,88.1875,2.2399625,132.96,1.506,-2.118,-1.216,2.910625599,0.517414538,0.544,138.4183525,5.458352499
2,ccw,0,1,88.1875,2.2399625,132.95,1.506,-2.118,-1.216,2.910625599,0.517414538,0.544,138.4183525,5.468352499
2,ccw,0,1,88.1875,2.2399625,132.77,1.506,-2.118,-1.216,2.910625599,0.517414538,0.544,138.4183525,5.648352499
2,cw,0,1,6.5,0.1651,9.6,1.506,-2.118,-1.216,2.910625599,0.517414538,0.544,9.075972119,-0.524027881
2,cw,0,1,6.5,0.1651,8.65,1.506,-2.118,-1.216,2.910625599,0.517414538,0.544,9.075972119,0.425972119
2,cw,0,1,6.5,0.1651,8.45,1.506,-2.118,-1.216,2.910625599,0.517414538,0.544,9.075972119,0.625972119
2,cw,0,1,6.5,0.1651,8.27,1.506,-2.118,-1.216,2.910625599,0.517414538,0.544,9.075972119,0.805972119
2,cw,0,1,6.5,0.1651,7.09,1.506,-2.118,-1.216,2.910625599,0.517414538,0.544,9.075972119,1.985972119
2,cw,0,1,29.3125,0.7445375,46.88,1.506,-2.118,-1.216,2.910625599,0.517414538,0.544,45.19683581,-1.683164194
2,cw,0,1,29.3125,0.7445375,43.09,1.506,-2.118,-1.216,2.910625599,0.517414538,0.544,45.19683581,2.106835806
2,cw,0,1,29.3125,0.7445375,42.93,1.506,-2.118,-1.216,2.910625599,0.517414538,0.544,45.19683581,2.266835806
2,cw,0,1,29.3125,0.7445375,41.3,1.506,-2.118,-1.216,2.910625599,0.517414538,0.544,45.19683581,3.896835806
2,cw,0,1,29.3125,0.7445375,40.43,1.506,-2.118,-1.216,2.910625599,0.517414538,0.544,45.19683581,4.766835806
2,cw,0,1,58.6875,1.4906625,92.64,1.506,-2.118,-1.216,2.910625599,0.517414538,0.544,91.70863288,-0.931367118
2,cw,0,1,58.6875,1.4906625,90.78,1.506,-2.118,-1.216,2.910625599,0.517414538,0.544,91.70863288,0.928632882
2,cw,0,1,58.6875,1.4906625,89.82,1.506,-2.118,-1.216,2.910625599,0.517414538,0.544,91.70863288,1.888632882
2,cw,0,1,58.6875,1.4906625,89.62,1.506,-2.118,-1.216,2.910625599,0.517414538,0.544,91.70863288,2.088632882
2,cw,0,1,58.6875,1.4906625,88.47,1.506,-2.118,-1.216,2.910625599,0.517414538,0.544,91.70863288,3.238632882
2,cw,0,1,58.6875,1.4906625,86.98,1.506,-2.118,-1.216,2.910625599,0.517414538,0.544,91.70863288,4.728632882
2,cw,0,1,88,2.2352,135.3,1.506,-2.118,-1.216,2.910625599,0.517414538,0.544,138.1214687,2.821468688
2,cw,0,1,88,2.2352,134.95,1.506,-2.118,-1.216,2.910625599,0.517414538,0.544,138.1214687,3.171468688
2,cw,0,1,88,2.2352,134.21,1.506,-2.118,-1.216,2.910625599,0.517414538,0.544,138.1214687,3.911468688
2,cw,0,1,88,2.2352,133.62,1.506,-2.118,-1.216,2.910625599,0.517414538,0.544,138.1214687,4.501468688
2,cw,0,1,88,2.2352,133.49,1.506,-2.118,-1.216,2.910625599,0.517414538,0.544,138.1214687,4.631468688
2,ccw,10,0.984807753,6.5625,0.1666875,10.22,1.506,-2.118,-1.216,2.866406656,0.525396491,0.544,9.017071763,-1.202928237
2,ccw,10,0.984807753,6.5625,0.1666875,9.64,1.506,-2.118,-1.216,2.866406656,0.525396491,0.544,9.017071763,-0.622928237
2,ccw,10,0.984807753,6.5625,0.1666875,7.06,1.506,-2.118,-1.216,2.866406656,0.525396491,0.544,9.017071763,1.957071763
2,ccw,10,0.984807753,6.5625,0.1666875,6.99,1.506,-2.118,-1.216,2.866406656,0.525396491,0.544,9.017071763,2.027071763
2,ccw,10,0.984807753,6.5625,0.1666875,6.16,1.506,-2.118,-1.216,2.866406656,0.525396491,0.544,9.017071763,2.857071763
2,ccw,10,0.984807753,29.375,0.746125,43.73,1.506,-2.118,-1.216,2.866406656,0.525396491,0.544,44.58917837,0.859178367
2,ccw,10,0.984807753,29.375,0.746125,43.57,1.506,-2.118,-1.216,2.866406656,0.525396491,0.544,44.58917837,1.019178367
2,ccw,10,0.984807753,29.375,0.746125,41.48,1.506,-2.118,-1.216,2.866406656,0.525396491,0.544,44.58917837,3.109178367
2,ccw,10,0.984807753,29.375,0.746125,41.1,1.506,-2.118,-1.216,2.866406656,0.525396491,0.544,44.58917837,3.489178367
2,ccw,10,0.984807753,29.375,0.746125,40,1.506,-2.118,-1.216,2.866406656,0.525396491,0.544,44.58917837,4.589178367
2,ccw,10,0.984807753,58.8125,1.4938375,92.04,1.506,-2.118,-1.216,2.866406656,0.525396491,0.544,90.49181456,-1.548185439
2,ccw,10,0.984807753,58.8125,1.4938375,91.55,1.506,-2.118,-1.216,2.866406656,0.525396491,0.544,90.49181456,-1.058185439
2,ccw,10,0.984807753,58.8125,1.4938375,89.45,1.506,-2.118,-1.216,2.866406656,0.525396491,0.544,90.49181456,1.041814561
2,ccw,10,0.984807753,58.8125,1.4938375,84.53,1.506,-2.118,-1.216,2.866406656,0.525396491,0.544,90.49181456,5.961814561
2,ccw,10,0.984807753,88.1875,2.2399625,133.86,1.506,-2.118,-1.216,2.866406656,0.525396491,0.544,136.2969929,2.436992928
2,ccw,10,0.984807753,88.1875,2.2399625,132.77,1.506,-2.118,-1.216,2.866406656,0.525396491,0.544,136.2969929,3.526992928
2,ccw,10,0.984807753,88.1875,2.2399625,132.09,1.506,-2.118,-1.216,2.866406656,0.525396491,0.544,136.2969929,4.206992928
2,ccw,10,0.984807753,88.1875,2.2399625,131.41,1.506,-2.118,-1.216,2.866406656,0.525396491,0.544,136.2969929,4.886992928
2,ccw,10,0.984807753,88.1875,2.2399625,131.34,1.506,-2.118,-1.216,2.866406656,0.525396491,0.544,136.2969929,4.956992928
2,cw,10,0.984807753,6.5,0.1651,9.5,1.506,-2.118,-1.216,2.866406656,0.525396491,0.544,8.919613937,-0.580386063
2,cw,10,0.984807753,6.5,0.1651,8.5,1.506,-2.118,-1.216,2.866406656,0.525396491,0.544,8.919613937,0.419613937
2,cw,10,0.984807753,6.5,0.1651,8.45,1.506,-2.118,-1.216,2.866406656,0.525396491,0.544,8.919613937,0.469613937
2,cw,10,0.984807753,6.5,0.1651,8.25,1.506,-2.118,-1.216,2.866406656,0.525396491,0.544,8.919613937,0.669613937
2,cw,10,0.984807753,6.5,0.1651,6.84,1.506,-2.118,-1.216,2.866406656,0.525396491,0.544,8.919613937,2.079613937
2,cw,10,0.984807753,29.3125,0.7445375,42.53,1.506,-2.118,-1.216,2.866406656,0.525396491,0.544,44.49172054,1.961720541
2,cw,10,0.984807753,29.3125,0.7445375,42.11,1.506,-2.118,-1.216,2.866406656,0.525396491,0.544,44.49172054,2.381720541
2,cw,10,0.984807753,29.3125,0.7445375,41.9,1.506,-2.118,-1.216,2.866406656,0.525396491,0.544,44.49172054,2.591720541
2,cw,10,0.984807753,29.3125,0.7445375,41.78,1.506,-2.118,-1.216,2.866406656,0.525396491,0.544,44.49172054,2.711720541
2,cw,10,0.984807753,29.3125,0.7445375,40.23,1.506,-2.118,-1.216,2.866406656,0.525396491,0.544,44.49172054,4.261720541
2,cw,10,0.984807753,58.6875,1.4906625,90.64,1.506,-2.118,-1.216,2.866406656,0.525396491,0.544,90.29689891,-0.343101092
2,cw,10,0.984807753,58.6875,1.4906625,90.26,1.506,-2.118,-1.216,2.866406656,0.525396491,0.544,90.29689891,0.036898908
2,cw,10,0.984807753,58.6875,1.4906625,89.31,1.506,-2.118,-1.216,2.866406656,0.525396491,0.544,90.29689891,0.986898908
2,cw,10,0.984807753,58.6875,1.4906625,89.11,1.506,-2.118,-1.216,2.866406656,0.525396491,0.544,90.29689891,1.186898908
2,cw,10,0.984807753,58.6875,1.4906625,87.68,1.506,-2.118,-1.216,2.866406656,0.525396491,0.544,90.29689891,2.616898908
2,cw,10,0.984807753,58.6875,1.4906625,84.06,1.506,-2.118,-1.216,2.866406656,0.525396491,0.544,90.29689891,6.236898908
2,cw,10,0.984807753,88,2.2352,134.12,1.506,-2.118,-1.216,2.866406656,0.525396491,0.544,136.0046194,1.884619449
2,cw,10,0.984807753,88,2.2352,134.09,1.506,-2.118,-1.216,2.866406656,0.525396491,0.544,136.0046194,1.914619449
2,cw,10,0.984807753,88,2.2352,133.1,1.506,-2.118,-1.216,2.866406656,0.525396491,0.544,136.0046194,2.904619449
2,cw,10,0.984807753,88,2.2352,132.32,1.506,-2.118,-1.216,2.866406656,0.525396491,0.544,136.0046194,3.684619449
2,cw,10,0.984807753,88,2.2352,132.15,1.506,-2.118,-1.216,2.866406656,0.525396491,0.544,136.0046194,3.854619449
2,ccw,20,0.939692621,6.5625,0.1666875,12.69,1.506,-2.118,-1.216,2.735093397,0.550621051,0.544,8.548283429,-4.141716571
2,ccw,20,0.939692621,6.5625,0.1666875,6.76,1.506,-2.118,-1.216,2.735093397,0.550621051,0.544,8.548283429,1.788283429
2,ccw,20,0.939692621,29.375,0.746125,42.42,1.506,-2.118,-1.216,2.735093397,0.550621051,0.544,42.49079249,0.070792492
2,ccw,20,0.939692621,29.375,0.746125,41.28,1.506,-2.118,-1.216,2.735093397,0.550621051,0.544,42.49079249,1.210792492
2,ccw,20,0.939692621,58.8125,1.4938375,94.34,1.506,-2.118,-1.216,2.735093397,0.550621051,0.544,86.29057816,-8.04942184
2,ccw,20,0.939692621,58.8125,1.4938375,86.56,1.506,-2.118,-1.216,2.735093397,0.550621051,0.544,86.29057816,-0.26942184
2,ccw,20,0.939692621,58.8125,1.4938375,86.39,1.506,-2.118,-1.216,2.735093397,0.550621051,0.544,86.29057816,-0.09942184
2,ccw,20,0.939692621,58.8125,1.4938375,84.59,1.506,-2.118,-1.216,2.735093397,0.550621051,0.544,86.29057816,1.70057816
2,ccw,20,0.939692621,58.8125,1.4938375,84.43,1.506,-2.118,-1.216,2.735093397,0.550621051,0.544,86.29057816,1.86057816
2,ccw,20,0.939692621,88.1875,2.2399625,131.64,1.506,-2.118,-1.216,2.735093397,0.550621051,0.544,129.9973707,-1.642629348
2,ccw,20,0.939692621,88.1875,2.2399625,131.06,1.506,-2.118,-1.216,2.735093397,0.550621051,0.544,129.9973707,-1.062629348
2,ccw,20,0.939692621,88.1875,2.2399625,130.57,1.506,-2.118,-1.216,2.735093397,0.550621051,0.544,129.9973707,-0.572629348
2,ccw,20,0.939692621,88.1875,2.2399625,130.5,1.506,-2.118,-1.216,2.735093397,0.550621051,0.544,129.9973707,-0.502629348
2,ccw,20,0.939692621,88.1875,2.2399625,127.41,1.506,-2.118,-1.216,2.735093397,0.550621051,0.544,129.9973707,2.587370652
2,cw,20,0.939692621,6.5,0.1651,8.34,1.506,-2.118,-1.216,2.735093397,0.550621051,0.544,8.455290254,0.115290254
2,cw,20,0.939692621,6.5,0.1651,8.28,1.506,-2.118,-1.216,2.735093397,0.550621051,0.544,8.455290254,0.175290254
2,cw,20,0.939692621,6.5,0.1651,8.21,1.506,-2.118,-1.216,2.735093397,0.550621051,0.544,8.455290254,0.245290254
2,cw,20,0.939692621,6.5,0.1651,8.1,1.506,-2.118,-1.216,2.735093397,0.550621051,0.544,8.455290254,0.355290254
2,cw,20,0.939692621,6.5,0.1651,7.55,1.506,-2.118,-1.216,2.735093397,0.550621051,0.544,8.455290254,0.905290254
2,cw,20,0.939692621,6.5,0.1651,7.12,1.506,-2.118,-1.216,2.735093397,0.550621051,0.544,8.455290254,1.335290254
2,cw,20,0.939692621,29.3125,0.7445375,42.51,1.506,-2.118,-1.216,2.735093397,0.550621051,0.544,42.39779932,-0.112200683
2,cw,20,0.939692621,29.3125,0.7445375,42.25,1.506,-2.118,-1.216,2.735093397,0.550621051,0.544,42.39779932,0.147799317
2,cw,20,0.939692621,29.3125,0.7445375,42.06,1.506,-2.118,-1.216,2.735093397,0.550621051,0.544,42.39779932,0.337799317
2,cw,20,0.939692621,29.3125,0.7445375,40.83,1.506,-2.118,-1.216,2.735093397,0.550621051,0.544,42.39779932,1.567799317
2,cw,20,0.939692621,29.3125,0.7445375,40.63,1.506,-2.118,-1.216,2.735093397,0.550621051,0.544,42.39779932,1.767799317
2,cw,20,0.939692621,29.3125,0.7445375,40.48,1.506,-2.118,-1.216,2.735093397,0.550621051,0.544,42.39779932,1.917799317
2,cw,20,0.939692621,29.3125,0.7445375,40.09,1.506,-2.118,-1.216,2.735093397,0.550621051,0.544,42.39779932,2.307799317
2,cw,20,0.939692621,58.6875,1.4906625,88.68,1.506,-2.118,-1.216,2.735093397,0.550621051,0.544,86.10459181,-2.575408191
2,cw,20,0.939692621,58.6875,1.4906625,88.64,1.506,-2.118,-1.216,2.735093397,0.550621051,0.544,86.10459181,-2.535408191
2,cw,20,0.939692621,58.6875,1.4906625,87.67,1.506,-2.118,-1.216,2.735093397,0.550621051,0.544,86.10459181,-1.565408191
2,cw,20,0.939692621,58.6875,1.4906625,87.23,1.506,-2.118,-1.216,2.735093397,0.550621051,0.544,86.10459181,-1.125408191
2,cw,20,0.939692621,58.6875,1.4906625,85.97,1.506,-2.118,-1.216,2.735093397,0.550621051,0.544,86.10459181,0.134591809
2,cw,20,0.939692621,58.6875,1.4906625,84.64,1.506,-2.118,-1.216,2.735093397,0.550621051,0.544,86.10459181,1.464591809
2,cw,20,0.939692621,58.6875,1.4906625,84.33,1.506,-2.118,-1.216,2.735093397,0.550621051,0.544,86.10459181,1.774591809
2,cw,20,0.939692621,58.6875,1.4906625,84,1.506,-2.118,-1.216,2.735093397,0.550621051,0.544,86.10459181,2.104591809
2,cw,20,0.939692621,58.6875,1.4906625,83.99,1.506,-2.118,-1.216,2.735093397,0.550621051,0.544,86.10459181,2.114591809
2,cw,20,0.939692621,88,2.2352,131.15,1.506,-2.118,-1.216,2.735093397,0.550621051,0.544,129.7183911,-1.431608875
2,cw,20,0.939692621,88,2.2352,131.11,1.506,-2.118,-1.216,2.735093397,0.550621051,0.544,129.7183911,-1.391608875
2,cw,20,0.939692621,88,2.2352,131.1,1.506,-2.118,-1.216,2.735093397,0.550621051,0.544,129.7183911,-1.381608875
2,cw,20,0.939692621,88,2.2352,129.78,1.506,-2.118,-1.216,2.735093397,0.550621051,0.544,129.7183911,-0.061608875
2,cw,20,0.939692621,88,2.2352,125.66,1.506,-2.118,-1.216,2.735093397,0.550621051,0.544,129.7183911,4.058391125
2,ccw,30,0.866025404,6.5625,0.1666875,12.3,1.506,-2.118,-1.216,2.52067571,0.597458846,0.544,7.782812284,-4.517187716
2,ccw,30,0.866025404,6.5625,0.1666875,7.58,1.506,-2.118,-1.216,2.52067571,0.597458846,0.544,7.782812284,0.202812284
2,ccw,30,0.866025404,29.375,0.746125,51.98,1.506,-2.118,-1.216,2.52067571,0.597458846,0.544,39.06439784,-12.91560216
2,ccw,30,0.866025404,29.375,0.746125,49.93,1.506,-2.118,-1.216,2.52067571,0.597458846,0.544,39.06439784,-10.86560216
2,ccw,30,0.866025404,29.375,0.746125,36.21,1.506,-2.118,-1.216,2.52067571,0.597458846,0.544,39.06439784,2.854397844
2,ccw,30,0.866025404,58.8125,1.4938375,98.85,1.506,-2.118,-1.216,2.52067571,0.597458846,0.544,79.43049866,-19.41950134
2,ccw,30,0.866025404,58.8125,1.4938375,95.47,1.506,-2.118,-1.216,2.52067571,0.597458846,0.544,79.43049866,-16.03950134
2,ccw,30,0.866025404,58.8125,1.4938375,84.41,1.506,-2.118,-1.216,2.52067571,0.597458846,0.544,79.43049866,-4.979501338
2,ccw,30,0.866025404,58.8125,1.4938375,83.2,1.506,-2.118,-1.216,2.52067571,0.597458846,0.544,79.43049866,-3.769501338
2,ccw,30,0.866025404,58.8125,1.4938375,82.6,1.506,-2.118,-1.216,2.52067571,0.597458846,0.544,79.43049866,-3.169501338
2,ccw,30,0.866025404,58.8125,1.4938375,82.19,1.506,-2.118,-1.216,2.52067571,0.597458846,0.544,79.43049866,-2.759501338
2,ccw,30,0.866025404,58.8125,1.4938375,81.08,1.506,-2.118,-1.216,2.52067571,0.597458846,0.544,79.43049866,-1.649501338
2,ccw,30,0.866025404,58.8125,1.4938375,80.09,1.506,-2.118,-1.216,2.52067571,0.597458846,0.544,79.43049866,-0.659501338
2,ccw,30,0.866025404,88.1875,2.2399625,126.55,1.506,-2.118,-1.216,2.52067571,0.597458846,0.544,119.7108965,-6.839103495
2,ccw,30,0.866025404,88.1875,2.2399625,124.1,1.506,-2.118,-1.216,2.52067571,0.597458846,0.544,119.7108965,-4.389103495
2,cw,30,0.866025404,6.5,0.1651,9.25,1.506,-2.118,-1.216,2.52067571,0.597458846,0.544,7.69710931,-1.55289069
2,cw,30,0.866025404,6.5,0.1651,9.06,1.506,-2.118,-1.216,2.52067571,0.597458846,0.544,7.69710931,-1.36289069
2,cw,30,0.866025404,6.5,0.1651,7.81,1.506,-2.118,-1.216,2.52067571,0.597458846,0.544,7.69710931,-0.11289069
2,cw,30,0.866025404,6.5,0.1651,7.79,1.506,-2.118,-1.216,2.52067571,0.597458846,0.544,7.69710931,-0.09289069
2,cw,30,0.866025404,6.5,0.1651,7.76,1.506,-2.118,-1.216,2.52067571,0.597458846,0.544,7.69710931,-0.06289069
2,cw,30,0.866025404,6.5,0.1651,7.7,1.506,-2.118,-1.216,2.52067571,0.597458846,0.544,7.69710931,-0.00289069
2,cw,30,0.866025404,6.5,0.1651,7.64,1.506,-2.118,-1.216,2.52067571,0.597458846,0.544,7.69710931,0.05710931
2,cw,30,0.866025404,6.5,0.1651,7.64,1.506,-2.118,-1.216,2.52067571,0.597458846,0.544,7.69710931,0.05710931
2,cw,30,0.866025404,6.5,0.1651,7.57,1.506,-2.118,-1.216,2.52067571,0.597458846,0.544,7.69710931,0.12710931
2,cw,30,0.866025404,6.5,0.1651,7.53,1.506,-2.118,-1.216,2.52067571,0.597458846,0.544,7.69710931,0.16710931
2,cw,30,0.866025404,6.5,0.1651,7.5,1.506,-2.118,-1.216,2.52067571,0.597458846,0.544,7.69710931,0.19710931
2,cw,30,0.866025404,6.5,0.1651,7.06,1.506,-2.118,-1.216,2.52067571,0.597458846,0.544,7.69710931,0.63710931
2,cw,30,0.866025404,6.5,0.1651,6.77,1.506,-2.118,-1.216,2.52067571,0.597458846,0.544,7.69710931,0.92710931
2,cw,30,0.866025404,6.5,0.1651,6.56,1.506,-2.118,-1.216,2.52067571,0.597458846,0.544,7.69710931,1.13710931
2,cw,30,0.866025404,29.3125,0.7445375,41.17,1.506,-2.118,-1.216,2.52067571,0.597458846,0.544,38.97869487,-2.19130513
2,cw,30,0.866025404,29.3125,0.7445375,40.79,1.506,-2.118,-1.216,2.52067571,0.597458846,0.544,38.97869487,-1.81130513
2,cw,30,0.866025404,29.3125,0.7445375,40.63,1.506,-2.118,-1.216,2.52067571,0.597458846,0.544,38.97869487,-1.65130513
2,cw,30,0.866025404,29.3125,0.7445375,39.92,1.506,-2.118,-1.216,2.52067571,0.597458846,0.544,38.97869487,-0.94130513
2,cw,30,0.866025404,29.3125,0.7445375,39.83,1.506,-2.118,-1.216,2.52067571,0.597458846,0.544,38.97869487,-0.85130513
2,cw,30,0.866025404,29.3125,0.7445375,39.47,1.506,-2.118,-1.216,2.52067571,0.597458846,0.544,38.97869487,-0.49130513
2,cw,30,0.866025404,29.3125,0.7445375,39.22,1.506,-2.118,-1.216,2.52067571,0.597458846,0.544,38.97869487,-0.24130513
2,cw,30,0.866025404,29.3125,0.7445375,38.68,1.506,-2.118,-1.216,2.52067571,0.597458846,0.544,38.97869487,0.29869487
2,cw,30,0.866025404,29.3125,0.7445375,38.64,1.506,-2.118,-1.216,2.52067571,0.597458846,0.544,38.97869487,0.33869487
2,cw,30,0.866025404,29.3125,0.7445375,38.06,1.506,-2.118,-1.216,2.52067571,0.597458846,0.544,38.97869487,0.91869487
2,cw,30,0.866025404,29.3125,0.7445375,37.61,1.506,-2.118,-1.216,2.52067571,0.597458846,0.544,38.97869487,1.36869487
2,cw,30,0.866025404,29.3125,0.7445375,37.44,1.506,-2.118,-1.216,2.52067571,0.597458846,0.544,38.97869487,1.53869487
2,cw,30,0.866025404,29.3125,0.7445375,36.95,1.506,-2.118,-1.216,2.52067571,0.597458846,0.544,38.97869487,2.02869487
2,cw,30,0.866025404,29.3125,0.7445375,36.78,1.506,-2.118,-1.216,2.52067571,0.597458846,0.544,38.97869487,2.19869487
2,cw,30,0.866025404,58.6875,1.4906625,85.11,1.506,-2.118,-1.216,2.52067571,0.597458846,0.544,79.25909271,-5.850907287
2,cw,30,0.866025404,58.6875,1.4906625,84.87,1.506,-2.118,-1.216,2.52067571,0.597458846,0.544,79.25909271,-5.610907287
2,cw,30,0.866025404,58.6875,1.4906625,84.08,1.506,-2.118,-1.216,2.52067571,0.597458846,0.544,79.25909271,-4.820907287
2,cw,30,0.866025404,58.6875,1.4906625,84.02,1.506,-2.118,-1.216,2.52067571,0.597458846,0.544,79.25909271,-4.760907287
2,cw,30,0.866025404,58.6875,1.4906625,83.76,1.506,-2.118,-1.216,2.52067571,0.597458846,0.544,79.25909271,-4.500907287
2,cw,30,0.866025404,58.6875,1.4906625,83.65,1.506,-2.118,-1.216,2.52067571,0.597458846,0.544,79.25909271,-4.390907287
2,cw,30,0.866025404,58.6875,1.4906625,82.9,1.506,-2.118,-1.216,2.52067571,0.597458846,0.544,79.25909271,-3.640907287
2,cw,30,0.866025404,58.6875,1.4906625,82.85,1.506,-2.118,-1.216,2.52067571,0.597458846,0.544,79.25909271,-3.590907287
2,cw,30,0.866025404,58.6875,1.4906625,82.72,1.506,-2.118,-1.216,2.52067571,0.597458846,0.544,79.25909271,-3.460907287
2,cw,30,0.866025404,58.6875,1.4906625,82.27,1.506,-2.118,-1.216,2.52067571,0.597458846,0.544,79.25909271,-3.010907287
2,cw,30,0.866025404,58.6875,1.4906625,81.56,1.506,-2.118,-1.216,2.52067571,0.597458846,0.544,79.25909271,-2.300907287
2,cw,30,0.866025404,58.6875,1.4906625,81.52,1.506,-2.118,-1.216,2.52067571,0.597458846,0.544,79.25909271,-2.260907287
2,cw,30,0.866025404,58.6875,1.4906625,81.05,1.506,-2.118,-1.216,2.52067571,0.597458846,0.544,79.25909271,-1.790907287
2,cw,30,0.866025404,58.6875,1.4906625,80.35,1.506,-2.118,-1.216,2.52067571,0.597458846,0.544,79.25909271,-1.090907287
2,cw,30,0.866025404,88,2.2352,126.6,1.506,-2.118,-1.216,2.52067571,0.597458846,0.544,119.4537876,-7.146212417
2,cw,30,0.866025404,88,2.2352,125.1,1.506,-2.118,-1.216,2.52067571,0.597458846,0.544,119.4537876,-5.646212417
2,cw,30,0.866025404,88,2.2352,124.23,1.506,-2.118,-1.216,2.52067571,0.597458846,0.544,119.4537876,-4.776212417
2,cw,30,0.866025404,88,2.2352,124.05,1.506,-2.118,-1.216,2.52067571,0.597458846,0.544,119.4537876,-4.596212417
2,cw,30,0.866025404,88,2.2352,123.94,1.506,-2.118,-1.216,2.52067571,0.597458846,0.544,119.4537876,-4.486212417
2,cw,30,0.866025404,88,2.2352,122.94,1.506,-2.118,-1.216,2.52067571,0.597458846,0.544,119.4537876,-3.486212417
3,ccw,0,1,9.9375,0.2524125,10.68,0.994,-1.05,-1.216,1.940417066,0.512261007,0.544,9.27389466,-1.40610534
3,ccw,0,1,9.9375,0.2524125,7.79,0.994,-1.05,-1.216,1.940417066,0.512261007,0.544,9.27389466,1.48389466
3,ccw,0,1,9.9375,0.2524125,7.77,0.994,-1.05,-1.216,1.940417066,0.512261007,0.544,9.27389466,1.50389466
3,ccw,0,1,9.9375,0.2524125,7.69,0.994,-1.05,-1.216,1.940417066,0.512261007,0.544,9.27389466,1.58389466
3,ccw,0,1,9.9375,0.2524125,7.64,0.994,-1.05,-1.216,1.940417066,0.512261007,0.544,9.27389466,1.63389466
3,ccw,0,1,44.75,1.13665,45.33,0.994,-1.05,-1.216,1.940417066,0.512261007,0.544,46.02151306,0.691513059
3,ccw,0,1,44.75,1.13665,45.18,0.994,-1.05,-1.216,1.940417066,0.512261007,0.544,46.02151306,0.841513059
3,ccw,0,1,44.75,1.13665,44.62,0.994,-1.05,-1.216,1.940417066,0.512261007,0.544,46.02151306,1.401513059
3,ccw,0,1,44.75,1.13665,44.2,0.994,-1.05,-1.216,1.940417066,0.512261007,0.544,46.02151306,1.821513059
3,ccw,0,1,44.75,1.13665,43.63,0.994,-1.05,-1.216,1.940417066,0.512261007,0.544,46.02151306,2.391513059
3,ccw,0,1,89.5,2.2733,90.71,0.994,-1.05,-1.216,1.940417066,0.512261007,0.544,93.25902612,2.549026118
3,ccw,0,1,89.5,2.2733,90.35,0.994,-1.05,-1.216,1.940417066,0.512261007,0.544,93.25902612,2.909026118
3,ccw,0,1,89.5,2.2733,88.68,0.994,-1.05,-1.216,1.940417066,0.512261007,0.544,93.25902612,4.579026118
3,ccw,0,1,89.5,2.2733,87.31,0.994,-1.05,-1.216,1.940417066,0.512261007,0.544,93.25902612,5.949026118
3,ccw,0,1,134.25,3.40995,137.92,0.994,-1.05,-1.216,1.940417066,0.512261007,0.544,140.4965392,2.576539177
3,ccw,0,1,134.25,3.40995,134.96,0.994,-1.05,-1.216,1.940417066,0.512261007,0.544,140.4965392,5.536539177
3,ccw,0,1,134.25,3.40995,134.92,0.994,-1.05,-1.216,1.940417066,0.512261007,0.544,140.4965392,5.576539177
3,ccw,0,1,134.25,3.40995,134.85,0.994,-1.05,-1.216,1.940417066,0.512261007,0.544,140.4965392,5.646539177
3,ccw,0,1,134.25,3.40995,134.84,0.994,-1.05,-1.216,1.940417066,0.512261007,0.544,140.4965392,5.656539177
3,ccw,0,1,134.25,3.40995,134.8,0.994,-1.05,-1.216,1.940417066,0.512261007,0.544,140.4965392,5.696539177
3,cw,0,1,9.875,0.250825,10.59,0.994,-1.05,-1.216,1.940417066,0.512261007,0.544,9.207920479,-1.382079521
3,cw,0,1,9.875,0.250825,8.75,0.994,-1.05,-1.216,1.940417066,0.512261007,0.544,9.207920479,0.457920479
3,cw,0,1,9.875,0.250825,8.1,0.994,-1.05,-1.216,1.940417066,0.512261007,0.544,9.207920479,1.107920479
3,cw,0,1,9.875,0.250825,7.7,0.994,-1.05,-1.216,1.940417066,0.512261007,0.544,9.207920479,1.507920479
3,cw,0,1,9.875,0.250825,7.65,0.994,-1.05,-1.216,1.940417066,0.512261007,0.544,9.207920479,1.557920479
3,cw,0,1,44.5,1.1303,45.09,0.994,-1.05,-1.216,1.940417066,0.512261007,0.544,45.75761634,0.667616338
3,cw,0,1,44.5,1.1303,44.63,0.994,-1.05,-1.216,1.940417066,0.512261007,0.544,45.75761634,1.127616338
3,cw,0,1,44.5,1.1303,44.35,0.994,-1.05,-1.216,1.940417066,0.512261007,0.544,45.75761634,1.407616338
3,cw,0,1,44.5,1.1303,44.1,0.994,-1.05,-1.216,1.940417066,0.512261007,0.544,45.75761634,1.657616338
3,cw,0,1,44.5,1.1303,43.01,0.994,-1.05,-1.216,1.940417066,0.512261007,0.544,45.75761634,2.747616338
3,cw,0,1,88.9375,2.2590125,90.68,0.994,-1.05,-1.216,1.940417066,0.512261007,0.544,92.6652585,1.985258496
3,cw,0,1,88.9375,2.2590125,89.73,0.994,-1.05,-1.216,1.940417066,0.512261007,0.544,92.6652585,2.935258496
3,cw,0,1,88.9375,2.2590125,88.58,0.994,-1.05,-1.216,1.940417066,0.512261007,0.544,92.6652585,4.085258496
3,cw,0,1,88.9375,2.2590125,88.31,0.994,-1.05,-1.216,1.940417066,0.512261007,0.544,92.6652585,4.355258496
3,cw,0,1,88.9375,2.2590125,88.1,0.994,-1.05,-1.216,1.940417066,0.512261007,0.544,92.6652585,4.565258496
3,cw,0,1,88.9375,2.2590125,87.56,0.994,-1.05,-1.216,1.940417066,0.512261007,0.544,92.6652585,5.105258496
3,cw,0,1,133.4375,3.3893125,136.03,0.994,-1.05,-1.216,1.940417066,0.512261007,0.544,139.6388748,3.608874834
3,cw,0,1,133.4375,3.3893125,135.03,0.994,-1.05,-1.216,1.940417066,0.512261007,0.544,139.6388748,4.608874834
3,cw,0,1,133.4375,3.3893125,134.13,0.994,-1.05,-1.216,1.940417066,0.512261007,0.544,139.6388748,5.508874834
3,cw,0,1,133.4375,3.3893125,133.69,0.994,-1.05,-1.216,1.940417066,0.512261007,0.544,139.6388748,5.948874834
3,cw,0,1,133.4375,3.3893125,132.66,0.994,-1.05,-1.216,1.940417066,0.512261007,0.544,139.6388748,6.978874834
3,ccw,10,0.984807753,9.9375,0.2524125,10.63,0.994,-1.05,-1.216,1.910937771,0.520163459,0.544,9.114529589,-1.515470411
3,ccw,10,0.984807753,9.9375,0.2524125,7.65,0.994,-1.05,-1.216,1.910937771,0.520163459,0.544,9.114529589,1.464529589
3,ccw,10,0.984807753,9.9375,0.2524125,7.65,0.994,-1.05,-1.216,1.910937771,0.520163459,0.544,9.114529589,1.464529589
3,ccw,10,0.984807753,9.9375,0.2524125,7.62,0.994,-1.05,-1.216,1.910937771,0.520163459,0.544,9.114529589,1.494529589
3,ccw,10,0.984807753,9.9375,0.2524125,7.62,0.994,-1.05,-1.216,1.910937771,0.520163459,0.544,9.114529589,1.494529589
3,ccw,10,0.984807753,44.75,1.13665,45.25,0.994,-1.05,-1.216,1.910937771,0.520163459,0.544,45.30386909,0.053869094
3,ccw,10,0.984807753,44.75,1.13665,44.62,0.994,-1.05,-1.216,1.910937771,0.520163459,0.544,45.30386909,0.683869094
3,ccw,10,0.984807753,44.75,1.13665,44.46,0.994,-1.05,-1.216,1.910937771,0.520163459,0.544,45.30386909,0.843869094
3,ccw,10,0.984807753,44.75,1.13665,43.96,0.994,-1.05,-1.216,1.910937771,0.520163459,0.544,45.30386909,1.343869094
3,ccw,10,0.984807753,44.75,1.13665,43.9,0.994,-1.05,-1.216,1.910937771,0.520163459,0.544,45.30386909,1.403869094
3,ccw,10,0.984807753,89.5,2.2733,91.87,0.994,-1.05,-1.216,1.910937771,0.520163459,0.544,91.82373819,-0.046261813
3,ccw,10,0.984807753,89.5,2.2733,89.37,0.994,-1.05,-1.216,1.910937771,0.520163459,0.544,91.82373819,2.453738187
3,ccw,10,0.984807753,89.5,2.2733,88.77,0.994,-1.05,-1.216,1.910937771,0.520163459,0.544,91.82373819,3.053738187
3,ccw,10,0.984807753,89.5,2.2733,88.23,0.994,-1.05,-1.216,1.910937771,0.520163459,0.544,91.82373819,3.593738187
3,ccw,10,0.984807753,89.5,2.2733,87.6,0.994,-1.05,-1.216,1.910937771,0.520163459,0.544,91.82373819,4.223738187
3,ccw,10,0.984807753,134.25,3.40995,136.69,0.994,-1.05,-1.216,1.910937771,0.520163459,0.544,138.3436073,1.653607281
3,ccw,10,0.984807753,134.25,3.40995,135.67,0.994,-1.05,-1.216,1.910937771,0.520163459,0.544,138.3436073,2.673607281
3,ccw,10,0.984807753,134.25,3.40995,135.32,0.994,-1.05,-1.216,1.910937771,0.520163459,0.544,138.3436073,3.023607281
3,ccw,10,0.984807753,134.25,3.40995,133.11,0.994,-1.05,-1.216,1.910937771,0.520163459,0.544,138.3436073,5.233607281
3,ccw,10,0.984807753,134.25,3.40995,132.15,0.994,-1.05,-1.216,1.910937771,0.520163459,0.544,138.3436073,6.193607281
3,cw,10,0.984807753,9.875,0.250825,10.61,0.994,-1.05,-1.216,1.910937771,0.520163459,0.544,9.049557705,-1.560442295
3,cw,10,0.984807753,9.875,0.250825,8.04,0.994,-1.05,-1.216,1.910937771,0.520163459,0.544,9.049557705,1.009557705
3,cw,10,0.984807753,9.875,0.250825,7.81,0.994,-1.05,-1.216,1.910937771,0.520163459,0.544,9.049557705,1.239557705
3,cw,10,0.984807753,9.875,0.250825,7.78,0.994,-1.05,-1.216,1.910937771,0.520163459,0.544,9.049557705,1.269557705
3,cw,10,0.984807753,9.875,0.250825,7.56,0.994,-1.05,-1.216,1.910937771,0.520163459,0.544,9.049557705,1.489557705
3,cw,10,0.984807753,44.5,1.1303,45.67,0.994,-1.05,-1.216,1.910937771,0.520163459,0.544,45.04398156,-0.626018443
3,cw,10,0.984807753,44.5,1.1303,44.58,0.994,-1.05,-1.216,1.910937771,0.520163459,0.544,45.04398156,0.463981557
3,cw,10,0.984807753,44.5,1.1303,43.98,0.994,-1.05,-1.216,1.910937771,0.520163459,0.544,45.04398156,1.063981557
3,cw,10,0.984807753,44.5,1.1303,43.98,0.994,-1.05,-1.216,1.910937771,0.520163459,0.544,45.04398156,1.063981557
3,cw,10,0.984807753,44.5,1.1303,43.48,0.994,-1.05,-1.216,1.910937771,0.520163459,0.544,45.04398156,1.563981557
3,cw,10,0.984807753,88.9375,2.2590125,90.65,0.994,-1.05,-1.216,1.910937771,0.520163459,0.544,91.23899123,0.588991229
3,cw,10,0.984807753,88.9375,2.2590125,90.36,0.994,-1.05,-1.216,1.910937771,0.520163459,0.544,91.23899123,0.878991229
3,cw,10,0.984807753,88.9375,2.2590125,89.71,0.994,-1.05,-1.216,1.910937771,0.520163459,0.544,91.23899123,1.528991229
3,cw,10,0.984807753,88.9375,2.2590125,87.52,0.994,-1.05,-1.216,1.910937771,0.520163459,0.544,91.23899123,3.718991229
3,cw,10,0.984807753,88.9375,2.2590125,87.22,0.994,-1.05,-1.216,1.910937771,0.520163459,0.544,91.23899123,4.018991229
3,cw,10,0.984807753,133.4375,3.3893125,134.78,0.994,-1.05,-1.216,1.910937771,0.520163459,0.544,137.4989728,2.718972786
3,cw,10,0.984807753,133.4375,3.3893125,133.99,0.994,-1.05,-1.216,1.910937771,0.520163459,0.544,137.4989728,3.508972786
3,cw,10,0.984807753,133.4375,3.3893125,133.71,0.994,-1.05,-1.216,1.910937771,0.520163459,0.544,137.4989728,3.788972786
3,cw,10,0.984807753,133.4375,3.3893125,132.44,0.994,-1.05,-1.216,1.910937771,0.520163459,0.544,137.4989728,5.058972786
3,cw,10,0.984807753,133.4375,3.3893125,132.23,0.994,-1.05,-1.216,1.910937771,0.520163459,0.544,137.4989728,5.268972786
3,ccw,20,0.939692621,9.9375,0.2524125,10.63,0.994,-1.05,-1.216,1.823395598,0.545136777,0.544,8.641276605,-1.988723395
3,ccw,20,0.939692621,9.9375,0.2524125,7.62,0.994,-1.05,-1.216,1.823395598,0.545136777,0.544,8.641276605,1.021276605
3,ccw,20,0.939692621,9.9375,0.2524125,7.59,0.994,-1.05,-1.216,1.823395598,0.545136777,0.544,8.641276605,1.051276605
3,ccw,20,0.939692621,9.9375,0.2524125,7.57,0.994,-1.05,-1.216,1.823395598,0.545136777,0.544,8.641276605,1.071276605
3,ccw,20,0.939692621,9.9375,0.2524125,7.57,0.994,-1.05,-1.216,1.823395598,0.545136777,0.544,8.641276605,1.071276605
3,ccw,20,0.939692621,9.9375,0.2524125,7.53,0.994,-1.05,-1.216,1.823395598,0.545136777,0.544,8.641276605,1.111276605
3,ccw,20,0.939692621,44.75,1.13665,44.4,0.994,-1.05,-1.216,1.823395598,0.545136777,0.544,43.17274245,-1.227257554
3,ccw,20,0.939692621,44.75,1.13665,44.31,0.994,-1.05,-1.216,1.823395598,0.545136777,0.544,43.17274245,-1.137257554
3,ccw,20,0.939692621,44.75,1.13665,43.75,0.994,-1.05,-1.216,1.823395598,0.545136777,0.544,43.17274245,-0.577257554
3,ccw,20,0.939692621,44.75,1.13665,43.41,0.994,-1.05,-1.216,1.823395598,0.545136777,0.544,43.17274245,-0.237257554
3,ccw,20,0.939692621,44.75,1.13665,43.33,0.994,-1.05,-1.216,1.823395598,0.545136777,0.544,43.17274245,-0.157257554
3,ccw,20,0.939692621,44.75,1.13665,42.75,0.994,-1.05,-1.216,1.823395598,0.545136777,0.544,43.17274245,0.422742446
3,ccw,20,0.939692621,44.75,1.13665,42.54,0.994,-1.05,-1.216,1.823395598,0.545136777,0.544,43.17274245,0.632742446
3,ccw,20,0.939692621,44.75,1.13665,42.41,0.994,-1.05,-1.216,1.823395598,0.545136777,0.544,43.17274245,0.762742446
3,ccw,20,0.939692621,89.5,2.2733,90.23,0.994,-1.05,-1.216,1.823395598,0.545136777,0.544,87.56148489,-2.668515108
3,ccw,20,0.939692621,89.5,2.2733,88.95,0.994,-1.05,-1.216,1.823395598,0.545136777,0.544,87.56148489,-1.388515108
3,ccw,20,0.939692621,89.5,2.2733,87.15,0.994,-1.05,-1.216,1.823395598,0.545136777,0.544,87.56148489,0.411484892
3,ccw,20,0.939692621,89.5,2.2733,85.88,0.994,-1.05,-1.216,1.823395598,0.545136777,0.544,87.56148489,1.681484892
3,ccw,20,0.939692621,134.25,3.40995,135.85,0.994,-1.05,-1.216,1.823395598,0.545136777,0.544,131.9502273,-3.899772663
3,ccw,20,0.939692621,134.25,3.40995,134.86,0.994,-1.05,-1.216,1.823395598,0.545136777,0.544,131.9502273,-2.909772663
3,ccw,20,0.939692621,134.25,3.40995,130.89,0.994,-1.05,-1.216,1.823395598,0.545136777,0.544,131.9502273,1.060227337
3,ccw,20,0.939692621,134.25,3.40995,130.53,0.994,-1.05,-1.216,1.823395598,0.545136777,0.544,131.9502273,1.420227337
3,cw,20,0.939692621,9.875,0.250825,10.45,0.994,-1.05,-1.216,1.823395598,0.545136777,0.544,8.579281154,-1.870718846
3,cw,20,0.939692621,9.875,0.250825,7.9,0.994,-1.05,-1.216,1.823395598,0.545136777,0.544,8.579281154,0.679281154
3,cw,20,0.939692621,9.875,0.250825,7.67,0.994,-1.05,-1.216,1.823395598,0.545136777,0.544,8.579281154,0.909281154
3,cw,20,0.939692621,9.875,0.250825,7.58,0.994,-1.05,-1.216,1.823395598,0.545136777,0.544,8.579281154,0.999281154
3,cw,20,0.939692621,9.875,0.250825,7.56,0.994,-1.05,-1.216,1.823395598,0.545136777,0.544,8.579281154,1.019281154
3,cw,20,0.939692621,9.875,0.250825,6.72,0.994,-1.05,-1.216,1.823395598,0.545136777,0.544,8.579281154,1.859281154
3,cw,20,0.939692621,44.5,1.1303,44.82,0.994,-1.05,-1.216,1.823395598,0.545136777,0.544,42.92476064,-1.895239356
3,cw,20,0.939692621,44.5,1.1303,44.12,0.994,-1.05,-1.216,1.823395598,0.545136777,0.544,42.92476064,-1.195239356
3,cw,20,0.939692621,44.5,1.1303,43.93,0.994,-1.05,-1.216,1.823395598,0.545136777,0.544,42.92476064,-1.005239356
3,cw,20,0.939692621,44.5,1.1303,43.87,0.994,-1.05,-1.216,1.823395598,0.545136777,0.544,42.92476064,-0.945239356
3,cw,20,0.939692621,44.5,1.1303,43.7,0.994,-1.05,-1.216,1.823395598,0.545136777,0.544,42.92476064,-0.775239356
3,cw,20,0.939692621,44.5,1.1303,43.2,0.994,-1.05,-1.216,1.823395598,0.545136777,0.544,42.92476064,-0.275239356
3,cw,20,0.939692621,44.5,1.1303,42.7,0.994,-1.05,-1.216,1.823395598,0.545136777,0.544,42.92476064,0.224760644
3,cw,20,0.939692621,44.5,1.1303,42.31,0.994,-1.05,-1.216,1.823395598,0.545136777,0.544,42.92476064,0.614760644
3,cw,20,0.939692621,88.9375,2.2590125,91.37,0.994,-1.05,-1.216,1.823395598,0.545136777,0.544,87.00352584,-4.366474161
3,cw,20,0.939692621,88.9375,2.2590125,88.35,0.994,-1.05,-1.216,1.823395598,0.545136777,0.544,87.00352584,-1.346474161
3,cw,20,0.939692621,88.9375,2.2590125,87.31,0.994,-1.05,-1.216,1.823395598,0.545136777,0.544,87.00352584,-0.306474161
3,cw,20,0.939692621,88.9375,2.2590125,86.65,0.994,-1.05,-1.216,1.823395598,0.545136777,0.544,87.00352584,0.353525839
3,cw,20,0.939692621,133.4375,3.3893125,133.17,0.994,-1.05,-1.216,1.823395598,0.545136777,0.544,131.1442865,-2.025713517
3,cw,20,0.939692621,133.4375,3.3893125,130.65,0.994,-1.05,-1.216,1.823395598,0.545136777,0.544,131.1442865,0.494286483
3,ccw,30,0.866025404,9.9375,0.2524125,10.13,0.994,-1.05,-1.216,1.680450473,0.59150806,0.544,7.868515258,-2.261484742
3,ccw,30,0.866025404,44.75,1.13665,48.88,0.994,-1.05,-1.216,1.680450473,0.59150806,0.544,39.69288632,-9.187113679
3,ccw,30,0.866025404,44.75,1.13665,41.26,0.994,-1.05,-1.216,1.680450473,0.59150806,0.544,39.69288632,-1.567113679
3,ccw,30,0.866025404,44.75,1.13665,40.53,0.994,-1.05,-1.216,1.680450473,0.59150806,0.544,39.69288632,-0.837113679
3,ccw,30,0.866025404,89.5,2.2733,97.44,0.994,-1.05,-1.216,1.680450473,0.59150806,0.544,80.60177264,-16.83822736
3,ccw,30,0.866025404,89.5,2.2733,85.19,0.994,-1.05,-1.216,1.680450473,0.59150806,0.544,80.60177264,-4.588227359
3,ccw,30,0.866025404,89.5,2.2733,81.87,0.994,-1.05,-1.216,1.680450473,0.59150806,0.544,80.60177264,-1.268227359
3,ccw,30,0.866025404,134.25,3.40995,127.1,0.994,-1.05,-1.216,1.680450473,0.59150806,0.544,121.510659,-5.589341038
3,ccw,30,0.866025404,134.25,3.40995,126.82,0.994,-1.05,-1.216,1.680450473,0.59150806,0.544,121.510659,-5.309341038
3,ccw,30,0.866025404,134.25,3.40995,125.54,0.994,-1.05,-1.216,1.680450473,0.59150806,0.544,121.510659,-4.029341038
3,ccw,30,0.866025404,134.25,3.40995,125.51,0.994,-1.05,-1.216,1.680450473,0.59150806,0.544,121.510659,-3.999341038
3,cw,30,0.866025404,9.875,0.250825,7.82,0.994,-1.05,-1.216,1.680450473,0.59150806,0.544,7.811379942,-0.008620058
3,cw,30,0.866025404,44.5,1.1303,44.15,0.994,-1.05,-1.216,1.680450473,0.59150806,0.544,39.46434506,-4.685654944
3,cw,30,0.866025404,44.5,1.1303,43.31,0.994,-1.05,-1.216,1.680450473,0.59150806,0.544,39.46434506,-3.845654944
3,cw,30,0.866025404,44.5,1.1303,42.57,0.994,-1.05,-1.216,1.680450473,0.59150806,0.544,39.46434506,-3.105654944
3,cw,30,0.866025404,44.5,1.1303,42.25,0.994,-1.05,-1.216,1.680450473,0.59150806,0.544,39.46434506,-2.785654944
3,cw,30,0.866025404,44.5,1.1303,40.85,0.994,-1.05,-1.216,1.680450473,0.59150806,0.544,39.46434506,-1.385654944
3,cw,30,0.866025404,44.5,1.1303,40.75,0.994,-1.05,-1.216,1.680450473,0.59150806,0.544,39.46434506,-1.285654944
3,cw,30,0.866025404,44.5,1.1303,40.18,0.994,-1.05,-1.216,1.680450473,0.59150806,0.544,39.46434506,-0.715654944
3,cw,30,0.866025404,88.9375,2.2590125,85.52,0.994,-1.05,-1.216,1.680450473,0.59150806,0.544,80.0875548,-5.432445203
3,cw,30,0.866025404,88.9375,2.2590125,84.01,0.994,-1.05,-1.216,1.680450473,0.59150806,0.544,80.0875548,-3.922445203
3,cw,30,0.866025404,88.9375,2.2590125,83.25,0.994,-1.05,-1.216,1.680450473,0.59150806,0.544,80.0875548,-3.162445203
3,cw,30,0.866025404,88.9375,2.2590125,82.65,0.994,-1.05,-1.216,1.680450473,0.59150806,0.544,80.0875548,-2.562445203
3,cw,30,0.866025404,88.9375,2.2590125,82.63,0.994,-1.05,-1.216,1.680450473,0.59150806,0.544,80.0875548,-2.542445203
3,cw,30,0.866025404,133.4375,3.3893125,124.69,0.994,-1.05,-1.216,1.680450473,0.59150806,0.544,120.7678999,-3.922100147
3,cw,30,0.866025404,133.4375,3.3893125,124.63,0.994,-1.05,-1.216,1.680450473,0.59150806,0.544,120.7678999,-3.862100147
3,cw,30,0.866025404,133.4375,3.3893125,124.5,0.994,-1.05,-1.216,1.680450473,0.59150806,0.544,120.7678999,-3.732100147
3,cw,30,0.866025404,133.4375,3.3893125,124.21,0.994,-1.05,-1.216,1.680450473,0.59150806,0.544,120.7678999,-3.442100147
3,cw,30,0.866025404,133.4375,3.3893125,123.88,0.994,-1.05,-1.216,1.680450473,0.59150806,0.544,120.7678999,-3.112100147
3,cw,30,0.866025404,133.4375,3.3893125,122.81,0.994,-1.05,-1.216,1.680450473,0.59150806,0.544,120.7678999,-2.042100147
4,ccw,0,1,12.9375,0.3286125,9.11,0.748,-0.733,-1.216,1.4553128,0.513978851,0.544,9.026491484,-0.083508516
4,ccw,0,1,12.9375,0.3286125,9.02,0.748,-0.733,-1.216,1.4553128,0.513978851,0.544,9.026491484,0.006491484
4,ccw,0,1,12.9375,0.3286125,8.93,0.748,-0.733,-1.216,1.4553128,0.513978851,0.544,9.026491484,0.096491484
4,ccw,0,1,12.9375,0.3286125,8.9,0.748,-0.733,-1.216,1.4553128,0.513978851,0.544,9.026491484,0.126491484
4,ccw,0,1,12.9375,0.3286125,8.82,0.748,-0.733,-1.216,1.4553128,0.513978851,0.544,9.026491484,0.206491484
4,ccw,0,1,58.1875,1.4779625,44.18,0.748,-0.733,-1.216,1.4553128,0.513978851,0.544,44.85047136,0.67047136
4,ccw,0,1,58.1875,1.4779625,43.87,0.748,-0.733,-1.216,1.4553128,0.513978851,0.544,44.85047136,0.98047136
4,ccw,0,1,58.1875,1.4779625,42.97,0.748,-0.733,-1.216,1.4553128,0.513978851,0.544,44.85047136,1.88047136
4,ccw,0,1,58.1875,1.4779625,42.46,0.748,-0.733,-1.216,1.4553128,0.513978851,0.544,44.85047136,2.39047136
4,ccw,0,1,58.1875,1.4779625,42.33,0.748,-0.733,-1.216,1.4553128,0.513978851,0.544,44.85047136,2.52047136
4,ccw,0,1,116.375,2.955925,88.86,0.748,-0.733,-1.216,1.4553128,0.513978851,0.544,90.91694272,2.056942719
4,ccw,0,1,116.375,2.955925,88.86,0.748,-0.733,-1.216,1.4553128,0.513978851,0.544,90.91694272,2.056942719
4,ccw,0,1,116.375,2.955925,87.26,0.748,-0.733,-1.216,1.4553128,0.513978851,0.544,90.91694272,3.656942719
4,ccw,0,1,116.375,2.955925,87.21,0.748,-0.733,-1.216,1.4553128,0.513978851,0.544,90.91694272,3.706942719
4,ccw,0,1,116.375,2.955925,86.24,0.748,-0.733,-1.216,1.4553128,0.513978851,0.544,90.91694272,4.676942719
4,ccw,0,1,174.5,4.4323,133.25,0.748,-0.733,-1.216,1.4553128,0.513978851,0.544,136.9339334,3.683933443
4,ccw,0,1,174.5,4.4323,133.14,0.748,-0.733,-1.216,1.4553128,0.513978851,0.544,136.9339334,3.793933443
4,ccw,0,1,174.5,4.4323,132.96,0.748,-0.733,-1.216,1.4553128,0.513978851,0.544,136.9339334,3.973933443
4,ccw,0,1,174.5,4.4323,132.79,0.748,-0.733,-1.216,1.4553128,0.513978851,0.544,136.9339334,4.143933443
4,ccw,0,1,174.5,4.4323,130.99,0.748,-0.733,-1.216,1.4553128,0.513978851,0.544,136.9339334,5.943933443
4,cw,0,1,12.75,0.32385,9.65,0.748,-0.733,-1.216,1.4553128,0.513978851,0.544,8.878049578,-0.771950422
4,cw,0,1,12.75,0.32385,8.94,0.748,-0.733,-1.216,1.4553128,0.513978851,0.544,8.878049578,-0.061950422
4,cw,0,1,12.75,0.32385,8.91,0.748,-0.733,-1.216,1.4553128,0.513978851,0.544,8.878049578,-0.031950422
4,cw,0,1,12.75,0.32385,8.61,0.748,-0.733,-1.216,1.4553128,0.513978851,0.544,8.878049578,0.268049578
4,cw,0,1,12.75,0.32385,8.13,0.748,-0.733,-1.216,1.4553128,0.513978851,0.544,8.878049578,0.748049578
4,cw,0,1,57.4375,1.4589125,43.56,0.748,-0.733,-1.216,1.4553128,0.513978851,0.544,44.25670374,0.696703737
4,cw,0,1,57.4375,1.4589125,42.54,0.748,-0.733,-1.216,1.4553128,0.513978851,0.544,44.25670374,1.716703737
4,cw,0,1,57.4375,1.4589125,42.47,0.748,-0.733,-1.216,1.4553128,0.513978851,0.544,44.25670374,1.786703737
4,cw,0,1,57.4375,1.4589125,42.13,0.748,-0.733,-1.216,1.4553128,0.513978851,0.544,44.25670374,2.126703737
4,cw,0,1,57.4375,1.4589125,42.08,0.748,-0.733,-1.216,1.4553128,0.513978851,0.544,44.25670374,2.176703737
4,cw,0,1,114.875,2.917825,88.95,0.748,-0.733,-1.216,1.4553128,0.513978851,0.544,89.72940747,0.779407475
4,cw,0,1,114.875,2.917825,87.22,0.748,-0.733,-1.216,1.4553128,0.513978851,0.544,89.72940747,2.509407475
4,cw,0,1,114.875,2.917825,87.18,0.748,-0.733,-1.216,1.4553128,0.513978851,0.544,89.72940747,2.549407475
4,cw,0,1,114.875,2.917825,86.84,0.748,-0.733,-1.216,1.4553128,0.513978851,0.544,89.72940747,2.889407475
4,cw,0,1,114.875,2.917825,86.77,0.748,-0.733,-1.216,1.4553128,0.513978851,0.544,89.72940747,2.959407475
4,cw,0,1,114.875,2.917825,86.4,0.748,-0.733,-1.216,1.4553128,0.513978851,0.544,89.72940747,3.329407475
4,cw,0,1,172.375,4.378325,131.44,0.748,-0.733,-1.216,1.4553128,0.513978851,0.544,135.2515918,3.811591847
4,cw,0,1,172.375,4.378325,131.06,0.748,-0.733,-1.216,1.4553128,0.513978851,0.544,135.2515918,4.191591847
4,cw,0,1,172.375,4.378325,130.62,0.748,-0.733,-1.216,1.4553128,0.513978851,0.544,135.2515918,4.631591847
4,cw,0,1,172.375,4.378325,130.11,0.748,-0.733,-1.216,1.4553128,0.513978851,0.544,135.2515918,5.141591847
4,cw,0,1,172.375,4.378325,130.02,0.748,-0.733,-1.216,1.4553128,0.513978851,0.544,135.2515918,5.231591847
4,ccw,10,0.984807753,12.9375,0.3286125,9.76,0.748,-0.733,-1.216,1.433203328,0.521907803,0.544,8.870885023,-0.889114977
4,ccw,10,0.984807753,12.9375,0.3286125,8.8,0.748,-0.733,-1.216,1.433203328,0.521907803,0.544,8.870885023,0.070885023
4,ccw,10,0.984807753,12.9375,0.3286125,8.71,0.748,-0.733,-1.216,1.433203328,0.521907803,0.544,8.870885023,0.160885023
4,ccw,10,0.984807753,12.9375,0.3286125,8.68,0.748,-0.733,-1.216,1.433203328,0.521907803,0.544,8.870885023,0.190885023
4,ccw,10,0.984807753,58.1875,1.4779625,43.82,0.748,-0.733,-1.216,1.433203328,0.521907803,0.544,44.15061815,0.330618149
4,ccw,10,0.984807753,58.1875,1.4779625,43.71,0.748,-0.733,-1.216,1.433203328,0.521907803,0.544,44.15061815,0.440618149
4,ccw,10,0.984807753,58.1875,1.4779625,43.7,0.748,-0.733,-1.216,1.433203328,0.521907803,0.544,44.15061815,0.450618149
4,ccw,10,0.984807753,58.1875,1.4779625,41.69,0.748,-0.733,-1.216,1.433203328,0.521907803,0.544,44.15061815,2.460618149
4,ccw,10,0.984807753,58.1875,1.4779625,41.56,0.748,-0.733,-1.216,1.433203328,0.521907803,0.544,44.15061815,2.590618149
4,ccw,10,0.984807753,116.375,2.955925,88.42,0.748,-0.733,-1.216,1.433203328,0.521907803,0.544,89.5172363,1.097236298
4,ccw,10,0.984807753,116.375,2.955925,86.55,0.748,-0.733,-1.216,1.433203328,0.521907803,0.544,89.5172363,2.967236298
4,ccw,10,0.984807753,116.375,2.955925,86.32,0.748,-0.733,-1.216,1.433203328,0.521907803,0.544,89.5172363,3.197236298
4,ccw,10,0.984807753,116.375,2.955925,85.67,0.748,-0.733,-1.216,1.433203328,0.521907803,0.544,89.5172363,3.847236298
4,ccw,10,0.984807753,116.375,2.955925,85.64,0.748,-0.733,-1.216,1.433203328,0.521907803,0.544,89.5172363,3.877236298
4,ccw,10,0.984807753,174.5,4.4323,131.53,0.748,-0.733,-1.216,1.433203328,0.521907803,0.544,134.8351255,3.305125533
4,ccw,10,0.984807753,174.5,4.4323,130.24,0.748,-0.733,-1.216,1.433203328,0.521907803,0.544,134.8351255,4.595125533
4,ccw,10,0.984807753,174.5,4.4323,129.92,0.748,-0.733,-1.216,1.433203328,0.521907803,0.544,134.8351255,4.915125533
4,ccw,10,0.984807753,174.5,4.4323,129.9,0.748,-0.733,-1.216,1.433203328,0.521907803,0.544,134.8351255,4.935125533
4,ccw,10,0.984807753,174.5,4.4323,129.25,0.748,-0.733,-1.216,1.433203328,0.521907803,0.544,134.8351255,5.585125533
4,cw,10,0.984807753,12.75,0.32385,9.62,0.748,-0.733,-1.216,1.433203328,0.521907803,0.544,8.724698284,-0.895301716
4,cw,10,0.984807753,12.75,0.32385,9.14,0.748,-0.733,-1.216,1.433203328,0.521907803,0.544,8.724698284,-0.415301716
4,cw,10,0.984807753,12.75,0.32385,8.78,0.748,-0.733,-1.216,1.433203328,0.521907803,0.544,8.724698284,-0.055301716
4,cw,10,0.984807753,12.75,0.32385,8.72,0.748,-0.733,-1.216,1.433203328,0.521907803,0.544,8.724698284,0.004698284
4,cw,10,0.984807753,12.75,0.32385,8.34,0.748,-0.733,-1.216,1.433203328,0.521907803,0.544,8.724698284,0.384698284
4,cw,10,0.984807753,12.75,0.32385,8.32,0.748,-0.733,-1.216,1.433203328,0.521907803,0.544,8.724698284,0.404698284
4,cw,10,0.984807753,57.4375,1.4589125,43.3,0.748,-0.733,-1.216,1.433203328,0.521907803,0.544,43.56587119,0.265871191
4,cw,10,0.984807753,57.4375,1.4589125,43,0.748,-0.733,-1.216,1.433203328,0.521907803,0.544,43.56587119,0.565871191
4,cw,10,0.984807753,57.4375,1.4589125,42.86,0.748,-0.733,-1.216,1.433203328,0.521907803,0.544,43.56587119,0.705871191
4,cw,10,0.984807753,57.4375,1.4589125,41.93,0.748,-0.733,-1.216,1.433203328,0.521907803,0.544,43.56587119,1.635871191
4,cw,10,0.984807753,57.4375,1.4589125,41.77,0.748,-0.733,-1.216,1.433203328,0.521907803,0.544,43.56587119,1.795871191
4,cw,10,0.984807753,114.875,2.917825,87.62,0.748,-0.733,-1.216,1.433203328,0.521907803,0.544,88.34774238,0.727742382
4,cw,10,0.984807753,114.875,2.917825,86.42,0.748,-0.733,-1.216,1.433203328,0.521907803,0.544,88.34774238,1.927742382
4,cw,10,0.984807753,114.875,2.917825,86.13,0.748,-0.733,-1.216,1.433203328,0.521907803,0.544,88.34774238,2.217742382
4,cw,10,0.984807753,114.875,2.917825,85.66,0.748,-0.733,-1.216,1.433203328,0.521907803,0.544,88.34774238,2.687742382
4,cw,10,0.984807753,114.875,2.917825,85.17,0.748,-0.733,-1.216,1.433203328,0.521907803,0.544,88.34774238,3.177742382
4,cw,10,0.984807753,172.375,4.378325,129.87,0.748,-0.733,-1.216,1.433203328,0.521907803,0.544,133.1783425,3.308342486
4,cw,10,0.984807753,172.375,4.378325,129.46,0.748,-0.733,-1.216,1.433203328,0.521907803,0.544,133.1783425,3.718342486
4,cw,10,0.984807753,172.375,4.378325,128.78,0.748,-0.733,-1.216,1.433203328,0.521907803,0.544,133.1783425,4.398342486
4,cw,10,0.984807753,172.375,4.378325,128.53,0.748,-0.733,-1.216,1.433203328,0.521907803,0.544,133.1783425,4.648342486
4,cw,10,0.984807753,172.375,4.378325,127.42,0.748,-0.733,-1.216,1.433203328,0.521907803,0.544,133.1783425,5.758342486
4,ccw,20,0.939692621,12.9375,0.3286125,9.55,0.748,-0.733,-1.216,1.367546699,0.546964868,0.544,8.408793666,-1.141206334
4,ccw,20,0.939692621,12.9375,0.3286125,8.75,0.748,-0.733,-1.216,1.367546699,0.546964868,0.544,8.408793666,-0.341206334
4,ccw,20,0.939692621,12.9375,0.3286125,8.68,0.748,-0.733,-1.216,1.367546699,0.546964868,0.544,8.408793666,-0.271206334
4,ccw,20,0.939692621,12.9375,0.3286125,8.67,0.748,-0.733,-1.216,1.367546699,0.546964868,0.544,8.408793666,-0.261206334
4,ccw,20,0.939692621,12.9375,0.3286125,8.59,0.748,-0.733,-1.216,1.367546699,0.546964868,0.544,8.408793666,-0.181206334
4,ccw,20,0.939692621,58.1875,1.4779625,44.95,0.748,-0.733,-1.216,1.367546699,0.546964868,0.544,42.0723232,-2.877676798
4,ccw,20,0.939692621,58.1875,1.4779625,42.44,0.748,-0.733,-1.216,1.367546699,0.546964868,0.544,42.0723232,-0.367676798
4,ccw,20,0.939692621,58.1875,1.4779625,42.4,0.748,-0.733,-1.216,1.367546699,0.546964868,0.544,42.0723232,-0.327676798
4,ccw,20,0.939692621,58.1875,1.4779625,42.04,0.748,-0.733,-1.216,1.367546699,0.546964868,0.544,42.0723232,0.032323202
4,ccw,20,0.939692621,58.1875,1.4779625,40.68,0.748,-0.733,-1.216,1.367546699,0.546964868,0.544,42.0723232,1.392323202
4,ccw,20,0.939692621,58.1875,1.4779625,40.12,0.748,-0.733,-1.216,1.367546699,0.546964868,0.544,42.0723232,1.952323202
4,ccw,20,0.939692621,116.375,2.955925,88.06,0.748,-0.733,-1.216,1.367546699,0.546964868,0.544,85.3606464,-2.699353596
4,ccw,20,0.939692621,116.375,2.955925,87.01,0.748,-0.733,-1.216,1.367546699,0.546964868,0.544,85.3606464,-1.649353596
4,ccw,20,0.939692621,116.375,2.955925,86.18,0.748,-0.733,-1.216,1.367546699,0.546964868,0.544,85.3606464,-0.819353596
4,ccw,20,0.939692621,116.375,2.955925,83.91,0.748,-0.733,-1.216,1.367546699,0.546964868,0.544,85.3606464,1.450646404
4,ccw,20,0.939692621,116.375,2.955925,82.85,0.748,-0.733,-1.216,1.367546699,0.546964868,0.544,85.3606464,2.510646404
4,ccw,20,0.939692621,174.5,4.4323,131.56,0.748,-0.733,-1.216,1.367546699,0.546964868,0.544,128.602473,-2.957526981
4,ccw,20,0.939692621,174.5,4.4323,131.29,0.748,-0.733,-1.216,1.367546699,0.546964868,0.544,128.602473,-2.687526981
4,ccw,20,0.939692621,174.5,4.4323,129.02,0.748,-0.733,-1.216,1.367546699,0.546964868,0.544,128.602473,-0.417526981
4,ccw,20,0.939692621,174.5,4.4323,127.68,0.748,-0.733,-1.216,1.367546699,0.546964868,0.544,128.602473,0.922473019
4,ccw,20,0.939692621,174.5,4.4323,125.31,0.748,-0.733,-1.216,1.367546699,0.546964868,0.544,128.602473,3.292473019
4,cw,20,0.939692621,12.75,0.32385,9.46,0.748,-0.733,-1.216,1.367546699,0.546964868,0.544,8.269303903,-1.190696097
4,cw,20,0.939692621,12.75,0.32385,8.98,0.748,-0.733,-1.216,1.367546699,0.546964868,0.544,8.269303903,-0.710696097
4,cw,20,0.939692621,12.75,0.32385,8.65,0.748,-0.733,-1.216,1.367546699,0.546964868,0.544,8.269303903,-0.380696097
4,cw,20,0.939692621,12.75,0.32385,8.64,0.748,-0.733,-1.216,1.367546699,0.546964868,0.544,8.269303903,-0.370696097
4,cw,20,0.939692621,12.75,0.32385,8.62,0.748,-0.733,-1.216,1.367546699,0.546964868,0.544,8.269303903,-0.350696097
4,cw,20,0.939692621,57.4375,1.4589125,44.14,0.748,-0.733,-1.216,1.367546699,0.546964868,0.544,41.51436415,-2.625635851
4,cw,20,0.939692621,57.4375,1.4589125,43.2,0.748,-0.733,-1.216,1.367546699,0.546964868,0.544,41.51436415,-1.685635851
4,cw,20,0.939692621,57.4375,1.4589125,42.07,0.748,-0.733,-1.216,1.367546699,0.546964868,0.544,41.51436415,-0.555635851
4,cw,20,0.939692621,57.4375,1.4589125,39.62,0.748,-0.733,-1.216,1.367546699,0.546964868,0.544,41.51436415,1.894364149
4,cw,20,0.939692621,114.875,2.917825,86.91,0.748,-0.733,-1.216,1.367546699,0.546964868,0.544,84.2447283,-2.665271702
4,cw,20,0.939692621,114.875,2.917825,86.03,0.748,-0.733,-1.216,1.367546699,0.546964868,0.544,84.2447283,-1.785271702
4,cw,20,0.939692621,114.875,2.917825,85.25,0.748,-0.733,-1.216,1.367546699,0.546964868,0.544,84.2447283,-1.005271702
4,cw,20,0.939692621,114.875,2.917825,84.28,0.748,-0.733,-1.216,1.367546699,0.546964868,0.544,84.2447283,-0.035271702
4,cw,20,0.939692621,114.875,2.917825,83.08,0.748,-0.733,-1.216,1.367546699,0.546964868,0.544,84.2447283,1.164728298
4,cw,20,0.939692621,172.375,4.378325,131.59,0.748,-0.733,-1.216,1.367546699,0.546964868,0.544,127.021589,-4.568410965
4,cw,20,0.939692621,172.375,4.378325,131.29,0.748,-0.733,-1.216,1.367546699,0.546964868,0.544,127.021589,-4.268410965
4,cw,20,0.939692621,172.375,4.378325,127.79,0.748,-0.733,-1.216,1.367546699,0.546964868,0.544,127.021589,-0.768410965
4,cw,20,0.939692621,172.375,4.378325,126.22,0.748,-0.733,-1.216,1.367546699,0.546964868,0.544,127.021589,0.801589035
4,cw,20,0.939692621,172.375,4.378325,125.69,0.748,-0.733,-1.216,1.367546699,0.546964868,0.544,127.021589,1.331589035
4,ccw,30,0.866025404,12.9375,0.3286125,11.68,0.748,-0.733,-1.216,1.260337855,0.593491655,0.544,7.654257823,-4.025742177
4,ccw,30,0.866025404,12.9375,0.3286125,8.4,0.748,-0.733,-1.216,1.260337855,0.593491655,0.544,7.654257823,-0.745742177
4,ccw,30,0.866025404,58.1875,1.4779625,46.59,0.748,-0.733,-1.216,1.260337855,0.593491655,0.544,38.67873446,-7.91126554
4,ccw,30,0.866025404,58.1875,1.4779625,42.02,0.748,-0.733,-1.216,1.260337855,0.593491655,0.544,38.67873446,-3.34126554
4,ccw,30,0.866025404,58.1875,1.4779625,40.37,0.748,-0.733,-1.216,1.260337855,0.593491655,0.544,38.67873446,-1.69126554
4,ccw,30,0.866025404,116.375,2.955925,96.82,0.748,-0.733,-1.216,1.260337855,0.593491655,0.544,78.57346892,-18.24653108
4,ccw,30,0.866025404,116.375,2.955925,83.8,0.748,-0.733,-1.216,1.260337855,0.593491655,0.544,78.57346892,-5.22653108
4,ccw,30,0.866025404,174.5,4.4323,122.89,0.748,-0.733,-1.216,1.260337855,0.593491655,0.544,118.4253519,-4.464648107
4,ccw,30,0.866025404,174.5,4.4323,122.67,0.748,-0.733,-1.216,1.260337855,0.593491655,0.544,118.4253519,-4.244648107
4,cw,30,0.866025404,12.75,0.32385,10.35,0.748,-0.733,-1.216,1.260337855,0.593491655,0.544,7.525703362,-2.824296638
4,cw,30,0.866025404,12.75,0.32385,8.91,0.748,-0.733,-1.216,1.260337855,0.593491655,0.544,7.525703362,-1.384296638
4,cw,30,0.866025404,12.75,0.32385,8.73,0.748,-0.733,-1.216,1.260337855,0.593491655,0.544,7.525703362,-1.204296638
4,cw,30,0.866025404,12.75,0.32385,8.7,0.748,-0.733,-1.216,1.260337855,0.593491655,0.544,7.525703362,-1.174296638
4,cw,30,0.866025404,12.75,0.32385,8.4,0.748,-0.733,-1.216,1.260337855,0.593491655,0.544,7.525703362,-0.874296638
4,cw,30,0.866025404,12.75,0.32385,8.34,0.748,-0.733,-1.216,1.260337855,0.593491655,0.544,7.525703362,-0.814296638
4,cw,30,0.866025404,12.75,0.32385,7.92,0.748,-0.733,-1.216,1.260337855,0.593491655,0.544,7.525703362,-0.394296638
4,cw,30,0.866025404,57.4375,1.4589125,41.77,0.748,-0.733,-1.216,1.260337855,0.593491655,0.544,38.16451662,-3.605483385
4,cw,30,0.866025404,57.4375,1.4589125,41.12,0.748,-0.733,-1.216,1.260337855,0.593491655,0.544,38.16451662,-2.955483385
4,cw,30,0.866025404,57.4375,1.4589125,40.22,0.748,-0.733,-1.216,1.260337855,0.593491655,0.544,38.16451662,-2.055483385
4,cw,30,0.866025404,57.4375,1.4589125,39.79,0.748,-0.733,-1.216,1.260337855,0.593491655,0.544,38.16451662,-1.625483385
4,cw,30,0.866025404,57.4375,1.4589125,39.14,0.748,-0.733,-1.216,1.260337855,0.593491655,0.544,38.16451662,-0.975483385
4,cw,30,0.866025404,57.4375,1.4589125,39.14,0.748,-0.733,-1.216,1.260337855,0.593491655,0.544,38.16451662,-0.975483385
4,cw,30,0.866025404,114.875,2.917825,82.78,0.748,-0.733,-1.216,1.260337855,0.593491655,0.544,77.54503323,-5.234966769
4,cw,30,0.866025404,114.875,2.917825,81.4,0.748,-0.733,-1.216,1.260337855,0.593491655,0.544,77.54503323,-3.854966769
4,cw,30,0.866025404,114.875,2.917825,80.44,0.748,-0.733,-1.216,1.260337855,0.593491655,0.544,77.54503323,-2.894966769
4,cw,30,0.866025404,172.375,4.378325,123.05,0.748,-0.733,-1.216,1.260337855,0.593491655,0.544,116.9684013,-6.081598667
4,cw,30,0.866025404,172.375,4.378325,121.32,0.748,-0.733,-1.216,1.260337855,0.593491655,0.544,116.9684013,-4.351598667
4,cw,30,0.866025404,172.375,4.378325,120.94,0.748,-0.733,-1.216,1.260337855,0.593491655,0.544,116.9684013,-3.971598667
5,ccw,0,1,16.375,0.415925,10.22,0.598,-0.749,-1.216,1.16425024,0.513635282,0.544,9.155141135,-1.064858865
5,ccw,0,1,16.375,0.415925,9.74,0.598,-0.749,-1.216,1.16425024,0.513635282,0.544,9.155141135,-0.584858865
5,ccw,0,1,16.375,0.415925,9.45,0.598,-0.749,-1.216,1.16425024,0.513635282,0.544,9.155141135,-0.294858865
5,ccw,0,1,16.375,0.415925,9.02,0.598,-0.749,-1.216,1.16425024,0.513635282,0.544,9.155141135,0.135141135
5,ccw,0,1,16.375,0.415925,8.84,0.598,-0.749,-1.216,1.16425024,0.513635282,0.544,9.155141135,0.315141135
5,ccw,0,1,73.75,1.87325,44.46,0.598,-0.749,-1.216,1.16425024,0.513635282,0.544,45.49371962,1.033719617
5,ccw,0,1,73.75,1.87325,43.53,0.598,-0.749,-1.216,1.16425024,0.513635282,0.544,45.49371962,1.963719617
5,ccw,0,1,73.75,1.87325,43.31,0.598,-0.749,-1.216,1.16425024,0.513635282,0.544,45.49371962,2.183719617
5,ccw,0,1,73.75,1.87325,43.24,0.598,-0.749,-1.216,1.16425024,0.513635282,0.544,45.49371962,2.253719617
5,ccw,0,1,73.75,1.87325,42.93,0.598,-0.749,-1.216,1.16425024,0.513635282,0.544,45.49371962,2.563719617
5,ccw,0,1,147.5,3.7465,89.11,0.598,-0.749,-1.216,1.16425024,0.513635282,0.544,92.20343923,3.093439234
5,ccw,0,1,147.5,3.7465,89.04,0.598,-0.749,-1.216,1.16425024,0.513635282,0.544,92.20343923,3.163439234
5,ccw,0,1,147.5,3.7465,88.55,0.598,-0.749,-1.216,1.16425024,0.513635282,0.544,92.20343923,3.653439234
5,ccw,0,1,147.5,3.7465,87.56,0.598,-0.749,-1.216,1.16425024,0.513635282,0.544,92.20343923,4.643439234
5,ccw,0,1,147.5,3.7465,87.54,0.598,-0.749,-1.216,1.16425024,0.513635282,0.544,92.20343923,4.663439234
5,ccw,0,1,221.25,5.61975,131.87,0.598,-0.749,-1.216,1.16425024,0.513635282,0.544,138.9131589,7.043158851
5,ccw,0,1,221.25,5.61975,131.81,0.598,-0.749,-1.216,1.16425024,0.513635282,0.544,138.9131589,7.103158851
5,ccw,0,1,221.25,5.61975,131.54,0.598,-0.749,-1.216,1.16425024,0.513635282,0.544,138.9131589,7.373158851
5,ccw,0,1,221.25,5.61975,131.19,0.598,-0.749,-1.216,1.16425024,0.513635282,0.544,138.9131589,7.723158851
5,ccw,0,1,221.25,5.61975,131.13,0.598,-0.749,-1.216,1.16425024,0.513635282,0.544,138.9131589,7.783158851
5,cw,0,1,16.4375,0.4175125,10.1,0.598,-0.749,-1.216,1.16425024,0.513635282,0.544,9.194725643,-0.905274357
5,cw,0,1,16.4375,0.4175125,10.03,0.598,-0.749,-1.216,1.16425024,0.513635282,0.544,9.194725643,-0.835274357
5,cw,0,1,16.4375,0.4175125,9.84,0.598,-0.749,-1.216,1.16425024,0.513635282,0.544,9.194725643,-0.645274357
5,cw,0,1,16.4375,0.4175125,8.79,0.598,-0.749,-1.216,1.16425024,0.513635282,0.544,9.194725643,0.404725643
5,cw,0,1,16.4375,0.4175125,8.79,0.598,-0.749,-1.216,1.16425024,0.513635282,0.544,9.194725643,0.404725643
5,cw,0,1,73.9375,1.8780125,44.8,0.598,-0.749,-1.216,1.16425024,0.513635282,0.544,45.61247314,0.812473141
5,cw,0,1,73.9375,1.8780125,43.91,0.598,-0.749,-1.216,1.16425024,0.513635282,0.544,45.61247314,1.702473141
5,cw,0,1,73.9375,1.8780125,43.73,0.598,-0.749,-1.216,1.16425024,0.513635282,0.544,45.61247314,1.882473141
5,cw,0,1,73.9375,1.8780125,43.04,0.598,-0.749,-1.216,1.16425024,0.513635282,0.544,45.61247314,2.572473141
5,cw,0,1,73.9375,1.8780125,42.75,0.598,-0.749,-1.216,1.16425024,0.513635282,0.544,45.61247314,2.862473141
5,cw,0,1,147.875,3.756025,89.69,0.598,-0.749,-1.216,1.16425024,0.513635282,0.544,92.44094628,2.750946283
5,cw,0,1,147.875,3.756025,88.92,0.598,-0.749,-1.216,1.16425024,0.513635282,0.544,92.44094628,3.520946283
5,cw,0,1,147.875,3.756025,88.08,0.598,-0.749,-1.216,1.16425024,0.513635282,0.544,92.44094628,4.360946283
5,cw,0,1,147.875,3.756025,87.32,0.598,-0.749,-1.216,1.16425024,0.513635282,0.544,92.44094628,5.120946283
5,cw,0,1,147.875,3.756025,87.09,0.598,-0.749,-1.216,1.16425024,0.513635282,0.544,92.44094628,5.350946283
5,cw,0,1,221.875,5.635625,134.45,0.598,-0.749,-1.216,1.16425024,0.513635282,0.544,139.3090039,4.859003932
5,cw,0,1,221.875,5.635625,133.58,0.598,-0.749,-1.216,1.16425024,0.513635282,0.544,139.3090039,5.729003932
5,cw,0,1,221.875,5.635625,133.51,0.598,-0.749,-1.216,1.16425024,0.513635282,0.544,139.3090039,5.799003932
5,cw,0,1,221.875,5.635625,132.28,0.598,-0.749,-1.216,1.16425024,0.513635282,0.544,139.3090039,7.029003932
5,cw,0,1,221.875,5.635625,132.26,0.598,-0.749,-1.216,1.16425024,0.513635282,0.544,139.3090039,7.049003932
5,ccw,10,0.984807753,16.375,0.415925,10.1,0.598,-0.749,-1.216,1.146562663,0.521558934,0.544,8.997580198,-1.102419802
5,ccw,10,0.984807753,16.375,0.415925,10.05,0.598,-0.749,-1.216,1.146562663,0.521558934,0.544,8.997580198,-1.052419802
5,ccw,10,0.984807753,16.375,0.415925,9.37,0.598,-0.749,-1.216,1.146562663,0.521558934,0.544,8.997580198,-0.372419802
5,ccw,10,0.984807753,16.375,0.415925,8.8,0.598,-0.749,-1.216,1.146562663,0.521558934,0.544,8.997580198,0.197580198
5,ccw,10,0.984807753,16.375,0.415925,8.75,0.598,-0.749,-1.216,1.146562663,0.521558934,0.544,8.997580198,0.247580198
5,ccw,10,0.984807753,73.75,1.87325,44.2,0.598,-0.749,-1.216,1.146562663,0.521558934,0.544,44.78409402,0.58409402
5,ccw,10,0.984807753,73.75,1.87325,44.13,0.598,-0.749,-1.216,1.146562663,0.521558934,0.544,44.78409402,0.65409402
5,ccw,10,0.984807753,73.75,1.87325,42.82,0.598,-0.749,-1.216,1.146562663,0.521558934,0.544,44.78409402,1.96409402
5,ccw,10,0.984807753,73.75,1.87325,42.56,0.598,-0.749,-1.216,1.146562663,0.521558934,0.544,44.78409402,2.22409402
5,ccw,10,0.984807753,73.75,1.87325,42.17,0.598,-0.749,-1.216,1.146562663,0.521558934,0.544,44.78409402,2.61409402
5,ccw,10,0.984807753,147.5,3.7465,90.21,0.598,-0.749,-1.216,1.146562663,0.521558934,0.544,90.78418804,0.57418804
5,ccw,10,0.984807753,147.5,3.7465,88.36,0.598,-0.749,-1.216,1.146562663,0.521558934,0.544,90.78418804,2.42418804
5,ccw,10,0.984807753,147.5,3.7465,88.3,0.598,-0.749,-1.216,1.146562663,0.521558934,0.544,90.78418804,2.48418804
5,ccw,10,0.984807753,147.5,3.7465,87.69,0.598,-0.749,-1.216,1.146562663,0.521558934,0.544,90.78418804,3.09418804
5,ccw,10,0.984807753,147.5,3.7465,86.54,0.598,-0.749,-1.216,1.146562663,0.521558934,0.544,90.78418804,4.24418804
5,ccw,10,0.984807753,221.25,5.61975,134,0.598,-0.749,-1.216,1.146562663,0.521558934,0.544,136.7842821,2.78428206
5,ccw,10,0.984807753,221.25,5.61975,131.7,0.598,-0.749,-1.216,1.146562663,0.521558934,0.544,136.7842821,5.08428206
5,ccw,10,0.984807753,221.25,5.61975,131.57,0.598,-0.749,-1.216,1.146562663,0.521558934,0.544,136.7842821,5.21428206
5,ccw,10,0.984807753,221.25,5.61975,129.62,0.598,-0.749,-1.216,1.146562663,0.521558934,0.544,136.7842821,7.16428206
5,ccw,10,0.984807753,221.25,5.61975,129.55,0.598,-0.749,-1.216,1.146562663,0.521558934,0.544,136.7842821,7.23428206
5,cw,10,0.984807753,16.4375,0.4175125,10.09,0.598,-0.749,-1.216,1.146562663,0.521558934,0.544,9.036563328,-1.053436672
5,cw,10,0.984807753,16.4375,0.4175125,10,0.598,-0.749,-1.216,1.146562663,0.521558934,0.544,9.036563328,-0.963436672
5,cw,10,0.984807753,16.4375,0.4175125,9.95,0.598,-0.749,-1.216,1.146562663,0.521558934,0.544,9.036563328,-0.913436672
5,cw,10,0.984807753,16.4375,0.4175125,9.06,0.598,-0.749,-1.216,1.146562663,0.521558934,0.544,9.036563328,-0.023436672
5,cw,10,0.984807753,16.4375,0.4175125,8.89,0.598,-0.749,-1.216,1.146562663,0.521558934,0.544,9.036563328,0.146563328
5,cw,10,0.984807753,73.9375,1.8780125,44.06,0.598,-0.749,-1.216,1.146562663,0.521558934,0.544,44.90104341,0.841043411
5,cw,10,0.984807753,73.9375,1.8780125,43.74,0.598,-0.749,-1.216,1.146562663,0.521558934,0.544,44.90104341,1.161043411
5,cw,10,0.984807753,73.9375,1.8780125,43.48,0.598,-0.749,-1.216,1.146562663,0.521558934,0.544,44.90104341,1.421043411
5,cw,10,0.984807753,73.9375,1.8780125,43.11,0.598,-0.749,-1.216,1.146562663,0.521558934,0.544,44.90104341,1.791043411
5,cw,10,0.984807753,73.9375,1.8780125,42.89,0.598,-0.749,-1.216,1.146562663,0.521558934,0.544,44.90104341,2.011043411
5,cw,10,0.984807753,147.875,3.756025,88.7,0.598,-0.749,-1.216,1.146562663,0.521558934,0.544,91.01808682,2.318086823
5,cw,10,0.984807753,147.875,3.756025,88.35,0.598,-0.749,-1.216,1.146562663,0.521558934,0.544,91.01808682,2.668086823
5,cw,10,0.984807753,147.875,3.756025,87.96,0.598,-0.749,-1.216,1.146562663,0.521558934,0.544,91.01808682,3.058086823
5,cw,10,0.984807753,147.875,3.756025,87.89,0.598,-0.749,-1.216,1.146562663,0.521558934,0.544,91.01808682,3.128086823
5,cw,10,0.984807753,147.875,3.756025,86.72,0.598,-0.749,-1.216,1.146562663,0.521558934,0.544,91.01808682,4.298086823
5,cw,10,0.984807753,221.875,5.635625,132.99,0.598,-0.749,-1.216,1.146562663,0.521558934,0.544,137.1741134,4.184113365
5,cw,10,0.984807753,221.875,5.635625,132.64,0.598,-0.749,-1.216,1.146562663,0.521558934,0.544,137.1741134,4.534113365
5,cw,10,0.984807753,221.875,5.635625,132.18,0.598,-0.749,-1.216,1.146562663,0.521558934,0.544,137.1741134,4.994113365
5,cw,10,0.984807753,221.875,5.635625,132.03,0.598,-0.749,-1.216,1.146562663,0.521558934,0.544,137.1741134,5.144113365
5,cw,10,0.984807753,221.875,5.635625,130.63,0.598,-0.749,-1.216,1.146562663,0.521558934,0.544,137.1741134,6.544113365
5,ccw,20,0.939692621,16.375,0.415925,9.82,0.598,-0.749,-1.216,1.094037359,0.54659925,0.544,8.529684794,-1.290315206
5,ccw,20,0.939692621,16.375,0.415925,9.64,0.598,-0.749,-1.216,1.094037359,0.54659925,0.544,8.529684794,-1.110315206
5,ccw,20,0.939692621,16.375,0.415925,9.39,0.598,-0.749,-1.216,1.094037359,0.54659925,0.544,8.529684794,-0.860315206
5,ccw,20,0.939692621,16.375,0.415925,9.05,0.598,-0.749,-1.216,1.094037359,0.54659925,0.544,8.529684794,-0.520315206
5,ccw,20,0.939692621,16.375,0.415925,8.8,0.598,-0.749,-1.216,1.094037359,0.54659925,0.544,8.529684794,-0.270315206
5,ccw,20,0.939692621,16.375,0.415925,8.64,0.598,-0.749,-1.216,1.094037359,0.54659925,0.544,8.529684794,-0.110315206
5,ccw,20,0.939692621,73.75,1.87325,45.12,0.598,-0.749,-1.216,1.094037359,0.54659925,0.544,42.67677884,-2.443221157
5,ccw,20,0.939692621,73.75,1.87325,44.07,0.598,-0.749,-1.216,1.094037359,0.54659925,0.544,42.67677884,-1.393221157
5,ccw,20,0.939692621,73.75,1.87325,42.34,0.598,-0.749,-1.216,1.094037359,0.54659925,0.544,42.67677884,0.336778843
5,ccw,20,0.939692621,73.75,1.87325,41.54,0.598,-0.749,-1.216,1.094037359,0.54659925,0.544,42.67677884,1.136778843
5,ccw,20,0.939692621,73.75,1.87325,41.11,0.598,-0.749,-1.216,1.094037359,0.54659925,0.544,42.67677884,1.566778843
5,ccw,20,0.939692621,147.5,3.7465,88.29,0.598,-0.749,-1.216,1.094037359,0.54659925,0.544,86.56955769,-1.720442314
5,ccw,20,0.939692621,147.5,3.7465,87.76,0.598,-0.749,-1.216,1.094037359,0.54659925,0.544,86.56955769,-1.190442314
5,ccw,20,0.939692621,147.5,3.7465,87.21,0.598,-0.749,-1.216,1.094037359,0.54659925,0.544,86.56955769,-0.640442314
5,ccw,20,0.939692621,147.5,3.7465,86.74,0.598,-0.749,-1.216,1.094037359,0.54659925,0.544,86.56955769,-0.170442314
5,ccw,20,0.939692621,147.5,3.7465,86.73,0.598,-0.749,-1.216,1.094037359,0.54659925,0.544,86.56955769,-0.160442314
5,ccw,20,0.939692621,221.25,5.61975,134.18,0.598,-0.749,-1.216,1.094037359,0.54659925,0.544,130.4623365,-3.717663471
5,ccw,20,0.939692621,221.25,5.61975,133.97,0.598,-0.749,-1.216,1.094037359,0.54659925,0.544,130.4623365,-3.507663471
5,ccw,20,0.939692621,221.25,5.61975,130.57,0.598,-0.749,-1.216,1.094037359,0.54659925,0.544,130.4623365,-0.107663471
5,ccw,20,0.939692621,221.25,5.61975,128.16,0.598,-0.749,-1.216,1.094037359,0.54659925,0.544,130.4623365,2.302336529
5,ccw,20,0.939692621,221.25,5.61975,126.54,0.598,-0.749,-1.216,1.094037359,0.54659925,0.544,130.4623365,3.922336529
5,cw,20,0.939692621,16.4375,0.4175125,9.84,0.598,-0.749,-1.216,1.094037359,0.54659925,0.544,8.566882064,-1.273117936
5,cw,20,0.939692621,16.4375,0.4175125,9.22,0.598,-0.749,-1.216,1.094037359,0.54659925,0.544,8.566882064,-0.653117936
5,cw,20,0.939692621,16.4375,0.4175125,8.9,0.598,-0.749,-1.216,1.094037359,0.54659925,0.544,8.566882064,-0.333117936
5,cw,20,0.939692621,16.4375,0.4175125,8.68,0.598,-0.749,-1.216,1.094037359,0.54659925,0.544,8.566882064,-0.113117936
5,cw,20,0.939692621,73.9375,1.8780125,44.8,0.598,-0.749,-1.216,1.094037359,0.54659925,0.544,42.78837065,-2.011629346
5,cw,20,0.939692621,73.9375,1.8780125,43.1,0.598,-0.749,-1.216,1.094037359,0.54659925,0.544,42.78837065,-0.311629346
5,cw,20,0.939692621,73.9375,1.8780125,42.47,0.598,-0.749,-1.216,1.094037359,0.54659925,0.544,42.78837065,0.318370654
5,cw,20,0.939692621,73.9375,1.8780125,42.43,0.598,-0.749,-1.216,1.094037359,0.54659925,0.544,42.78837065,0.358370654
5,cw,20,0.939692621,73.9375,1.8780125,42.15,0.598,-0.749,-1.216,1.094037359,0.54659925,0.544,42.78837065,0.638370654
5,cw,20,0.939692621,147.875,3.756025,88.57,0.598,-0.749,-1.216,1.094037359,0.54659925,0.544,86.79274131,-1.777258693
5,cw,20,0.939692621,147.875,3.756025,88.49,0.598,-0.749,-1.216,1.094037359,0.54659925,0.544,86.79274131,-1.697258693
5,cw,20,0.939692621,147.875,3.756025,86.13,0.598,-0.749,-1.216,1.094037359,0.54659925,0.544,86.79274131,0.662741307
5,cw,20,0.939692621,147.875,3.756025,86.04,0.598,-0.749,-1.216,1.094037359,0.54659925,0.544,86.79274131,0.752741307
5,cw,20,0.939692621,147.875,3.756025,85.9,0.598,-0.749,-1.216,1.094037359,0.54659925,0.544,86.79274131,0.892741307
5,cw,20,0.939692621,221.875,5.635625,134.96,0.598,-0.749,-1.216,1.094037359,0.54659925,0.544,130.8343092,-4.125690769
5,cw,20,0.939692621,221.875,5.635625,133.44,0.598,-0.749,-1.216,1.094037359,0.54659925,0.544,130.8343092,-2.605690769
5,cw,20,0.939692621,221.875,5.635625,133.07,0.598,-0.749,-1.216,1.094037359,0.54659925,0.544,130.8343092,-2.235690769
5,cw,20,0.939692621,221.875,5.635625,131.04,0.598,-0.749,-1.216,1.094037359,0.54659925,0.544,130.8343092,-0.205690769
5,cw,20,0.939692621,221.875,5.635625,128.54,0.598,-0.749,-1.216,1.094037359,0.54659925,0.544,130.8343092,2.294309231
5,ccw,30,0.866025404,16.375,0.415925,11.6,0.598,-0.749,-1.216,1.008270284,0.593094936,0.544,7.765671689,-3.834328311
5,ccw,30,0.866025404,16.375,0.415925,8.96,0.598,-0.749,-1.216,1.008270284,0.593094936,0.544,7.765671689,-1.194328311
5,ccw,30,0.866025404,73.75,1.87325,48.05,0.598,-0.749,-1.216,1.008270284,0.593094936,0.544,39.23580379,-8.814196208
5,ccw,30,0.866025404,73.75,1.87325,40.53,0.598,-0.749,-1.216,1.008270284,0.593094936,0.544,39.23580379,-1.294196208
5,ccw,30,0.866025404,147.5,3.7465,95.62,0.598,-0.749,-1.216,1.008270284,0.593094936,0.544,79.68760758,-15.93239242
5,ccw,30,0.866025404,147.5,3.7465,84.05,0.598,-0.749,-1.216,1.008270284,0.593094936,0.544,79.68760758,-4.362392416
5,cw,30,0.866025404,16.4375,0.4175125,9.88,0.598,-0.749,-1.216,1.008270284,0.593094936,0.544,7.799952879,-2.080047121
5,cw,30,0.866025404,16.4375,0.4175125,9.65,0.598,-0.749,-1.216,1.008270284,0.593094936,0.544,7.799952879,-1.850047121
5,cw,30,0.866025404,16.4375,0.4175125,9.62,0.598,-0.749,-1.216,1.008270284,0.593094936,0.544,7.799952879,-1.820047121
5,cw,30,0.866025404,16.4375,0.4175125,9.54,0.598,-0.749,-1.216,1.008270284,0.593094936,0.544,7.799952879,-1.740047121
5,cw,30,0.866025404,16.4375,0.4175125,9.51,0.598,-0.749,-1.216,1.008270284,0.593094936,0.544,7.799952879,-1.710047121
5,cw,30,0.866025404,16.4375,0.4175125,9.39,0.598,-0.749,-1.216,1.008270284,0.593094936,0.544,7.799952879,-1.590047121
5,cw,30,0.866025404,16.4375,0.4175125,8.49,0.598,-0.749,-1.216,1.008270284,0.593094936,0.544,7.799952879,-0.690047121
5,cw,30,0.866025404,16.4375,0.4175125,8.39,0.598,-0.749,-1.216,1.008270284,0.593094936,0.544,7.799952879,-0.590047121
5,cw,30,0.866025404,16.4375,0.4175125,8.34,0.598,-0.749,-1.216,1.008270284,0.593094936,0.544,7.799952879,-0.540047121
5,cw,30,0.866025404,16.4375,0.4175125,8.31,0.598,-0.749,-1.216,1.008270284,0.593094936,0.544,7.799952879,-0.510047121
5,cw,30,0.866025404,73.9375,1.8780125,42.37,0.598,-0.749,-1.216,1.008270284,0.593094936,0.544,39.33864736,-3.031352639
5,cw,30,0.866025404,73.9375,1.8780125,41.68,0.598,-0.749,-1.216,1.008270284,0.593094936,0.544,39.33864736,-2.341352639
5,cw,30,0.866025404,73.9375,1.8780125,41.07,0.598,-0.749,-1.216,1.008270284,0.593094936,0.544,39.33864736,-1.731352639
5,cw,30,0.866025404,73.9375,1.8780125,40.73,0.598,-0.749,-1.216,1.008270284,0.593094936,0.544,39.33864736,-1.391352639
5,cw,30,0.866025404,73.9375,1.8780125,40.69,0.598,-0.749,-1.216,1.008270284,0.593094936,0.544,39.33864736,-1.351352639
5,cw,30,0.866025404,73.9375,1.8780125,40.62,0.598,-0.749,-1.216,1.008270284,0.593094936,0.544,39.33864736,-1.281352639
5,cw,30,0.866025404,73.9375,1.8780125,40.58,0.598,-0.749,-1.216,1.008270284,0.593094936,0.544,39.33864736,-1.241352639
5,cw,30,0.866025404,147.875,3.756025,84.35,0.598,-0.749,-1.216,1.008270284,0.593094936,0.544,79.89329472,-4.456705278
5,cw,30,0.866025404,147.875,3.756025,83.58,0.598,-0.749,-1.216,1.008270284,0.593094936,0.544,79.89329472,-3.686705278
5,cw,30,0.866025404,147.875,3.756025,82.78,0.598,-0.749,-1.216,1.008270284,0.593094936,0.544,79.89329472,-2.886705278
5,cw,30,0.866025404,147.875,3.756025,82.74,0.598,-0.749,-1.216,1.008270284,0.593094936,0.544,79.89329472,-2.846705278
