diameter,direction,tilt,cos_tilt,steps,stepper_travel,measured_angle,avg_offset,ideal_rnp_angle,k_rod,k_rod_avg,c_rod,predicted_angle,error
2,ccw,0,1,6.5625,0.1666875,10.03,-1.216,19.1009805,0.525103934,0.534,-0.431,9.768923584,-0.261076416
2,ccw,0,1,6.5625,0.1666875,9.69,-1.216,19.1009805,0.507303801,0.534,-0.431,9.768923584,0.078923584
2,ccw,0,1,6.5625,0.1666875,7.04,-1.216,19.1009805,0.368567467,0.534,-0.431,9.768923584,2.728923584
2,ccw,0,1,6.5625,0.1666875,6.95,-1.216,19.1009805,0.363855667,0.534,-0.431,9.768923584,2.818923584
2,ccw,0,1,6.5625,0.1666875,6.23,-1.216,19.1009805,0.326161267,0.534,-0.431,9.768923584,3.538923584
2,ccw,0,1,29.375,0.746125,45.47,-1.216,85.49962698,0.531815186,0.534,-0.431,45.22580081,-0.244199194
2,ccw,0,1,29.375,0.746125,43.85,-1.216,85.49962698,0.512867735,0.534,-0.431,45.22580081,1.375800806
2,ccw,0,1,29.375,0.746125,43.74,-1.216,85.49962698,0.511581179,0.534,-0.431,45.22580081,1.485800806
2,ccw,0,1,29.375,0.746125,42.56,-1.216,85.49962698,0.49777995,0.534,-0.431,45.22580081,2.665800806
2,ccw,0,1,29.375,0.746125,39.24,-1.216,85.49962698,0.458949371,0.534,-0.431,45.22580081,5.985800806
2,ccw,0,1,58.8125,1.4938375,91.13,-1.216,171.1811681,0.532359961,0.534,-0.431,90.97974374,-0.150256258
2,ccw,0,1,58.8125,1.4938375,90.68,-1.216,171.1811681,0.529731167,0.534,-0.431,90.97974374,0.299743742
2,ccw,0,1,58.8125,1.4938375,89.73,-1.216,171.1811681,0.524181492,0.534,-0.431,90.97974374,1.249743742
2,ccw,0,1,58.8125,1.4938375,86.24,-1.216,171.1811681,0.503793735,0.534,-0.431,90.97974374,4.739743742
2,ccw,0,1,88.1875,2.2399625,134.76,-1.216,256.680795,0.525010062,0.534,-0.431,136.6365445,1.876544549
2,ccw,0,1,88.1875,2.2399625,134.25,-1.216,256.680795,0.523023158,0.534,-0.431,136.6365445,2.386544549
2,ccw,0,1,88.1875,2.2399625,132.96,-1.216,256.680795,0.517997461,0.534,-0.431,136.6365445,3.676544549
2,ccw,0,1,88.1875,2.2399625,132.95,-1.216,256.680795,0.517958502,0.534,-0.431,136.6365445,3.686544549
2,ccw,0,1,88.1875,2.2399625,132.77,-1.216,256.680795,0.517257242,0.534,-0.431,136.6365445,3.866544549
2,cw,0,1,6.5,0.1651,9.6,-1.216,18.9190664,0.507424616,0.534,-0.431,9.671781455,0.071781455
2,cw,0,1,6.5,0.1651,8.65,-1.216,18.9190664,0.457210722,0.534,-0.431,9.671781455,1.021781455
2,cw,0,1,6.5,0.1651,8.45,-1.216,18.9190664,0.446639376,0.534,-0.431,9.671781455,1.221781455
2,cw,0,1,6.5,0.1651,8.27,-1.216,18.9190664,0.437125164,0.534,-0.431,9.671781455,1.401781455
2,cw,0,1,6.5,0.1651,7.09,-1.216,18.9190664,0.374754222,0.534,-0.431,9.671781455,2.581781455
2,cw,0,1,29.3125,0.7445375,46.88,-1.216,85.31771288,0.549475583,0.534,-0.431,45.12865868,-1.751341323
2,cw,0,1,29.3125,0.7445375,43.09,-1.216,85.31771288,0.505053389,0.534,-0.431,45.12865868,2.038658677
2,cw,0,1,29.3125,0.7445375,42.93,-1.216,85.31771288,0.503178045,0.534,-0.431,45.12865868,2.198658677
2,cw,0,1,29.3125,0.7445375,41.3,-1.216,85.31771288,0.484072986,0.534,-0.431,45.12865868,3.828658677
2,cw,0,1,29.3125,0.7445375,40.43,-1.216,85.31771288,0.473875807,0.534,-0.431,45.12865868,4.698658677
2,cw,0,1,58.6875,1.4906625,92.64,-1.216,170.8173399,0.5423337,0.534,-0.431,90.78545948,-1.854540516
2,cw,0,1,58.6875,1.4906625,90.78,-1.216,170.8173399,0.531444876,0.534,-0.431,90.78545948,0.005459484
2,cw,0,1,58.6875,1.4906625,89.82,-1.216,170.8173399,0.525824838,0.534,-0.431,90.78545948,0.965459484
2,cw,0,1,58.6875,1.4906625,89.62,-1.216,170.8173399,0.524653996,0.534,-0.431,90.78545948,1.165459484
2,cw,0,1,58.6875,1.4906625,88.47,-1.216,170.8173399,0.517921659,0.534,-0.431,90.78545948,2.315459484
2,cw,0,1,58.6875,1.4906625,86.98,-1.216,170.8173399,0.509198891,0.534,-0.431,90.78545948,3.805459484
2,cw,0,1,88,2.2352,135.3,-1.216,256.1350527,0.528236954,0.534,-0.431,136.3451182,1.045118161
2,cw,0,1,88,2.2352,134.95,-1.216,256.1350527,0.526870487,0.534,-0.431,136.3451182,1.395118161
2,cw,0,1,88,2.2352,134.21,-1.216,256.1350527,0.523981386,0.534,-0.431,136.3451182,2.135118161
2,cw,0,1,88,2.2352,133.62,-1.216,256.1350527,0.521677914,0.534,-0.431,136.3451182,2.725118161
2,cw,0,1,88,2.2352,133.49,-1.216,256.1350527,0.521170369,0.534,-0.431,136.3451182,2.855118161
2,ccw,10,0.984807753,6.5625,0.1666875,10.22,-1.216,18.81079368,0.543305092,0.534,-0.431,9.613963826,-0.606036174
2,ccw,10,0.984807753,6.5625,0.1666875,9.64,-1.216,18.81079368,0.512471731,0.534,-0.431,9.613963826,-0.026036174
2,ccw,10,0.984807753,6.5625,0.1666875,7.06,-1.216,18.81079368,0.375316434,0.534,-0.431,9.613963826,2.553963826
2,ccw,10,0.984807753,6.5625,0.1666875,6.99,-1.216,18.81079368,0.371595166,0.534,-0.431,9.613963826,2.623963826
2,ccw,10,0.984807753,6.5625,0.1666875,6.16,-1.216,18.81079368,0.327471563,0.534,-0.431,9.613963826,3.453963826
2,ccw,10,0.984807753,29.375,0.746125,43.73,-1.216,84.20069553,0.51935438,0.534,-0.431,44.53217141,0.802171412
2,ccw,10,0.984807753,29.375,0.746125,43.57,-1.216,84.20069553,0.517454158,0.534,-0.431,44.53217141,0.962171412
2,ccw,10,0.984807753,29.375,0.746125,41.48,-1.216,84.20069553,0.49263251,0.534,-0.431,44.53217141,3.052171412
2,ccw,10,0.984807753,29.375,0.746125,41.1,-1.216,84.20069553,0.488119483,0.534,-0.431,44.53217141,3.432171412
2,ccw,10,0.984807753,29.375,0.746125,40,-1.216,84.20069553,0.475055458,0.534,-0.431,44.53217141,4.532171412
2,ccw,10,0.984807753,58.8125,1.4938375,92.04,-1.216,168.5805415,0.545970485,0.534,-0.431,89.59100915,-2.448990854
2,ccw,10,0.984807753,58.8125,1.4938375,91.55,-1.216,168.5805415,0.543063863,0.534,-0.431,89.59100915,-1.958990854
2,ccw,10,0.984807753,58.8125,1.4938375,89.45,-1.216,168.5805415,0.530606909,0.534,-0.431,89.59100915,0.141009146
2,ccw,10,0.984807753,58.8125,1.4938375,84.53,-1.216,168.5805415,0.501422046,0.534,-0.431,89.59100915,5.061009146
2,ccw,10,0.984807753,88.1875,2.2399625,133.86,-1.216,252.781237,0.529548797,0.534,-0.431,134.5541806,0.694180558
2,ccw,10,0.984807753,88.1875,2.2399625,132.77,-1.216,252.781237,0.525236768,0.534,-0.431,134.5541806,1.784180558
2,ccw,10,0.984807753,88.1875,2.2399625,132.09,-1.216,252.781237,0.522546695,0.534,-0.431,134.5541806,2.464180558
2,ccw,10,0.984807753,88.1875,2.2399625,131.41,-1.216,252.781237,0.519856622,0.534,-0.431,134.5541806,3.144180558
2,ccw,10,0.984807753,88.1875,2.2399625,131.34,-1.216,252.781237,0.519579703,0.534,-0.431,134.5541806,3.214180558
2,cw,10,0.984807753,6.5,0.1651,9.5,-1.216,18.63164327,0.509885245,0.534,-0.431,9.518297504,0.018297504
2,cw,10,0.984807753,6.5,0.1651,8.5,-1.216,18.63164327,0.456213114,0.534,-0.431,9.518297504,1.018297504
2,cw,10,0.984807753,6.5,0.1651,8.45,-1.216,18.63164327,0.453529508,0.534,-0.431,9.518297504,1.068297504
2,cw,10,0.984807753,6.5,0.1651,8.25,-1.216,18.63164327,0.442795082,0.534,-0.431,9.518297504,1.268297504
2,cw,10,0.984807753,6.5,0.1651,6.84,-1.216,18.63164327,0.367117377,0.534,-0.431,9.518297504,2.678297504
2,cw,10,0.984807753,29.3125,0.7445375,42.53,-1.216,84.02154511,0.506179694,0.534,-0.431,44.43650509,1.90650509
2,cw,10,0.984807753,29.3125,0.7445375,42.11,-1.216,84.02154511,0.501180976,0.534,-0.431,44.43650509,2.32650509
2,cw,10,0.984807753,29.3125,0.7445375,41.9,-1.216,84.02154511,0.498681617,0.534,-0.431,44.43650509,2.53650509
2,cw,10,0.984807753,29.3125,0.7445375,41.78,-1.216,84.02154511,0.497253412,0.534,-0.431,44.43650509,2.65650509
2,cw,10,0.984807753,29.3125,0.7445375,40.23,-1.216,84.02154511,0.478805763,0.534,-0.431,44.43650509,4.20650509
2,cw,10,0.984807753,58.6875,1.4906625,90.64,-1.216,168.2222406,0.538811037,0.534,-0.431,89.3996765,-1.240323498
2,cw,10,0.984807753,58.6875,1.4906625,90.26,-1.216,168.2222406,0.536552121,0.534,-0.431,89.3996765,-0.860323498
2,cw,10,0.984807753,58.6875,1.4906625,89.31,-1.216,168.2222406,0.53090483,0.534,-0.431,89.3996765,0.089676502
2,cw,10,0.984807753,58.6875,1.4906625,89.11,-1.216,168.2222406,0.529715926,0.534,-0.431,89.3996765,0.289676502
2,cw,10,0.984807753,58.6875,1.4906625,87.68,-1.216,168.2222406,0.521215267,0.534,-0.431,89.3996765,1.719676502
2,cw,10,0.984807753,58.6875,1.4906625,84.06,-1.216,168.2222406,0.499696114,0.534,-0.431,89.3996765,5.339676502
2,cw,10,0.984807753,88,2.2352,134.12,-1.216,252.2437858,0.531707846,0.534,-0.431,134.2671816,0.147181592
2,cw,10,0.984807753,88,2.2352,134.09,-1.216,252.2437858,0.531588913,0.534,-0.431,134.2671816,0.177181592
2,cw,10,0.984807753,88,2.2352,133.1,-1.216,252.2437858,0.527664139,0.534,-0.431,134.2671816,1.167181592
2,cw,10,0.984807753,88,2.2352,132.32,-1.216,252.2437858,0.524571892,0.534,-0.431,134.2671816,1.947181592
2,cw,10,0.984807753,88,2.2352,132.15,-1.216,252.2437858,0.523897941,0.534,-0.431,134.2671816,2.117181592
2,ccw,20,0.939692621,6.5625,0.1666875,12.69,-1.216,17.94905042,0.70700119,0.534,-0.431,9.153792925,-3.536207075
2,ccw,20,0.939692621,6.5625,0.1666875,6.76,-1.216,17.94905042,0.376621595,0.534,-0.431,9.153792925,2.393792925
2,ccw,20,0.939692621,29.375,0.746125,42.42,-1.216,80.34336855,0.527983837,0.534,-0.431,42.47235881,0.052358807
2,ccw,20,0.939692621,29.375,0.746125,41.28,-1.216,80.34336855,0.513794738,0.534,-0.431,42.47235881,1.192358807
2,ccw,20,0.939692621,58.8125,1.4938375,94.34,-1.216,160.8576804,0.586481166,0.534,-0.431,85.46700136,-8.872998645
2,ccw,20,0.939692621,58.8125,1.4938375,86.56,-1.216,160.8576804,0.538115431,0.534,-0.431,85.46700136,-1.092998645
2,ccw,20,0.939692621,58.8125,1.4938375,86.39,-1.216,160.8576804,0.537058596,0.534,-0.431,85.46700136,-0.922998645
2,ccw,20,0.939692621,58.8125,1.4938375,84.59,-1.216,160.8576804,0.52586858,0.534,-0.431,85.46700136,0.877001355
2,ccw,20,0.939692621,58.8125,1.4938375,84.43,-1.216,160.8576804,0.524873912,0.534,-0.431,85.46700136,1.037001355
2,ccw,20,0.939692621,88.1875,2.2399625,131.64,-1.216,241.201049,0.545768771,0.534,-0.431,128.3703602,-3.269639838
2,ccw,20,0.939692621,88.1875,2.2399625,131.06,-1.216,241.201049,0.543364138,0.534,-0.431,128.3703602,-2.689639838
2,ccw,20,0.939692621,88.1875,2.2399625,130.57,-1.216,241.201049,0.541332637,0.534,-0.431,128.3703602,-2.199639838
2,ccw,20,0.939692621,88.1875,2.2399625,130.5,-1.216,241.201049,0.541042423,0.534,-0.431,128.3703602,-2.129639838
2,ccw,20,0.939692621,88.1875,2.2399625,127.41,-1.216,241.201049,0.528231534,0.534,-0.431,128.3703602,0.960360162
2,cw,20,0.939692621,6.5,0.1651,8.34,-1.216,17.77810708,0.46911631,0.534,-0.431,9.062509183,0.722509183
2,cw,20,0.939692621,6.5,0.1651,8.28,-1.216,17.77810708,0.465741373,0.534,-0.431,9.062509183,0.782509183
2,cw,20,0.939692621,6.5,0.1651,8.21,-1.216,17.77810708,0.461803946,0.534,-0.431,9.062509183,0.852509183
2,cw,20,0.939692621,6.5,0.1651,8.1,-1.216,17.77810708,0.45561656,0.534,-0.431,9.062509183,0.962509183
2,cw,20,0.939692621,6.5,0.1651,7.55,-1.216,17.77810708,0.424679633,0.534,-0.431,9.062509183,1.512509183
2,cw,20,0.939692621,6.5,0.1651,7.12,-1.216,17.77810708,0.400492581,0.534,-0.431,9.062509183,1.942509183
2,cw,20,0.939692621,29.3125,0.7445375,42.51,-1.216,80.17242521,0.530232183,0.534,-0.431,42.38107506,-0.128924936
2,cw,20,0.939692621,29.3125,0.7445375,42.25,-1.216,80.17242521,0.526989172,0.534,-0.431,42.38107506,0.131075064
2,cw,20,0.939692621,29.3125,0.7445375,42.06,-1.216,80.17242521,0.52461928,0.534,-0.431,42.38107506,0.321075064
2,cw,20,0.939692621,29.3125,0.7445375,40.83,-1.216,80.17242521,0.509277347,0.534,-0.431,42.38107506,1.551075064
2,cw,20,0.939692621,29.3125,0.7445375,40.63,-1.216,80.17242521,0.506782724,0.534,-0.431,42.38107506,1.751075064
2,cw,20,0.939692621,29.3125,0.7445375,40.48,-1.216,80.17242521,0.504911756,0.534,-0.431,42.38107506,1.901075064
2,cw,20,0.939692621,29.3125,0.7445375,40.09,-1.216,80.17242521,0.500047241,0.534,-0.431,42.38107506,2.291075064
2,cw,20,0.939692621,58.6875,1.4906625,88.68,-1.216,160.5157938,0.552469,0.534,-0.431,85.28443387,-3.395566129
2,cw,20,0.939692621,58.6875,1.4906625,88.64,-1.216,160.5157938,0.552219803,0.534,-0.431,85.28443387,-3.355566129
2,cw,20,0.939692621,58.6875,1.4906625,87.67,-1.216,160.5157938,0.546176784,0.534,-0.431,85.28443387,-2.385566129
2,cw,20,0.939692621,58.6875,1.4906625,87.23,-1.216,160.5157938,0.543435621,0.534,-0.431,85.28443387,-1.945566129
2,cw,20,0.939692621,58.6875,1.4906625,85.97,-1.216,160.5157938,0.535585926,0.534,-0.431,85.28443387,-0.685566129
2,cw,20,0.939692621,58.6875,1.4906625,84.64,-1.216,160.5157938,0.527300137,0.534,-0.431,85.28443387,0.644433871
2,cw,20,0.939692621,58.6875,1.4906625,84.33,-1.216,160.5157938,0.525368863,0.534,-0.431,85.28443387,0.954433871
2,cw,20,0.939692621,58.6875,1.4906625,84,-1.216,160.5157938,0.52331299,0.534,-0.431,85.28443387,1.284433871
2,cw,20,0.939692621,58.6875,1.4906625,83.99,-1.216,160.5157938,0.523250691,0.534,-0.431,85.28443387,1.294433871
2,cw,20,0.939692621,88,2.2352,131.15,-1.216,240.688219,0.544895802,0.534,-0.431,128.0965089,-3.053491065
2,cw,20,0.939692621,88,2.2352,131.11,-1.216,240.688219,0.544729611,0.534,-0.431,128.0965089,-3.013491065
2,cw,20,0.939692621,88,2.2352,131.1,-1.216,240.688219,0.544688064,0.534,-0.431,128.0965089,-3.003491065
2,cw,20,0.939692621,88,2.2352,129.78,-1.216,240.688219,0.53920379,0.534,-0.431,128.0965089,-1.683491065
2,cw,20,0.939692621,88,2.2352,125.66,-1.216,240.688219,0.52208621,0.534,-0.431,128.0965089,2.436508935
2,ccw,30,0.866025404,6.5625,0.1666875,12.3,-1.216,16.54193435,0.743564794,0.534,-0.431,8.402392941,-3.897607059
2,ccw,30,0.866025404,6.5625,0.1666875,7.58,-1.216,16.54193435,0.458229361,0.534,-0.431,8.402392941,0.822392941
2,ccw,30,0.866025404,29.375,0.746125,51.98,-1.216,74.04484898,0.702006969,0.534,-0.431,39.10894935,-12.87105065
2,ccw,30,0.866025404,29.375,0.746125,49.93,-1.216,74.04484898,0.674321046,0.534,-0.431,39.10894935,-10.82105065
2,ccw,30,0.866025404,29.375,0.746125,36.21,-1.216,74.04484898,0.48902794,0.534,-0.431,39.10894935,2.898949354
2,ccw,30,0.866025404,58.8125,1.4938375,98.85,-1.216,148.2472402,0.666791502,0.534,-0.431,78.73302626,-20.11697374
2,ccw,30,0.866025404,58.8125,1.4938375,95.47,-1.216,148.2472402,0.643991752,0.534,-0.431,78.73302626,-16.73697374
2,ccw,30,0.866025404,58.8125,1.4938375,84.41,-1.216,148.2472402,0.569386654,0.534,-0.431,78.73302626,-5.67697374
2,ccw,30,0.866025404,58.8125,1.4938375,83.2,-1.216,148.2472402,0.561224613,0.534,-0.431,78.73302626,-4.46697374
2,ccw,30,0.866025404,58.8125,1.4938375,82.6,-1.216,148.2472402,0.55717732,0.534,-0.431,78.73302626,-3.86697374
2,ccw,30,0.866025404,58.8125,1.4938375,82.19,-1.216,148.2472402,0.55441167,0.534,-0.431,78.73302626,-3.45697374
2,ccw,30,0.866025404,58.8125,1.4938375,81.08,-1.216,148.2472402,0.546924178,0.534,-0.431,78.73302626,-2.34697374
2,ccw,30,0.866025404,58.8125,1.4938375,80.09,-1.216,148.2472402,0.540246145,0.534,-0.431,78.73302626,-1.35697374
2,ccw,30,0.866025404,88.1875,2.2399625,126.55,-1.216,222.2920892,0.569296013,0.534,-0.431,118.2729756,-8.277024386
2,ccw,30,0.866025404,88.1875,2.2399625,124.1,-1.216,222.2920892,0.558274478,0.534,-0.431,118.2729756,-5.827024386
2,cw,30,0.866025404,6.5,0.1651,9.25,-1.216,16.38439211,0.564561684,0.534,-0.431,8.318265389,-0.931734611
2,cw,30,0.866025404,6.5,0.1651,9.06,-1.216,16.38439211,0.552965282,0.534,-0.431,8.318265389,-0.741734611
2,cw,30,0.866025404,6.5,0.1651,7.81,-1.216,16.38439211,0.476673162,0.534,-0.431,8.318265389,0.508265389
2,cw,30,0.866025404,6.5,0.1651,7.79,-1.216,16.38439211,0.475452488,0.534,-0.431,8.318265389,0.528265389
2,cw,30,0.866025404,6.5,0.1651,7.76,-1.216,16.38439211,0.473621477,0.534,-0.431,8.318265389,0.558265389
2,cw,30,0.866025404,6.5,0.1651,7.7,-1.216,16.38439211,0.469959456,0.534,-0.431,8.318265389,0.618265389
2,cw,30,0.866025404,6.5,0.1651,7.64,-1.216,16.38439211,0.466297434,0.534,-0.431,8.318265389,0.678265389
2,cw,30,0.866025404,6.5,0.1651,7.64,-1.216,16.38439211,0.466297434,0.534,-0.431,8.318265389,0.678265389
2,cw,30,0.866025404,6.5,0.1651,7.57,-1.216,16.38439211,0.462025075,0.534,-0.431,8.318265389,0.748265389
2,cw,30,0.866025404,6.5,0.1651,7.53,-1.216,16.38439211,0.459583727,0.534,-0.431,8.318265389,0.788265389
2,cw,30,0.866025404,6.5,0.1651,7.5,-1.216,16.38439211,0.457752717,0.534,-0.431,8.318265389,0.818265389
2,cw,30,0.866025404,6.5,0.1651,7.06,-1.216,16.38439211,0.430897891,0.534,-0.431,8.318265389,1.258265389
2,cw,30,0.866025404,6.5,0.1651,6.77,-1.216,16.38439211,0.413198119,0.534,-0.431,8.318265389,1.548265389
2,cw,30,0.866025404,6.5,0.1651,6.56,-1.216,16.38439211,0.400381043,0.534,-0.431,8.318265389,1.758265389
2,cw,30,0.866025404,29.3125,0.7445375,41.17,-1.216,73.88730675,0.557199901,0.534,-0.431,39.0248218,-2.145178198
2,cw,30,0.866025404,29.3125,0.7445375,40.79,-1.216,73.88730675,0.552056934,0.534,-0.431,39.0248218,-1.765178198
2,cw,30,0.866025404,29.3125,0.7445375,40.63,-1.216,73.88730675,0.549891474,0.534,-0.431,39.0248218,-1.605178198
2,cw,30,0.866025404,29.3125,0.7445375,39.92,-1.216,73.88730675,0.540282245,0.534,-0.431,39.0248218,-0.895178198
2,cw,30,0.866025404,29.3125,0.7445375,39.83,-1.216,73.88730675,0.539064174,0.534,-0.431,39.0248218,-0.805178198
2,cw,30,0.866025404,29.3125,0.7445375,39.47,-1.216,73.88730675,0.534191889,0.534,-0.431,39.0248218,-0.445178198
2,cw,30,0.866025404,29.3125,0.7445375,39.22,-1.216,73.88730675,0.530808358,0.534,-0.431,39.0248218,-0.195178198
2,cw,30,0.866025404,29.3125,0.7445375,38.68,-1.216,73.88730675,0.523499931,0.534,-0.431,39.0248218,0.344821802
2,cw,30,0.866025404,29.3125,0.7445375,38.64,-1.216,73.88730675,0.522958566,0.534,-0.431,39.0248218,0.384821802
2,cw,30,0.866025404,29.3125,0.7445375,38.06,-1.216,73.88730675,0.515108774,0.534,-0.431,39.0248218,0.964821802
2,cw,30,0.866025404,29.3125,0.7445375,37.61,-1.216,73.88730675,0.509018418,0.534,-0.431,39.0248218,1.414821802
2,cw,30,0.866025404,29.3125,0.7445375,37.44,-1.216,73.88730675,0.506717617,0.534,-0.431,39.0248218,1.584821802
2,cw,30,0.866025404,29.3125,0.7445375,36.95,-1.216,73.88730675,0.500085896,0.534,-0.431,39.0248218,2.074821802
2,cw,30,0.866025404,29.3125,0.7445375,36.78,-1.216,73.88730675,0.497785095,0.534,-0.431,39.0248218,2.244821802
2,cw,30,0.866025404,58.6875,1.4906625,85.11,-1.216,147.9321557,0.575331304,0.534,-0.431,78.56477116,-6.545228844
2,cw,30,0.866025404,58.6875,1.4906625,84.87,-1.216,147.9321557,0.573708938,0.534,-0.431,78.56477116,-6.305228844
2,cw,30,0.866025404,58.6875,1.4906625,84.08,-1.216,147.9321557,0.568368652,0.534,-0.431,78.56477116,-5.515228844
2,cw,30,0.866025404,58.6875,1.4906625,84.02,-1.216,147.9321557,0.567963061,0.534,-0.431,78.56477116,-5.455228844
2,cw,30,0.866025404,58.6875,1.4906625,83.76,-1.216,147.9321557,0.566205499,0.534,-0.431,78.56477116,-5.195228844
2,cw,30,0.866025404,58.6875,1.4906625,83.65,-1.216,147.9321557,0.565461915,0.534,-0.431,78.56477116,-5.085228844
2,cw,30,0.866025404,58.6875,1.4906625,82.9,-1.216,147.9321557,0.560392023,0.534,-0.431,78.56477116,-4.335228844
2,cw,30,0.866025404,58.6875,1.4906625,82.85,-1.216,147.9321557,0.56005403,0.534,-0.431,78.56477116,-4.285228844
2,cw,30,0.866025404,58.6875,1.4906625,82.72,-1.216,147.9321557,0.559175249,0.534,-0.431,78.56477116,-4.155228844
2,cw,30,0.866025404,58.6875,1.4906625,82.27,-1.216,147.9321557,0.556133314,0.534,-0.431,78.56477116,-3.705228844
2,cw,30,0.866025404,58.6875,1.4906625,81.56,-1.216,147.9321557,0.551333817,0.534,-0.431,78.56477116,-2.995228844
2,cw,30,0.866025404,58.6875,1.4906625,81.52,-1.216,147.9321557,0.551063422,0.534,-0.431,78.56477116,-2.955228844
2,cw,30,0.866025404,58.6875,1.4906625,81.05,-1.216,147.9321557,0.54788629,0.534,-0.431,78.56477116,-2.485228844
2,cw,30,0.866025404,58.6875,1.4906625,80.35,-1.216,147.9321557,0.543154391,0.534,-0.431,78.56477116,-1.785228844
2,cw,30,0.866025404,88,2.2352,126.6,-1.216,221.8194625,0.57073441,0.534,-0.431,118.020593,-8.579407042
2,cw,30,0.866025404,88,2.2352,125.1,-1.216,221.8194625,0.563972154,0.534,-0.431,118.020593,-7.079407042
2,cw,30,0.866025404,88,2.2352,124.23,-1.216,221.8194625,0.560050045,0.534,-0.431,118.020593,-6.209407042
2,cw,30,0.866025404,88,2.2352,124.05,-1.216,221.8194625,0.559238575,0.534,-0.431,118.020593,-6.029407042
2,cw,30,0.866025404,88,2.2352,123.94,-1.216,221.8194625,0.558742676,0.534,-0.431,118.020593,-5.919407042
2,cw,30,0.866025404,88,2.2352,122.94,-1.216,221.8194625,0.554234505,0.534,-0.431,118.020593,-4.919407042
3,ccw,0,1,9.9375,0.2524125,10.68,-1.216,19.2828946,0.553858755,0.534,-0.431,9.866065714,-0.813934286
3,ccw,0,1,9.9375,0.2524125,7.79,-1.216,19.2828946,0.403984991,0.534,-0.431,9.866065714,2.076065714
3,ccw,0,1,9.9375,0.2524125,7.77,-1.216,19.2828946,0.402947802,0.534,-0.431,9.866065714,2.096065714
3,ccw,0,1,9.9375,0.2524125,7.69,-1.216,19.2828946,0.398799048,0.534,-0.431,9.866065714,2.176065714
3,ccw,0,1,9.9375,0.2524125,7.64,-1.216,19.2828946,0.396206076,0.534,-0.431,9.866065714,2.226065714
3,ccw,0,1,44.75,1.13665,45.33,-1.216,86.83366371,0.522032563,0.534,-0.431,45.93817642,0.608176422
3,ccw,0,1,44.75,1.13665,45.18,-1.216,86.83366371,0.520305122,0.534,-0.431,45.93817642,0.758176422
3,ccw,0,1,44.75,1.13665,44.62,-1.216,86.83366371,0.51385601,0.534,-0.431,45.93817642,1.318176422
3,ccw,0,1,44.75,1.13665,44.2,-1.216,86.83366371,0.509019177,0.534,-0.431,45.93817642,1.738176422
3,ccw,0,1,44.75,1.13665,43.63,-1.216,86.83366371,0.502454902,0.534,-0.431,45.93817642,2.308176422
3,ccw,0,1,89.5,2.2733,90.71,-1.216,173.6673274,0.52232047,0.534,-0.431,92.30735284,1.597352844
3,ccw,0,1,89.5,2.2733,90.35,-1.216,173.6673274,0.520247541,0.534,-0.431,92.30735284,1.957352844
3,ccw,0,1,89.5,2.2733,88.68,-1.216,173.6673274,0.510631454,0.534,-0.431,92.30735284,3.627352844
3,ccw,0,1,89.5,2.2733,87.31,-1.216,173.6673274,0.502742809,0.534,-0.431,92.30735284,4.997352844
3,ccw,0,1,134.25,3.40995,137.92,-1.216,260.5009911,0.529441364,0.534,-0.431,138.6765293,0.756529266
3,ccw,0,1,134.25,3.40995,134.96,-1.216,260.5009911,0.518078643,0.534,-0.431,138.6765293,3.716529266
3,ccw,0,1,134.25,3.40995,134.92,-1.216,260.5009911,0.517925093,0.534,-0.431,138.6765293,3.756529266
3,ccw,0,1,134.25,3.40995,134.85,-1.216,260.5009911,0.51765638,0.534,-0.431,138.6765293,3.826529266
3,ccw,0,1,134.25,3.40995,134.84,-1.216,260.5009911,0.517617992,0.534,-0.431,138.6765293,3.836529266
3,ccw,0,1,134.25,3.40995,134.8,-1.216,260.5009911,0.517464442,0.534,-0.431,138.6765293,3.876529266
3,cw,0,1,9.875,0.250825,10.59,-1.216,19.16161853,0.552667301,0.534,-0.431,9.801304294,-0.788695706
3,cw,0,1,9.875,0.250825,8.75,-1.216,19.16161853,0.45664201,0.534,-0.431,9.801304294,1.051304294
3,cw,0,1,9.875,0.250825,8.1,-1.216,19.16161853,0.422720032,0.534,-0.431,9.801304294,1.701304294
3,cw,0,1,9.875,0.250825,7.7,-1.216,19.16161853,0.401844969,0.534,-0.431,9.801304294,2.101304294
3,cw,0,1,9.875,0.250825,7.65,-1.216,19.16161853,0.399235586,0.534,-0.431,9.801304294,2.151304294
3,cw,0,1,44.5,1.1303,45.09,-1.216,86.34855944,0.522185897,0.534,-0.431,45.67913074,0.589130744
3,cw,0,1,44.5,1.1303,44.63,-1.216,86.34855944,0.516858652,0.534,-0.431,45.67913074,1.049130744
3,cw,0,1,44.5,1.1303,44.35,-1.216,86.34855944,0.51361598,0.534,-0.431,45.67913074,1.329130744
3,cw,0,1,44.5,1.1303,44.1,-1.216,86.34855944,0.510720738,0.534,-0.431,45.67913074,1.579130744
3,cw,0,1,44.5,1.1303,43.01,-1.216,86.34855944,0.498097482,0.534,-0.431,45.67913074,2.669130744
3,cw,0,1,88.9375,2.2590125,90.68,-1.216,172.5758428,0.525450136,0.534,-0.431,91.72450007,1.044500068
3,cw,0,1,88.9375,2.2590125,89.73,-1.216,172.5758428,0.519945309,0.534,-0.431,91.72450007,1.994500068
3,cw,0,1,88.9375,2.2590125,88.58,-1.216,172.5758428,0.513281573,0.534,-0.431,91.72450007,3.144500068
3,cw,0,1,88.9375,2.2590125,88.31,-1.216,172.5758428,0.511717043,0.534,-0.431,91.72450007,3.414500068
3,cw,0,1,88.9375,2.2590125,88.1,-1.216,172.5758428,0.510500187,0.534,-0.431,91.72450007,3.624500068
3,cw,0,1,88.9375,2.2590125,87.56,-1.216,172.5758428,0.507371128,0.534,-0.431,91.72450007,4.164500068
3,cw,0,1,133.4375,3.3893125,136.03,-1.216,258.9244023,0.525365701,0.534,-0.431,137.8346308,1.804630811
3,cw,0,1,133.4375,3.3893125,135.03,-1.216,258.9244023,0.521503569,0.534,-0.431,137.8346308,2.804630811
3,cw,0,1,133.4375,3.3893125,134.13,-1.216,258.9244023,0.518027651,0.534,-0.431,137.8346308,3.704630811
3,cw,0,1,133.4375,3.3893125,133.69,-1.216,258.9244023,0.516328314,0.534,-0.431,137.8346308,4.144630811
3,cw,0,1,133.4375,3.3893125,132.66,-1.216,258.9244023,0.512350319,0.534,-0.431,137.8346308,5.174630811
3,ccw,10,0.984807753,9.9375,0.2524125,10.63,-1.216,18.9899441,0.559769947,0.534,-0.431,9.709630148,-0.920369852
3,ccw,10,0.984807753,9.9375,0.2524125,7.65,-1.216,18.9899441,0.402844788,0.534,-0.431,9.709630148,2.059630148
3,ccw,10,0.984807753,9.9375,0.2524125,7.65,-1.216,18.9899441,0.402844788,0.534,-0.431,9.709630148,2.059630148
3,ccw,10,0.984807753,9.9375,0.2524125,7.62,-1.216,18.9899441,0.401265004,0.534,-0.431,9.709630148,2.089630148
3,ccw,10,0.984807753,9.9375,0.2524125,7.62,-1.216,18.9899441,0.401265004,0.534,-0.431,9.709630148,2.089630148
3,ccw,10,0.984807753,44.75,1.13665,45.25,-1.216,85.51446525,0.529150242,0.534,-0.431,45.23372444,-0.016275559
3,ccw,10,0.984807753,44.75,1.13665,44.62,-1.216,85.51446525,0.521783068,0.534,-0.431,45.23372444,0.613724441
3,ccw,10,0.984807753,44.75,1.13665,44.46,-1.216,85.51446525,0.519912039,0.534,-0.431,45.23372444,0.773724441
3,ccw,10,0.984807753,44.75,1.13665,43.96,-1.216,85.51446525,0.514065075,0.534,-0.431,45.23372444,1.273724441
3,ccw,10,0.984807753,44.75,1.13665,43.9,-1.216,85.51446525,0.513363439,0.534,-0.431,45.23372444,1.333724441
3,ccw,10,0.984807753,89.5,2.2733,91.87,-1.216,171.0289305,0.537160583,0.534,-0.431,90.89844888,-0.971551118
3,ccw,10,0.984807753,89.5,2.2733,89.37,-1.216,171.0289305,0.522543173,0.534,-0.431,90.89844888,1.528448882
3,ccw,10,0.984807753,89.5,2.2733,88.77,-1.216,171.0289305,0.519034995,0.534,-0.431,90.89844888,2.128448882
3,ccw,10,0.984807753,89.5,2.2733,88.23,-1.216,171.0289305,0.515877634,0.534,-0.431,90.89844888,2.668448882
3,ccw,10,0.984807753,89.5,2.2733,87.6,-1.216,171.0289305,0.512194047,0.534,-0.431,90.89844888,3.298448882
3,ccw,10,0.984807753,134.25,3.40995,136.69,-1.216,256.5433957,0.53281434,0.534,-0.431,136.5631733,-0.126826677
3,ccw,10,0.984807753,134.25,3.40995,135.67,-1.216,256.5433957,0.528838404,0.534,-0.431,136.5631733,0.893173323
3,ccw,10,0.984807753,134.25,3.40995,135.32,-1.216,256.5433957,0.527474113,0.534,-0.431,136.5631733,1.243173323
3,ccw,10,0.984807753,134.25,3.40995,133.11,-1.216,256.5433957,0.518859586,0.534,-0.431,136.5631733,3.453173323
3,ccw,10,0.984807753,134.25,3.40995,132.15,-1.216,256.5433957,0.515117529,0.534,-0.431,136.5631733,4.413173323
3,cw,10,0.984807753,9.875,0.250825,10.61,-1.216,18.87051049,0.56225294,0.534,-0.431,9.6458526,-0.9641474
3,cw,10,0.984807753,9.875,0.250825,8.04,-1.216,18.87051049,0.426061606,0.534,-0.431,9.6458526,1.6058526
3,cw,10,0.984807753,9.875,0.250825,7.81,-1.216,18.87051049,0.413873276,0.534,-0.431,9.6458526,1.8358526
3,cw,10,0.984807753,9.875,0.250825,7.78,-1.216,18.87051049,0.412283494,0.534,-0.431,9.6458526,1.8658526
3,cw,10,0.984807753,9.875,0.250825,7.56,-1.216,18.87051049,0.400625092,0.534,-0.431,9.6458526,2.0858526
3,cw,10,0.984807753,44.5,1.1303,45.67,-1.216,85.0367308,0.537062039,0.534,-0.431,44.97861425,-0.691385751
3,cw,10,0.984807753,44.5,1.1303,44.58,-1.216,85.0367308,0.524244048,0.534,-0.431,44.97861425,0.398614249
3,cw,10,0.984807753,44.5,1.1303,43.98,-1.216,85.0367308,0.517188274,0.534,-0.431,44.97861425,0.998614249
3,cw,10,0.984807753,44.5,1.1303,43.98,-1.216,85.0367308,0.517188274,0.534,-0.431,44.97861425,0.998614249
3,cw,10,0.984807753,44.5,1.1303,43.48,-1.216,85.0367308,0.511308462,0.534,-0.431,44.97861425,1.498614249
3,cw,10,0.984807753,88.9375,2.2590125,90.65,-1.216,169.954028,0.533379533,0.534,-0.431,90.32445095,-0.325549051
3,cw,10,0.984807753,88.9375,2.2590125,90.36,-1.216,169.954028,0.531673189,0.534,-0.431,90.32445095,-0.035549051
3,cw,10,0.984807753,88.9375,2.2590125,89.71,-1.216,169.954028,0.527848625,0.534,-0.431,90.32445095,0.614450949
3,cw,10,0.984807753,88.9375,2.2590125,87.52,-1.216,169.954028,0.514962787,0.534,-0.431,90.32445095,2.804450949
3,cw,10,0.984807753,88.9375,2.2590125,87.22,-1.216,169.954028,0.513197604,0.534,-0.431,90.32445095,3.104450949
3,cw,10,0.984807753,133.4375,3.3893125,134.78,-1.216,254.9907588,0.528568175,0.534,-0.431,135.7340652,0.954065198
3,cw,10,0.984807753,133.4375,3.3893125,133.99,-1.216,254.9907588,0.525470023,0.534,-0.431,135.7340652,1.744065198
3,cw,10,0.984807753,133.4375,3.3893125,133.71,-1.216,254.9907588,0.524371944,0.534,-0.431,135.7340652,2.024065198
3,cw,10,0.984807753,133.4375,3.3893125,132.44,-1.216,254.9907588,0.519391372,0.534,-0.431,135.7340652,3.294065198
3,cw,10,0.984807753,133.4375,3.3893125,132.23,-1.216,254.9907588,0.518567813,0.534,-0.431,135.7340652,3.504065198
3,ccw,20,0.939692621,9.9375,0.2524125,10.63,-1.216,18.11999376,0.586644794,0.534,-0.431,9.245076667,-1.384923333
3,ccw,20,0.939692621,9.9375,0.2524125,7.62,-1.216,18.11999376,0.420529946,0.534,-0.431,9.245076667,1.625076667
3,ccw,20,0.939692621,9.9375,0.2524125,7.59,-1.216,18.11999376,0.418874316,0.534,-0.431,9.245076667,1.655076667
3,ccw,20,0.939692621,9.9375,0.2524125,7.57,-1.216,18.11999376,0.417770563,0.534,-0.431,9.245076667,1.675076667
3,ccw,20,0.939692621,9.9375,0.2524125,7.57,-1.216,18.11999376,0.417770563,0.534,-0.431,9.245076667,1.675076667
3,ccw,20,0.939692621,9.9375,0.2524125,7.53,-1.216,18.11999376,0.415563057,0.534,-0.431,9.245076667,1.715076667
3,ccw,20,0.939692621,44.75,1.13665,44.4,-1.216,81.59695303,0.544137965,0.534,-0.431,43.14177292,-1.258227084
3,ccw,20,0.939692621,44.75,1.13665,44.31,-1.216,81.59695303,0.543034983,0.534,-0.431,43.14177292,-1.168227084
3,ccw,20,0.939692621,44.75,1.13665,43.75,-1.216,81.59695303,0.536171982,0.534,-0.431,43.14177292,-0.608227084
3,ccw,20,0.939692621,44.75,1.13665,43.41,-1.216,81.59695303,0.532005159,0.534,-0.431,43.14177292,-0.268227084
3,ccw,20,0.939692621,44.75,1.13665,43.33,-1.216,81.59695303,0.531024731,0.534,-0.431,43.14177292,-0.188227084
3,ccw,20,0.939692621,44.75,1.13665,42.75,-1.216,81.59695303,0.523916622,0.534,-0.431,43.14177292,0.391772916
3,ccw,20,0.939692621,44.75,1.13665,42.54,-1.216,81.59695303,0.521342997,0.534,-0.431,43.14177292,0.601772916
3,ccw,20,0.939692621,44.75,1.13665,42.41,-1.216,81.59695303,0.5197498,0.534,-0.431,43.14177292,0.731772916
3,ccw,20,0.939692621,89.5,2.2733,90.23,-1.216,163.1939061,0.552900547,0.534,-0.431,86.71454583,-3.515454169
3,ccw,20,0.939692621,89.5,2.2733,88.95,-1.216,163.1939061,0.545057117,0.534,-0.431,86.71454583,-2.235454169
3,ccw,20,0.939692621,89.5,2.2733,87.15,-1.216,163.1939061,0.534027294,0.534,-0.431,86.71454583,-0.435454169
3,ccw,20,0.939692621,89.5,2.2733,85.88,-1.216,163.1939061,0.52624514,0.534,-0.431,86.71454583,0.834545831
3,ccw,20,0.939692621,134.25,3.40995,135.85,-1.216,244.7908591,0.554963533,0.534,-0.431,130.2873187,-5.562681253
3,ccw,20,0.939692621,134.25,3.40995,134.86,-1.216,244.7908591,0.550919264,0.534,-0.431,130.2873187,-4.572681253
3,ccw,20,0.939692621,134.25,3.40995,130.89,-1.216,244.7908591,0.534701338,0.534,-0.431,130.2873187,-0.602681253
3,ccw,20,0.939692621,134.25,3.40995,130.53,-1.216,244.7908591,0.533230695,0.534,-0.431,130.2873187,-0.242681253
3,cw,20,0.939692621,9.875,0.250825,10.45,-1.216,18.00603153,0.580361085,0.534,-0.431,9.184220839,-1.265779161
3,cw,20,0.939692621,9.875,0.250825,7.9,-1.216,18.00603153,0.438741873,0.534,-0.431,9.184220839,1.284220839
3,cw,20,0.939692621,9.875,0.250825,7.67,-1.216,18.00603153,0.425968375,0.534,-0.431,9.184220839,1.514220839
3,cw,20,0.939692621,9.875,0.250825,7.58,-1.216,18.00603153,0.42097005,0.534,-0.431,9.184220839,1.604220839
3,cw,20,0.939692621,9.875,0.250825,7.56,-1.216,18.00603153,0.419859311,0.534,-0.431,9.184220839,1.624220839
3,cw,20,0.939692621,9.875,0.250825,6.72,-1.216,18.00603153,0.373208277,0.534,-0.431,9.184220839,2.464220839
3,cw,20,0.939692621,44.5,1.1303,44.82,-1.216,81.14110413,0.552371088,0.534,-0.431,42.8983496,-1.921650397
3,cw,20,0.939692621,44.5,1.1303,44.12,-1.216,81.14110413,0.543744141,0.534,-0.431,42.8983496,-1.221650397
3,cw,20,0.939692621,44.5,1.1303,43.93,-1.216,81.14110413,0.541402542,0.534,-0.431,42.8983496,-1.031650397
3,cw,20,0.939692621,44.5,1.1303,43.87,-1.216,81.14110413,0.540663089,0.534,-0.431,42.8983496,-0.971650397
3,cw,20,0.939692621,44.5,1.1303,43.7,-1.216,81.14110413,0.538567973,0.534,-0.431,42.8983496,-0.801650397
3,cw,20,0.939692621,44.5,1.1303,43.2,-1.216,81.14110413,0.532405868,0.534,-0.431,42.8983496,-0.301650397
3,cw,20,0.939692621,44.5,1.1303,42.7,-1.216,81.14110413,0.526243763,0.534,-0.431,42.8983496,0.198349603
3,cw,20,0.939692621,44.5,1.1303,42.31,-1.216,81.14110413,0.521437322,0.534,-0.431,42.8983496,0.588349603
3,cw,20,0.939692621,88.9375,2.2590125,91.37,-1.216,162.168246,0.563427195,0.534,-0.431,86.16684338,-5.203156622
3,cw,20,0.939692621,88.9375,2.2590125,88.35,-1.216,162.168246,0.54480456,0.534,-0.431,86.16684338,-2.183156622
3,cw,20,0.939692621,88.9375,2.2590125,87.31,-1.216,162.168246,0.538391468,0.534,-0.431,86.16684338,-1.143156622
3,cw,20,0.939692621,88.9375,2.2590125,86.65,-1.216,162.168246,0.53432162,0.534,-0.431,86.16684338,-0.483156622
3,cw,20,0.939692621,133.4375,3.3893125,133.17,-1.216,243.3093502,0.547327918,0.534,-0.431,129.496193,-3.673807019
3,cw,20,0.939692621,133.4375,3.3893125,130.65,-1.216,243.3093502,0.536970733,0.534,-0.431,129.496193,-1.153807019
3,ccw,30,0.866025404,9.9375,0.2524125,10.13,-1.216,16.69947658,0.606605839,0.534,-0.431,8.486520493,-1.643479507
3,ccw,30,0.866025404,44.75,1.13665,48.88,-1.216,75.20015868,0.649998628,0.534,-0.431,39.72588473,-9.154115266
3,ccw,30,0.866025404,44.75,1.13665,41.26,-1.216,75.20015868,0.548669055,0.534,-0.431,39.72588473,-1.534115266
3,ccw,30,0.866025404,44.75,1.13665,40.53,-1.216,75.20015868,0.538961629,0.534,-0.431,39.72588473,-0.804115266
3,ccw,30,0.866025404,89.5,2.2733,97.44,-1.216,150.4003174,0.647870973,0.534,-0.431,79.88276947,-17.55723053
3,ccw,30,0.866025404,89.5,2.2733,85.19,-1.216,150.4003174,0.566421677,0.534,-0.431,79.88276947,-5.307230532
3,ccw,30,0.866025404,89.5,2.2733,81.87,-1.216,150.4003174,0.544347256,0.534,-0.431,79.88276947,-1.987230532
3,ccw,30,0.866025404,134.25,3.40995,127.1,-1.216,225.600476,0.563385336,0.534,-0.431,120.0396542,-7.060345798
3,ccw,30,0.866025404,134.25,3.40995,126.82,-1.216,225.600476,0.562144204,0.534,-0.431,120.0396542,-6.780345798
3,ccw,30,0.866025404,134.25,3.40995,125.54,-1.216,225.600476,0.556470457,0.534,-0.431,120.0396542,-5.500345798
3,ccw,30,0.866025404,134.25,3.40995,125.51,-1.216,225.600476,0.556337479,0.534,-0.431,120.0396542,-5.470345798
3,cw,30,0.866025404,9.875,0.250825,7.82,-1.216,16.59444842,0.471241936,0.534,-0.431,8.430435458,0.610435458
3,cw,30,0.866025404,44.5,1.1303,44.15,-1.216,74.78004606,0.590398139,0.534,-0.431,39.5015446,-4.648455404
3,cw,30,0.866025404,44.5,1.1303,43.31,-1.216,74.78004606,0.579165196,0.534,-0.431,39.5015446,-3.808455404
3,cw,30,0.866025404,44.5,1.1303,42.57,-1.216,74.78004606,0.569269508,0.534,-0.431,39.5015446,-3.068455404
3,cw,30,0.866025404,44.5,1.1303,42.25,-1.216,74.78004606,0.564990291,0.534,-0.431,39.5015446,-2.748455404
3,cw,30,0.866025404,44.5,1.1303,40.85,-1.216,74.78004606,0.546268719,0.534,-0.431,39.5015446,-1.348455404
3,cw,30,0.866025404,44.5,1.1303,40.75,-1.216,74.78004606,0.544931464,0.534,-0.431,39.5015446,-1.248455404
3,cw,30,0.866025404,44.5,1.1303,40.18,-1.216,74.78004606,0.53730911,0.534,-0.431,39.5015446,-0.678455404
3,cw,30,0.866025404,88.9375,2.2590125,85.52,-1.216,149.455064,0.572212127,0.534,-0.431,79.37800416,-6.141995843
3,cw,30,0.866025404,88.9375,2.2590125,84.01,-1.216,149.455064,0.562108755,0.534,-0.431,79.37800416,-4.631995843
3,cw,30,0.866025404,88.9375,2.2590125,83.25,-1.216,149.455064,0.557023615,0.534,-0.431,79.37800416,-3.871995843
3,cw,30,0.866025404,88.9375,2.2590125,82.65,-1.216,149.455064,0.55300903,0.534,-0.431,79.37800416,-3.271995843
3,cw,30,0.866025404,88.9375,2.2590125,82.63,-1.216,149.455064,0.552875211,0.534,-0.431,79.37800416,-3.251995843
3,cw,30,0.866025404,133.4375,3.3893125,124.69,-1.216,224.23511,0.556068138,0.534,-0.431,119.3105488,-5.379451247
3,cw,30,0.866025404,133.4375,3.3893125,124.63,-1.216,224.23511,0.555800561,0.534,-0.431,119.3105488,-5.319451247
3,cw,30,0.866025404,133.4375,3.3893125,124.5,-1.216,224.23511,0.555220813,0.534,-0.431,119.3105488,-5.189451247
3,cw,30,0.866025404,133.4375,3.3893125,124.21,-1.216,224.23511,0.553927527,0.534,-0.431,119.3105488,-4.899451247
3,cw,30,0.866025404,133.4375,3.3893125,123.88,-1.216,224.23511,0.552455858,0.534,-0.431,119.3105488,-4.569451247
3,cw,30,0.866025404,133.4375,3.3893125,122.81,-1.216,224.23511,0.54768408,0.534,-0.431,119.3105488,-3.499451247
4,ccw,0,1,12.9375,0.3286125,9.11,-1.216,18.82810935,0.483851025,0.534,-0.431,9.62321039,0.51321039
4,ccw,0,1,12.9375,0.3286125,9.02,-1.216,18.82810935,0.479070938,0.534,-0.431,9.62321039,0.60321039
4,ccw,0,1,12.9375,0.3286125,8.93,-1.216,18.82810935,0.474290851,0.534,-0.431,9.62321039,0.69321039
4,ccw,0,1,12.9375,0.3286125,8.9,-1.216,18.82810935,0.472697488,0.534,-0.431,9.62321039,0.72321039
4,ccw,0,1,12.9375,0.3286125,8.82,-1.216,18.82810935,0.468448522,0.534,-0.431,9.62321039,0.80321039
4,ccw,0,1,58.1875,1.4779625,44.18,-1.216,84.68101353,0.521722617,0.534,-0.431,44.78866122,0.608661224
4,ccw,0,1,58.1875,1.4779625,43.87,-1.216,84.68101353,0.51806182,0.534,-0.431,44.78866122,0.918661224
4,ccw,0,1,58.1875,1.4779625,42.97,-1.216,84.68101353,0.5074337,0.534,-0.431,44.78866122,1.818661224
4,ccw,0,1,58.1875,1.4779625,42.46,-1.216,84.68101353,0.501411098,0.534,-0.431,44.78866122,2.328661224
4,ccw,0,1,58.1875,1.4779625,42.33,-1.216,84.68101353,0.499875925,0.534,-0.431,44.78866122,2.458661224
4,ccw,0,1,116.375,2.955925,88.86,-1.216,169.3620271,0.524674873,0.534,-0.431,90.00832245,1.148322449
4,ccw,0,1,116.375,2.955925,88.86,-1.216,169.3620271,0.524674873,0.534,-0.431,90.00832245,1.148322449
4,ccw,0,1,116.375,2.955925,87.26,-1.216,169.3620271,0.515227655,0.534,-0.431,90.00832245,2.748322449
4,ccw,0,1,116.375,2.955925,87.21,-1.216,169.3620271,0.514932429,0.534,-0.431,90.00832245,2.798322449
4,ccw,0,1,116.375,2.955925,86.24,-1.216,169.3620271,0.509205053,0.534,-0.431,90.00832245,3.768322449
4,ccw,0,1,174.5,4.4323,133.25,-1.216,253.9520835,0.524705284,0.534,-0.431,135.1794126,1.929412608
4,ccw,0,1,174.5,4.4323,133.14,-1.216,253.9520835,0.524272131,0.534,-0.431,135.1794126,2.039412608
4,ccw,0,1,174.5,4.4323,132.96,-1.216,253.9520835,0.523563336,0.534,-0.431,135.1794126,2.219412608
4,ccw,0,1,174.5,4.4323,132.79,-1.216,253.9520835,0.522893918,0.534,-0.431,135.1794126,2.389412608
4,ccw,0,1,174.5,4.4323,130.99,-1.216,253.9520835,0.515805967,0.534,-0.431,135.1794126,4.189412608
4,cw,0,1,12.75,0.32385,9.65,-1.216,18.5552382,0.520068775,0.534,-0.431,9.477497196,-0.172502804
4,cw,0,1,12.75,0.32385,8.94,-1.216,18.5552382,0.481804648,0.534,-0.431,9.477497196,0.537497196
4,cw,0,1,12.75,0.32385,8.91,-1.216,18.5552382,0.480187853,0.534,-0.431,9.477497196,0.567497196
4,cw,0,1,12.75,0.32385,8.61,-1.216,18.5552382,0.464019912,0.534,-0.431,9.477497196,0.867497196
4,cw,0,1,12.75,0.32385,8.13,-1.216,18.5552382,0.438151206,0.534,-0.431,9.477497196,1.347497196
4,cw,0,1,57.4375,1.4589125,43.56,-1.216,83.58952893,0.521117903,0.534,-0.431,44.20580845,0.645808448
4,cw,0,1,57.4375,1.4589125,42.54,-1.216,83.58952893,0.508915417,0.534,-0.431,44.20580845,1.665808448
4,cw,0,1,57.4375,1.4589125,42.47,-1.216,83.58952893,0.508077992,0.534,-0.431,44.20580845,1.735808448
4,cw,0,1,57.4375,1.4589125,42.13,-1.216,83.58952893,0.504010497,0.534,-0.431,44.20580845,2.075808448
4,cw,0,1,57.4375,1.4589125,42.08,-1.216,83.58952893,0.503412336,0.534,-0.431,44.20580845,2.125808448
4,cw,0,1,114.875,2.917825,88.95,-1.216,167.1790579,0.53206425,0.534,-0.431,88.8426169,-0.107383104
4,cw,0,1,114.875,2.917825,87.22,-1.216,167.1790579,0.521716064,0.534,-0.431,88.8426169,1.622616896
4,cw,0,1,114.875,2.917825,87.18,-1.216,167.1790579,0.521476799,0.534,-0.431,88.8426169,1.662616896
4,cw,0,1,114.875,2.917825,86.84,-1.216,167.1790579,0.519443052,0.534,-0.431,88.8426169,2.002616896
4,cw,0,1,114.875,2.917825,86.77,-1.216,167.1790579,0.519024339,0.534,-0.431,88.8426169,2.072616896
4,cw,0,1,114.875,2.917825,86.4,-1.216,167.1790579,0.516811143,0.534,-0.431,88.8426169,2.442616896
4,cw,0,1,172.375,4.378325,131.44,-1.216,250.8595438,0.523958539,0.534,-0.431,133.5279964,2.087996409
4,cw,0,1,172.375,4.378325,131.06,-1.216,250.8595438,0.522443747,0.534,-0.431,133.5279964,2.467996409
4,cw,0,1,172.375,4.378325,130.62,-1.216,250.8595438,0.520689777,0.534,-0.431,133.5279964,2.907996409
4,cw,0,1,172.375,4.378325,130.11,-1.216,250.8595438,0.518656767,0.534,-0.431,133.5279964,3.417996409
4,cw,0,1,172.375,4.378325,130.02,-1.216,250.8595438,0.518298001,0.534,-0.431,133.5279964,3.507996409
4,ccw,10,0.984807753,12.9375,0.3286125,9.76,-1.216,18.54206806,0.526370628,0.534,-0.431,9.470464343,-0.289535657
4,ccw,10,0.984807753,12.9375,0.3286125,8.8,-1.216,18.54206806,0.474596467,0.534,-0.431,9.470464343,0.670464343
4,ccw,10,0.984807753,12.9375,0.3286125,8.71,-1.216,18.54206806,0.46974264,0.534,-0.431,9.470464343,0.760464343
4,ccw,10,0.984807753,12.9375,0.3286125,8.68,-1.216,18.54206806,0.468124697,0.534,-0.431,9.470464343,0.790464343
4,ccw,10,0.984807753,58.1875,1.4779625,43.82,-1.216,83.39451866,0.525454199,0.534,-0.431,44.10167296,0.281672962
4,ccw,10,0.984807753,58.1875,1.4779625,43.71,-1.216,83.39451866,0.524135167,0.534,-0.431,44.10167296,0.391672962
4,ccw,10,0.984807753,58.1875,1.4779625,43.7,-1.216,83.39451866,0.524015255,0.534,-0.431,44.10167296,0.401672962
4,ccw,10,0.984807753,58.1875,1.4779625,41.69,-1.216,83.39451866,0.499912952,0.534,-0.431,44.10167296,2.411672962
4,ccw,10,0.984807753,58.1875,1.4779625,41.56,-1.216,83.39451866,0.498354097,0.534,-0.431,44.10167296,2.541672962
4,ccw,10,0.984807753,116.375,2.955925,88.42,-1.216,166.7890373,0.530130765,0.534,-0.431,88.63434592,0.214345925
4,ccw,10,0.984807753,116.375,2.955925,86.55,-1.216,166.7890373,0.518918997,0.534,-0.431,88.63434592,2.084345925
4,ccw,10,0.984807753,116.375,2.955925,86.32,-1.216,166.7890373,0.51754001,0.534,-0.431,88.63434592,2.314345925
4,ccw,10,0.984807753,116.375,2.955925,85.67,-1.216,166.7890373,0.513642871,0.534,-0.431,88.63434592,2.964345925
4,ccw,10,0.984807753,116.375,2.955925,85.64,-1.216,166.7890373,0.513463003,0.534,-0.431,88.63434592,2.994345925
4,ccw,10,0.984807753,174.5,4.4323,131.53,-1.216,250.0939808,0.525922294,0.534,-0.431,133.1191857,1.589185726
4,ccw,10,0.984807753,174.5,4.4323,130.24,-1.216,250.0939808,0.520764233,0.534,-0.431,133.1191857,2.879185726
4,ccw,10,0.984807753,174.5,4.4323,129.92,-1.216,250.0939808,0.519484714,0.534,-0.431,133.1191857,3.199185726
4,ccw,10,0.984807753,174.5,4.4323,129.9,-1.216,250.0939808,0.519404744,0.534,-0.431,133.1191857,3.219185726
4,ccw,10,0.984807753,174.5,4.4323,129.25,-1.216,250.0939808,0.516805721,0.534,-0.431,133.1191857,3.869185726
4,cw,10,0.984807753,12.75,0.32385,9.62,-1.216,18.27334243,0.526449938,0.534,-0.431,9.32696486,-0.29303514
4,cw,10,0.984807753,12.75,0.32385,9.14,-1.216,18.27334243,0.500182166,0.534,-0.431,9.32696486,0.18696486
4,cw,10,0.984807753,12.75,0.32385,8.78,-1.216,18.27334243,0.480481337,0.534,-0.431,9.32696486,0.54696486
4,cw,10,0.984807753,12.75,0.32385,8.72,-1.216,18.27334243,0.477197865,0.534,-0.431,9.32696486,0.60696486
4,cw,10,0.984807753,12.75,0.32385,8.34,-1.216,18.27334243,0.456402545,0.534,-0.431,9.32696486,0.98696486
4,cw,10,0.984807753,12.75,0.32385,8.32,-1.216,18.27334243,0.455308055,0.534,-0.431,9.32696486,1.00696486
4,cw,10,0.984807753,57.4375,1.4589125,43.3,-1.216,82.31961616,0.525998565,0.534,-0.431,43.52767503,0.227675029
4,cw,10,0.984807753,57.4375,1.4589125,43,-1.216,82.31961616,0.522354233,0.534,-0.431,43.52767503,0.527675029
4,cw,10,0.984807753,57.4375,1.4589125,42.86,-1.216,82.31961616,0.520653545,0.534,-0.431,43.52767503,0.667675029
4,cw,10,0.984807753,57.4375,1.4589125,41.93,-1.216,82.31961616,0.509356117,0.534,-0.431,43.52767503,1.597675029
4,cw,10,0.984807753,57.4375,1.4589125,41.77,-1.216,82.31961616,0.507412473,0.534,-0.431,43.52767503,1.757675029
4,cw,10,0.984807753,114.875,2.917825,87.62,-1.216,164.6392323,0.53219393,0.534,-0.431,87.48635006,-0.133649941
4,cw,10,0.984807753,114.875,2.917825,86.42,-1.216,164.6392323,0.524905266,0.534,-0.431,87.48635006,1.066350059
4,cw,10,0.984807753,114.875,2.917825,86.13,-1.216,164.6392323,0.523143839,0.534,-0.431,87.48635006,1.356350059
4,cw,10,0.984807753,114.875,2.917825,85.66,-1.216,164.6392323,0.520289112,0.534,-0.431,87.48635006,1.826350059
4,cw,10,0.984807753,114.875,2.917825,85.17,-1.216,164.6392323,0.517312908,0.534,-0.431,87.48635006,2.316350059
4,cw,10,0.984807753,172.375,4.378325,129.87,-1.216,247.0484237,0.525686414,0.534,-0.431,131.4928582,1.622858249
4,cw,10,0.984807753,172.375,4.378325,129.46,-1.216,247.0484237,0.524026821,0.534,-0.431,131.4928582,2.032858249
4,cw,10,0.984807753,172.375,4.378325,128.78,-1.216,247.0484237,0.521274324,0.534,-0.431,131.4928582,2.712858249
4,cw,10,0.984807753,172.375,4.378325,128.53,-1.216,247.0484237,0.520262376,0.534,-0.431,131.4928582,2.962858249
4,cw,10,0.984807753,172.375,4.378325,127.42,-1.216,247.0484237,0.51576933,0.534,-0.431,131.4928582,4.072858249
4,ccw,20,0.939692621,12.9375,0.3286125,9.55,-1.216,17.69263542,0.53977261,0.534,-0.431,9.016867312,-0.533132688
4,ccw,20,0.939692621,12.9375,0.3286125,8.75,-1.216,17.69263542,0.494556057,0.534,-0.431,9.016867312,0.266867312
4,ccw,20,0.939692621,12.9375,0.3286125,8.68,-1.216,17.69263542,0.490599608,0.534,-0.431,9.016867312,0.336867312
4,ccw,20,0.939692621,12.9375,0.3286125,8.67,-1.216,17.69263542,0.490034401,0.534,-0.431,9.016867312,0.346867312
4,ccw,20,0.939692621,12.9375,0.3286125,8.59,-1.216,17.69263542,0.485512746,0.534,-0.431,9.016867312,0.426867312
4,ccw,20,0.939692621,58.1875,1.4779625,44.95,-1.216,79.57412353,0.564882125,0.534,-0.431,42.06158197,-2.888418033
4,ccw,20,0.939692621,58.1875,1.4779625,42.44,-1.216,79.57412353,0.533339208,0.534,-0.431,42.06158197,-0.378418033
4,ccw,20,0.939692621,58.1875,1.4779625,42.4,-1.216,79.57412353,0.532836532,0.534,-0.431,42.06158197,-0.338418033
4,ccw,20,0.939692621,58.1875,1.4779625,42.04,-1.216,79.57412353,0.528312448,0.534,-0.431,42.06158197,0.021581967
4,ccw,20,0.939692621,58.1875,1.4779625,40.68,-1.216,79.57412353,0.511221465,0.534,-0.431,42.06158197,1.381581967
4,ccw,20,0.939692621,58.1875,1.4779625,40.12,-1.216,79.57412353,0.504184001,0.534,-0.431,42.06158197,1.941581967
4,ccw,20,0.939692621,116.375,2.955925,88.06,-1.216,159.1482471,0.553320578,0.534,-0.431,84.55416393,-3.505836066
4,ccw,20,0.939692621,116.375,2.955925,87.01,-1.216,159.1482471,0.546722956,0.534,-0.431,84.55416393,-2.455836066
4,ccw,20,0.939692621,116.375,2.955925,86.18,-1.216,159.1482471,0.541507692,0.534,-0.431,84.55416393,-1.625836066
4,ccw,20,0.939692621,116.375,2.955925,83.91,-1.216,159.1482471,0.527244262,0.534,-0.431,84.55416393,0.644163934
4,ccw,20,0.939692621,116.375,2.955925,82.85,-1.216,159.1482471,0.520583805,0.534,-0.431,84.55416393,1.704163934
4,ccw,20,0.939692621,174.5,4.4323,131.56,-1.216,238.6368989,0.551297811,0.534,-0.431,127.001104,-4.55889597
4,ccw,20,0.939692621,174.5,4.4323,131.29,-1.216,238.6368989,0.550166385,0.534,-0.431,127.001104,-4.28889597
4,ccw,20,0.939692621,174.5,4.4323,129.02,-1.216,238.6368989,0.540654025,0.534,-0.431,127.001104,-2.01889597
4,ccw,20,0.939692621,174.5,4.4323,127.68,-1.216,238.6368989,0.5350388,0.534,-0.431,127.001104,-0.67889597
4,ccw,20,0.939692621,174.5,4.4323,125.31,-1.216,238.6368989,0.525107394,0.534,-0.431,127.001104,1.69110403
4,cw,20,0.939692621,12.75,0.32385,9.46,-1.216,17.43622041,0.542548774,0.534,-0.431,8.879941698,-0.580058302
4,cw,20,0.939692621,12.75,0.32385,8.98,-1.216,17.43622041,0.515019872,0.534,-0.431,8.879941698,-0.100058302
4,cw,20,0.939692621,12.75,0.32385,8.65,-1.216,17.43622041,0.496093752,0.534,-0.431,8.879941698,0.229941698
4,cw,20,0.939692621,12.75,0.32385,8.64,-1.216,17.43622041,0.495520233,0.534,-0.431,8.879941698,0.239941698
4,cw,20,0.939692621,12.75,0.32385,8.62,-1.216,17.43622041,0.494373195,0.534,-0.431,8.879941698,0.259941698
4,cw,20,0.939692621,57.4375,1.4589125,44.14,-1.216,78.54846351,0.561946065,0.534,-0.431,41.51387951,-2.626120486
4,cw,20,0.939692621,57.4375,1.4589125,43.2,-1.216,78.54846351,0.549978931,0.534,-0.431,41.51387951,-1.686120486
4,cw,20,0.939692621,57.4375,1.4589125,42.07,-1.216,78.54846351,0.535592908,0.534,-0.431,41.51387951,-0.556120486
4,cw,20,0.939692621,57.4375,1.4589125,39.62,-1.216,78.54846351,0.504401973,0.534,-0.431,41.51387951,1.893879514
4,cw,20,0.939692621,114.875,2.917825,86.91,-1.216,157.096927,0.553225335,0.534,-0.431,83.45875903,-3.451240972
4,cw,20,0.939692621,114.875,2.917825,86.03,-1.216,157.096927,0.547623697,0.534,-0.431,83.45875903,-2.571240972
4,cw,20,0.939692621,114.875,2.917825,85.25,-1.216,157.096927,0.54265861,0.534,-0.431,83.45875903,-1.791240972
4,cw,20,0.939692621,114.875,2.917825,84.28,-1.216,157.096927,0.536484078,0.534,-0.431,83.45875903,-0.821240972
4,cw,20,0.939692621,114.875,2.917825,83.08,-1.216,157.096927,0.528845481,0.534,-0.431,83.45875903,0.378759028
4,cw,20,0.939692621,172.375,4.378325,131.59,-1.216,235.7308622,0.558221349,0.534,-0.431,125.4492804,-6.140719587
4,cw,20,0.939692621,172.375,4.378325,131.29,-1.216,235.7308622,0.556948712,0.534,-0.431,125.4492804,-5.840719587
4,cw,20,0.939692621,172.375,4.378325,127.79,-1.216,235.7308622,0.542101271,0.534,-0.431,125.4492804,-2.340719587
4,cw,20,0.939692621,172.375,4.378325,126.22,-1.216,235.7308622,0.535441133,0.534,-0.431,125.4492804,-0.770719587
4,cw,20,0.939692621,172.375,4.378325,125.69,-1.216,235.7308622,0.533192807,0.534,-0.431,125.4492804,-0.240719587
4,ccw,30,0.866025404,12.9375,0.3286125,11.68,-1.216,16.305621,0.716317398,0.534,-0.431,8.276201613,-3.403798387
4,ccw,30,0.866025404,12.9375,0.3286125,8.4,-1.216,16.305621,0.515159772,0.534,-0.431,8.276201613,-0.123798387
4,ccw,30,0.866025404,58.1875,1.4779625,46.59,-1.216,73.33590893,0.635295869,0.534,-0.431,38.73037537,-7.859624629
4,ccw,30,0.866025404,58.1875,1.4779625,42.02,-1.216,73.33590893,0.572979876,0.534,-0.431,38.73037537,-3.289624629
4,ccw,30,0.866025404,58.1875,1.4779625,40.37,-1.216,73.33590893,0.550480666,0.534,-0.431,38.73037537,-1.639624629
4,ccw,30,0.866025404,116.375,2.955925,96.82,-1.216,146.6718179,0.660113179,0.534,-0.431,77.89175074,-18.92824926
4,ccw,30,0.866025404,116.375,2.955925,83.8,-1.216,146.6718179,0.57134357,0.534,-0.431,77.89175074,-5.908249259
4,ccw,30,0.866025404,174.5,4.4323,122.89,-1.216,219.9289557,0.558771352,0.534,-0.431,117.0110623,-5.878937664
4,ccw,30,0.866025404,174.5,4.4323,122.67,-1.216,219.9289557,0.557771029,0.534,-0.431,117.0110623,-5.658937664
4,cw,30,0.866025404,12.75,0.32385,10.35,-1.216,16.06930765,0.644084999,0.534,-0.431,8.150010285,-2.199989715
4,cw,30,0.866025404,12.75,0.32385,8.91,-1.216,16.06930765,0.554473173,0.534,-0.431,8.150010285,-0.759989715
4,cw,30,0.866025404,12.75,0.32385,8.73,-1.216,16.06930765,0.543271695,0.534,-0.431,8.150010285,-0.579989715
4,cw,30,0.866025404,12.75,0.32385,8.7,-1.216,16.06930765,0.541404782,0.534,-0.431,8.150010285,-0.549989715
4,cw,30,0.866025404,12.75,0.32385,8.4,-1.216,16.06930765,0.522735651,0.534,-0.431,8.150010285,-0.249989715
4,cw,30,0.866025404,12.75,0.32385,8.34,-1.216,16.06930765,0.519001825,0.534,-0.431,8.150010285,-0.189989715
4,cw,30,0.866025404,12.75,0.32385,7.92,-1.216,16.06930765,0.492865043,0.534,-0.431,8.150010285,0.230010285
4,cw,30,0.866025404,57.4375,1.4589125,41.77,-1.216,72.39065554,0.577008174,0.534,-0.431,38.22561006,-3.54438994
4,cw,30,0.866025404,57.4375,1.4589125,41.12,-1.216,72.39065554,0.568029115,0.534,-0.431,38.22561006,-2.89438994
4,cw,30,0.866025404,57.4375,1.4589125,40.22,-1.216,72.39065554,0.555596571,0.534,-0.431,38.22561006,-1.99438994
4,cw,30,0.866025404,57.4375,1.4589125,39.79,-1.216,72.39065554,0.549656578,0.534,-0.431,38.22561006,-1.56438994
4,cw,30,0.866025404,57.4375,1.4589125,39.14,-1.216,72.39065554,0.540677518,0.534,-0.431,38.22561006,-0.91438994
4,cw,30,0.866025404,57.4375,1.4589125,39.14,-1.216,72.39065554,0.540677518,0.534,-0.431,38.22561006,-0.91438994
4,cw,30,0.866025404,114.875,2.917825,82.78,-1.216,144.7813111,0.571758878,0.534,-0.431,76.88222012,-5.89777988
4,cw,30,0.866025404,114.875,2.917825,81.4,-1.216,144.7813111,0.562227261,0.534,-0.431,76.88222012,-4.51777988
4,cw,30,0.866025404,114.875,2.917825,80.44,-1.216,144.7813111,0.555596571,0.534,-0.431,76.88222012,-3.55777988
4,cw,30,0.866025404,172.375,4.378325,123.05,-1.216,217.2507377,0.566396235,0.534,-0.431,115.580894,-7.469106045
4,cw,30,0.866025404,172.375,4.378325,121.32,-1.216,217.2507377,0.558433086,0.534,-0.431,115.580894,-5.739106045
4,cw,30,0.866025404,172.375,4.378325,120.94,-1.216,217.2507377,0.556683955,0.534,-0.431,115.580894,-5.359106045
5,ccw,0,1,16.375,0.415925,10.22,-1.216,19.06459768,0.536072157,0.534,-0.431,9.749495159,-0.470504841
5,ccw,0,1,16.375,0.415925,9.74,-1.216,19.06459768,0.5108946,0.534,-0.431,9.749495159,0.009495159
5,ccw,0,1,16.375,0.415925,9.45,-1.216,19.06459768,0.495683159,0.534,-0.431,9.749495159,0.299495159
5,ccw,0,1,16.375,0.415925,9.02,-1.216,19.06459768,0.473128264,0.534,-0.431,9.749495159,0.729495159
5,ccw,0,1,16.375,0.415925,8.84,-1.216,19.06459768,0.46368668,0.534,-0.431,9.749495159,0.909495159
5,ccw,0,1,73.75,1.87325,44.46,-1.216,85.86345518,0.517798869,0.534,-0.431,45.42008507,0.960085065
5,ccw,0,1,73.75,1.87325,43.53,-1.216,85.86345518,0.506967719,0.534,-0.431,45.42008507,1.890085065
5,ccw,0,1,73.75,1.87325,43.31,-1.216,85.86345518,0.504405511,0.534,-0.431,45.42008507,2.110085065
5,ccw,0,1,73.75,1.87325,43.24,-1.216,85.86345518,0.503590263,0.534,-0.431,45.42008507,2.180085065
5,ccw,0,1,73.75,1.87325,42.93,-1.216,85.86345518,0.49997988,0.534,-0.431,45.42008507,2.490085065
5,ccw,0,1,147.5,3.7465,89.11,-1.216,171.7269104,0.518905277,0.534,-0.431,91.27117013,2.16117013
5,ccw,0,1,147.5,3.7465,89.04,-1.216,171.7269104,0.518497653,0.534,-0.431,91.27117013,2.23117013
5,ccw,0,1,147.5,3.7465,88.55,-1.216,171.7269104,0.515644286,0.534,-0.431,91.27117013,2.72117013
5,ccw,0,1,147.5,3.7465,87.56,-1.216,171.7269104,0.509879318,0.534,-0.431,91.27117013,3.71117013
5,ccw,0,1,147.5,3.7465,87.54,-1.216,171.7269104,0.509762854,0.534,-0.431,91.27117013,3.73117013
5,ccw,0,1,221.25,5.61975,131.87,-1.216,257.5903655,0.511936849,0.534,-0.431,137.1222552,5.252255196
5,ccw,0,1,221.25,5.61975,131.81,-1.216,257.5903655,0.511703921,0.534,-0.431,137.1222552,5.312255196
5,ccw,0,1,221.25,5.61975,131.54,-1.216,257.5903655,0.510655745,0.534,-0.431,137.1222552,5.582255196
5,ccw,0,1,221.25,5.61975,131.19,-1.216,257.5903655,0.509296998,0.534,-0.431,137.1222552,5.932255196
5,ccw,0,1,221.25,5.61975,131.13,-1.216,257.5903655,0.50906407,0.534,-0.431,137.1222552,5.992255196
5,cw,0,1,16.4375,0.4175125,10.1,-1.216,19.13736332,0.527763404,0.534,-0.431,9.78835201,-0.31164799
5,cw,0,1,16.4375,0.4175125,10.03,-1.216,19.13736332,0.524105637,0.534,-0.431,9.78835201,-0.24164799
5,cw,0,1,16.4375,0.4175125,9.84,-1.216,19.13736332,0.514177415,0.534,-0.431,9.78835201,-0.05164799
5,cw,0,1,16.4375,0.4175125,8.79,-1.216,19.13736332,0.459310923,0.534,-0.431,9.78835201,0.99835201
5,cw,0,1,16.4375,0.4175125,8.79,-1.216,19.13736332,0.459310923,0.534,-0.431,9.78835201,0.99835201
5,cw,0,1,73.9375,1.8780125,44.8,-1.216,86.0817521,0.520435504,0.534,-0.431,45.53665562,0.73665562
5,cw,0,1,73.9375,1.8780125,43.91,-1.216,86.0817521,0.510096495,0.534,-0.431,45.53665562,1.62665562
5,cw,0,1,73.9375,1.8780125,43.73,-1.216,86.0817521,0.508005459,0.534,-0.431,45.53665562,1.80665562
5,cw,0,1,73.9375,1.8780125,43.04,-1.216,86.0817521,0.499989823,0.534,-0.431,45.53665562,2.49665562
5,cw,0,1,73.9375,1.8780125,42.75,-1.216,86.0817521,0.496620933,0.534,-0.431,45.53665562,2.78665562
5,cw,0,1,147.875,3.756025,89.69,-1.216,172.1635042,0.520958262,0.534,-0.431,91.50431124,1.814311241
5,cw,0,1,147.875,3.756025,88.92,-1.216,172.1635042,0.51648577,0.534,-0.431,91.50431124,2.584311241
5,cw,0,1,147.875,3.756025,88.08,-1.216,172.1635042,0.511606687,0.534,-0.431,91.50431124,3.424311241
5,cw,0,1,147.875,3.756025,87.32,-1.216,172.1635042,0.507192279,0.534,-0.431,91.50431124,4.184311241
5,cw,0,1,147.875,3.756025,87.09,-1.216,172.1635042,0.505856339,0.534,-0.431,91.50431124,4.414311241
5,cw,0,1,221.875,5.635625,134.45,-1.216,258.3180219,0.520482462,0.534,-0.431,137.5108237,3.060823713
5,cw,0,1,221.875,5.635625,133.58,-1.216,258.3180219,0.51711452,0.534,-0.431,137.5108237,3.930823713
5,cw,0,1,221.875,5.635625,133.51,-1.216,258.3180219,0.516843537,0.534,-0.431,137.5108237,4.000823713
5,cw,0,1,221.875,5.635625,132.28,-1.216,258.3180219,0.512081964,0.534,-0.431,137.5108237,5.230823713
5,cw,0,1,221.875,5.635625,132.26,-1.216,258.3180219,0.51200454,0.534,-0.431,137.5108237,5.250823713
5,ccw,10,0.984807753,16.375,0.415925,10.1,-1.216,18.7749636,0.537950444,0.534,-0.431,9.594830562,-0.505169438
5,ccw,10,0.984807753,16.375,0.415925,10.05,-1.216,18.7749636,0.535287323,0.534,-0.431,9.594830562,-0.455169438
5,ccw,10,0.984807753,16.375,0.415925,9.37,-1.216,18.7749636,0.499068877,0.534,-0.431,9.594830562,0.224830562
5,ccw,10,0.984807753,16.375,0.415925,8.8,-1.216,18.7749636,0.468709298,0.534,-0.431,9.594830562,0.794830562
5,ccw,10,0.984807753,16.375,0.415925,8.75,-1.216,18.7749636,0.466046177,0.534,-0.431,9.594830562,0.844830562
5,ccw,10,0.984807753,73.75,1.87325,44.2,-1.216,84.55899636,0.522711975,0.534,-0.431,44.72350406,0.523504056
5,ccw,10,0.984807753,73.75,1.87325,44.13,-1.216,84.55899636,0.521884151,0.534,-0.431,44.72350406,0.593504056
5,ccw,10,0.984807753,73.75,1.87325,42.82,-1.216,84.55899636,0.506392008,0.534,-0.431,44.72350406,1.903504056
5,ccw,10,0.984807753,73.75,1.87325,42.56,-1.216,84.55899636,0.503317232,0.534,-0.431,44.72350406,2.163504056
5,ccw,10,0.984807753,73.75,1.87325,42.17,-1.216,84.55899636,0.498705068,0.534,-0.431,44.72350406,2.553504056
5,ccw,10,0.984807753,147.5,3.7465,90.21,-1.216,169.1179927,0.533414562,0.534,-0.431,89.87800811,-0.331991888
5,ccw,10,0.984807753,147.5,3.7465,88.36,-1.216,169.1179927,0.522475454,0.534,-0.431,89.87800811,1.518008112
5,ccw,10,0.984807753,147.5,3.7465,88.3,-1.216,169.1179927,0.522120672,0.534,-0.431,89.87800811,1.578008112
5,ccw,10,0.984807753,147.5,3.7465,87.69,-1.216,169.1179927,0.518513723,0.534,-0.431,89.87800811,2.188008112
5,ccw,10,0.984807753,147.5,3.7465,86.54,-1.216,169.1179927,0.511713737,0.534,-0.431,89.87800811,3.338008112
5,ccw,10,0.984807753,221.25,5.61975,134,-1.216,253.6769891,0.528230804,0.534,-0.431,135.0325122,1.032512169
5,ccw,10,0.984807753,221.25,5.61975,131.7,-1.216,253.6769891,0.519164156,0.534,-0.431,135.0325122,3.332512169
5,ccw,10,0.984807753,221.25,5.61975,131.57,-1.216,253.6769891,0.518651694,0.534,-0.431,135.0325122,3.462512169
5,ccw,10,0.984807753,221.25,5.61975,129.62,-1.216,253.6769891,0.510964753,0.534,-0.431,135.0325122,5.412512169
5,ccw,10,0.984807753,221.25,5.61975,129.55,-1.216,253.6769891,0.510688811,0.534,-0.431,135.0325122,5.482512169
5,cw,10,0.984807753,16.4375,0.4175125,10.09,-1.216,18.84662376,0.535374406,0.534,-0.431,9.633097091,-0.456902909
5,cw,10,0.984807753,16.4375,0.4175125,10,-1.216,18.84662376,0.530599015,0.534,-0.431,9.633097091,-0.366902909
5,cw,10,0.984807753,16.4375,0.4175125,9.95,-1.216,18.84662376,0.52794602,0.534,-0.431,9.633097091,-0.316902909
5,cw,10,0.984807753,16.4375,0.4175125,9.06,-1.216,18.84662376,0.480722707,0.534,-0.431,9.633097091,0.573097091
5,cw,10,0.984807753,16.4375,0.4175125,8.89,-1.216,18.84662376,0.471702524,0.534,-0.431,9.633097091,0.743097091
5,cw,10,0.984807753,73.9375,1.8780125,44.06,-1.216,84.77397686,0.519734966,0.534,-0.431,44.83830364,0.778303643
5,cw,10,0.984807753,73.9375,1.8780125,43.74,-1.216,84.77397686,0.515960223,0.534,-0.431,44.83830364,1.098303643
5,cw,10,0.984807753,73.9375,1.8780125,43.48,-1.216,84.77397686,0.512893244,0.534,-0.431,44.83830364,1.358303643
5,cw,10,0.984807753,73.9375,1.8780125,43.11,-1.216,84.77397686,0.508528697,0.534,-0.431,44.83830364,1.728303643
5,cw,10,0.984807753,73.9375,1.8780125,42.89,-1.216,84.77397686,0.505933561,0.534,-0.431,44.83830364,1.948303643
5,cw,10,0.984807753,147.875,3.756025,88.7,-1.216,169.5479537,0.523155827,0.534,-0.431,90.10760729,1.407607286
5,cw,10,0.984807753,147.875,3.756025,88.35,-1.216,169.5479537,0.521091515,0.534,-0.431,90.10760729,1.757607286
5,cw,10,0.984807753,147.875,3.756025,87.96,-1.216,169.5479537,0.51879128,0.534,-0.431,90.10760729,2.147607286
5,cw,10,0.984807753,147.875,3.756025,87.89,-1.216,169.5479537,0.518378418,0.534,-0.431,90.10760729,2.217607286
5,cw,10,0.984807753,147.875,3.756025,86.72,-1.216,169.5479537,0.511477715,0.534,-0.431,90.10760729,3.387607286
5,cw,10,0.984807753,221.875,5.635625,132.99,-1.216,254.3935907,0.522772604,0.534,-0.431,135.4151775,2.425177457
5,cw,10,0.984807753,221.875,5.635625,132.64,-1.216,254.3935907,0.521396784,0.534,-0.431,135.4151775,2.775177457
5,cw,10,0.984807753,221.875,5.635625,132.18,-1.216,254.3935907,0.519588562,0.534,-0.431,135.4151775,3.235177457
5,cw,10,0.984807753,221.875,5.635625,132.03,-1.216,254.3935907,0.518998925,0.534,-0.431,135.4151775,3.385177457
5,cw,10,0.984807753,221.875,5.635625,130.63,-1.216,254.3935907,0.513495641,0.534,-0.431,135.4151775,4.785177457
5,ccw,20,0.939692621,16.375,0.415925,9.82,-1.216,17.91486175,0.548148243,0.534,-0.431,9.135536176,-0.684463824
5,ccw,20,0.939692621,16.375,0.415925,9.64,-1.216,17.91486175,0.53810072,0.534,-0.431,9.135536176,-0.504463824
5,ccw,20,0.939692621,16.375,0.415925,9.39,-1.216,17.91486175,0.524145825,0.534,-0.431,9.135536176,-0.254463824
5,ccw,20,0.939692621,16.375,0.415925,9.05,-1.216,17.91486175,0.505167169,0.534,-0.431,9.135536176,0.085536176
5,ccw,20,0.939692621,16.375,0.415925,8.8,-1.216,17.91486175,0.491212275,0.534,-0.431,9.135536176,0.335536176
5,ccw,20,0.939692621,16.375,0.415925,8.64,-1.216,17.91486175,0.482281143,0.534,-0.431,9.135536176,0.495536176
5,ccw,20,0.939692621,73.75,1.87325,45.12,-1.216,80.68525523,0.55920998,0.534,-0.431,42.65492629,-2.465073709
5,ccw,20,0.939692621,73.75,1.87325,44.07,-1.216,80.68525523,0.54619645,0.534,-0.431,42.65492629,-1.415073709
5,ccw,20,0.939692621,73.75,1.87325,42.34,-1.216,80.68525523,0.52475511,0.534,-0.431,42.65492629,0.314926291
5,ccw,20,0.939692621,73.75,1.87325,41.54,-1.216,80.68525523,0.51484004,0.534,-0.431,42.65492629,1.114926291
5,ccw,20,0.939692621,73.75,1.87325,41.11,-1.216,80.68525523,0.509510689,0.534,-0.431,42.65492629,1.544926291
5,ccw,20,0.939692621,147.5,3.7465,88.29,-1.216,161.3705105,0.547125988,0.534,-0.431,85.74085258,-2.549147418
5,ccw,20,0.939692621,147.5,3.7465,87.76,-1.216,161.3705105,0.543841621,0.534,-0.431,85.74085258,-2.019147418
5,ccw,20,0.939692621,147.5,3.7465,87.21,-1.216,161.3705105,0.540433316,0.534,-0.431,85.74085258,-1.469147418
5,ccw,20,0.939692621,147.5,3.7465,86.74,-1.216,161.3705105,0.537520764,0.534,-0.431,85.74085258,-0.999147418
5,ccw,20,0.939692621,147.5,3.7465,86.73,-1.216,161.3705105,0.537458794,0.534,-0.431,85.74085258,-0.989147418
5,ccw,20,0.939692621,221.25,5.61975,134.18,-1.216,242.0557657,0.554335071,0.534,-0.431,128.8267789,-5.353221128
5,ccw,20,0.939692621,221.25,5.61975,133.97,-1.216,242.0557657,0.553467502,0.534,-0.431,128.8267789,-5.143221128
5,ccw,20,0.939692621,221.25,5.61975,130.57,-1.216,242.0557657,0.539421152,0.534,-0.431,128.8267789,-1.743221128
5,ccw,20,0.939692621,221.25,5.61975,128.16,-1.216,242.0557657,0.529464769,0.534,-0.431,128.8267789,0.666778872
5,ccw,20,0.939692621,221.25,5.61975,126.54,-1.216,242.0557657,0.522772096,0.534,-0.431,128.8267789,2.286778872
5,cw,20,0.939692621,16.4375,0.4175125,9.84,-1.216,17.98323909,0.547176176,0.534,-0.431,9.172049673,-0.667950327
5,cw,20,0.939692621,16.4375,0.4175125,9.22,-1.216,17.98323909,0.512699629,0.534,-0.431,9.172049673,-0.047950327
5,cw,20,0.939692621,16.4375,0.4175125,8.9,-1.216,17.98323909,0.494905281,0.534,-0.431,9.172049673,0.272049673
5,cw,20,0.939692621,16.4375,0.4175125,8.68,-1.216,17.98323909,0.482671668,0.534,-0.431,9.172049673,0.492049673
5,cw,20,0.939692621,73.9375,1.8780125,44.8,-1.216,80.89038723,0.553835895,0.534,-0.431,42.76446678,-2.035533219
5,cw,20,0.939692621,73.9375,1.8780125,43.1,-1.216,80.89038723,0.532819801,0.534,-0.431,42.76446678,-0.335533219
5,cw,20,0.939692621,73.9375,1.8780125,42.47,-1.216,80.89038723,0.525031483,0.534,-0.431,42.76446678,0.294466781
5,cw,20,0.939692621,73.9375,1.8780125,42.43,-1.216,80.89038723,0.524536987,0.534,-0.431,42.76446678,0.334466781
5,cw,20,0.939692621,73.9375,1.8780125,42.15,-1.216,80.89038723,0.521075513,0.534,-0.431,42.76446678,0.614466781
5,cw,20,0.939692621,147.875,3.756025,88.57,-1.216,161.7807745,0.547469255,0.534,-0.431,85.95993356,-2.610066437
5,cw,20,0.939692621,147.875,3.756025,88.49,-1.216,161.7807745,0.546974758,0.534,-0.431,85.95993356,-2.530066437
5,cw,20,0.939692621,147.875,3.756025,86.13,-1.216,161.7807745,0.532387116,0.534,-0.431,85.95993356,-0.170066437
5,cw,20,0.939692621,147.875,3.756025,86.04,-1.216,161.7807745,0.531830808,0.534,-0.431,85.95993356,-0.080066437
5,cw,20,0.939692621,147.875,3.756025,85.9,-1.216,161.7807745,0.530965439,0.534,-0.431,85.95993356,0.059933563
5,cw,20,0.939692621,221.875,5.635625,134.96,-1.216,242.739539,0.555986884,0.534,-0.431,129.1919138,-5.768086159
5,cw,20,0.939692621,221.875,5.635625,133.44,-1.216,242.739539,0.549725028,0.534,-0.431,129.1919138,-4.248086159
5,cw,20,0.939692621,221.875,5.635625,133.07,-1.216,242.739539,0.548200761,0.534,-0.431,129.1919138,-3.878086159
5,cw,20,0.939692621,221.875,5.635625,131.04,-1.216,242.739539,0.539837888,0.534,-0.431,129.1919138,-1.848086159
5,cw,20,0.939692621,221.875,5.635625,128.54,-1.216,242.739539,0.529538783,0.534,-0.431,129.1919138,0.651913841
5,ccw,30,0.866025404,16.375,0.415925,11.6,-1.216,16.5104259,0.702586358,0.534,-0.431,8.38556743,-3.21443257
5,ccw,30,0.866025404,16.375,0.415925,8.96,-1.216,16.5104259,0.542687394,0.534,-0.431,8.38556743,-0.57443257
5,ccw,30,0.866025404,73.75,1.87325,48.05,-1.216,74.35993344,0.646181321,0.534,-0.431,39.27720446,-8.772795542
5,ccw,30,0.866025404,73.75,1.87325,40.53,-1.216,74.35993344,0.545051591,0.534,-0.431,39.27720446,-1.252795542
5,ccw,30,0.866025404,147.5,3.7465,95.62,-1.216,148.7198669,0.642953776,0.534,-0.431,78.98540892,-16.63459108
5,ccw,30,0.866025404,147.5,3.7465,84.05,-1.216,148.7198669,0.565156504,0.534,-0.431,78.98540892,-5.064591085
5,cw,30,0.866025404,16.4375,0.4175125,9.88,-1.216,16.57344279,0.596134438,0.534,-0.431,8.419218451,-1.460781549
5,cw,30,0.866025404,16.4375,0.4175125,9.65,-1.216,16.57344279,0.582256814,0.534,-0.431,8.419218451,-1.230781549
5,cw,30,0.866025404,16.4375,0.4175125,9.62,-1.216,16.57344279,0.580446689,0.534,-0.431,8.419218451,-1.200781549
5,cw,30,0.866025404,16.4375,0.4175125,9.54,-1.216,16.57344279,0.57561969,0.534,-0.431,8.419218451,-1.120781549
5,cw,30,0.866025404,16.4375,0.4175125,9.51,-1.216,16.57344279,0.573809565,0.534,-0.431,8.419218451,-1.090781549
5,cw,30,0.866025404,16.4375,0.4175125,9.39,-1.216,16.57344279,0.566569066,0.534,-0.431,8.419218451,-0.970781549
5,cw,30,0.866025404,16.4375,0.4175125,8.49,-1.216,16.57344279,0.512265321,0.534,-0.431,8.419218451,-0.070781549
5,cw,30,0.866025404,16.4375,0.4175125,8.39,-1.216,16.57344279,0.506231572,0.534,-0.431,8.419218451,0.029218451
5,cw,30,0.866025404,16.4375,0.4175125,8.34,-1.216,16.57344279,0.503214697,0.534,-0.431,8.419218451,0.079218451
5,cw,30,0.866025404,16.4375,0.4175125,8.31,-1.216,16.57344279,0.501404573,0.534,-0.431,8.419218451,0.109218451
5,cw,30,0.866025404,73.9375,1.8780125,42.37,-1.216,74.54898412,0.568351139,0.534,-0.431,39.37815752,-2.99184248
5,cw,30,0.866025404,73.9375,1.8780125,41.68,-1.216,74.54898412,0.559095479,0.534,-0.431,39.37815752,-2.30184248
5,cw,30,0.866025404,73.9375,1.8780125,41.07,-1.216,74.54898412,0.55091294,0.534,-0.431,39.37815752,-1.69184248
5,cw,30,0.866025404,73.9375,1.8780125,40.73,-1.216,74.54898412,0.54635218,0.534,-0.431,39.37815752,-1.35184248
5,cw,30,0.866025404,73.9375,1.8780125,40.69,-1.216,74.54898412,0.54581562,0.534,-0.431,39.37815752,-1.31184248
5,cw,30,0.866025404,73.9375,1.8780125,40.62,-1.216,74.54898412,0.54487664,0.534,-0.431,39.37815752,-1.24184248
5,cw,30,0.866025404,73.9375,1.8780125,40.58,-1.216,74.54898412,0.54434008,0.534,-0.431,39.37815752,-1.20184248
5,cw,30,0.866025404,147.875,3.756025,84.35,-1.216,149.0979682,0.565735409,0.534,-0.431,79.18731504,-5.162684961
5,cw,30,0.866025404,147.875,3.756025,83.58,-1.216,149.0979682,0.560571019,0.534,-0.431,79.18731504,-4.392684961
5,cw,30,0.866025404,147.875,3.756025,82.78,-1.216,149.0979682,0.555205419,0.534,-0.431,79.18731504,-3.592684961
5,cw,30,0.866025404,147.875,3.756025,82.74,-1.216,149.0979682,0.55493714,0.534,-0.431,79.18731504,-3.552684961
