{
  "recording_timestamp": 1757347055.757027,
  "elapsed_time_s": 3.0,
  "fz": 4.094011,
  "peak_intensity": 0.28,
  "deformation_mesh": [
    {
      "coordinates": [
        0,
        0
      ],
      "magnitude": 1.5895735025405884,
      "direction": [
        0.4553118944168091,
        -0.8903319835662842
      ]
    },
    {
      "coordinates": [
        22,
        0
      ],
      "magnitude": 1.8766618967056274,
      "direction": [
        0.42626726627349854,
        -0.904597282409668
      ]
    },
    {
      "coordinates": [
        45,
        0
      ],
      "magnitude": 1.7243033647537231,
      "direction": [
        0.5160261392593384,
        -0.8565728068351746
      ]
    },
    {
      "coordinates": [
        68,
        0
      ],
      "magnitude": 1.7301414012908936,
      "direction": [
        0.6109643578529358,
        -0.7916580438613892
      ]
    },
    {
      "coordinates": [
        91,
        0
      ],
      "magnitude": 1.6492609977722168,
      "direction": [
        0.8551621437072754,
        -0.5183604955673218
      ]
    },
    {
      "coordinates": [
        113,
        0
      ],
      "magnitude": 1.7226194143295288,
      "direction": [
        0.992104172706604,
        -0.12541665136814117
      ]
    },
    {
      "coordinates": [
        136,
        0
      ],
      "magnitude": 1.9528228044509888,
      "direction": [
        0.9650144577026367,
        0.26219651103019714
      ]
    },
    {
      "coordinates": [
        159,
        0
      ],
      "magnitude": 1.7068068981170654,
      "direction": [
        0.8477256298065186,
        0.5304349660873413
      ]
    },
    {
      "coordinates": [
        182,
        0
      ],
      "magnitude": 1.8886692523956299,
      "direction": [
        0.8290435671806335,
        0.5591840147972107
      ]
    },
    {
      "coordinates": [
        205,
        0
      ],
      "magnitude": 1.2961275577545166,
      "direction": [
        0.8328955769538879,
        0.5534301400184631
      ]
    },
    {
      "coordinates": [
        227,
        0
      ],
      "magnitude": 1.462077260017395,
      "direction": [
        0.9802737236022949,
        -0.19764463603496552
      ]
    },
    {
      "coordinates": [
        250,
        0
      ],
      "magnitude": 1.9521321058273315,
      "direction": [
        0.9643561840057373,
        -0.26460736989974976
      ]
    },
    {
      "coordinates": [
        273,
        0
      ],
      "magnitude": 2.615201473236084,
      "direction": [
        0.8846530318260193,
        -0.4662499725818634
      ]
    },
    {
      "coordinates": [
        296,
        0
      ],
      "magnitude": 2.677917718887329,
      "direction": [
        0.8216394186019897,
        -0.5700075030326843
      ]
    },
    {
      "coordinates": [
        319,
        0
      ],
      "magnitude": 2.6497929096221924,
      "direction": [
        0.8317135572433472,
        -0.5552049875259399
      ]
    },
    {
      "coordinates": [
        0,
        17
      ],
      "magnitude": 1.7151554822921753,
      "direction": [
        0.08510644733905792,
        -0.996371865272522
      ]
    },
    {
      "coordinates": [
        22,
        17
      ],
      "magnitude": 1.604333519935608,
      "direction": [
        0.2919716536998749,
        -0.9564269781112671
      ]
    },
    {
      "coordinates": [
        45,
        17
      ],
      "magnitude": 1.3673673868179321,
      "direction": [
        0.4465451240539551,
        -0.8947610855102539
      ]
    },
    {
      "coordinates": [
        68,
        17
      ],
      "magnitude": 1.8127986192703247,
      "direction": [
        0.646618664264679,
        -0.7628133893013
      ]
    },
    {
      "coordinates": [
        91,
        17
      ],
      "magnitude": 2.0199666023254395,
      "direction": [
        0.8597976565361023,
        -0.5106349587440491
      ]
    },
    {
      "coordinates": [
        113,
        17
      ],
      "magnitude": 1.6369068622589111,
      "direction": [
        0.9956976175308228,
        -0.09266233444213867
      ]
    },
    {
      "coordinates": [
        136,
        17
      ],
      "magnitude": 2.210010051727295,
      "direction": [
        0.8976356983184814,
        0.4407382011413574
      ]
    },
    {
      "coordinates": [
        159,
        17
      ],
      "magnitude": 2.401280641555786,
      "direction": [
        0.7576632499694824,
        0.6526457071304321
      ]
    },
    {
      "coordinates": [
        182,
        17
      ],
      "magnitude": 2.175394296646118,
      "direction": [
        0.763910174369812,
        0.6453225612640381
      ]
    },
    {
      "coordinates": [
        205,
        17
      ],
      "magnitude": 1.8766192197799683,
      "direction": [
        0.825573742389679,
        0.5642943382263184
      ]
    },
    {
      "coordinates": [
        227,
        17
      ],
      "magnitude": 1.8355656862258911,
      "direction": [
        0.9987691640853882,
        0.04959966987371445
      ]
    },
    {
      "coordinates": [
        250,
        17
      ],
      "magnitude": 2.235013961791992,
      "direction": [
        0.9746538400650024,
        -0.2237183302640915
      ]
    },
    {
      "coordinates": [
        273,
        17
      ],
      "magnitude": 2.6379940509796143,
      "direction": [
        0.9195848703384399,
        -0.39289146661758423
      ]
    },
    {
      "coordinates": [
        296,
        17
      ],
      "magnitude": 2.7515766620635986,
      "direction": [
        0.8827375173568726,
        -0.46986642479896545
      ]
    },
    {
      "coordinates": [
        319,
        17
      ],
      "magnitude": 2.9093828201293945,
      "direction": [
        0.8738099336624146,
        -0.48626768589019775
      ]
    },
    {
      "coordinates": [
        0,
        34
      ],
      "magnitude": 1.8837403059005737,
      "direction": [
        -0.12968331575393677,
        -0.9915554523468018
      ]
    },
    {
      "coordinates": [
        22,
        34
      ],
      "magnitude": 1.7891690731048584,
      "direction": [
        0.020768215879797935,
        -0.9997843503952026
      ]
    },
    {
      "coordinates": [
        45,
        34
      ],
      "magnitude": 2.0485315322875977,
      "direction": [
        0.33019766211509705,
        -0.9439117908477783
      ]
    },
    {
      "coordinates": [
        68,
        34
      ],
      "magnitude": 2.0109338760375977,
      "direction": [
        0.6736193895339966,
        -0.7390785217285156
      ]
    },
    {
      "coordinates": [
        91,
        34
      ],
      "magnitude": 2.0280497074127197,
      "direction": [
        0.8671464920043945,
        -0.49805307388305664
      ]
    },
    {
      "coordinates": [
        113,
        34
      ],
      "magnitude": 2.104478120803833,
      "direction": [
        0.9992683529853821,
        -0.03824491426348686
      ]
    },
    {
      "coordinates": [
        136,
        34
      ],
      "magnitude": 2.7046003341674805,
      "direction": [
        0.8386343717575073,
        0.544694721698761
      ]
    },
    {
      "coordinates": [
        159,
        34
      ],
      "magnitude": 3.1207387447357178,
      "direction": [
        0.6885824799537659,
        0.7251580357551575
      ]
    },
    {
      "coordinates": [
        182,
        34
      ],
      "magnitude": 2.611794948577881,
      "direction": [
        0.6743881106376648,
        0.7383769750595093
      ]
    },
    {
      "coordinates": [
        205,
        34
      ],
      "magnitude": 2.2830770015716553,
      "direction": [
        0.8430042862892151,
        0.5379068851470947
      ]
    },
    {
      "coordinates": [
        227,
        34
      ],
      "magnitude": 1.983197808265686,
      "direction": [
        0.9993072152137756,
        0.0372159369289875
      ]
    },
    {
      "coordinates": [
        250,
        34
      ],
      "magnitude": 2.4460079669952393,
      "direction": [
        0.9876654148101807,
        -0.1565794050693512
      ]
    },
    {
      "coordinates": [
        273,
        34
      ],
      "magnitude": 2.601732015609741,
      "direction": [
        0.8965392112731934,
        -0.44296425580978394
      ]
    },
    {
      "coordinates": [
        296,
        34
      ],
      "magnitude": 3.172292947769165,
      "direction": [
        0.8664965033531189,
        -0.49918314814567566
      ]
    },
    {
      "coordinates": [
        319,
        34
      ],
      "magnitude": 3.003777027130127,
      "direction": [
        0.8895217776298523,
        -0.4568927586078644
      ]
    },
    {
      "coordinates": [
        0,
        51
      ],
      "magnitude": 1.6668750047683716,
      "direction": [
        -0.2570084035396576,
        -0.9664092063903809
      ]
    },
    {
      "coordinates": [
        22,
        51
      ],
      "magnitude": 1.8514037132263184,
      "direction": [
        -0.15032373368740082,
        -0.98863685131073
      ]
    },
    {
      "coordinates": [
        45,
        51
      ],
      "magnitude": 2.14381742477417,
      "direction": [
        0.20928466320037842,
        -0.9778547883033752
      ]
    },
    {
      "coordinates": [
        68,
        51
      ],
      "magnitude": 1.9683071374893188,
      "direction": [
        0.5663957595825195,
        -0.8241332769393921
      ]
    },
    {
      "coordinates": [
        91,
        51
      ],
      "magnitude": 1.741381287574768,
      "direction": [
        0.8021955490112305,
        -0.5970613360404968
      ]
    },
    {
      "coordinates": [
        113,
        51
      ],
      "magnitude": 1.8086823225021362,
      "direction": [
        0.9995052814483643,
        -0.03145090863108635
      ]
    },
    {
      "coordinates": [
        136,
        51
      ],
      "magnitude": 2.7753589153289795,
      "direction": [
        0.8108059763908386,
        0.5853151082992554
      ]
    },
    {
      "coordinates": [
        159,
        51
      ],
      "magnitude": 3.37723445892334,
      "direction": [
        0.7071602940559387,
        0.7070533037185669
      ]
    },
    {
      "coordinates": [
        182,
        51
      ],
      "magnitude": 3.3671865463256836,
      "direction": [
        0.679881751537323,
        0.7333217263221741
      ]
    },
    {
      "coordinates": [
        205,
        51
      ],
      "magnitude": 2.4420363903045654,
      "direction": [
        0.8593344688415527,
        0.5114140510559082
      ]
    },
    {
      "coordinates": [
        227,
        51
      ],
      "magnitude": 2.246699571609497,
      "direction": [
        0.9936792850494385,
        0.11225625872612
      ]
    },
    {
      "coordinates": [
        250,
        51
      ],
      "magnitude": 3.0950944423675537,
      "direction": [
        0.973798930644989,
        -0.22741052508354187
      ]
    },
    {
      "coordinates": [
        273,
        51
      ],
      "magnitude": 3.2063217163085938,
      "direction": [
        0.9362622499465942,
        -0.35130181908607483
      ]
    },
    {
      "coordinates": [
        296,
        51
      ],
      "magnitude": 3.2701263427734375,
      "direction": [
        0.8800408840179443,
        -0.47489795088768005
      ]
    },
    {
      "coordinates": [
        319,
        51
      ],
      "magnitude": 3.420131206512451,
      "direction": [
        0.9231496453285217,
        -0.3844408094882965
      ]
    },
    {
      "coordinates": [
        0,
        68
      ],
      "magnitude": 2.0582809448242188,
      "direction": [
        -0.5224528312683105,
        -0.8526681661605835
      ]
    },
    {
      "coordinates": [
        22,
        68
      ],
      "magnitude": 2.240798234939575,
      "direction": [
        -0.40077465772628784,
        -0.9161766767501831
      ]
    },
    {
      "coordinates": [
        45,
        68
      ],
      "magnitude": 2.1667428016662598,
      "direction": [
        -0.1350344717502594,
        -0.9908408522605896
      ]
    },
    {
      "coordinates": [
        68,
        68
      ],
      "magnitude": 2.0406641960144043,
      "direction": [
        0.1263720989227295,
        -0.9919828772544861
      ]
    },
    {
      "coordinates": [
        91,
        68
      ],
      "magnitude": 1.4379180669784546,
      "direction": [
        0.616154670715332,
        -0.7876251935958862
      ]
    },
    {
      "coordinates": [
        113,
        68
      ],
      "magnitude": 1.7762408256530762,
      "direction": [
        0.9520015716552734,
        -0.3060932755470276
      ]
    },
    {
      "coordinates": [
        136,
        68
      ],
      "magnitude": 2.795084238052368,
      "direction": [
        0.727069616317749,
        0.6865636706352234
      ]
    },
    {
      "coordinates": [
        159,
        68
      ],
      "magnitude": 3.833458662033081,
      "direction": [
        0.49931541085243225,
        0.866420328617096
      ]
    },
    {
      "coordinates": [
        182,
        68
      ],
      "magnitude": 4.752983093261719,
      "direction": [
        0.6295790672302246,
        0.776936411857605
      ]
    },
    {
      "coordinates": [
        205,
        68
      ],
      "magnitude": 3.093163251876831,
      "direction": [
        0.8585510849952698,
        0.5127280354499817
      ]
    },
    {
      "coordinates": [
        227,
        68
      ],
      "magnitude": 2.854902982711792,
      "direction": [
        0.9974858164787292,
        0.07086758315563202
      ]
    },
    {
      "coordinates": [
        250,
        68
      ],
      "magnitude": 3.567176103591919,
      "direction": [
        0.9711698293685913,
        -0.23838861286640167
      ]
    },
    {
      "coordinates": [
        273,
        68
      ],
      "magnitude": 3.7040247917175293,
      "direction": [
        0.9610283374786377,
        -0.2764498293399811
      ]
    },
    {
      "coordinates": [
        296,
        68
      ],
      "magnitude": 3.707125186920166,
      "direction": [
        0.9234845042228699,
        -0.38363566994667053
      ]
    },
    {
      "coordinates": [
        319,
        68
      ],
      "magnitude": 3.7977936267852783,
      "direction": [
        0.9230462908744812,
        -0.3846888542175293
      ]
    },
    {
      "coordinates": [
        0,
        85
      ],
      "magnitude": 2.500985860824585,
      "direction": [
        -0.6231923699378967,
        -0.7820686101913452
      ]
    },
    {
      "coordinates": [
        22,
        85
      ],
      "magnitude": 3.104909896850586,
      "direction": [
        -0.6371965408325195,
        -0.7707013487815857
      ]
    },
    {
      "coordinates": [
        45,
        85
      ],
      "magnitude": 2.828084945678711,
      "direction": [
        -0.40816831588745117,
        -0.9129066467285156
      ]
    },
    {
      "coordinates": [
        68,
        85
      ],
      "magnitude": 2.420166492462158,
      "direction": [
        -0.08734546601772308,
        -0.9961780905723572
      ]
    },
    {
      "coordinates": [
        91,
        85
      ],
      "magnitude": 1.7758909463882446,
      "direction": [
        0.21869176626205444,
        -0.9757940173149109
      ]
    },
    {
      "coordinates": [
        113,
        85
      ],
      "magnitude": 1.5841255187988281,
      "direction": [
        0.9596641659736633,
        -0.2811487019062042
      ]
    },
    {
      "coordinates": [
        136,
        85
      ],
      "magnitude": 3.2105536460876465,
      "direction": [
        0.5924567580223083,
        0.8056023120880127
      ]
    },
    {
      "coordinates": [
        159,
        85
      ],
      "magnitude": 5.4302167892456055,
      "direction": [
        0.4156433343887329,
        0.9095276594161987
      ]
    },
    {
      "coordinates": [
        182,
        85
      ],
      "magnitude": 6.231008529663086,
      "direction": [
        0.6478671431541443,
        0.7617533206939697
      ]
    },
    {
      "coordinates": [
        205,
        85
      ],
      "magnitude": 4.029545783996582,
      "direction": [
        0.860011875629425,
        0.5102741122245789
      ]
    },
    {
      "coordinates": [
        227,
        85
      ],
      "magnitude": 3.9560062885284424,
      "direction": [
        0.999774158000946,
        0.02125023864209652
      ]
    },
    {
      "coordinates": [
        250,
        85
      ],
      "magnitude": 4.088634967803955,
      "direction": [
        0.9847888350486755,
        -0.17375504970550537
      ]
    },
    {
      "coordinates": [
        273,
        85
      ],
      "magnitude": 4.009830951690674,
      "direction": [
        0.9802870154380798,
        -0.197579026222229
      ]
    },
    {
      "coordinates": [
        296,
        85
      ],
      "magnitude": 4.293363094329834,
      "direction": [
        0.9625493884086609,
        -0.2711063027381897
      ]
    },
    {
      "coordinates": [
        319,
        85
      ],
      "magnitude": 4.2967143058776855,
      "direction": [
        0.9564628601074219,
        -0.29185423254966736
      ]
    },
    {
      "coordinates": [
        0,
        102
      ],
      "magnitude": 3.211808443069458,
      "direction": [
        -0.8915479779243469,
        -0.4529263973236084
      ]
    },
    {
      "coordinates": [
        22,
        102
      ],
      "magnitude": 3.8811442852020264,
      "direction": [
        -0.815329909324646,
        -0.5789966583251953
      ]
    },
    {
      "coordinates": [
        45,
        102
      ],
      "magnitude": 3.261824369430542,
      "direction": [
        -0.7006500363349915,
        -0.7135050892829895
      ]
    },
    {
      "coordinates": [
        68,
        102
      ],
      "magnitude": 2.3509790897369385,
      "direction": [
        -0.34543874859809875,
        -0.9384413361549377
      ]
    },
    {
      "coordinates": [
        91,
        102
      ],
      "magnitude": 1.2218908071517944,
      "direction": [
        0.17557881772518158,
        -0.9844654202461243
      ]
    },
    {
      "coordinates": [
        113,
        102
      ],
      "magnitude": 1.472550392150879,
      "direction": [
        0.9645673632621765,
        0.263836532831192
      ]
    },
    {
      "coordinates": [
        136,
        102
      ],
      "magnitude": 3.436171531677246,
      "direction": [
        0.5670076012611389,
        0.8237125277519226
      ]
    },
    {
      "coordinates": [
        159,
        102
      ],
      "magnitude": 6.367978096008301,
      "direction": [
        0.4096464514732361,
        0.9122443795204163
      ]
    },
    {
      "coordinates": [
        182,
        102
      ],
      "magnitude": 6.804196357727051,
      "direction": [
        0.6470475196838379,
        0.7624496817588806
      ]
    },
    {
      "coordinates": [
        205,
        102
      ],
      "magnitude": 5.167505741119385,
      "direction": [
        0.8472749590873718,
        0.531154453754425
      ]
    },
    {
      "coordinates": [
        227,
        102
      ],
      "magnitude": 4.3740057945251465,
      "direction": [
        0.9999038577079773,
        -0.01386878453195095
      ]
    },
    {
      "coordinates": [
        250,
        102
      ],
      "magnitude": 4.517472743988037,
      "direction": [
        0.9876442551612854,
        -0.15671229362487793
      ]
    },
    {
      "coordinates": [
        273,
        102
      ],
      "magnitude": 4.94372034072876,
      "direction": [
        0.975046694278717,
        -0.22199983894824982
      ]
    },
    {
      "coordinates": [
        296,
        102
      ],
      "magnitude": 4.780772686004639,
      "direction": [
        0.9700692296028137,
        -0.24282822012901306
      ]
    },
    {
      "coordinates": [
        319,
        102
      ],
      "magnitude": 4.8055009841918945,
      "direction": [
        0.9686244130134583,
        -0.2485293298959732
      ]
    },
    {
      "coordinates": [
        0,
        119
      ],
      "magnitude": 3.7941932678222656,
      "direction": [
        -0.9119710922241211,
        -0.4102545380592346
      ]
    },
    {
      "coordinates": [
        22,
        119
      ],
      "magnitude": 3.892713785171509,
      "direction": [
        -0.937379002571106,
        -0.34831103682518005
      ]
    },
    {
      "coordinates": [
        45,
        119
      ],
      "magnitude": 3.3960347175598145,
      "direction": [
        -0.8901363611221313,
        -0.4556942284107208
      ]
    },
    {
      "coordinates": [
        68,
        119
      ],
      "magnitude": 1.8364890813827515,
      "direction": [
        -0.7331978678703308,
        -0.6800153851509094
      ]
    },
    {
      "coordinates": [
        91,
        119
      ],
      "magnitude": 0.5597041845321655,
      "direction": [
        -0.4055881202220917,
        -0.9140558838844299
      ]
    },
    {
      "coordinates": [
        113,
        119
      ],
      "magnitude": 1.3491623401641846,
      "direction": [
        0.7843061685562134,
        0.6203739047050476
      ]
    },
    {
      "coordinates": [
        136,
        119
      ],
      "magnitude": 3.490690231323242,
      "direction": [
        0.441877156496048,
        0.8970755934715271
      ]
    },
    {
      "coordinates": [
        159,
        119
      ],
      "magnitude": 8.055367469787598,
      "direction": [
        0.3443162441253662,
        0.9388537406921387
      ]
    },
    {
      "coordinates": [
        182,
        119
      ],
      "magnitude": 8.67617130279541,
      "direction": [
        0.5772557258605957,
        0.8165634274482727
      ]
    },
    {
      "coordinates": [
        205,
        119
      ],
      "magnitude": 6.259707927703857,
      "direction": [
        0.8188971877098083,
        0.5739402174949646
      ]
    },
    {
      "coordinates": [
        227,
        119
      ],
      "magnitude": 5.443612575531006,
      "direction": [
        0.9877809286117554,
        0.15584909915924072
      ]
    },
    {
      "coordinates": [
        250,
        119
      ],
      "magnitude": 5.487501621246338,
      "direction": [
        0.9984097480773926,
        -0.056373681873083115
      ]
    },
    {
      "coordinates": [
        273,
        119
      ],
      "magnitude": 5.321937561035156,
      "direction": [
        0.9815018773078918,
        -0.19145241379737854
      ]
    },
    {
      "coordinates": [
        296,
        119
      ],
      "magnitude": 5.592636585235596,
      "direction": [
        0.9903448820114136,
        -0.1386251449584961
      ]
    },
    {
      "coordinates": [
        319,
        119
      ],
      "magnitude": 4.7788920402526855,
      "direction": [
        0.9854749441146851,
        -0.16982096433639526
      ]
    },
    {
      "coordinates": [
        0,
        136
      ],
      "magnitude": 4.237245559692383,
      "direction": [
        -0.9718688130378723,
        -0.23552297055721283
      ]
    },
    {
      "coordinates": [
        22,
        136
      ],
      "magnitude": 4.074630260467529,
      "direction": [
        -0.9839001893997192,
        -0.17871877551078796
      ]
    },
    {
      "coordinates": [
        45,
        136
      ],
      "magnitude": 3.277857780456543,
      "direction": [
        -0.9999405741691589,
        0.010906441137194633
      ]
    },
    {
      "coordinates": [
        68,
        136
      ],
      "magnitude": 1.8277965784072876,
      "direction": [
        -0.9936492443084717,
        0.11252211034297943
      ]
    },
    {
      "coordinates": [
        91,
        136
      ],
      "magnitude": 0.6181502938270569,
      "direction": [
        -0.46316441893577576,
        0.8862723708152771
      ]
    },
    {
      "coordinates": [
        113,
        136
      ],
      "magnitude": 1.6698256731033325,
      "direction": [
        0.08163423091173172,
        0.9966623783111572
      ]
    },
    {
      "coordinates": [
        136,
        136
      ],
      "magnitude": 5.614770412445068,
      "direction": [
        0.393502801656723,
        0.9193233847618103
      ]
    },
    {
      "coordinates": [
        159,
        136
      ],
      "magnitude": 9.553895950317383,
      "direction": [
        0.2978074848651886,
        0.9546260237693787
      ]
    },
    {
      "coordinates": [
        182,
        136
      ],
      "magnitude": 9.875188827514648,
      "direction": [
        0.5864007472991943,
        0.8100211024284363
      ]
    },
    {
      "coordinates": [
        205,
        136
      ],
      "magnitude": 7.131458282470703,
      "direction": [
        0.8223806023597717,
        0.5689377784729004
      ]
    },
    {
      "coordinates": [
        227,
        136
      ],
      "magnitude": 6.559351921081543,
      "direction": [
        0.9556698799133301,
        0.29444020986557007
      ]
    },
    {
      "coordinates": [
        250,
        136
      ],
      "magnitude": 6.293909072875977,
      "direction": [
        0.9995825290679932,
        0.028891757130622864
      ]
    },
    {
      "coordinates": [
        273,
        136
      ],
      "magnitude": 6.451866149902344,
      "direction": [
        0.9972842335700989,
        -0.07364854961633682
      ]
    },
    {
      "coordinates": [
        296,
        136
      ],
      "magnitude": 5.9516167640686035,
      "direction": [
        0.9954661726951599,
        -0.09511624276638031
      ]
    },
    {
      "coordinates": [
        319,
        136
      ],
      "magnitude": 5.411777973175049,
      "direction": [
        0.9943723678588867,
        -0.10594145953655243
      ]
    },
    {
      "coordinates": [
        0,
        153
      ],
      "magnitude": 4.465592861175537,
      "direction": [
        -0.9999306797981262,
        0.011772009544074535
      ]
    },
    {
      "coordinates": [
        22,
        153
      ],
      "magnitude": 4.20828104019165,
      "direction": [
        -0.9880462288856506,
        0.15415816009044647
      ]
    },
    {
      "coordinates": [
        45,
        153
      ],
      "magnitude": 3.9765961170196533,
      "direction": [
        -0.9591100811958313,
        0.28303325176239014
      ]
    },
    {
      "coordinates": [
        68,
        153
      ],
      "magnitude": 2.837857961654663,
      "direction": [
        -0.8021590709686279,
        0.5971103310585022
      ]
    },
    {
      "coordinates": [
        91,
        153
      ],
      "magnitude": 2.4213123321533203,
      "direction": [
        -0.4535829424858093,
        0.8912140130996704
      ]
    },
    {
      "coordinates": [
        113,
        153
      ],
      "magnitude": 3.840074300765991,
      "direction": [
        0.18998253345489502,
        0.9817874431610107
      ]
    },
    {
      "coordinates": [
        136,
        153
      ],
      "magnitude": 6.910896301269531,
      "direction": [
        0.371016263961792,
        0.9286264181137085
      ]
    },
    {
      "coordinates": [
        159,
        153
      ],
      "magnitude": 11.30567741394043,
      "direction": [
        0.2821221351623535,
        0.9593785405158997
      ]
    },
    {
      "coordinates": [
        182,
        153
      ],
      "magnitude": 11.242972373962402,
      "direction": [
        0.5045002698898315,
        0.8634114861488342
      ]
    },
    {
      "coordinates": [
        205,
        153
      ],
      "magnitude": 8.390909194946289,
      "direction": [
        0.7872041463851929,
        0.6166925430297852
      ]
    },
    {
      "coordinates": [
        227,
        153
      ],
      "magnitude": 7.138172626495361,
      "direction": [
        0.9437280893325806,
        0.3307224214076996
      ]
    },
    {
      "coordinates": [
        250,
        153
      ],
      "magnitude": 7.1739959716796875,
      "direction": [
        0.9868351817131042,
        0.16172900795936584
      ]
    },
    {
      "coordinates": [
        273,
        153
      ],
      "magnitude": 6.847142696380615,
      "direction": [
        0.9999616146087646,
        -0.008758913725614548
      ]
    },
    {
      "coordinates": [
        296,
        153
      ],
      "magnitude": 6.597772598266602,
      "direction": [
        0.9996851682662964,
        -0.025091519579291344
      ]
    },
    {
      "coordinates": [
        319,
        153
      ],
      "magnitude": 6.211343288421631,
      "direction": [
        0.9999712109565735,
        -0.007592655718326569
      ]
    },
    {
      "coordinates": [
        0,
        170
      ],
      "magnitude": 5.665892601013184,
      "direction": [
        -0.9509637951850891,
        0.3093022406101227
      ]
    },
    {
      "coordinates": [
        22,
        170
      ],
      "magnitude": 5.570841312408447,
      "direction": [
        -0.9241699576377869,
        0.38198167085647583
      ]
    },
    {
      "coordinates": [
        45,
        170
      ],
      "magnitude": 5.2616424560546875,
      "direction": [
        -0.8236293792724609,
        0.5671283006668091
      ]
    },
    {
      "coordinates": [
        68,
        170
      ],
      "magnitude": 4.14039421081543,
      "direction": [
        -0.6191245913505554,
        0.7852928638458252
      ]
    },
    {
      "coordinates": [
        91,
        170
      ],
      "magnitude": 4.007953643798828,
      "direction": [
        -0.20269078016281128,
        0.9792428016662598
      ]
    },
    {
      "coordinates": [
        113,
        170
      ],
      "magnitude": 5.448855876922607,
      "direction": [
        0.18873105943202972,
        0.9820288419723511
      ]
    },
    {
      "coordinates": [
        136,
        170
      ],
      "magnitude": 9.20174503326416,
      "direction": [
        0.28535187244415283,
        0.958422839641571
      ]
    },
    {
      "coordinates": [
        159,
        170
      ],
      "magnitude": 12.86143970489502,
      "direction": [
        0.229964017868042,
        0.9731991291046143
      ]
    },
    {
      "coordinates": [
        182,
        170
      ],
      "magnitude": 12.377228736877441,
      "direction": [
        0.5025317072868347,
        0.8645588159561157
      ]
    },
    {
      "coordinates": [
        205,
        170
      ],
      "magnitude": 9.388580322265625,
      "direction": [
        0.6862202286720276,
        0.7273938059806824
      ]
    },
    {
      "coordinates": [
        227,
        170
      ],
      "magnitude": 8.356289863586426,
      "direction": [
        0.9042262434959412,
        0.4270537793636322
      ]
    },
    {
      "coordinates": [
        250,
        170
      ],
      "magnitude": 8.470645904541016,
      "direction": [
        0.9658592343330383,
        0.2590671479701996
      ]
    },
    {
      "coordinates": [
        273,
        170
      ],
      "magnitude": 7.6366753578186035,
      "direction": [
        0.9932916164398193,
        0.11563672125339508
      ]
    },
    {
      "coordinates": [
        296,
        170
      ],
      "magnitude": 6.9111409187316895,
      "direction": [
        0.9994886517524719,
        0.03197464346885681
      ]
    },
    {
      "coordinates": [
        319,
        170
      ],
      "magnitude": 6.44016170501709,
      "direction": [
        0.9991132020950317,
        0.042104821652173996
      ]
    },
    {
      "coordinates": [
        0,
        187
      ],
      "magnitude": 6.4679365158081055,
      "direction": [
        -0.9179821014404297,
        0.3966219127178192
      ]
    },
    {
      "coordinates": [
        22,
        187
      ],
      "magnitude": 6.646026611328125,
      "direction": [
        -0.9049437642097473,
        0.42553117871284485
      ]
    },
    {
      "coordinates": [
        45,
        187
      ],
      "magnitude": 6.429457187652588,
      "direction": [
        -0.8145908117294312,
        0.5800360441207886
      ]
    },
    {
      "coordinates": [
        68,
        187
      ],
      "magnitude": 5.37130069732666,
      "direction": [
        -0.5800398588180542,
        0.8145881295204163
      ]
    },
    {
      "coordinates": [
        91,
        187
      ],
      "magnitude": 5.061137676239014,
      "direction": [
        -0.2579503059387207,
        0.9661582112312317
      ]
    },
    {
      "coordinates": [
        113,
        187
      ],
      "magnitude": 6.791922092437744,
      "direction": [
        0.12845958769321442,
        0.9917147159576416
      ]
    },
    {
      "coordinates": [
        136,
        187
      ],
      "magnitude": 11.096888542175293,
      "direction": [
        0.21183940768241882,
        0.9773045182228088
      ]
    },
    {
      "coordinates": [
        159,
        187
      ],
      "magnitude": 14.968536376953125,
      "direction": [
        0.2137065976858139,
        0.9768978357315063
      ]
    },
    {
      "coordinates": [
        182,
        187
      ],
      "magnitude": 14.810338020324707,
      "direction": [
        0.4484339654445648,
        0.8938159346580505
      ]
    },
    {
      "coordinates": [
        205,
        187
      ],
      "magnitude": 10.567365646362305,
      "direction": [
        0.6623813509941101,
        0.7491668462753296
      ]
    },
    {
      "coordinates": [
        227,
        187
      ],
      "magnitude": 9.061332702636719,
      "direction": [
        0.8487629294395447,
        0.5287736654281616
      ]
    },
    {
      "coordinates": [
        250,
        187
      ],
      "magnitude": 8.815228462219238,
      "direction": [
        0.9472960233688354,
        0.32035958766937256
      ]
    },
    {
      "coordinates": [
        273,
        187
      ],
      "magnitude": 8.228036880493164,
      "direction": [
        0.9690457582473755,
        0.24688130617141724
      ]
    },
    {
      "coordinates": [
        296,
        187
      ],
      "magnitude": 7.670567512512207,
      "direction": [
        0.9847936630249023,
        0.1737278550863266
      ]
    },
    {
      "coordinates": [
        319,
        187
      ],
      "magnitude": 6.771111011505127,
      "direction": [
        0.9919694066047668,
        0.12647826969623566
      ]
    },
    {
      "coordinates": [
        0,
        204
      ],
      "magnitude": 6.728723526000977,
      "direction": [
        -0.9018089175224304,
        0.43213504552841187
      ]
    },
    {
      "coordinates": [
        22,
        204
      ],
      "magnitude": 7.215110778808594,
      "direction": [
        -0.8368740081787109,
        0.5473955273628235
      ]
    },
    {
      "coordinates": [
        45,
        204
      ],
      "magnitude": 7.425477981567383,
      "direction": [
        -0.6701999306678772,
        0.7421806454658508
      ]
    },
    {
      "coordinates": [
        68,
        204
      ],
      "magnitude": 6.7530951499938965,
      "direction": [
        -0.521673321723938,
        0.8531453609466553
      ]
    },
    {
      "coordinates": [
        91,
        204
      ],
      "magnitude": 7.234290599822998,
      "direction": [
        -0.24067245423793793,
        0.9706063270568848
      ]
    },
    {
      "coordinates": [
        113,
        204
      ],
      "magnitude": 9.021031379699707,
      "direction": [
        0.03759881481528282,
        0.9992929697036743
      ]
    },
    {
      "coordinates": [
        136,
        204
      ],
      "magnitude": 12.900859832763672,
      "direction": [
        0.1703236997127533,
        0.9853881597518921
      ]
    },
    {
      "coordinates": [
        159,
        204
      ],
      "magnitude": 16.96051788330078,
      "direction": [
        0.18941372632980347,
        0.9818974137306213
      ]
    },
    {
      "coordinates": [
        182,
        204
      ],
      "magnitude": 16.864625930786133,
      "direction": [
        0.35265153646469116,
        0.9357547163963318
      ]
    },
    {
      "coordinates": [
        205,
        204
      ],
      "magnitude": 13.172707557678223,
      "direction": [
        0.6055076718330383,
        0.7958395481109619
      ]
    },
    {
      "coordinates": [
        227,
        204
      ],
      "magnitude": 10.19189167022705,
      "direction": [
        0.7773022055625916,
        0.6291273236274719
      ]
    },
    {
      "coordinates": [
        250,
        204
      ],
      "magnitude": 9.246920585632324,
      "direction": [
        0.8984105587005615,
        0.43915656208992004
      ]
    },
    {
      "coordinates": [
        273,
        204
      ],
      "magnitude": 8.787904739379883,
      "direction": [
        0.9445093870162964,
        0.32848435640335083
      ]
    },
    {
      "coordinates": [
        296,
        204
      ],
      "magnitude": 8.156025886535645,
      "direction": [
        0.9751479029655457,
        0.2215547114610672
      ]
    },
    {
      "coordinates": [
        319,
        204
      ],
      "magnitude": 6.802062034606934,
      "direction": [
        0.9857523441314697,
        0.1682031899690628
      ]
    },
    {
      "coordinates": [
        0,
        221
      ],
      "magnitude": 7.444496154785156,
      "direction": [
        -0.819399356842041,
        0.5732231140136719
      ]
    },
    {
      "coordinates": [
        22,
        221
      ],
      "magnitude": 8.25081729888916,
      "direction": [
        -0.7575244903564453,
        0.6528067588806152
      ]
    },
    {
      "coordinates": [
        45,
        221
      ],
      "magnitude": 8.231841087341309,
      "direction": [
        -0.5863125324249268,
        0.8100849390029907
      ]
    },
    {
      "coordinates": [
        68,
        221
      ],
      "magnitude": 8.96841812133789,
      "direction": [
        -0.45298129320144653,
        0.8915200233459473
      ]
    },
    {
      "coordinates": [
        91,
        221
      ],
      "magnitude": 9.380789756774902,
      "direction": [
        -0.22567148506641388,
        0.9742034673690796
      ]
    },
    {
      "coordinates": [
        113,
        221
      ],
      "magnitude": 11.149016380310059,
      "direction": [
        -0.047771114856004715,
        0.9988583326339722
      ]
    },
    {
      "coordinates": [
        136,
        221
      ],
      "magnitude": 14.032367706298828,
      "direction": [
        0.11449017375707626,
        0.9934243559837341
      ]
    },
    {
      "coordinates": [
        159,
        221
      ],
      "magnitude": 18.10833740234375,
      "direction": [
        0.174746572971344,
        0.9846134185791016
      ]
    },
    {
      "coordinates": [
        182,
        221
      ],
      "magnitude": 18.160808563232422,
      "direction": [
        0.34153616428375244,
        0.9398685693740845
      ]
    },
    {
      "coordinates": [
        205,
        221
      ],
      "magnitude": 14.267377853393555,
      "direction": [
        0.5415467619895935,
        0.840670645236969
      ]
    },
    {
      "coordinates": [
        227,
        221
      ],
      "magnitude": 11.208619117736816,
      "direction": [
        0.7307440042495728,
        0.682651698589325
      ]
    },
    {
      "coordinates": [
        250,
        221
      ],
      "magnitude": 9.988703727722168,
      "direction": [
        0.8314124941825867,
        0.5556555986404419
      ]
    },
    {
      "coordinates": [
        273,
        221
      ],
      "magnitude": 9.616055488586426,
      "direction": [
        0.9070724248886108,
        0.4209745228290558
      ]
    },
    {
      "coordinates": [
        296,
        221
      ],
      "magnitude": 8.121171951293945,
      "direction": [
        0.951362133026123,
        0.3080747127532959
      ]
    },
    {
      "coordinates": [
        319,
        221
      ],
      "magnitude": 6.762527942657471,
      "direction": [
        0.9760112166404724,
        0.2177201509475708
      ]
    },
    {
      "coordinates": [
        0,
        239
      ],
      "magnitude": 7.8749518394470215,
      "direction": [
        -0.7504549622535706,
        0.660921573638916
      ]
    },
    {
      "coordinates": [
        22,
        239
      ],
      "magnitude": 9.091687202453613,
      "direction": [
        -0.6766502857208252,
        0.736304521560669
      ]
    },
    {
      "coordinates": [
        45,
        239
      ],
      "magnitude": 9.885251998901367,
      "direction": [
        -0.48399943113327026,
        0.8750683069229126
      ]
    },
    {
      "coordinates": [
        68,
        239
      ],
      "magnitude": 10.425987243652344,
      "direction": [
        -0.34571573138237,
        0.9383392930030823
      ]
    },
    {
      "coordinates": [
        91,
        239
      ],
      "magnitude": 11.521461486816406,
      "direction": [
        -0.19541093707084656,
        0.9807214140892029
      ]
    },
    {
      "coordinates": [
        113,
        239
      ],
      "magnitude": 12.46018123626709,
      "direction": [
        -0.05171969532966614,
        0.9986616373062134
      ]
    },
    {
      "coordinates": [
        136,
        239
      ],
      "magnitude": 16.212711334228516,
      "direction": [
        0.10098748654127121,
        0.9948877096176147
      ]
    },
    {
      "coordinates": [
        159,
        239
      ],
      "magnitude": 20.339454650878906,
      "direction": [
        0.13640478253364563,
        0.9906531572341919
      ]
    },
    {
      "coordinates": [
        182,
        239
      ],
      "magnitude": 19.481983184814453,
      "direction": [
        0.3345026969909668,
        0.9423948526382446
      ]
    },
    {
      "coordinates": [
        205,
        239
      ],
      "magnitude": 15.71357250213623,
      "direction": [
        0.4759272634983063,
        0.8794845938682556
      ]
    },
    {
      "coordinates": [
        227,
        239
      ],
      "magnitude": 12.787176132202148,
      "direction": [
        0.6586095690727234,
        0.7524848580360413
      ]
    },
    {
      "coordinates": [
        250,
        239
      ],
      "magnitude": 11.12391185760498,
      "direction": [
        0.7645360231399536,
        0.6445810794830322
      ]
    },
    {
      "coordinates": [
        273,
        239
      ],
      "magnitude": 9.812573432922363,
      "direction": [
        0.8660259246826172,
        0.49999916553497314
      ]
    },
    {
      "coordinates": [
        296,
        239
      ],
      "magnitude": 8.195961952209473,
      "direction": [
        0.9295839071273804,
        0.3686106503009796
      ]
    },
    {
      "coordinates": [
        319,
        239
      ],
      "magnitude": 6.733543872833252,
      "direction": [
        0.9686640501022339,
        0.24837462604045868
      ]
    }
  ],
  "shear_mesh": [
    {
      "coordinates": [
        0,
        0
      ],
      "magnitude": 3.8474533557891846,
      "direction": [
        0.8698258996009827,
        0.4933587312698364
      ]
    },
    {
      "coordinates": [
        22,
        0
      ],
      "magnitude": 3.953176975250244,
      "direction": [
        0.8461055159568787,
        0.5330153703689575
      ]
    },
    {
      "coordinates": [
        45,
        0
      ],
      "magnitude": 4.119659900665283,
      "direction": [
        0.7385313510894775,
        0.6742191910743713
      ]
    },
    {
      "coordinates": [
        68,
        0
      ],
      "magnitude": 4.2185797691345215,
      "direction": [
        0.6503228545188904,
        0.7596579194068909
      ]
    },
    {
      "coordinates": [
        91,
        0
      ],
      "magnitude": 4.686069488525391,
      "direction": [
        0.5522210597991943,
        0.8336977362632751
      ]
    },
    {
      "coordinates": [
        113,
        0
      ],
      "magnitude": 5.453243255615234,
      "direction": [
        0.48473507165908813,
        0.8746609687805176
      ]
    },
    {
      "coordinates": [
        136,
        0
      ],
      "magnitude": 6.032103061676025,
      "direction": [
        0.30042558908462524,
        0.9538052082061768
      ]
    },
    {
      "coordinates": [
        159,
        0
      ],
      "magnitude": 6.198780536651611,
      "direction": [
        0.14819477498531342,
        0.9889581799507141
      ]
    },
    {
      "coordinates": [
        182,
        0
      ],
      "magnitude": 6.047609329223633,
      "direction": [
        0.04572959989309311,
        0.9989538788795471
      ]
    },
    {
      "coordinates": [
        205,
        0
      ],
      "magnitude": 5.408045768737793,
      "direction": [
        -0.08106865733861923,
        0.9967085719108582
      ]
    },
    {
      "coordinates": [
        227,
        0
      ],
      "magnitude": 4.08730411529541,
      "direction": [
        -0.17349573969841003,
        0.984834611415863
      ]
    },
    {
      "coordinates": [
        250,
        0
      ],
      "magnitude": 3.37691068649292,
      "direction": [
        -0.17794246971607208,
        0.9840409159660339
      ]
    },
    {
      "coordinates": [
        273,
        0
      ],
      "magnitude": 2.160829782485962,
      "direction": [
        -0.21112538874149323,
        0.9774590134620667
      ]
    },
    {
      "coordinates": [
        296,
        0
      ],
      "magnitude": 1.6272755861282349,
      "direction": [
        -0.3513859212398529,
        0.9362307786941528
      ]
    },
    {
      "coordinates": [
        319,
        0
      ],
      "magnitude": 1.2368886470794678,
      "direction": [
        -0.2875916063785553,
        0.9577531218528748
      ]
    },
    {
      "coordinates": [
        0,
        17
      ],
      "magnitude": 3.5653557777404785,
      "direction": [
        0.8758971691131592,
        0.48249781131744385
      ]
    },
    {
      "coordinates": [
        22,
        17
      ],
      "magnitude": 4.0248026847839355,
      "direction": [
        0.8089790344238281,
        0.5878374576568604
      ]
    },
    {
      "coordinates": [
        45,
        17
      ],
      "magnitude": 4.307665824890137,
      "direction": [
        0.7429043054580688,
        0.6693976521492004
      ]
    },
    {
      "coordinates": [
        68,
        17
      ],
      "magnitude": 4.473604202270508,
      "direction": [
        0.6917935013771057,
        0.7220954895019531
      ]
    },
    {
      "coordinates": [
        91,
        17
      ],
      "magnitude": 5.082662105560303,
      "direction": [
        0.6028103828430176,
        0.797884464263916
      ]
    },
    {
      "coordinates": [
        113,
        17
      ],
      "magnitude": 5.659215927124023,
      "direction": [
        0.4572141170501709,
        0.8893566727638245
      ]
    },
    {
      "coordinates": [
        136,
        17
      ],
      "magnitude": 6.660274982452393,
      "direction": [
        0.31866219639778137,
        0.947868287563324
      ]
    },
    {
      "coordinates": [
        159,
        17
      ],
      "magnitude": 7.0208635330200195,
      "direction": [
        0.16509948670864105,
        0.9862769246101379
      ]
    },
    {
      "coordinates": [
        182,
        17
      ],
      "magnitude": 6.505030155181885,
      "direction": [
        0.023825492709875107,
        0.9997161030769348
      ]
    },
    {
      "coordinates": [
        205,
        17
      ],
      "magnitude": 5.734918594360352,
      "direction": [
        -0.059615492820739746,
        0.9982213973999023
      ]
    },
    {
      "coordinates": [
        227,
        17
      ],
      "magnitude": 4.150764465332031,
      "direction": [
        -0.14070609211921692,
        0.9900514483451843
      ]
    },
    {
      "coordinates": [
        250,
        17
      ],
      "magnitude": 3.24192476272583,
      "direction": [
        -0.21920694410800934,
        0.9756783843040466
      ]
    },
    {
      "coordinates": [
        273,
        17
      ],
      "magnitude": 2.193014144897461,
      "direction": [
        -0.26074573397636414,
        0.9654074311256409
      ]
    },
    {
      "coordinates": [
        296,
        17
      ],
      "magnitude": 1.6021593809127808,
      "direction": [
        -0.3129366338253021,
        0.9497740864753723
      ]
    },
    {
      "coordinates": [
        319,
        17
      ],
      "magnitude": 1.1211167573928833,
      "direction": [
        -0.29996874928474426,
        0.9539490938186646
      ]
    },
    {
      "coordinates": [
        0,
        34
      ],
      "magnitude": 3.556978940963745,
      "direction": [
        0.8841288685798645,
        0.4672430455684662
      ]
    },
    {
      "coordinates": [
        22,
        34
      ],
      "magnitude": 3.851405382156372,
      "direction": [
        0.8097451329231262,
        0.5867816805839539
      ]
    },
    {
      "coordinates": [
        45,
        34
      ],
      "magnitude": 4.3412299156188965,
      "direction": [
        0.7799336910247803,
        0.6258620023727417
      ]
    },
    {
      "coordinates": [
        68,
        34
      ],
      "magnitude": 5.030744552612305,
      "direction": [
        0.7300178408622742,
        0.6834280490875244
      ]
    },
    {
      "coordinates": [
        91,
        34
      ],
      "magnitude": 5.313180446624756,
      "direction": [
        0.61298006772995,
        0.7900984287261963
      ]
    },
    {
      "coordinates": [
        113,
        34
      ],
      "magnitude": 6.221388339996338,
      "direction": [
        0.49788594245910645,
        0.8672425150871277
      ]
    },
    {
      "coordinates": [
        136,
        34
      ],
      "magnitude": 7.425571441650391,
      "direction": [
        0.32860761880874634,
        0.9444665908813477
      ]
    },
    {
      "coordinates": [
        159,
        34
      ],
      "magnitude": 7.895482063293457,
      "direction": [
        0.18281163275241852,
        0.983147919178009
      ]
    },
    {
      "coordinates": [
        182,
        34
      ],
      "magnitude": 7.255255222320557,
      "direction": [
        0.001277270377613604,
        0.9999991655349731
      ]
    },
    {
      "coordinates": [
        205,
        34
      ],
      "magnitude": 5.908444881439209,
      "direction": [
        -0.08699878305196762,
        0.9962084293365479
      ]
    },
    {
      "coordinates": [
        227,
        34
      ],
      "magnitude": 4.363354206085205,
      "direction": [
        -0.16859877109527588,
        0.9856848120689392
      ]
    },
    {
      "coordinates": [
        250,
        34
      ],
      "magnitude": 3.272007465362549,
      "direction": [
        -0.27328187227249146,
        0.961933970451355
      ]
    },
    {
      "coordinates": [
        273,
        34
      ],
      "magnitude": 2.227194309234619,
      "direction": [
        -0.36812207102775574,
        0.9297774434089661
      ]
    },
    {
      "coordinates": [
        296,
        34
      ],
      "magnitude": 1.399929404258728,
      "direction": [
        -0.3532465696334839,
        0.9355302453041077
      ]
    },
    {
      "coordinates": [
        319,
        34
      ],
      "magnitude": 1.2205044031143188,
      "direction": [
        -0.45804786682128906,
        0.8889275193214417
      ]
    },
    {
      "coordinates": [
        0,
        51
      ],
      "magnitude": 3.718416452407837,
      "direction": [
        0.8764815926551819,
        0.4814353585243225
      ]
    },
    {
      "coordinates": [
        22,
        51
      ],
      "magnitude": 4.088610649108887,
      "direction": [
        0.8584946393966675,
        0.5128225684165955
      ]
    },
    {
      "coordinates": [
        45,
        51
      ],
      "magnitude": 4.412430763244629,
      "direction": [
        0.7740800380706787,
        0.6330878734588623
      ]
    },
    {
      "coordinates": [
        68,
        51
      ],
      "magnitude": 4.998172283172607,
      "direction": [
        0.7184616923332214,
        0.6955665946006775
      ]
    },
    {
      "coordinates": [
        91,
        51
      ],
      "magnitude": 5.461381435394287,
      "direction": [
        0.5797793865203857,
        0.8147735595703125
      ]
    },
    {
      "coordinates": [
        113,
        51
      ],
      "magnitude": 6.366446495056152,
      "direction": [
        0.46925896406173706,
        0.8830605745315552
      ]
    },
    {
      "coordinates": [
        136,
        51
      ],
      "magnitude": 7.982090473175049,
      "direction": [
        0.3297727704048157,
        0.9440603256225586
      ]
    },
    {
      "coordinates": [
        159,
        51
      ],
      "magnitude": 8.846343994140625,
      "direction": [
        0.18242157995700836,
        0.9832203388214111
      ]
    },
    {
      "coordinates": [
        182,
        51
      ],
      "magnitude": 8.287325859069824,
      "direction": [
        0.001328403246589005,
        0.9999991059303284
      ]
    },
    {
      "coordinates": [
        205,
        51
      ],
      "magnitude": 6.133248329162598,
      "direction": [
        -0.13523997366428375,
        0.9908128976821899
      ]
    },
    {
      "coordinates": [
        227,
        51
      ],
      "magnitude": 4.603025436401367,
      "direction": [
        -0.21582159399986267,
        0.9764328002929688
      ]
    },
    {
      "coordinates": [
        250,
        51
      ],
      "magnitude": 2.997821092605591,
      "direction": [
        -0.22012734413146973,
        0.9754710793495178
      ]
    },
    {
      "coordinates": [
        273,
        51
      ],
      "magnitude": 2.1818623542785645,
      "direction": [
        -0.2313622683286667,
        0.9728677272796631
      ]
    },
    {
      "coordinates": [
        296,
        51
      ],
      "magnitude": 1.3604599237442017,
      "direction": [
        -0.5108965039253235,
        0.8596421480178833
      ]
    },
    {
      "coordinates": [
        319,
        51
      ],
      "magnitude": 1.1152782440185547,
      "direction": [
        -0.268561989068985,
        0.9632623195648193
      ]
    },
    {
      "coordinates": [
        0,
        68
      ],
      "magnitude": 3.564948797225952,
      "direction": [
        0.8883196115493774,
        0.45922571420669556
      ]
    },
    {
      "coordinates": [
        22,
        68
      ],
      "magnitude": 4.064279079437256,
      "direction": [
        0.8424931764602661,
        0.5387069582939148
      ]
    },
    {
      "coordinates": [
        45,
        68
      ],
      "magnitude": 4.315579891204834,
      "direction": [
        0.7510808706283569,
        0.6602102518081665
      ]
    },
    {
      "coordinates": [
        68,
        68
      ],
      "magnitude": 4.442478179931641,
      "direction": [
        0.6519442200660706,
        0.7582668662071228
      ]
    },
    {
      "coordinates": [
        91,
        68
      ],
      "magnitude": 5.746475696563721,
      "direction": [
        0.5435885787010193,
        0.8393517732620239
      ]
    },
    {
      "coordinates": [
        113,
        68
      ],
      "magnitude": 6.226324081420898,
      "direction": [
        0.45826295018196106,
        0.8888166546821594
      ]
    },
    {
      "coordinates": [
        136,
        68
      ],
      "magnitude": 8.178330421447754,
      "direction": [
        0.30312564969062805,
        0.952950656414032
      ]
    },
    {
      "coordinates": [
        159,
        68
      ],
      "magnitude": 9.76521110534668,
      "direction": [
        0.15219250321388245,
        0.9883508682250977
      ]
    },
    {
      "coordinates": [
        182,
        68
      ],
      "magnitude": 9.363568305969238,
      "direction": [
        0.009101008996367455,
        0.9999585747718811
      ]
    },
    {
      "coordinates": [
        205,
        68
      ],
      "magnitude": 6.329987049102783,
      "direction": [
        -0.11957141757011414,
        0.9928255677223206
      ]
    },
    {
      "coordinates": [
        227,
        68
      ],
      "magnitude": 4.391927242279053,
      "direction": [
        -0.18431274592876434,
        0.9828676581382751
      ]
    },
    {
      "coordinates": [
        250,
        68
      ],
      "magnitude": 2.895127296447754,
      "direction": [
        -0.20671676099300385,
        0.9784008860588074
      ]
    },
    {
      "coordinates": [
        273,
        68
      ],
      "magnitude": 2.0115699768066406,
      "direction": [
        -0.1841816008090973,
        0.9828921556472778
      ]
    },
    {
      "coordinates": [
        296,
        68
      ],
      "magnitude": 1.210485577583313,
      "direction": [
        -0.3420198857784271,
        0.9396927952766418
      ]
    },
    {
      "coordinates": [
        319,
        68
      ],
      "magnitude": 0.708133339881897,
      "direction": [
        -0.2526876628398895,
        0.9675479531288147
      ]
    },
    {
      "coordinates": [
        0,
        85
      ],
      "magnitude": 3.4866294860839844,
      "direction": [
        0.8847830891609192,
        0.46600303053855896
      ]
    },
    {
      "coordinates": [
        22,
        85
      ],
      "magnitude": 3.6568357944488525,
      "direction": [
        0.8370418548583984,
        0.5471389293670654
      ]
    },
    {
      "coordinates": [
        45,
        85
      ],
      "magnitude": 4.118799686431885,
      "direction": [
        0.7463036775588989,
        0.6656056046485901
      ]
    },
    {
      "coordinates": [
        68,
        85
      ],
      "magnitude": 4.601930141448975,
      "direction": [
        0.6238522529602051,
        0.7815422415733337
      ]
    },
    {
      "coordinates": [
        91,
        85
      ],
      "magnitude": 5.352426528930664,
      "direction": [
        0.5055443644523621,
        0.8628005981445312
      ]
    },
    {
      "coordinates": [
        113,
        85
      ],
      "magnitude": 6.342822551727295,
      "direction": [
        0.4156891405582428,
        0.9095067381858826
      ]
    },
    {
      "coordinates": [
        136,
        85
      ],
      "magnitude": 8.838301658630371,
      "direction": [
        0.26134929060935974,
        0.9652442932128906
      ]
    },
    {
      "coordinates": [
        159,
        85
      ],
      "magnitude": 10.695032119750977,
      "direction": [
        0.15055030584335327,
        0.988602340221405
      ]
    },
    {
      "coordinates": [
        182,
        85
      ],
      "magnitude": 10.076064109802246,
      "direction": [
        0.05353390425443649,
        0.9985659718513489
      ]
    },
    {
      "coordinates": [
        205,
        85
      ],
      "magnitude": 6.8223137855529785,
      "direction": [
        -0.07991256564855576,
        0.9968018531799316
      ]
    },
    {
      "coordinates": [
        227,
        85
      ],
      "magnitude": 4.241025447845459,
      "direction": [
        -0.09970317780971527,
        0.9950172305107117
      ]
    },
    {
      "coordinates": [
        250,
        85
      ],
      "magnitude": 2.753020763397217,
      "direction": [
        -0.12803915143013,
        0.9917691349983215
      ]
    },
    {
      "coordinates": [
        273,
        85
      ],
      "magnitude": 1.952146291732788,
      "direction": [
        -0.19935204088687897,
        0.9799279570579529
      ]
    },
    {
      "coordinates": [
        296,
        85
      ],
      "magnitude": 1.062695860862732,
      "direction": [
        0.0021426796447485685,
        0.9999977350234985
      ]
    },
    {
      "coordinates": [
        319,
        85
      ],
      "magnitude": 0.5954499840736389,
      "direction": [
        0.22452622652053833,
        0.9744680523872375
      ]
    },
    {
      "coordinates": [
        0,
        102
      ],
      "magnitude": 3.1060245037078857,
      "direction": [
        0.8182662725448608,
        0.5748392939567566
      ]
    },
    {
      "coordinates": [
        22,
        102
      ],
      "magnitude": 3.187891721725464,
      "direction": [
        0.773975670337677,
        0.6332153081893921
      ]
    },
    {
      "coordinates": [
        45,
        102
      ],
      "magnitude": 3.6833741664886475,
      "direction": [
        0.6846033930778503,
        0.7289157509803772
      ]
    },
    {
      "coordinates": [
        68,
        102
      ],
      "magnitude": 4.396640777587891,
      "direction": [
        0.5681319832801819,
        0.8229374885559082
      ]
    },
    {
      "coordinates": [
        91,
        102
      ],
      "magnitude": 5.233513832092285,
      "direction": [
        0.4878850281238556,
        0.8729078769683838
      ]
    },
    {
      "coordinates": [
        113,
        102
      ],
      "magnitude": 6.652698040008545,
      "direction": [
        0.3705770969390869,
        0.9288016557693481
      ]
    },
    {
      "coordinates": [
        136,
        102
      ],
      "magnitude": 8.996371269226074,
      "direction": [
        0.26555272936820984,
        0.9640963077545166
      ]
    },
    {
      "coordinates": [
        159,
        102
      ],
      "magnitude": 11.60434341430664,
      "direction": [
        0.13821685314178467,
        0.9904020428657532
      ]
    },
    {
      "coordinates": [
        182,
        102
      ],
      "magnitude": 10.378320693969727,
      "direction": [
        0.05090444162487984,
        0.9987035393714905
      ]
    },
    {
      "coordinates": [
        205,
        102
      ],
      "magnitude": 7.485213756561279,
      "direction": [
        -0.004206824116408825,
        0.9999911189079285
      ]
    },
    {
      "coordinates": [
        227,
        102
      ],
      "magnitude": 4.186743259429932,
      "direction": [
        -0.09803181141614914,
        0.9951832890510559
      ]
    },
    {
      "coordinates": [
        250,
        102
      ],
      "magnitude": 2.7231640815734863,
      "direction": [
        -0.17417572438716888,
        0.9847146272659302
      ]
    },
    {
      "coordinates": [
        273,
        102
      ],
      "magnitude": 1.568245530128479,
      "direction": [
        0.0018593413988128304,
        0.9999982714653015
      ]
    },
    {
      "coordinates": [
        296,
        102
      ],
      "magnitude": 0.9278233051300049,
      "direction": [
        0.1451297551393509,
        0.9894126653671265
      ]
    },
    {
      "coordinates": [
        319,
        102
      ],
      "magnitude": 0.6017538905143738,
      "direction": [
        0.6974576711654663,
        0.7166259288787842
      ]
    },
    {
      "coordinates": [
        0,
        119
      ],
      "magnitude": 2.9506328105926514,
      "direction": [
        0.8582085967063904,
        0.5133010745048523
      ]
    },
    {
      "coordinates": [
        22,
        119
      ],
      "magnitude": 3.3543825149536133,
      "direction": [
        0.7496724128723145,
        0.6618092060089111
      ]
    },
    {
      "coordinates": [
        45,
        119
      ],
      "magnitude": 3.5746538639068604,
      "direction": [
        0.6237620115280151,
        0.7816143035888672
      ]
    },
    {
      "coordinates": [
        68,
        119
      ],
      "magnitude": 4.211981296539307,
      "direction": [
        0.5577813982963562,
        0.8299878835678101
      ]
    },
    {
      "coordinates": [
        91,
        119
      ],
      "magnitude": 5.019612789154053,
      "direction": [
        0.42573073506355286,
        0.9048498868942261
      ]
    },
    {
      "coordinates": [
        113,
        119
      ],
      "magnitude": 6.568570613861084,
      "direction": [
        0.354412317276001,
        0.9350892305374146
      ]
    },
    {
      "coordinates": [
        136,
        119
      ],
      "magnitude": 8.695213317871094,
      "direction": [
        0.224639430642128,
        0.9744419455528259
      ]
    },
    {
      "coordinates": [
        159,
        119
      ],
      "magnitude": 12.481727600097656,
      "direction": [
        0.12094195932149887,
        0.9926596283912659
      ]
    },
    {
      "coordinates": [
        182,
        119
      ],
      "magnitude": 11.328598022460938,
      "direction": [
        0.06737285107374191,
        0.9977278113365173
      ]
    },
    {
      "coordinates": [
        205,
        119
      ],
      "magnitude": 7.447284698486328,
      "direction": [
        0.04120462015271187,
        0.9991507530212402
      ]
    },
    {
      "coordinates": [
        227,
        119
      ],
      "magnitude": 4.454546928405762,
      "direction": [
        0.025833269581198692,
        0.9996662139892578
      ]
    },
    {
      "coordinates": [
        250,
        119
      ],
      "magnitude": 2.6692075729370117,
      "direction": [
        0.002269159071147442,
        0.9999974370002747
      ]
    },
    {
      "coordinates": [
        273,
        119
      ],
      "magnitude": 1.4743273258209229,
      "direction": [
        -0.027530590072274208,
        0.9996209144592285
      ]
    },
    {
      "coordinates": [
        296,
        119
      ],
      "magnitude": 1.0302025079727173,
      "direction": [
        0.5303685069084167,
        0.847767174243927
      ]
    },
    {
      "coordinates": [
        319,
        119
      ],
      "magnitude": 0.43100684881210327,
      "direction": [
        0.5489712953567505,
        0.8358412384986877
      ]
    },
    {
      "coordinates": [
        0,
        136
      ],
      "magnitude": 2.726688861846924,
      "direction": [
        0.8407506346702576,
        0.5414225459098816
      ]
    },
    {
      "coordinates": [
        22,
        136
      ],
      "magnitude": 3.286670207977295,
      "direction": [
        0.7498647570610046,
        0.661591112613678
      ]
    },
    {
      "coordinates": [
        45,
        136
      ],
      "magnitude": 3.9024481773376465,
      "direction": [
        0.6563271284103394,
        0.7544763684272766
      ]
    },
    {
      "coordinates": [
        68,
        136
      ],
      "magnitude": 4.2749505043029785,
      "direction": [
        0.5041090846061707,
        0.8636399507522583
      ]
    },
    {
      "coordinates": [
        91,
        136
      ],
      "magnitude": 5.262665271759033,
      "direction": [
        0.42310962080955505,
        0.9060785174369812
      ]
    },
    {
      "coordinates": [
        113,
        136
      ],
      "magnitude": 6.51755428314209,
      "direction": [
        0.3014795482158661,
        0.9534726142883301
      ]
    },
    {
      "coordinates": [
        136,
        136
      ],
      "magnitude": 9.07339859008789,
      "direction": [
        0.21249538660049438,
        0.9771620035171509
      ]
    },
    {
      "coordinates": [
        159,
        136
      ],
      "magnitude": 12.82683277130127,
      "direction": [
        0.12423879653215408,
        0.9922523498535156
      ]
    },
    {
      "coordinates": [
        182,
        136
      ],
      "magnitude": 11.615357398986816,
      "direction": [
        0.08512035012245178,
        0.9963706731796265
      ]
    },
    {
      "coordinates": [
        205,
        136
      ],
      "magnitude": 7.522577285766602,
      "direction": [
        0.09787019342184067,
        0.9951992034912109
      ]
    },
    {
      "coordinates": [
        227,
        136
      ],
      "magnitude": 4.694540977478027,
      "direction": [
        0.12780623137950897,
        0.9917991161346436
      ]
    },
    {
      "coordinates": [
        250,
        136
      ],
      "magnitude": 2.555521249771118,
      "direction": [
        0.20018863677978516,
        0.9797574281692505
      ]
    },
    {
      "coordinates": [
        273,
        136
      ],
      "magnitude": 1.428418755531311,
      "direction": [
        0.44363999366760254,
        0.8962050676345825
      ]
    },
    {
      "coordinates": [
        296,
        136
      ],
      "magnitude": 0.9577168822288513,
      "direction": [
        0.6591814160346985,
        0.7519839406013489
      ]
    },
    {
      "coordinates": [
        319,
        136
      ],
      "magnitude": 0.9209017157554626,
      "direction": [
        0.8583796620368958,
        0.5130150318145752
      ]
    },
    {
      "coordinates": [
        0,
        153
      ],
      "magnitude": 2.780564069747925,
      "direction": [
        0.850203812122345,
        0.5264536738395691
      ]
    },
    {
      "coordinates": [
        22,
        153
      ],
      "magnitude": 3.159898281097412,
      "direction": [
        0.6785326600074768,
        0.7345702648162842
      ]
    },
    {
      "coordinates": [
        45,
        153
      ],
      "magnitude": 3.7238831520080566,
      "direction": [
        0.5726267099380493,
        0.8198162317276001
      ]
    },
    {
      "coordinates": [
        68,
        153
      ],
      "magnitude": 4.054440975189209,
      "direction": [
        0.475536584854126,
        0.8796959519386292
      ]
    },
    {
      "coordinates": [
        91,
        153
      ],
      "magnitude": 4.812812328338623,
      "direction": [
        0.36719200015068054,
        0.9301451444625854
      ]
    },
    {
      "coordinates": [
        113,
        153
      ],
      "magnitude": 6.669556617736816,
      "direction": [
        0.3161475658416748,
        0.9487100839614868
      ]
    },
    {
      "coordinates": [
        136,
        153
      ],
      "magnitude": 9.051372528076172,
      "direction": [
        0.23986373841762543,
        0.9708065986633301
      ]
    },
    {
      "coordinates": [
        159,
        153
      ],
      "magnitude": 13.28393840789795,
      "direction": [
        0.12101931124925613,
        0.9926501512527466
      ]
    },
    {
      "coordinates": [
        182,
        153
      ],
      "magnitude": 11.887539863586426,
      "direction": [
        0.11134093999862671,
        0.9937822818756104
      ]
    },
    {
      "coordinates": [
        205,
        153
      ],
      "magnitude": 7.518605709075928,
      "direction": [
        0.17411962151527405,
        0.9847245216369629
      ]
    },
    {
      "coordinates": [
        227,
        153
      ],
      "magnitude": 4.540860176086426,
      "direction": [
        0.13337436318397522,
        0.9910657405853271
      ]
    },
    {
      "coordinates": [
        250,
        153
      ],
      "magnitude": 2.73958158493042,
      "direction": [
        0.319551557302475,
        0.9475688934326172
      ]
    },
    {
      "coordinates": [
        273,
        153
      ],
      "magnitude": 1.3373085260391235,
      "direction": [
        0.5550389289855957,
        0.8318243622779846
      ]
    },
    {
      "coordinates": [
        296,
        153
      ],
      "magnitude": 1.0895495414733887,
      "direction": [
        0.8470944166183472,
        0.5314425230026245
      ]
    },
    {
      "coordinates": [
        319,
        153
      ],
      "magnitude": 1.4204882383346558,
      "direction": [
        0.9523390531539917,
        0.3050414025783539
      ]
    },
    {
      "coordinates": [
        0,
        170
      ],
      "magnitude": 2.136320114135742,
      "direction": [
        0.6777012348175049,
        0.7353373765945435
      ]
    },
    {
      "coordinates": [
        22,
        170
      ],
      "magnitude": 2.5077481269836426,
      "direction": [
        0.5638201236724854,
        0.8258976936340332
      ]
    },
    {
      "coordinates": [
        45,
        170
      ],
      "magnitude": 3.630946159362793,
      "direction": [
        0.46803584694862366,
        0.8837094902992249
      ]
    },
    {
      "coordinates": [
        68,
        170
      ],
      "magnitude": 4.096617221832275,
      "direction": [
        0.4205614924430847,
        0.9072640538215637
      ]
    },
    {
      "coordinates": [
        91,
        170
      ],
      "magnitude": 5.035415172576904,
      "direction": [
        0.43079012632369995,
        0.9024521112442017
      ]
    },
    {
      "coordinates": [
        113,
        170
      ],
      "magnitude": 6.48221492767334,
      "direction": [
        0.34314221143722534,
        0.9392834901809692
      ]
    },
    {
      "coordinates": [
        136,
        170
      ],
      "magnitude": 9.724656105041504,
      "direction": [
        0.21110877394676208,
        0.9774625897407532
      ]
    },
    {
      "coordinates": [
        159,
        170
      ],
      "magnitude": 13.629361152648926,
      "direction": [
        0.13247469067573547,
        0.9911863803863525
      ]
    },
    {
      "coordinates": [
        182,
        170
      ],
      "magnitude": 12.137733459472656,
      "direction": [
        0.11329849064350128,
        0.9935610294342041
      ]
    },
    {
      "coordinates": [
        205,
        170
      ],
      "magnitude": 7.665426731109619,
      "direction": [
        0.11478157341480255,
        0.9933907985687256
      ]
    },
    {
      "coordinates": [
        227,
        170
      ],
      "magnitude": 4.608182430267334,
      "direction": [
        0.30815333127975464,
        0.951336681842804
      ]
    },
    {
      "coordinates": [
        250,
        170
      ],
      "magnitude": 3.1958181858062744,
      "direction": [
        0.5093233585357666,
        0.860575258731842
      ]
    },
    {
      "coordinates": [
        273,
        170
      ],
      "magnitude": 1.8538949489593506,
      "direction": [
        0.7147722244262695,
        0.6993573307991028
      ]
    },
    {
      "coordinates": [
        296,
        170
      ],
      "magnitude": 1.1631195545196533,
      "direction": [
        0.9408788084983826,
        0.3387434780597687
      ]
    },
    {
      "coordinates": [
        319,
        170
      ],
      "magnitude": 1.4508723020553589,
      "direction": [
        0.9892367124557495,
        0.14632394909858704
      ]
    },
    {
      "coordinates": [
        0,
        187
      ],
      "magnitude": 1.8702136278152466,
      "direction": [
        0.5256586670875549,
        0.8506955504417419
      ]
    },
    {
      "coordinates": [
        22,
        187
      ],
      "magnitude": 2.1586673259735107,
      "direction": [
        0.37432432174682617,
        0.927297830581665
      ]
    },
    {
      "coordinates": [
        45,
        187
      ],
      "magnitude": 3.053344964981079,
      "direction": [
        0.31654366850852966,
        0.9485779404640198
      ]
    },
    {
      "coordinates": [
        68,
        187
      ],
      "magnitude": 3.6703546047210693,
      "direction": [
        0.38555416464805603,
        0.9226852059364319
      ]
    },
    {
      "coordinates": [
        91,
        187
      ],
      "magnitude": 4.427353382110596,
      "direction": [
        0.3998899459838867,
        0.9165631532669067
      ]
    },
    {
      "coordinates": [
        113,
        187
      ],
      "magnitude": 6.256834030151367,
      "direction": [
        0.3391079604625702,
        0.9407474398612976
      ]
    },
    {
      "coordinates": [
        136,
        187
      ],
      "magnitude": 9.863204002380371,
      "direction": [
        0.1821272075176239,
        0.9832750558853149
      ]
    },
    {
      "coordinates": [
        159,
        187
      ],
      "magnitude": 13.967823028564453,
      "direction": [
        0.15083424746990204,
        0.9885590672492981
      ]
    },
    {
      "coordinates": [
        182,
        187
      ],
      "magnitude": 12.602985382080078,
      "direction": [
        0.14776457846164703,
        0.9890226125717163
      ]
    },
    {
      "coordinates": [
        205,
        187
      ],
      "magnitude": 7.753504753112793,
      "direction": [
        0.2119142860174179,
        0.9772882461547852
      ]
    },
    {
      "coordinates": [
        227,
        187
      ],
      "magnitude": 4.584284782409668,
      "direction": [
        0.3382113575935364,
        0.9410701394081116
      ]
    },
    {
      "coordinates": [
        250,
        187
      ],
      "magnitude": 3.0386152267456055,
      "direction": [
        0.5336804986000061,
        0.8456861972808838
      ]
    },
    {
      "coordinates": [
        273,
        187
      ],
      "magnitude": 2.2367701530456543,
      "direction": [
        0.7774258255958557,
        0.6289746165275574
      ]
    },
    {
      "coordinates": [
        296,
        187
      ],
      "magnitude": 1.7154325246810913,
      "direction": [
        0.9603475332260132,
        0.27880576252937317
      ]
    },
    {
      "coordinates": [
        319,
        187
      ],
      "magnitude": 1.6540582180023193,
      "direction": [
        0.9992570877075195,
        0.038539063185453415
      ]
    },
    {
      "coordinates": [
        0,
        204
      ],
      "magnitude": 1.605784296989441,
      "direction": [
        0.3973839581012726,
        0.917652428150177
      ]
    },
    {
      "coordinates": [
        22,
        204
      ],
      "magnitude": 2.113985300064087,
      "direction": [
        0.37738314270973206,
        0.9260572195053101
      ]
    },
    {
      "coordinates": [
        45,
        204
      ],
      "magnitude": 2.97292423248291,
      "direction": [
        0.23325124382972717,
        0.9724164605140686
      ]
    },
    {
      "coordinates": [
        68,
        204
      ],
      "magnitude": 3.422121524810791,
      "direction": [
        0.3310077488422394,
        0.9436280727386475
      ]
    },
    {
      "coordinates": [
        91,
        204
      ],
      "magnitude": 4.27078104019165,
      "direction": [
        0.2760825455188751,
        0.9611339569091797
      ]
    },
    {
      "coordinates": [
        113,
        204
      ],
      "magnitude": 6.00589656829834,
      "direction": [
        0.24675241112709045,
        0.969078540802002
      ]
    },
    {
      "coordinates": [
        136,
        204
      ],
      "magnitude": 9.805891990661621,
      "direction": [
        0.17126700282096863,
        0.9852246046066284
      ]
    },
    {
      "coordinates": [
        159,
        204
      ],
      "magnitude": 13.52588939666748,
      "direction": [
        0.15117444097995758,
        0.988507091999054
      ]
    },
    {
      "coordinates": [
        182,
        204
      ],
      "magnitude": 13.145331382751465,
      "direction": [
        0.14632147550582886,
        0.9892371296882629
      ]
    },
    {
      "coordinates": [
        205,
        204
      ],
      "magnitude": 8.437073707580566,
      "direction": [
        0.3191172778606415,
        0.9477152824401855
      ]
    },
    {
      "coordinates": [
        227,
        204
      ],
      "magnitude": 4.448863506317139,
      "direction": [
        0.4134211242198944,
        0.9105398654937744
      ]
    },
    {
      "coordinates": [
        250,
        204
      ],
      "magnitude": 3.0225372314453125,
      "direction": [
        0.5843777656555176,
        0.8114817142486572
      ]
    },
    {
      "coordinates": [
        273,
        204
      ],
      "magnitude": 2.404061794281006,
      "direction": [
        0.777492880821228,
        0.6288917064666748
      ]
    },
    {
      "coordinates": [
        296,
        204
      ],
      "magnitude": 1.9424115419387817,
      "direction": [
        0.9764125347137451,
        0.21591320633888245
      ]
    },
    {
      "coordinates": [
        319,
        204
      ],
      "magnitude": 1.9254016876220703,
      "direction": [
        0.9999529719352722,
        -0.00969544518738985
      ]
    },
    {
      "coordinates": [
        0,
        221
      ],
      "magnitude": 1.5218696594238281,
      "direction": [
        0.17399238049983978,
        0.9847469329833984
      ]
    },
    {
      "coordinates": [
        22,
        221
      ],
      "magnitude": 2.074234962463379,
      "direction": [
        0.08932913839817047,
        0.996002197265625
      ]
    },
    {
      "coordinates": [
        45,
        221
      ],
      "magnitude": 2.5946552753448486,
      "direction": [
        0.15404680371284485,
        0.9880635142326355
      ]
    },
    {
      "coordinates": [
        68,
        221
      ],
      "magnitude": 2.9522922039031982,
      "direction": [
        0.1646561324596405,
        0.9863510131835938
      ]
    },
    {
      "coordinates": [
        91,
        221
      ],
      "magnitude": 3.6862893104553223,
      "direction": [
        0.0789470300078392,
        0.9968788027763367
      ]
    },
    {
      "coordinates": [
        113,
        221
      ],
      "magnitude": 5.633206367492676,
      "direction": [
        0.09373921155929565,
        0.9955968260765076
      ]
    },
    {
      "coordinates": [
        136,
        221
      ],
      "magnitude": 9.059647560119629,
      "direction": [
        0.17768044769763947,
        0.9840881824493408
      ]
    },
    {
      "coordinates": [
        159,
        221
      ],
      "magnitude": 13.361891746520996,
      "direction": [
        0.16796308755874634,
        0.9857933521270752
      ]
    },
    {
      "coordinates": [
        182,
        221
      ],
      "magnitude": 12.510066986083984,
      "direction": [
        0.2126845270395279,
        0.9771209359169006
      ]
    },
    {
      "coordinates": [
        205,
        221
      ],
      "magnitude": 8.362089157104492,
      "direction": [
        0.3097110688686371,
        0.9508306980133057
      ]
    },
    {
      "coordinates": [
        227,
        221
      ],
      "magnitude": 5.128972053527832,
      "direction": [
        0.49378564953804016,
        0.8695837259292603
      ]
    },
    {
      "coordinates": [
        250,
        221
      ],
      "magnitude": 3.590440034866333,
      "direction": [
        0.6650750637054443,
        0.7467765808105469
      ]
    },
    {
      "coordinates": [
        273,
        221
      ],
      "magnitude": 2.7400641441345215,
      "direction": [
        0.8475871086120605,
        0.5306563377380371
      ]
    },
    {
      "coordinates": [
        296,
        221
      ],
      "magnitude": 2.11191725730896,
      "direction": [
        0.9685044884681702,
        0.2489960491657257
      ]
    },
    {
      "coordinates": [
        319,
        221
      ],
      "magnitude": 2.076965093612671,
      "direction": [
        0.9999226331710815,
        -0.012440865859389305
      ]
    },
    {
      "coordinates": [
        0,
        239
      ],
      "magnitude": 1.718752384185791,
      "direction": [
        -0.2027253657579422,
        0.9792355895042419
      ]
    },
    {
      "coordinates": [
        22,
        239
      ],
      "magnitude": 2.064363718032837,
      "direction": [
        -0.2062004655599594,
        0.9785097241401672
      ]
    },
    {
      "coordinates": [
        45,
        239
      ],
      "magnitude": 2.764098882675171,
      "direction": [
        -0.12462987005710602,
        0.9922032952308655
      ]
    },
    {
      "coordinates": [
        68,
        239
      ],
      "magnitude": 3.0643727779388428,
      "direction": [
        -0.03225982189178467,
        0.9994794726371765
      ]
    },
    {
      "coordinates": [
        91,
        239
      ],
      "magnitude": 4.0773396492004395,
      "direction": [
        0.04862024262547493,
        0.9988174438476562
      ]
    },
    {
      "coordinates": [
        113,
        239
      ],
      "magnitude": 4.935321807861328,
      "direction": [
        0.10617072880268097,
        0.994347870349884
      ]
    },
    {
      "coordinates": [
        136,
        239
      ],
      "magnitude": 9.034912109375,
      "direction": [
        0.1434164196252823,
        0.9896624088287354
      ]
    },
    {
      "coordinates": [
        159,
        239
      ],
      "magnitude": 12.785741806030273,
      "direction": [
        0.13338179886341095,
        0.9910647869110107
      ]
    },
    {
      "coordinates": [
        182,
        239
      ],
      "magnitude": 12.10876178741455,
      "direction": [
        0.2761171758174896,
        0.9611240029335022
      ]
    },
    {
      "coordinates": [
        205,
        239
      ],
      "magnitude": 8.806087493896484,
      "direction": [
        0.34316420555114746,
        0.9392753839492798
      ]
    },
    {
      "coordinates": [
        227,
        239
      ],
      "magnitude": 5.759990692138672,
      "direction": [
        0.5926201939582825,
        0.8054820895195007
      ]
    },
    {
      "coordinates": [
        250,
        239
      ],
      "magnitude": 4.044681072235107,
      "direction": [
        0.7099182605743408,
        0.7042839527130127
      ]
    },
    {
      "coordinates": [
        273,
        239
      ],
      "magnitude": 3.1244139671325684,
      "direction": [
        0.8699595332145691,
        0.4931231737136841
      ]
    },
    {
      "coordinates": [
        296,
        239
      ],
      "magnitude": 2.5589027404785156,
      "direction": [
        0.9729763269424438,
        0.23090477287769318
      ]
    },
    {
      "coordinates": [
        319,
        239
      ],
      "magnitude": 2.0699172019958496,
      "direction": [
        0.9978505969047546,
        -0.06553003191947937
      ]
    }
  ]
}