{
  "recording_timestamp": 1757347072.7391396,
  "elapsed_time_s": 20.0,
  "fz": 2.006743,
  "peak_intensity": 0.297,
  "deformation_mesh": [
    {
      "coordinates": [
        0,
        0
      ],
      "magnitude": 2.0455615520477295,
      "direction": [
        -0.08421558886766434,
        -0.9964475631713867
      ]
    },
    {
      "coordinates": [
        22,
        0
      ],
      "magnitude": 2.322258949279785,
      "direction": [
        0.08024589717388153,
        -0.9967750310897827
      ]
    },
    {
      "coordinates": [
        45,
        0
      ],
      "magnitude": 2.0876827239990234,
      "direction": [
        0.06411847472190857,
        -0.997942328453064
      ]
    },
    {
      "coordinates": [
        68,
        0
      ],
      "magnitude": 2.298008680343628,
      "direction": [
        0.22356972098350525,
        -0.9746879935264587
      ]
    },
    {
      "coordinates": [
        91,
        0
      ],
      "magnitude": 2.5350615978240967,
      "direction": [
        0.4478301703929901,
        -0.8941186666488647
      ]
    },
    {
      "coordinates": [
        113,
        0
      ],
      "magnitude": 2.488938570022583,
      "direction": [
        0.7070265412330627,
        -0.7071869969367981
      ]
    },
    {
      "coordinates": [
        136,
        0
      ],
      "magnitude": 2.2916464805603027,
      "direction": [
        0.7629163861274719,
        -0.6464972496032715
      ]
    },
    {
      "coordinates": [
        159,
        0
      ],
      "magnitude": 1.9948488473892212,
      "direction": [
        0.8019078373908997,
        -0.5974477529525757
      ]
    },
    {
      "coordinates": [
        182,
        0
      ],
      "magnitude": 1.9635443687438965,
      "direction": [
        0.8607531189918518,
        -0.5090227127075195
      ]
    },
    {
      "coordinates": [
        205,
        0
      ],
      "magnitude": 2.2617862224578857,
      "direction": [
        0.7997552156448364,
        -0.6003262996673584
      ]
    },
    {
      "coordinates": [
        227,
        0
      ],
      "magnitude": 2.376537322998047,
      "direction": [
        0.734652042388916,
        -0.6784440279006958
      ]
    },
    {
      "coordinates": [
        250,
        0
      ],
      "magnitude": 2.7787258625030518,
      "direction": [
        0.8562437891960144,
        -0.5165719985961914
      ]
    },
    {
      "coordinates": [
        273,
        0
      ],
      "magnitude": 3.10711669921875,
      "direction": [
        0.8194476962089539,
        -0.5731539726257324
      ]
    },
    {
      "coordinates": [
        296,
        0
      ],
      "magnitude": 3.308462619781494,
      "direction": [
        0.810013473033905,
        -0.5864112973213196
      ]
    },
    {
      "coordinates": [
        319,
        0
      ],
      "magnitude": 3.2986433506011963,
      "direction": [
        0.8251121044158936,
        -0.5649690628051758
      ]
    },
    {
      "coordinates": [
        0,
        17
      ],
      "magnitude": 2.182652473449707,
      "direction": [
        -0.1055801585316658,
        -0.9944107532501221
      ]
    },
    {
      "coordinates": [
        22,
        17
      ],
      "magnitude": 2.1832940578460693,
      "direction": [
        0.04987500235438347,
        -0.9987554550170898
      ]
    },
    {
      "coordinates": [
        45,
        17
      ],
      "magnitude": 2.198702573776245,
      "direction": [
        0.030713440850377083,
        -0.999528169631958
      ]
    },
    {
      "coordinates": [
        68,
        17
      ],
      "magnitude": 2.34521746635437,
      "direction": [
        0.2818259000778198,
        -0.9594655632972717
      ]
    },
    {
      "coordinates": [
        91,
        17
      ],
      "magnitude": 2.6194517612457275,
      "direction": [
        0.471274733543396,
        -0.8819864988327026
      ]
    },
    {
      "coordinates": [
        113,
        17
      ],
      "magnitude": 2.3979227542877197,
      "direction": [
        0.6625110507011414,
        -0.749052107334137
      ]
    },
    {
      "coordinates": [
        136,
        17
      ],
      "magnitude": 2.1023805141448975,
      "direction": [
        0.7586804628372192,
        -0.6514627933502197
      ]
    },
    {
      "coordinates": [
        159,
        17
      ],
      "magnitude": 2.1103479862213135,
      "direction": [
        0.8515891432762146,
        -0.5242097973823547
      ]
    },
    {
      "coordinates": [
        182,
        17
      ],
      "magnitude": 2.1708807945251465,
      "direction": [
        0.9607012867927551,
        -0.2775845229625702
      ]
    },
    {
      "coordinates": [
        205,
        17
      ],
      "magnitude": 2.3595502376556396,
      "direction": [
        0.9086384773254395,
        -0.4175836443901062
      ]
    },
    {
      "coordinates": [
        227,
        17
      ],
      "magnitude": 2.740341901779175,
      "direction": [
        0.8018420934677124,
        -0.597536027431488
      ]
    },
    {
      "coordinates": [
        250,
        17
      ],
      "magnitude": 2.884864091873169,
      "direction": [
        0.8390359878540039,
        -0.5440759062767029
      ]
    },
    {
      "coordinates": [
        273,
        17
      ],
      "magnitude": 3.199023485183716,
      "direction": [
        0.8409700989723206,
        -0.5410816073417664
      ]
    },
    {
      "coordinates": [
        296,
        17
      ],
      "magnitude": 3.397294521331787,
      "direction": [
        0.8425831198692322,
        -0.5385663509368896
      ]
    },
    {
      "coordinates": [
        319,
        17
      ],
      "magnitude": 3.6162662506103516,
      "direction": [
        0.8738656044006348,
        -0.48616746068000793
      ]
    },
    {
      "coordinates": [
        0,
        34
      ],
      "magnitude": 2.181852340698242,
      "direction": [
        -0.16793879866600037,
        -0.9857974052429199
      ]
    },
    {
      "coordinates": [
        22,
        34
      ],
      "magnitude": 2.378145694732666,
      "direction": [
        -0.10898461192846298,
        -0.9940434098243713
      ]
    },
    {
      "coordinates": [
        45,
        34
      ],
      "magnitude": 2.783564329147339,
      "direction": [
        0.07308919727802277,
        -0.9973254203796387
      ]
    },
    {
      "coordinates": [
        68,
        34
      ],
      "magnitude": 2.398989677429199,
      "direction": [
        0.2293367087841034,
        -0.9733471870422363
      ]
    },
    {
      "coordinates": [
        91,
        34
      ],
      "magnitude": 2.8456215858459473,
      "direction": [
        0.40216711163520813,
        -0.9155663251876831
      ]
    },
    {
      "coordinates": [
        113,
        34
      ],
      "magnitude": 2.4509503841400146,
      "direction": [
        0.5863115787506104,
        -0.810085654258728
      ]
    },
    {
      "coordinates": [
        136,
        34
      ],
      "magnitude": 2.4394071102142334,
      "direction": [
        0.7964662313461304,
        -0.6046830415725708
      ]
    },
    {
      "coordinates": [
        159,
        34
      ],
      "magnitude": 2.091871976852417,
      "direction": [
        0.9230404496192932,
        -0.38470298051834106
      ]
    },
    {
      "coordinates": [
        182,
        34
      ],
      "magnitude": 2.3476667404174805,
      "direction": [
        0.9680289030075073,
        -0.25083857774734497
      ]
    },
    {
      "coordinates": [
        205,
        34
      ],
      "magnitude": 2.7927074432373047,
      "direction": [
        0.8942505717277527,
        -0.4475666582584381
      ]
    },
    {
      "coordinates": [
        227,
        34
      ],
      "magnitude": 2.962482213973999,
      "direction": [
        0.8100712895393372,
        -0.5863314867019653
      ]
    },
    {
      "coordinates": [
        250,
        34
      ],
      "magnitude": 3.107583522796631,
      "direction": [
        0.8441482782363892,
        -0.5361098051071167
      ]
    },
    {
      "coordinates": [
        273,
        34
      ],
      "magnitude": 3.0764846801757812,
      "direction": [
        0.8017200231552124,
        -0.5976998209953308
      ]
    },
    {
      "coordinates": [
        296,
        34
      ],
      "magnitude": 3.7552108764648438,
      "direction": [
        0.8284621238708496,
        -0.560045063495636
      ]
    },
    {
      "coordinates": [
        319,
        34
      ],
      "magnitude": 3.7764837741851807,
      "direction": [
        0.8848989009857178,
        -0.46578314900398254
      ]
    },
    {
      "coordinates": [
        0,
        51
      ],
      "magnitude": 2.152432441711426,
      "direction": [
        -0.29114118218421936,
        -0.9566801190376282
      ]
    },
    {
      "coordinates": [
        22,
        51
      ],
      "magnitude": 2.4339869022369385,
      "direction": [
        -0.30330774188041687,
        -0.9528926610946655
      ]
    },
    {
      "coordinates": [
        45,
        51
      ],
      "magnitude": 2.53188157081604,
      "direction": [
        -0.08167523890733719,
        -0.996658980846405
      ]
    },
    {
      "coordinates": [
        68,
        51
      ],
      "magnitude": 2.439927339553833,
      "direction": [
        0.01460106298327446,
        -0.9998933672904968
      ]
    },
    {
      "coordinates": [
        91,
        51
      ],
      "magnitude": 2.760674476623535,
      "direction": [
        0.1645529419183731,
        -0.9863682985305786
      ]
    },
    {
      "coordinates": [
        113,
        51
      ],
      "magnitude": 2.6001977920532227,
      "direction": [
        0.48177850246429443,
        -0.8762930035591125
      ]
    },
    {
      "coordinates": [
        136,
        51
      ],
      "magnitude": 2.374335527420044,
      "direction": [
        0.7929182052612305,
        -0.6093281507492065
      ]
    },
    {
      "coordinates": [
        159,
        51
      ],
      "magnitude": 2.2851216793060303,
      "direction": [
        0.9312054514884949,
        -0.36449456214904785
      ]
    },
    {
      "coordinates": [
        182,
        51
      ],
      "magnitude": 2.848292589187622,
      "direction": [
        0.9659912586212158,
        -0.25857460498809814
      ]
    },
    {
      "coordinates": [
        205,
        51
      ],
      "magnitude": 2.926435947418213,
      "direction": [
        0.8998790383338928,
        -0.4361395835876465
      ]
    },
    {
      "coordinates": [
        227,
        51
      ],
      "magnitude": 3.235816240310669,
      "direction": [
        0.840819239616394,
        -0.5413159728050232
      ]
    },
    {
      "coordinates": [
        250,
        51
      ],
      "magnitude": 3.7079274654388428,
      "direction": [
        0.8934698104858398,
        -0.44912323355674744
      ]
    },
    {
      "coordinates": [
        273,
        51
      ],
      "magnitude": 3.891601800918579,
      "direction": [
        0.8562795519828796,
        -0.5165126323699951
      ]
    },
    {
      "coordinates": [
        296,
        51
      ],
      "magnitude": 3.985429525375366,
      "direction": [
        0.8390268087387085,
        -0.5440900325775146
      ]
    },
    {
      "coordinates": [
        319,
        51
      ],
      "magnitude": 3.957667827606201,
      "direction": [
        0.8980952501296997,
        -0.43980100750923157
      ]
    },
    {
      "coordinates": [
        0,
        68
      ],
      "magnitude": 2.3361237049102783,
      "direction": [
        -0.6102883815765381,
        -0.7921793460845947
      ]
    },
    {
      "coordinates": [
        22,
        68
      ],
      "magnitude": 2.7048168182373047,
      "direction": [
        -0.5126747488975525,
        -0.8585829138755798
      ]
    },
    {
      "coordinates": [
        45,
        68
      ],
      "magnitude": 2.8320398330688477,
      "direction": [
        -0.3575567901134491,
        -0.9338913559913635
      ]
    },
    {
      "coordinates": [
        68,
        68
      ],
      "magnitude": 3.071697235107422,
      "direction": [
        -0.21320602297782898,
        -0.977007269859314
      ]
    },
    {
      "coordinates": [
        91,
        68
      ],
      "magnitude": 3.1829710006713867,
      "direction": [
        0.025373131036758423,
        -0.9996780753135681
      ]
    },
    {
      "coordinates": [
        113,
        68
      ],
      "magnitude": 2.9394407272338867,
      "direction": [
        0.3632313907146454,
        -0.9316989779472351
      ]
    },
    {
      "coordinates": [
        136,
        68
      ],
      "magnitude": 2.0486721992492676,
      "direction": [
        0.7362669706344604,
        -0.6766911149024963
      ]
    },
    {
      "coordinates": [
        159,
        68
      ],
      "magnitude": 1.9567543268203735,
      "direction": [
        0.9348963499069214,
        -0.35492080450057983
      ]
    },
    {
      "coordinates": [
        182,
        68
      ],
      "magnitude": 3.165560245513916,
      "direction": [
        0.9927865266799927,
        -0.11989530920982361
      ]
    },
    {
      "coordinates": [
        205,
        68
      ],
      "magnitude": 3.5133860111236572,
      "direction": [
        0.9283130168914795,
        -0.371799498796463
      ]
    },
    {
      "coordinates": [
        227,
        68
      ],
      "magnitude": 3.91896390914917,
      "direction": [
        0.8536266088485718,
        -0.5208853483200073
      ]
    },
    {
      "coordinates": [
        250,
        68
      ],
      "magnitude": 4.433223247528076,
      "direction": [
        0.8772086501121521,
        -0.48010921478271484
      ]
    },
    {
      "coordinates": [
        273,
        68
      ],
      "magnitude": 4.182728290557861,
      "direction": [
        0.884535014629364,
        -0.46647360920906067
      ]
    },
    {
      "coordinates": [
        296,
        68
      ],
      "magnitude": 4.091145992279053,
      "direction": [
        0.8657407760620117,
        -0.5004927515983582
      ]
    },
    {
      "coordinates": [
        319,
        68
      ],
      "magnitude": 4.229894161224365,
      "direction": [
        0.8850110769271851,
        -0.4655701220035553
      ]
    },
    {
      "coordinates": [
        0,
        85
      ],
      "magnitude": 2.681039810180664,
      "direction": [
        -0.6702304482460022,
        -0.7421530485153198
      ]
    },
    {
      "coordinates": [
        22,
        85
      ],
      "magnitude": 3.405444860458374,
      "direction": [
        -0.644523024559021,
        -0.7645848989486694
      ]
    },
    {
      "coordinates": [
        45,
        85
      ],
      "magnitude": 3.4775631427764893,
      "direction": [
        -0.4410066604614258,
        -0.8975037932395935
      ]
    },
    {
      "coordinates": [
        68,
        85
      ],
      "magnitude": 3.3248331546783447,
      "direction": [
        -0.2635635435581207,
        -0.9646420478820801
      ]
    },
    {
      "coordinates": [
        91,
        85
      ],
      "magnitude": 3.291281223297119,
      "direction": [
        -0.021794075146317482,
        -0.9997624754905701
      ]
    },
    {
      "coordinates": [
        113,
        85
      ],
      "magnitude": 2.885521173477173,
      "direction": [
        0.3458130657672882,
        -0.9383034706115723
      ]
    },
    {
      "coordinates": [
        136,
        85
      ],
      "magnitude": 1.644981026649475,
      "direction": [
        0.605006754398346,
        -0.7962203025817871
      ]
    },
    {
      "coordinates": [
        159,
        85
      ],
      "magnitude": 1.7797170877456665,
      "direction": [
        0.9979230761528015,
        0.06441640108823776
      ]
    },
    {
      "coordinates": [
        182,
        85
      ],
      "magnitude": 3.7501702308654785,
      "direction": [
        0.9931793212890625,
        0.11659719049930573
      ]
    },
    {
      "coordinates": [
        205,
        85
      ],
      "magnitude": 3.9243757724761963,
      "direction": [
        0.9517543315887451,
        -0.306861013174057
      ]
    },
    {
      "coordinates": [
        227,
        85
      ],
      "magnitude": 4.5443949699401855,
      "direction": [
        0.8852308392524719,
        -0.4651518762111664
      ]
    },
    {
      "coordinates": [
        250,
        85
      ],
      "magnitude": 4.944832801818848,
      "direction": [
        0.8759230375289917,
        -0.4824508726596832
      ]
    },
    {
      "coordinates": [
        273,
        85
      ],
      "magnitude": 4.5233354568481445,
      "direction": [
        0.9406333565711975,
        -0.3394244909286499
      ]
    },
    {
      "coordinates": [
        296,
        85
      ],
      "magnitude": 4.637864112854004,
      "direction": [
        0.9163942337036133,
        -0.40027689933776855
      ]
    },
    {
      "coordinates": [
        319,
        85
      ],
      "magnitude": 4.531862735748291,
      "direction": [
        0.9151691198348999,
        -0.40307003259658813
      ]
    },
    {
      "coordinates": [
        0,
        102
      ],
      "magnitude": 3.5180699825286865,
      "direction": [
        -0.8520194292068481,
        -0.5235100984573364
      ]
    },
    {
      "coordinates": [
        22,
        102
      ],
      "magnitude": 4.680366039276123,
      "direction": [
        -0.8142046332359314,
        -0.580578088760376
      ]
    },
    {
      "coordinates": [
        45,
        102
      ],
      "magnitude": 4.267666339874268,
      "direction": [
        -0.7016550898551941,
        -0.7125166654586792
      ]
    },
    {
      "coordinates": [
        68,
        102
      ],
      "magnitude": 3.4823875427246094,
      "direction": [
        -0.40611958503723145,
        -0.9138199090957642
      ]
    },
    {
      "coordinates": [
        91,
        102
      ],
      "magnitude": 2.874541759490967,
      "direction": [
        -0.13412919640541077,
        -0.990963876247406
      ]
    },
    {
      "coordinates": [
        113,
        102
      ],
      "magnitude": 2.163856267929077,
      "direction": [
        0.4382183253765106,
        -0.8988686203956604
      ]
    },
    {
      "coordinates": [
        136,
        102
      ],
      "magnitude": 1.4050161838531494,
      "direction": [
        0.7578969597816467,
        -0.6523742079734802
      ]
    },
    {
      "coordinates": [
        159,
        102
      ],
      "magnitude": 2.128695011138916,
      "direction": [
        0.8514034748077393,
        0.5245113968849182
      ]
    },
    {
      "coordinates": [
        182,
        102
      ],
      "magnitude": 4.5519118309021,
      "direction": [
        0.9812082648277283,
        0.19295188784599304
      ]
    },
    {
      "coordinates": [
        205,
        102
      ],
      "magnitude": 4.300052642822266,
      "direction": [
        0.9801414012908936,
        -0.19829973578453064
      ]
    },
    {
      "coordinates": [
        227,
        102
      ],
      "magnitude": 5.106560230255127,
      "direction": [
        0.8960509896278381,
        -0.4439511299133301
      ]
    },
    {
      "coordinates": [
        250,
        102
      ],
      "magnitude": 5.150609970092773,
      "direction": [
        0.883134663105011,
        -0.4691196084022522
      ]
    },
    {
      "coordinates": [
        273,
        102
      ],
      "magnitude": 5.179834842681885,
      "direction": [
        0.9448829293251038,
        -0.32740840315818787
      ]
    },
    {
      "coordinates": [
        296,
        102
      ],
      "magnitude": 5.04622745513916,
      "direction": [
        0.9398009181022644,
        -0.3417224884033203
      ]
    },
    {
      "coordinates": [
        319,
        102
      ],
      "magnitude": 4.785213947296143,
      "direction": [
        0.9471755623817444,
        -0.3207155764102936
      ]
    },
    {
      "coordinates": [
        0,
        119
      ],
      "magnitude": 4.507357597351074,
      "direction": [
        -0.8979689478874207,
        -0.44005873799324036
      ]
    },
    {
      "coordinates": [
        22,
        119
      ],
      "magnitude": 4.451735973358154,
      "direction": [
        -0.8918744325637817,
        -0.4522831439971924
      ]
    },
    {
      "coordinates": [
        45,
        119
      ],
      "magnitude": 4.426233291625977,
      "direction": [
        -0.7829851508140564,
        -0.6220404505729675
      ]
    },
    {
      "coordinates": [
        68,
        119
      ],
      "magnitude": 3.161336660385132,
      "direction": [
        -0.6647272706031799,
        -0.7470861077308655
      ]
    },
    {
      "coordinates": [
        91,
        119
      ],
      "magnitude": 2.0781614780426025,
      "direction": [
        -0.38891345262527466,
        -0.9212743043899536
      ]
    },
    {
      "coordinates": [
        113,
        119
      ],
      "magnitude": 1.6525006294250488,
      "direction": [
        0.3977971076965332,
        -0.9174733757972717
      ]
    },
    {
      "coordinates": [
        136,
        119
      ],
      "magnitude": 1.2920011281967163,
      "direction": [
        0.9895403385162354,
        -0.14425654709339142
      ]
    },
    {
      "coordinates": [
        159,
        119
      ],
      "magnitude": 3.1725709438323975,
      "direction": [
        0.6324232816696167,
        0.7746230363845825
      ]
    },
    {
      "coordinates": [
        182,
        119
      ],
      "magnitude": 5.1491851806640625,
      "direction": [
        0.9008204936981201,
        0.43419167399406433
      ]
    },
    {
      "coordinates": [
        205,
        119
      ],
      "magnitude": 5.029197692871094,
      "direction": [
        0.9984149932861328,
        0.05628081038594246
      ]
    },
    {
      "coordinates": [
        227,
        119
      ],
      "magnitude": 5.445584297180176,
      "direction": [
        0.9608021378517151,
        -0.277234822511673
      ]
    },
    {
      "coordinates": [
        250,
        119
      ],
      "magnitude": 5.87321138381958,
      "direction": [
        0.9388518333435059,
        -0.34432142972946167
      ]
    },
    {
      "coordinates": [
        273,
        119
      ],
      "magnitude": 5.754578590393066,
      "direction": [
        0.9487285614013672,
        -0.31609174609184265
      ]
    },
    {
      "coordinates": [
        296,
        119
      ],
      "magnitude": 5.555514335632324,
      "direction": [
        0.962331235408783,
        -0.27187973260879517
      ]
    },
    {
      "coordinates": [
        319,
        119
      ],
      "magnitude": 4.957582950592041,
      "direction": [
        0.974670946598053,
        -0.22364389896392822
      ]
    },
    {
      "coordinates": [
        0,
        136
      ],
      "magnitude": 4.812840938568115,
      "direction": [
        -0.9390909075737,
        -0.3436688780784607
      ]
    },
    {
      "coordinates": [
        22,
        136
      ],
      "magnitude": 4.498153209686279,
      "direction": [
        -0.9642214775085449,
        -0.2650980055332184
      ]
    },
    {
      "coordinates": [
        45,
        136
      ],
      "magnitude": 3.8957622051239014,
      "direction": [
        -0.9809068441390991,
        -0.1944781094789505
      ]
    },
    {
      "coordinates": [
        68,
        136
      ],
      "magnitude": 2.505532741546631,
      "direction": [
        -0.9482284784317017,
        -0.31758877635002136
      ]
    },
    {
      "coordinates": [
        91,
        136
      ],
      "magnitude": 1.5360448360443115,
      "direction": [
        -0.63944011926651,
        -0.7688409090042114
      ]
    },
    {
      "coordinates": [
        113,
        136
      ],
      "magnitude": 0.8011525273323059,
      "direction": [
        0.9981289505958557,
        -0.061144713312387466
      ]
    },
    {
      "coordinates": [
        136,
        136
      ],
      "magnitude": 2.2023637294769287,
      "direction": [
        0.7683371901512146,
        0.6400452256202698
      ]
    },
    {
      "coordinates": [
        159,
        136
      ],
      "magnitude": 3.8797547817230225,
      "direction": [
        0.6382111310958862,
        0.7698614597320557
      ]
    },
    {
      "coordinates": [
        182,
        136
      ],
      "magnitude": 5.469340801239014,
      "direction": [
        0.8534976840019226,
        0.5210965275764465
      ]
    },
    {
      "coordinates": [
        205,
        136
      ],
      "magnitude": 5.378580093383789,
      "direction": [
        0.9847787022590637,
        0.1738131195306778
      ]
    },
    {
      "coordinates": [
        227,
        136
      ],
      "magnitude": 5.662261009216309,
      "direction": [
        0.9930732846260071,
        -0.11749622225761414
      ]
    },
    {
      "coordinates": [
        250,
        136
      ],
      "magnitude": 6.192805767059326,
      "direction": [
        0.9810538291931152,
        -0.1937355101108551
      ]
    },
    {
      "coordinates": [
        273,
        136
      ],
      "magnitude": 6.36874532699585,
      "direction": [
        0.9779543280601501,
        -0.20881889760494232
      ]
    },
    {
      "coordinates": [
        296,
        136
      ],
      "magnitude": 5.851461410522461,
      "direction": [
        0.981600284576416,
        -0.1909472793340683
      ]
    },
    {
      "coordinates": [
        319,
        136
      ],
      "magnitude": 5.486947059631348,
      "direction": [
        0.9868559837341309,
        -0.16160249710083008
      ]
    },
    {
      "coordinates": [
        0,
        153
      ],
      "magnitude": 5.103433609008789,
      "direction": [
        -0.9992947578430176,
        -0.03754847124218941
      ]
    },
    {
      "coordinates": [
        22,
        153
      ],
      "magnitude": 4.804105281829834,
      "direction": [
        -0.9998005032539368,
        0.01997329108417034
      ]
    },
    {
      "coordinates": [
        45,
        153
      ],
      "magnitude": 4.7290496826171875,
      "direction": [
        -0.9894242882728577,
        0.14504988491535187
      ]
    },
    {
      "coordinates": [
        68,
        153
      ],
      "magnitude": 2.744830846786499,
      "direction": [
        -0.9404657483100891,
        0.33988845348358154
      ]
    },
    {
      "coordinates": [
        91,
        153
      ],
      "magnitude": 1.950128436088562,
      "direction": [
        -0.8127232789993286,
        0.5826497673988342
      ]
    },
    {
      "coordinates": [
        113,
        153
      ],
      "magnitude": 1.2828396558761597,
      "direction": [
        0.3471916615962982,
        0.9377941489219666
      ]
    },
    {
      "coordinates": [
        136,
        153
      ],
      "magnitude": 3.942656993865967,
      "direction": [
        0.6059224605560303,
        0.7955237030982971
      ]
    },
    {
      "coordinates": [
        159,
        153
      ],
      "magnitude": 5.469908714294434,
      "direction": [
        0.5360527634620667,
        0.8441844582557678
      ]
    },
    {
      "coordinates": [
        182,
        153
      ],
      "magnitude": 6.770948886871338,
      "direction": [
        0.7676777243614197,
        0.6408361196517944
      ]
    },
    {
      "coordinates": [
        205,
        153
      ],
      "magnitude": 5.923480033874512,
      "direction": [
        0.9460509419441223,
        0.3240179121494293
      ]
    },
    {
      "coordinates": [
        227,
        153
      ],
      "magnitude": 5.956209182739258,
      "direction": [
        0.992454469203949,
        0.12261364609003067
      ]
    },
    {
      "coordinates": [
        250,
        153
      ],
      "magnitude": 6.79302978515625,
      "direction": [
        0.9982854723930359,
        -0.058532703667879105
      ]
    },
    {
      "coordinates": [
        273,
        153
      ],
      "magnitude": 6.762422561645508,
      "direction": [
        0.9880814552307129,
        -0.15393218398094177
      ]
    },
    {
      "coordinates": [
        296,
        153
      ],
      "magnitude": 6.471965312957764,
      "direction": [
        0.9919957518577576,
        -0.12627102434635162
      ]
    },
    {
      "coordinates": [
        319,
        153
      ],
      "magnitude": 5.945022106170654,
      "direction": [
        0.995079755783081,
        -0.09907735884189606
      ]
    },
    {
      "coordinates": [
        0,
        170
      ],
      "magnitude": 5.9049553871154785,
      "direction": [
        -0.9558477997779846,
        0.2938622832298279
      ]
    },
    {
      "coordinates": [
        22,
        170
      ],
      "magnitude": 5.83974027633667,
      "direction": [
        -0.9524283409118652,
        0.304762601852417
      ]
    },
    {
      "coordinates": [
        45,
        170
      ],
      "magnitude": 5.429451942443848,
      "direction": [
        -0.9015796780586243,
        0.4326130449771881
      ]
    },
    {
      "coordinates": [
        68,
        170
      ],
      "magnitude": 3.404963493347168,
      "direction": [
        -0.7328029870986938,
        0.6804409027099609
      ]
    },
    {
      "coordinates": [
        91,
        170
      ],
      "magnitude": 2.5055837631225586,
      "direction": [
        -0.607917070388794,
        0.7940005660057068
      ]
    },
    {
      "coordinates": [
        113,
        170
      ],
      "magnitude": 3.1005847454071045,
      "direction": [
        0.09740262478590012,
        0.9952450394630432
      ]
    },
    {
      "coordinates": [
        136,
        170
      ],
      "magnitude": 5.109148979187012,
      "direction": [
        0.39293786883354187,
        0.9195650815963745
      ]
    },
    {
      "coordinates": [
        159,
        170
      ],
      "magnitude": 6.787291526794434,
      "direction": [
        0.37977689504623413,
        0.9250780940055847
      ]
    },
    {
      "coordinates": [
        182,
        170
      ],
      "magnitude": 7.915244102478027,
      "direction": [
        0.7444674372673035,
        0.667658805847168
      ]
    },
    {
      "coordinates": [
        205,
        170
      ],
      "magnitude": 6.596592426300049,
      "direction": [
        0.8908478617668152,
        0.4543018043041229
      ]
    },
    {
      "coordinates": [
        227,
        170
      ],
      "magnitude": 6.855042934417725,
      "direction": [
        0.9694297909736633,
        0.2453685998916626
      ]
    },
    {
      "coordinates": [
        250,
        170
      ],
      "magnitude": 7.4960479736328125,
      "direction": [
        0.9968775510787964,
        0.07896344363689423
      ]
    },
    {
      "coordinates": [
        273,
        170
      ],
      "magnitude": 7.111929893493652,
      "direction": [
        0.999983012676239,
        -0.005822367966175079
      ]
    },
    {
      "coordinates": [
        296,
        170
      ],
      "magnitude": 6.9162421226501465,
      "direction": [
        0.9981999397277832,
        -0.059974778443574905
      ]
    },
    {
      "coordinates": [
        319,
        170
      ],
      "magnitude": 6.054461479187012,
      "direction": [
        0.9996304512023926,
        -0.027181345969438553
      ]
    },
    {
      "coordinates": [
        0,
        187
      ],
      "magnitude": 6.446949481964111,
      "direction": [
        -0.9465606808662415,
        0.32252582907676697
      ]
    },
    {
      "coordinates": [
        22,
        187
      ],
      "magnitude": 6.566262722015381,
      "direction": [
        -0.9281997084617615,
        0.37208229303359985
      ]
    },
    {
      "coordinates": [
        45,
        187
      ],
      "magnitude": 6.608123779296875,
      "direction": [
        -0.8779297471046448,
        0.4787895083427429
      ]
    },
    {
      "coordinates": [
        68,
        187
      ],
      "magnitude": 4.842779159545898,
      "direction": [
        -0.6862463355064392,
        0.7273692488670349
      ]
    },
    {
      "coordinates": [
        91,
        187
      ],
      "magnitude": 4.097550868988037,
      "direction": [
        -0.3596276044845581,
        0.9330958724021912
      ]
    },
    {
      "coordinates": [
        113,
        187
      ],
      "magnitude": 4.691414833068848,
      "direction": [
        0.14620406925678253,
        0.9892544746398926
      ]
    },
    {
      "coordinates": [
        136,
        187
      ],
      "magnitude": 6.9838433265686035,
      "direction": [
        0.2523307204246521,
        0.9676410555839539
      ]
    },
    {
      "coordinates": [
        159,
        187
      ],
      "magnitude": 9.037456512451172,
      "direction": [
        0.33330342173576355,
        0.9428195953369141
      ]
    },
    {
      "coordinates": [
        182,
        187
      ],
      "magnitude": 9.671854972839355,
      "direction": [
        0.6496493220329285,
        0.760233998298645
      ]
    },
    {
      "coordinates": [
        205,
        187
      ],
      "magnitude": 7.8382568359375,
      "direction": [
        0.8044400215148926,
        0.5940338373184204
      ]
    },
    {
      "coordinates": [
        227,
        187
      ],
      "magnitude": 7.429159641265869,
      "direction": [
        0.920542299747467,
        0.3906428813934326
      ]
    },
    {
      "coordinates": [
        250,
        187
      ],
      "magnitude": 7.7953362464904785,
      "direction": [
        0.9803454279899597,
        0.19728891551494598
      ]
    },
    {
      "coordinates": [
        273,
        187
      ],
      "magnitude": 7.460486888885498,
      "direction": [
        0.989861786365509,
        0.14203421771526337
      ]
    },
    {
      "coordinates": [
        296,
        187
      ],
      "magnitude": 7.30567741394043,
      "direction": [
        0.9975366592407227,
        0.07014727592468262
      ]
    },
    {
      "coordinates": [
        319,
        187
      ],
      "magnitude": 6.239871025085449,
      "direction": [
        0.9994717240333557,
        0.032502107322216034
      ]
    },
    {
      "coordinates": [
        0,
        204
      ],
      "magnitude": 6.718162536621094,
      "direction": [
        -0.924819827079773,
        0.3804054260253906
      ]
    },
    {
      "coordinates": [
        22,
        204
      ],
      "magnitude": 7.32555627822876,
      "direction": [
        -0.8493960499763489,
        0.5277559161186218
      ]
    },
    {
      "coordinates": [
        45,
        204
      ],
      "magnitude": 7.302093029022217,
      "direction": [
        -0.7283183932304382,
        0.6852388978004456
      ]
    },
    {
      "coordinates": [
        68,
        204
      ],
      "magnitude": 6.125317573547363,
      "direction": [
        -0.5997951030731201,
        0.8001536130905151
      ]
    },
    {
      "coordinates": [
        91,
        204
      ],
      "magnitude": 5.711947441101074,
      "direction": [
        -0.2951875329017639,
        0.9554393291473389
      ]
    },
    {
      "coordinates": [
        113,
        204
      ],
      "magnitude": 6.956006050109863,
      "direction": [
        -0.07961524277925491,
        0.9968256950378418
      ]
    },
    {
      "coordinates": [
        136,
        204
      ],
      "magnitude": 8.403008460998535,
      "direction": [
        0.21259067952632904,
        0.9771413207054138
      ]
    },
    {
      "coordinates": [
        159,
        204
      ],
      "magnitude": 11.439523696899414,
      "direction": [
        0.23254086077213287,
        0.9725866317749023
      ]
    },
    {
      "coordinates": [
        182,
        204
      ],
      "magnitude": 11.648232460021973,
      "direction": [
        0.5348079800605774,
        0.844973623752594
      ]
    },
    {
      "coordinates": [
        205,
        204
      ],
      "magnitude": 9.28109359741211,
      "direction": [
        0.7387531399726868,
        0.6739760637283325
      ]
    },
    {
      "coordinates": [
        227,
        204
      ],
      "magnitude": 8.448769569396973,
      "direction": [
        0.8508846759796143,
        0.5253524780273438
      ]
    },
    {
      "coordinates": [
        250,
        204
      ],
      "magnitude": 8.231430053710938,
      "direction": [
        0.9250656366348267,
        0.3798072934150696
      ]
    },
    {
      "coordinates": [
        273,
        204
      ],
      "magnitude": 7.984066009521484,
      "direction": [
        0.9636759757995605,
        0.2670741081237793
      ]
    },
    {
      "coordinates": [
        296,
        204
      ],
      "magnitude": 7.727181911468506,
      "direction": [
        0.9818024039268494,
        0.1899053007364273
      ]
    },
    {
      "coordinates": [
        319,
        204
      ],
      "magnitude": 6.391071319580078,
      "direction": [
        0.9982609152793884,
        0.058950066566467285
      ]
    },
    {
      "coordinates": [
        0,
        221
      ],
      "magnitude": 7.648226737976074,
      "direction": [
        -0.8444532155990601,
        0.535629391670227
      ]
    },
    {
      "coordinates": [
        22,
        221
      ],
      "magnitude": 8.136971473693848,
      "direction": [
        -0.793333113193512,
        0.6087878942489624
      ]
    },
    {
      "coordinates": [
        45,
        221
      ],
      "magnitude": 7.871650218963623,
      "direction": [
        -0.608011782169342,
        0.7939279675483704
      ]
    },
    {
      "coordinates": [
        68,
        221
      ],
      "magnitude": 7.821028232574463,
      "direction": [
        -0.49550601840019226,
        0.8686044812202454
      ]
    },
    {
      "coordinates": [
        91,
        221
      ],
      "magnitude": 7.904383659362793,
      "direction": [
        -0.24103541672229767,
        0.9705163240432739
      ]
    },
    {
      "coordinates": [
        113,
        221
      ],
      "magnitude": 8.423014640808105,
      "direction": [
        -0.04088319092988968,
        0.9991639852523804
      ]
    },
    {
      "coordinates": [
        136,
        221
      ],
      "magnitude": 10.689030647277832,
      "direction": [
        0.1579480767250061,
        0.9874475002288818
      ]
    },
    {
      "coordinates": [
        159,
        221
      ],
      "magnitude": 12.8672456741333,
      "direction": [
        0.2288394421339035,
        0.9734641909599304
      ]
    },
    {
      "coordinates": [
        182,
        221
      ],
      "magnitude": 13.169032096862793,
      "direction": [
        0.4664367437362671,
        0.8845545649528503
      ]
    },
    {
      "coordinates": [
        205,
        221
      ],
      "magnitude": 10.930182456970215,
      "direction": [
        0.64368736743927,
        0.7652885317802429
      ]
    },
    {
      "coordinates": [
        227,
        221
      ],
      "magnitude": 9.85405158996582,
      "direction": [
        0.7926335334777832,
        0.6096984148025513
      ]
    },
    {
      "coordinates": [
        250,
        221
      ],
      "magnitude": 8.98676872253418,
      "direction": [
        0.8563632369041443,
        0.516373872756958
      ]
    },
    {
      "coordinates": [
        273,
        221
      ],
      "magnitude": 8.840689659118652,
      "direction": [
        0.9195226430892944,
        0.39303699135780334
      ]
    },
    {
      "coordinates": [
        296,
        221
      ],
      "magnitude": 7.552087783813477,
      "direction": [
        0.962714433670044,
        0.27051958441734314
      ]
    },
    {
      "coordinates": [
        319,
        221
      ],
      "magnitude": 6.449580669403076,
      "direction": [
        0.9836946725845337,
        0.17984654009342194
      ]
    },
    {
      "coordinates": [
        0,
        239
      ],
      "magnitude": 7.804916858673096,
      "direction": [
        -0.7684151530265808,
        0.6399515867233276
      ]
    },
    {
      "coordinates": [
        22,
        239
      ],
      "magnitude": 9.183306694030762,
      "direction": [
        -0.7085478901863098,
        0.705662727355957
      ]
    },
    {
      "coordinates": [
        45,
        239
      ],
      "magnitude": 9.445479393005371,
      "direction": [
        -0.5209247469902039,
        0.8536026477813721
      ]
    },
    {
      "coordinates": [
        68,
        239
      ],
      "magnitude": 9.244708061218262,
      "direction": [
        -0.38161370158195496,
        0.9243218898773193
      ]
    },
    {
      "coordinates": [
        91,
        239
      ],
      "magnitude": 9.449355125427246,
      "direction": [
        -0.20874518156051636,
        0.9779700040817261
      ]
    },
    {
      "coordinates": [
        113,
        239
      ],
      "magnitude": 10.407215118408203,
      "direction": [
        -0.04224095866084099,
        0.9991074800491333
      ]
    },
    {
      "coordinates": [
        136,
        239
      ],
      "magnitude": 12.393448829650879,
      "direction": [
        0.1547226756811142,
        0.9879579544067383
      ]
    },
    {
      "coordinates": [
        159,
        239
      ],
      "magnitude": 15.268775939941406,
      "direction": [
        0.191319078207016,
        0.9815279245376587
      ]
    },
    {
      "coordinates": [
        182,
        239
      ],
      "magnitude": 14.583012580871582,
      "direction": [
        0.4234229028224945,
        0.9059321284294128
      ]
    },
    {
      "coordinates": [
        205,
        239
      ],
      "magnitude": 12.555879592895508,
      "direction": [
        0.5555246472358704,
        0.8315001130104065
      ]
    },
    {
      "coordinates": [
        227,
        239
      ],
      "magnitude": 10.732043266296387,
      "direction": [
        0.7307688593864441,
        0.6826249361038208
      ]
    },
    {
      "coordinates": [
        250,
        239
      ],
      "magnitude": 9.718032836914062,
      "direction": [
        0.8069722056388855,
        0.5905893445014954
      ]
    },
    {
      "coordinates": [
        273,
        239
      ],
      "magnitude": 8.849224090576172,
      "direction": [
        0.8875242471694946,
        0.46076104044914246
      ]
    },
    {
      "coordinates": [
        296,
        239
      ],
      "magnitude": 7.310016632080078,
      "direction": [
        0.9497863054275513,
        0.31289929151535034
      ]
    },
    {
      "coordinates": [
        319,
        239
      ],
      "magnitude": 6.344796657562256,
      "direction": [
        0.9721691012382507,
        0.23428018391132355
      ]
    }
  ],
  "shear_mesh": [
    {
      "coordinates": [
        0,
        0
      ],
      "magnitude": 2.6160545349121094,
      "direction": [
        0.9018319249153137,
        0.4320870339870453
      ]
    },
    {
      "coordinates": [
        22,
        0
      ],
      "magnitude": 2.759674549102783,
      "direction": [
        0.8680270910263062,
        0.4965169131755829
      ]
    },
    {
      "coordinates": [
        45,
        0
      ],
      "magnitude": 2.982145309448242,
      "direction": [
        0.7486699223518372,
        0.6629429459571838
      ]
    },
    {
      "coordinates": [
        68,
        0
      ],
      "magnitude": 3.0592775344848633,
      "direction": [
        0.7067196369171143,
        0.7074937224388123
      ]
    },
    {
      "coordinates": [
        91,
        0
      ],
      "magnitude": 3.164212942123413,
      "direction": [
        0.6709467172622681,
        0.7415055632591248
      ]
    },
    {
      "coordinates": [
        113,
        0
      ],
      "magnitude": 3.6400537490844727,
      "direction": [
        0.5831691026687622,
        0.8123507499694824
      ]
    },
    {
      "coordinates": [
        136,
        0
      ],
      "magnitude": 3.800935983657837,
      "direction": [
        0.43668389320373535,
        0.8996150493621826
      ]
    },
    {
      "coordinates": [
        159,
        0
      ],
      "magnitude": 3.7759652137756348,
      "direction": [
        0.2848692536354065,
        0.9585663676261902
      ]
    },
    {
      "coordinates": [
        182,
        0
      ],
      "magnitude": 3.695341110229492,
      "direction": [
        0.14831367135047913,
        0.9889403581619263
      ]
    },
    {
      "coordinates": [
        205,
        0
      ],
      "magnitude": 2.973006010055542,
      "direction": [
        0.032395705580711365,
        0.9994751214981079
      ]
    },
    {
      "coordinates": [
        227,
        0
      ],
      "magnitude": 2.1238791942596436,
      "direction": [
        -0.10676339268684387,
        0.994284451007843
      ]
    },
    {
      "coordinates": [
        250,
        0
      ],
      "magnitude": 2.0911738872528076,
      "direction": [
        0.07573434710502625,
        0.9971280694007874
      ]
    },
    {
      "coordinates": [
        273,
        0
      ],
      "magnitude": 1.38888680934906,
      "direction": [
        0.1286529004573822,
        0.9916896820068359
      ]
    },
    {
      "coordinates": [
        296,
        0
      ],
      "magnitude": 0.9842881560325623,
      "direction": [
        0.2197589874267578,
        0.9755541682243347
      ]
    },
    {
      "coordinates": [
        319,
        0
      ],
      "magnitude": 0.7638553380966187,
      "direction": [
        0.4160326421260834,
        0.9093496799468994
      ]
    },
    {
      "coordinates": [
        0,
        17
      ],
      "magnitude": 2.7305924892425537,
      "direction": [
        0.9139166474342346,
        0.4059019684791565
      ]
    },
    {
      "coordinates": [
        22,
        17
      ],
      "magnitude": 3.079272747039795,
      "direction": [
        0.8428965210914612,
        0.5380756855010986
      ]
    },
    {
      "coordinates": [
        45,
        17
      ],
      "magnitude": 3.099925994873047,
      "direction": [
        0.7958104610443115,
        0.6055458188056946
      ]
    },
    {
      "coordinates": [
        68,
        17
      ],
      "magnitude": 3.3248188495635986,
      "direction": [
        0.7371331453323364,
        0.6757475733757019
      ]
    },
    {
      "coordinates": [
        91,
        17
      ],
      "magnitude": 3.3943862915039062,
      "direction": [
        0.6945950388908386,
        0.7194008827209473
      ]
    },
    {
      "coordinates": [
        113,
        17
      ],
      "magnitude": 3.8740947246551514,
      "direction": [
        0.5499536395072937,
        0.8351951241493225
      ]
    },
    {
      "coordinates": [
        136,
        17
      ],
      "magnitude": 4.084256649017334,
      "direction": [
        0.3840061128139496,
        0.9233304858207703
      ]
    },
    {
      "coordinates": [
        159,
        17
      ],
      "magnitude": 4.208484649658203,
      "direction": [
        0.26561206579208374,
        0.9640799760818481
      ]
    },
    {
      "coordinates": [
        182,
        17
      ],
      "magnitude": 4.076478481292725,
      "direction": [
        0.1346437633037567,
        0.9908941388130188
      ]
    },
    {
      "coordinates": [
        205,
        17
      ],
      "magnitude": 3.243701219558716,
      "direction": [
        0.032657478004693985,
        0.999466598033905
      ]
    },
    {
      "coordinates": [
        227,
        17
      ],
      "magnitude": 2.208359479904175,
      "direction": [
        0.009074031375348568,
        0.999958872795105
      ]
    },
    {
      "coordinates": [
        250,
        17
      ],
      "magnitude": 1.867268443107605,
      "direction": [
        -0.04565747082233429,
        0.9989571571350098
      ]
    },
    {
      "coordinates": [
        273,
        17
      ],
      "magnitude": 1.354325532913208,
      "direction": [
        0.07746784389019012,
        0.9969948530197144
      ]
    },
    {
      "coordinates": [
        296,
        17
      ],
      "magnitude": 0.9265727996826172,
      "direction": [
        0.17696663737297058,
        0.9842168688774109
      ]
    },
    {
      "coordinates": [
        319,
        17
      ],
      "magnitude": 0.7407758235931396,
      "direction": [
        0.5293423533439636,
        0.8484083414077759
      ]
    },
    {
      "coordinates": [
        0,
        34
      ],
      "magnitude": 2.972172737121582,
      "direction": [
        0.919242262840271,
        0.3936924338340759
      ]
    },
    {
      "coordinates": [
        22,
        34
      ],
      "magnitude": 3.0576629638671875,
      "direction": [
        0.8487541675567627,
        0.5287877321243286
      ]
    },
    {
      "coordinates": [
        45,
        34
      ],
      "magnitude": 3.246081590652466,
      "direction": [
        0.832044780254364,
        0.5547084808349609
      ]
    },
    {
      "coordinates": [
        68,
        34
      ],
      "magnitude": 3.5778567790985107,
      "direction": [
        0.7472925186157227,
        0.6644951701164246
      ]
    },
    {
      "coordinates": [
        91,
        34
      ],
      "magnitude": 3.5951192378997803,
      "direction": [
        0.6797044277191162,
        0.7334861159324646
      ]
    },
    {
      "coordinates": [
        113,
        34
      ],
      "magnitude": 4.0832343101501465,
      "direction": [
        0.5261096954345703,
        0.8504167795181274
      ]
    },
    {
      "coordinates": [
        136,
        34
      ],
      "magnitude": 4.489953517913818,
      "direction": [
        0.41672974824905396,
        0.9090304374694824
      ]
    },
    {
      "coordinates": [
        159,
        34
      ],
      "magnitude": 4.7353973388671875,
      "direction": [
        0.24373941123485565,
        0.9698407649993896
      ]
    },
    {
      "coordinates": [
        182,
        34
      ],
      "magnitude": 4.456643104553223,
      "direction": [
        0.08258846402168274,
        0.9965837597846985
      ]
    },
    {
      "coordinates": [
        205,
        34
      ],
      "magnitude": 3.335167646408081,
      "direction": [
        0.04658639058470726,
        0.9989141821861267
      ]
    },
    {
      "coordinates": [
        227,
        34
      ],
      "magnitude": 2.37432861328125,
      "direction": [
        -0.04489126801490784,
        0.9989919066429138
      ]
    },
    {
      "coordinates": [
        250,
        34
      ],
      "magnitude": 1.8706841468811035,
      "direction": [
        -0.1614340841770172,
        0.9868834614753723
      ]
    },
    {
      "coordinates": [
        273,
        34
      ],
      "magnitude": 1.2723242044448853,
      "direction": [
        -0.20798850059509277,
        0.9781312346458435
      ]
    },
    {
      "coordinates": [
        296,
        34
      ],
      "magnitude": 0.6949779987335205,
      "direction": [
        0.23562097549438477,
        0.9718450307846069
      ]
    },
    {
      "coordinates": [
        319,
        34
      ],
      "magnitude": 0.628718376159668,
      "direction": [
        0.41026321053504944,
        0.9119671583175659
      ]
    },
    {
      "coordinates": [
        0,
        51
      ],
      "magnitude": 3.197460651397705,
      "direction": [
        0.8872162103652954,
        0.46135377883911133
      ]
    },
    {
      "coordinates": [
        22,
        51
      ],
      "magnitude": 3.133099317550659,
      "direction": [
        0.8694015145301819,
        0.49410632252693176
      ]
    },
    {
      "coordinates": [
        45,
        51
      ],
      "magnitude": 3.3161909580230713,
      "direction": [
        0.7594180107116699,
        0.6506029963493347
      ]
    },
    {
      "coordinates": [
        68,
        51
      ],
      "magnitude": 3.5726754665374756,
      "direction": [
        0.6852136850357056,
        0.7283421158790588
      ]
    },
    {
      "coordinates": [
        91,
        51
      ],
      "magnitude": 3.4536147117614746,
      "direction": [
        0.5926779508590698,
        0.8054395318031311
      ]
    },
    {
      "coordinates": [
        113,
        51
      ],
      "magnitude": 3.988100528717041,
      "direction": [
        0.5099433660507202,
        0.8602079749107361
      ]
    },
    {
      "coordinates": [
        136,
        51
      ],
      "magnitude": 4.914393424987793,
      "direction": [
        0.41520512104034424,
        0.9097278118133545
      ]
    },
    {
      "coordinates": [
        159,
        51
      ],
      "magnitude": 5.3760833740234375,
      "direction": [
        0.22208550572395325,
        0.9750272035598755
      ]
    },
    {
      "coordinates": [
        182,
        51
      ],
      "magnitude": 4.935743808746338,
      "direction": [
        0.0877152606844902,
        0.9961456060409546
      ]
    },
    {
      "coordinates": [
        205,
        51
      ],
      "magnitude": 3.5832111835479736,
      "direction": [
        -0.04270738735795021,
        0.9990876317024231
      ]
    },
    {
      "coordinates": [
        227,
        51
      ],
      "magnitude": 2.4810004234313965,
      "direction": [
        -0.10600757598876953,
        0.9943653345108032
      ]
    },
    {
      "coordinates": [
        250,
        51
      ],
      "magnitude": 1.7941954135894775,
      "direction": [
        -0.021700866520404816,
        0.9997645020484924
      ]
    },
    {
      "coordinates": [
        273,
        51
      ],
      "magnitude": 1.2034268379211426,
      "direction": [
        0.24008095264434814,
        0.9707528948783875
      ]
    },
    {
      "coordinates": [
        296,
        51
      ],
      "magnitude": 0.4962974786758423,
      "direction": [
        0.04779927060008049,
        0.9988569617271423
      ]
    },
    {
      "coordinates": [
        319,
        51
      ],
      "magnitude": 0.6030607223510742,
      "direction": [
        0.40016645193099976,
        0.9164425134658813
      ]
    },
    {
      "coordinates": [
        0,
        68
      ],
      "magnitude": 2.8924689292907715,
      "direction": [
        0.8671330213546753,
        0.4980766475200653
      ]
    },
    {
      "coordinates": [
        22,
        68
      ],
      "magnitude": 3.1592328548431396,
      "direction": [
        0.8111292719841003,
        0.584867000579834
      ]
    },
    {
      "coordinates": [
        45,
        68
      ],
      "magnitude": 3.273111581802368,
      "direction": [
        0.719774067401886,
        0.6942083239555359
      ]
    },
    {
      "coordinates": [
        68,
        68
      ],
      "magnitude": 3.3244590759277344,
      "direction": [
        0.6161558032035828,
        0.7876242995262146
      ]
    },
    {
      "coordinates": [
        91,
        68
      ],
      "magnitude": 3.5413060188293457,
      "direction": [
        0.5614626407623291,
        0.8275020718574524
      ]
    },
    {
      "coordinates": [
        113,
        68
      ],
      "magnitude": 3.876005172729492,
      "direction": [
        0.47764885425567627,
        0.8785508871078491
      ]
    },
    {
      "coordinates": [
        136,
        68
      ],
      "magnitude": 4.987176895141602,
      "direction": [
        0.3281382620334625,
        0.9446296691894531
      ]
    },
    {
      "coordinates": [
        159,
        68
      ],
      "magnitude": 5.887081146240234,
      "direction": [
        0.191640704870224,
        0.9814651608467102
      ]
    },
    {
      "coordinates": [
        182,
        68
      ],
      "magnitude": 5.50653600692749,
      "direction": [
        0.046578824520111084,
        0.9989145994186401
      ]
    },
    {
      "coordinates": [
        205,
        68
      ],
      "magnitude": 3.7599122524261475,
      "direction": [
        -0.02723723277449608,
        0.9996289610862732
      ]
    },
    {
      "coordinates": [
        227,
        68
      ],
      "magnitude": 2.338059186935425,
      "direction": [
        -0.055114470422267914,
        0.9984800815582275
      ]
    },
    {
      "coordinates": [
        250,
        68
      ],
      "magnitude": 1.5969945192337036,
      "direction": [
        0.06868890672922134,
        0.9976381063461304
      ]
    },
    {
      "coordinates": [
        273,
        68
      ],
      "magnitude": 1.2313401699066162,
      "direction": [
        0.14461521804332733,
        0.9894880056381226
      ]
    },
    {
      "coordinates": [
        296,
        68
      ],
      "magnitude": 0.5659565925598145,
      "direction": [
        -0.0708899050951004,
        0.9974842071533203
      ]
    },
    {
      "coordinates": [
        319,
        68
      ],
      "magnitude": 0.30851444602012634,
      "direction": [
        0.715047299861908,
        0.6990760564804077
      ]
    },
    {
      "coordinates": [
        0,
        85
      ],
      "magnitude": 3.105849027633667,
      "direction": [
        0.8625298142433167,
        0.5060062408447266
      ]
    },
    {
      "coordinates": [
        22,
        85
      ],
      "magnitude": 3.138706922531128,
      "direction": [
        0.8342300653457642,
        0.5514165759086609
      ]
    },
    {
      "coordinates": [
        45,
        85
      ],
      "magnitude": 3.3288519382476807,
      "direction": [
        0.7356569766998291,
        0.6773543357849121
      ]
    },
    {
      "coordinates": [
        68,
        85
      ],
      "magnitude": 3.5511090755462646,
      "direction": [
        0.6181408166885376,
        0.7860673666000366
      ]
    },
    {
      "coordinates": [
        91,
        85
      ],
      "magnitude": 3.6205289363861084,
      "direction": [
        0.5522021651268005,
        0.833710253238678
      ]
    },
    {
      "coordinates": [
        113,
        85
      ],
      "magnitude": 4.050055027008057,
      "direction": [
        0.4093991219997406,
        0.9123554229736328
      ]
    },
    {
      "coordinates": [
        136,
        85
      ],
      "magnitude": 5.0168890953063965,
      "direction": [
        0.2603060007095337,
        0.9655262231826782
      ]
    },
    {
      "coordinates": [
        159,
        85
      ],
      "magnitude": 6.2777018547058105,
      "direction": [
        0.15123817324638367,
        0.9884973168373108
      ]
    },
    {
      "coordinates": [
        182,
        85
      ],
      "magnitude": 6.118969917297363,
      "direction": [
        0.04937995225191116,
        0.9987801313400269
      ]
    },
    {
      "coordinates": [
        205,
        85
      ],
      "magnitude": 3.7885780334472656,
      "direction": [
        -0.031939923763275146,
        0.9994897842407227
      ]
    },
    {
      "coordinates": [
        227,
        85
      ],
      "magnitude": 2.3111813068389893,
      "direction": [
        -0.06625702232122421,
        0.9978026151657104
      ]
    },
    {
      "coordinates": [
        250,
        85
      ],
      "magnitude": 1.4630210399627686,
      "direction": [
        0.1572844535112381,
        0.9875533580780029
      ]
    },
    {
      "coordinates": [
        273,
        85
      ],
      "magnitude": 1.3575960397720337,
      "direction": [
        0.15779384970664978,
        0.9874721169471741
      ]
    },
    {
      "coordinates": [
        296,
        85
      ],
      "magnitude": 0.6156638264656067,
      "direction": [
        0.5937777161598206,
        0.8046291470527649
      ]
    },
    {
      "coordinates": [
        319,
        85
      ],
      "magnitude": 0.38416609168052673,
      "direction": [
        0.9302945733070374,
        0.36681339144706726
      ]
    },
    {
      "coordinates": [
        0,
        102
      ],
      "magnitude": 2.6224966049194336,
      "direction": [
        0.7583539485931396,
        0.6518429517745972
      ]
    },
    {
      "coordinates": [
        22,
        102
      ],
      "magnitude": 2.3856680393218994,
      "direction": [
        0.6550376415252686,
        0.7555962204933167
      ]
    },
    {
      "coordinates": [
        45,
        102
      ],
      "magnitude": 2.7079219818115234,
      "direction": [
        0.6082631349563599,
        0.7937355041503906
      ]
    },
    {
      "coordinates": [
        68,
        102
      ],
      "magnitude": 3.3736767768859863,
      "direction": [
        0.5324122309684753,
        0.8464852571487427
      ]
    },
    {
      "coordinates": [
        91,
        102
      ],
      "magnitude": 3.6984424591064453,
      "direction": [
        0.4808507561683655,
        0.8768025040626526
      ]
    },
    {
      "coordinates": [
        113,
        102
      ],
      "magnitude": 4.241811275482178,
      "direction": [
        0.3525957465171814,
        0.9357757568359375
      ]
    },
    {
      "coordinates": [
        136,
        102
      ],
      "magnitude": 5.017398834228516,
      "direction": [
        0.25915002822875977,
        0.9658370614051819
      ]
    },
    {
      "coordinates": [
        159,
        102
      ],
      "magnitude": 6.934189796447754,
      "direction": [
        0.11728160828351974,
        0.9930986762046814
      ]
    },
    {
      "coordinates": [
        182,
        102
      ],
      "magnitude": 6.189096450805664,
      "direction": [
        0.09306280314922333,
        0.9956602454185486
      ]
    },
    {
      "coordinates": [
        205,
        102
      ],
      "magnitude": 4.1468939781188965,
      "direction": [
        0.00494897086173296,
        0.9999878406524658
      ]
    },
    {
      "coordinates": [
        227,
        102
      ],
      "magnitude": 2.2117578983306885,
      "direction": [
        -0.017987819388508797,
        0.9998381733894348
      ]
    },
    {
      "coordinates": [
        250,
        102
      ],
      "magnitude": 1.3011102676391602,
      "direction": [
        -0.12687429785728455,
        0.9919188022613525
      ]
    },
    {
      "coordinates": [
        273,
        102
      ],
      "magnitude": 1.1374471187591553,
      "direction": [
        0.24271225929260254,
        0.9700983166694641
      ]
    },
    {
      "coordinates": [
        296,
        102
      ],
      "magnitude": 0.6605849266052246,
      "direction": [
        0.7406185269355774,
        0.6719257831573486
      ]
    },
    {
      "coordinates": [
        319,
        102
      ],
      "magnitude": 0.5364826917648315,
      "direction": [
        0.9076540470123291,
        0.4197191894054413
      ]
    },
    {
      "coordinates": [
        0,
        119
      ],
      "magnitude": 2.178201198577881,
      "direction": [
        0.7444347143173218,
        0.6676952242851257
      ]
    },
    {
      "coordinates": [
        22,
        119
      ],
      "magnitude": 2.789822578430176,
      "direction": [
        0.6844819784164429,
        0.7290297150611877
      ]
    },
    {
      "coordinates": [
        45,
        119
      ],
      "magnitude": 2.6640048027038574,
      "direction": [
        0.6122981309890747,
        0.7906270027160645
      ]
    },
    {
      "coordinates": [
        68,
        119
      ],
      "magnitude": 3.1509897708892822,
      "direction": [
        0.4889865219593048,
        0.8722913861274719
      ]
    },
    {
      "coordinates": [
        91,
        119
      ],
      "magnitude": 3.622936725616455,
      "direction": [
        0.37492597103118896,
        0.927054762840271
      ]
    },
    {
      "coordinates": [
        113,
        119
      ],
      "magnitude": 4.20190954208374,
      "direction": [
        0.31574276089668274,
        0.9488447904586792
      ]
    },
    {
      "coordinates": [
        136,
        119
      ],
      "magnitude": 5.2362470626831055,
      "direction": [
        0.22168242931365967,
        0.9751189351081848
      ]
    },
    {
      "coordinates": [
        159,
        119
      ],
      "magnitude": 7.115206241607666,
      "direction": [
        0.12182396650314331,
        0.9925516843795776
      ]
    },
    {
      "coordinates": [
        182,
        119
      ],
      "magnitude": 6.562808990478516,
      "direction": [
        0.10348435491323471,
        0.9946310520172119
      ]
    },
    {
      "coordinates": [
        205,
        119
      ],
      "magnitude": 4.295053005218506,
      "direction": [
        0.10464632511138916,
        0.9945095181465149
      ]
    },
    {
      "coordinates": [
        227,
        119
      ],
      "magnitude": 2.356820821762085,
      "direction": [
        0.13393288850784302,
        0.990990400314331
      ]
    },
    {
      "coordinates": [
        250,
        119
      ],
      "magnitude": 1.2611405849456787,
      "direction": [
        0.17079640924930573,
        0.9853063821792603
      ]
    },
    {
      "coordinates": [
        273,
        119
      ],
      "magnitude": 0.8885976076126099,
      "direction": [
        0.23721885681152344,
        0.9714562296867371
      ]
    },
    {
      "coordinates": [
        296,
        119
      ],
      "magnitude": 0.7603084444999695,
      "direction": [
        0.8585771322250366,
        0.5126844048500061
      ]
    },
    {
      "coordinates": [
        319,
        119
      ],
      "magnitude": 0.5125610828399658,
      "direction": [
        0.850710928440094,
        0.5256338715553284
      ]
    },
    {
      "coordinates": [
        0,
        136
      ],
      "magnitude": 2.0411787033081055,
      "direction": [
        0.80229651927948,
        0.596925675868988
      ]
    },
    {
      "coordinates": [
        22,
        136
      ],
      "magnitude": 2.6772046089172363,
      "direction": [
        0.6912049651145935,
        0.7226588129997253
      ]
    },
    {
      "coordinates": [
        45,
        136
      ],
      "magnitude": 3.0294601917266846,
      "direction": [
        0.6105913519859314,
        0.7919458150863647
      ]
    },
    {
      "coordinates": [
        68,
        136
      ],
      "magnitude": 3.336697578430176,
      "direction": [
        0.40182098746299744,
        0.9157181978225708
      ]
    },
    {
      "coordinates": [
        91,
        136
      ],
      "magnitude": 3.5117175579071045,
      "direction": [
        0.4058590233325958,
        0.9139357209205627
      ]
    },
    {
      "coordinates": [
        113,
        136
      ],
      "magnitude": 4.479811668395996,
      "direction": [
        0.33647745847702026,
        0.941691517829895
      ]
    },
    {
      "coordinates": [
        136,
        136
      ],
      "magnitude": 5.798931121826172,
      "direction": [
        0.18394318222999573,
        0.9829368591308594
      ]
    },
    {
      "coordinates": [
        159,
        136
      ],
      "magnitude": 7.034008979797363,
      "direction": [
        0.14789347350597382,
        0.9890032410621643
      ]
    },
    {
      "coordinates": [
        182,
        136
      ],
      "magnitude": 6.542574882507324,
      "direction": [
        0.07907819002866745,
        0.996868371963501
      ]
    },
    {
      "coordinates": [
        205,
        136
      ],
      "magnitude": 4.504852294921875,
      "direction": [
        0.13992635905742645,
        0.9901618957519531
      ]
    },
    {
      "coordinates": [
        227,
        136
      ],
      "magnitude": 2.521497964859009,
      "direction": [
        0.20429661870002747,
        0.9789090156555176
      ]
    },
    {
      "coordinates": [
        250,
        136
      ],
      "magnitude": 1.3367470502853394,
      "direction": [
        0.181532621383667,
        0.9833848476409912
      ]
    },
    {
      "coordinates": [
        273,
        136
      ],
      "magnitude": 0.8191513419151306,
      "direction": [
        0.6880460381507874,
        0.7256670594215393
      ]
    },
    {
      "coordinates": [
        296,
        136
      ],
      "magnitude": 0.6490768790245056,
      "direction": [
        0.9065792560577393,
        0.4220356047153473
      ]
    },
    {
      "coordinates": [
        319,
        136
      ],
      "magnitude": 0.9242292046546936,
      "direction": [
        0.9577794671058655,
        0.28750380873680115
      ]
    },
    {
      "coordinates": [
        0,
        153
      ],
      "magnitude": 1.9531846046447754,
      "direction": [
        0.799177885055542,
        0.6010945439338684
      ]
    },
    {
      "coordinates": [
        22,
        153
      ],
      "magnitude": 2.2944929599761963,
      "direction": [
        0.5345731973648071,
        0.8451221585273743
      ]
    },
    {
      "coordinates": [
        45,
        153
      ],
      "magnitude": 3.0257022380828857,
      "direction": [
        0.43952101469039917,
        0.8982322812080383
      ]
    },
    {
      "coordinates": [
        68,
        153
      ],
      "magnitude": 3.1247942447662354,
      "direction": [
        0.4185810685157776,
        0.9081794619560242
      ]
    },
    {
      "coordinates": [
        91,
        153
      ],
      "magnitude": 3.4531402587890625,
      "direction": [
        0.3564276397228241,
        0.9343229532241821
      ]
    },
    {
      "coordinates": [
        113,
        153
      ],
      "magnitude": 4.208436012268066,
      "direction": [
        0.32825854420661926,
        0.9445879459381104
      ]
    },
    {
      "coordinates": [
        136,
        153
      ],
      "magnitude": 5.9905805587768555,
      "direction": [
        0.28238344192504883,
        0.9593016505241394
      ]
    },
    {
      "coordinates": [
        159,
        153
      ],
      "magnitude": 7.497293949127197,
      "direction": [
        0.14800111949443817,
        0.9889872074127197
      ]
    },
    {
      "coordinates": [
        182,
        153
      ],
      "magnitude": 6.8938093185424805,
      "direction": [
        0.1174313947558403,
        0.9930810332298279
      ]
    },
    {
      "coordinates": [
        205,
        153
      ],
      "magnitude": 4.384436130523682,
      "direction": [
        0.19208687543869019,
        0.9813780188560486
      ]
    },
    {
      "coordinates": [
        227,
        153
      ],
      "magnitude": 2.776583194732666,
      "direction": [
        0.1610431969165802,
        0.9869473576545715
      ]
    },
    {
      "coordinates": [
        250,
        153
      ],
      "magnitude": 1.4759082794189453,
      "direction": [
        0.4404667317867279,
        0.8977689146995544
      ]
    },
    {
      "coordinates": [
        273,
        153
      ],
      "magnitude": 0.9072049856185913,
      "direction": [
        0.8126002550125122,
        0.5828214883804321
      ]
    },
    {
      "coordinates": [
        296,
        153
      ],
      "magnitude": 0.8521308302879333,
      "direction": [
        0.9742333889007568,
        0.22554215788841248
      ]
    },
    {
      "coordinates": [
        319,
        153
      ],
      "magnitude": 1.2167304754257202,
      "direction": [
        0.9995234608650208,
        0.030868323519825935
      ]
    },
    {
      "coordinates": [
        0,
        170
      ],
      "magnitude": 1.8054087162017822,
      "direction": [
        0.500303328037262,
        0.8658502101898193
      ]
    },
    {
      "coordinates": [
        22,
        170
      ],
      "magnitude": 2.0037078857421875,
      "direction": [
        0.45636728405952454,
        0.8897914290428162
      ]
    },
    {
      "coordinates": [
        45,
        170
      ],
      "magnitude": 2.856193780899048,
      "direction": [
        0.3861575126647949,
        0.9224328398704529
      ]
    },
    {
      "coordinates": [
        68,
        170
      ],
      "magnitude": 3.217003107070923,
      "direction": [
        0.3830294907093048,
        0.9237361550331116
      ]
    },
    {
      "coordinates": [
        91,
        170
      ],
      "magnitude": 3.348452568054199,
      "direction": [
        0.4674519896507263,
        0.8840184807777405
      ]
    },
    {
      "coordinates": [
        113,
        170
      ],
      "magnitude": 4.232327938079834,
      "direction": [
        0.3075915575027466,
        0.9515184760093689
      ]
    },
    {
      "coordinates": [
        136,
        170
      ],
      "magnitude": 6.036563873291016,
      "direction": [
        0.25449138879776,
        0.9670751094818115
      ]
    },
    {
      "coordinates": [
        159,
        170
      ],
      "magnitude": 7.927784442901611,
      "direction": [
        0.15456774830818176,
        0.9879822134971619
      ]
    },
    {
      "coordinates": [
        182,
        170
      ],
      "magnitude": 6.710014820098877,
      "direction": [
        0.14316654205322266,
        0.9896986484527588
      ]
    },
    {
      "coordinates": [
        205,
        170
      ],
      "magnitude": 4.304610252380371,
      "direction": [
        0.16860149800777435,
        0.9856842756271362
      ]
    },
    {
      "coordinates": [
        227,
        170
      ],
      "magnitude": 2.7055680751800537,
      "direction": [
        0.3443627953529358,
        0.9388366937637329
      ]
    },
    {
      "coordinates": [
        250,
        170
      ],
      "magnitude": 1.7602702379226685,
      "direction": [
        0.6762910485267639,
        0.7366345524787903
      ]
    },
    {
      "coordinates": [
        273,
        170
      ],
      "magnitude": 0.9920880198478699,
      "direction": [
        0.8593733906745911,
        0.5113485455513
      ]
    },
    {
      "coordinates": [
        296,
        170
      ],
      "magnitude": 0.9979601502418518,
      "direction": [
        0.9993643164634705,
        -0.03564957529306412
      ]
    },
    {
      "coordinates": [
        319,
        170
      ],
      "magnitude": 1.2319812774658203,
      "direction": [
        0.9919025301933289,
        -0.12700119614601135
      ]
    },
    {
      "coordinates": [
        0,
        187
      ],
      "magnitude": 1.5640500783920288,
      "direction": [
        0.4004945755004883,
        0.9162991642951965
      ]
    },
    {
      "coordinates": [
        22,
        187
      ],
      "magnitude": 1.966080665588379,
      "direction": [
        0.3307753801345825,
        0.9437094926834106
      ]
    },
    {
      "coordinates": [
        45,
        187
      ],
      "magnitude": 2.5148606300354004,
      "direction": [
        0.13658319413661957,
        0.9906286597251892
      ]
    },
    {
      "coordinates": [
        68,
        187
      ],
      "magnitude": 2.7141168117523193,
      "direction": [
        0.2911771833896637,
        0.9566691517829895
      ]
    },
    {
      "coordinates": [
        91,
        187
      ],
      "magnitude": 3.082656145095825,
      "direction": [
        0.41293537616729736,
        0.9107603430747986
      ]
    },
    {
      "coordinates": [
        113,
        187
      ],
      "magnitude": 4.160175800323486,
      "direction": [
        0.4120076596736908,
        0.9111804366111755
      ]
    },
    {
      "coordinates": [
        136,
        187
      ],
      "magnitude": 6.141402244567871,
      "direction": [
        0.25121545791625977,
        0.9679311513900757
      ]
    },
    {
      "coordinates": [
        159,
        187
      ],
      "magnitude": 8.223010063171387,
      "direction": [
        0.20373094081878662,
        0.9790268540382385
      ]
    },
    {
      "coordinates": [
        182,
        187
      ],
      "magnitude": 7.0948286056518555,
      "direction": [
        0.17523831129074097,
        0.9845260381698608
      ]
    },
    {
      "coordinates": [
        205,
        187
      ],
      "magnitude": 4.503161430358887,
      "direction": [
        0.2624327540397644,
        0.9649502635002136
      ]
    },
    {
      "coordinates": [
        227,
        187
      ],
      "magnitude": 2.5637645721435547,
      "direction": [
        0.4150344729423523,
        0.9098057150840759
      ]
    },
    {
      "coordinates": [
        250,
        187
      ],
      "magnitude": 1.768405556678772,
      "direction": [
        0.6642935276031494,
        0.7474718689918518
      ]
    },
    {
      "coordinates": [
        273,
        187
      ],
      "magnitude": 1.381149411201477,
      "direction": [
        0.918792188167572,
        0.39474159479141235
      ]
    },
    {
      "coordinates": [
        296,
        187
      ],
      "magnitude": 1.2610421180725098,
      "direction": [
        0.99996417760849,
        -0.008465748280286789
      ]
    },
    {
      "coordinates": [
        319,
        187
      ],
      "magnitude": 1.3384957313537598,
      "direction": [
        0.9569292068481445,
        -0.2903212904930115
      ]
    },
    {
      "coordinates": [
        0,
        204
      ],
      "magnitude": 1.2095369100570679,
      "direction": [
        0.2845146954059601,
        0.9586716890335083
      ]
    },
    {
      "coordinates": [
        22,
        204
      ],
      "magnitude": 2.023486852645874,
      "direction": [
        0.21040117740631104,
        0.9776151180267334
      ]
    },
    {
      "coordinates": [
        45,
        204
      ],
      "magnitude": 2.4947009086608887,
      "direction": [
        0.10169003158807755,
        0.9948160648345947
      ]
    },
    {
      "coordinates": [
        68,
        204
      ],
      "magnitude": 2.43247127532959,
      "direction": [
        0.26668962836265564,
        0.9637824892997742
      ]
    },
    {
      "coordinates": [
        91,
        204
      ],
      "magnitude": 2.7971768379211426,
      "direction": [
        0.28703343868255615,
        0.9579205513000488
      ]
    },
    {
      "coordinates": [
        113,
        204
      ],
      "magnitude": 3.961404800415039,
      "direction": [
        0.21798190474510193,
        0.9759528040885925
      ]
    },
    {
      "coordinates": [
        136,
        204
      ],
      "magnitude": 5.866334438323975,
      "direction": [
        0.22215457260608673,
        0.9750114679336548
      ]
    },
    {
      "coordinates": [
        159,
        204
      ],
      "magnitude": 8.144330978393555,
      "direction": [
        0.1964520364999771,
        0.9805133938789368
      ]
    },
    {
      "coordinates": [
        182,
        204
      ],
      "magnitude": 7.526884078979492,
      "direction": [
        0.20687270164489746,
        0.9783678650856018
      ]
    },
    {
      "coordinates": [
        205,
        204
      ],
      "magnitude": 4.621353626251221,
      "direction": [
        0.32285961508750916,
        0.9464468359947205
      ]
    },
    {
      "coordinates": [
        227,
        204
      ],
      "magnitude": 2.6297974586486816,
      "direction": [
        0.5613488554954529,
        0.8275792598724365
      ]
    },
    {
      "coordinates": [
        250,
        204
      ],
      "magnitude": 1.962294101715088,
      "direction": [
        0.712744414806366,
        0.7014238238334656
      ]
    },
    {
      "coordinates": [
        273,
        204
      ],
      "magnitude": 1.5986130237579346,
      "direction": [
        0.9303142428398132,
        0.3667634129524231
      ]
    },
    {
      "coordinates": [
        296,
        204
      ],
      "magnitude": 1.5653258562088013,
      "direction": [
        0.999983012676239,
        0.005826584529131651
      ]
    },
    {
      "coordinates": [
        319,
        204
      ],
      "magnitude": 1.6394009590148926,
      "direction": [
        0.9447791576385498,
        -0.32770776748657227
      ]
    },
    {
      "coordinates": [
        0,
        221
      ],
      "magnitude": 1.3845820426940918,
      "direction": [
        -0.17360077798366547,
        0.9848160743713379
      ]
    },
    {
      "coordinates": [
        22,
        221
      ],
      "magnitude": 1.9120581150054932,
      "direction": [
        -0.07862132787704468,
        0.9969044923782349
      ]
    },
    {
      "coordinates": [
        45,
        221
      ],
      "magnitude": 2.3856585025787354,
      "direction": [
        0.07283922284841537,
        0.9973437190055847
      ]
    },
    {
      "coordinates": [
        68,
        221
      ],
      "magnitude": 2.059299945831299,
      "direction": [
        0.13649940490722656,
        0.9906401634216309
      ]
    },
    {
      "coordinates": [
        91,
        221
      ],
      "magnitude": 2.359731674194336,
      "direction": [
        0.2084754854440689,
        0.9780275225639343
      ]
    },
    {
      "coordinates": [
        113,
        221
      ],
      "magnitude": 3.6502251625061035,
      "direction": [
        0.3178100287914276,
        0.9481543898582458
      ]
    },
    {
      "coordinates": [
        136,
        221
      ],
      "magnitude": 5.562746047973633,
      "direction": [
        0.26774731278419495,
        0.9634891152381897
      ]
    },
    {
      "coordinates": [
        159,
        221
      ],
      "magnitude": 7.920260906219482,
      "direction": [
        0.23212715983390808,
        0.9726853966712952
      ]
    },
    {
      "coordinates": [
        182,
        221
      ],
      "magnitude": 7.196089744567871,
      "direction": [
        0.28167736530303955,
        0.9595091938972473
      ]
    },
    {
      "coordinates": [
        205,
        221
      ],
      "magnitude": 4.844930648803711,
      "direction": [
        0.44633206725120544,
        0.894867479801178
      ]
    },
    {
      "coordinates": [
        227,
        221
      ],
      "magnitude": 3.4717912673950195,
      "direction": [
        0.6363259553909302,
        0.7714203000068665
      ]
    },
    {
      "coordinates": [
        250,
        221
      ],
      "magnitude": 2.4513773918151855,
      "direction": [
        0.8215773701667786,
        0.5700970888137817
      ]
    },
    {
      "coordinates": [
        273,
        221
      ],
      "magnitude": 2.052957773208618,
      "direction": [
        0.957733690738678,
        0.2876562178134918
      ]
    },
    {
      "coordinates": [
        296,
        221
      ],
      "magnitude": 1.7916301488876343,
      "direction": [
        0.9984424114227295,
        -0.055791158229112625
      ]
    },
    {
      "coordinates": [
        319,
        221
      ],
      "magnitude": 1.7859002351760864,
      "direction": [
        0.9790254235267639,
        -0.2037382870912552
      ]
    },
    {
      "coordinates": [
        0,
        239
      ],
      "magnitude": 1.6070992946624756,
      "direction": [
        -0.35344627499580383,
        0.935454785823822
      ]
    },
    {
      "coordinates": [
        22,
        239
      ],
      "magnitude": 1.9707728624343872,
      "direction": [
        -0.4246039390563965,
        0.9053791761398315
      ]
    },
    {
      "coordinates": [
        45,
        239
      ],
      "magnitude": 2.4065399169921875,
      "direction": [
        -0.2741833031177521,
        0.9616774320602417
      ]
    },
    {
      "coordinates": [
        68,
        239
      ],
      "magnitude": 2.009046792984009,
      "direction": [
        -0.1620781570672989,
        0.9867778420448303
      ]
    },
    {
      "coordinates": [
        91,
        239
      ],
      "magnitude": 2.395927667617798,
      "direction": [
        0.15304051339626312,
        0.9882199168205261
      ]
    },
    {
      "coordinates": [
        113,
        239
      ],
      "magnitude": 2.966003656387329,
      "direction": [
        0.285684198141098,
        0.9583237171173096
      ]
    },
    {
      "coordinates": [
        136,
        239
      ],
      "magnitude": 5.541177272796631,
      "direction": [
        0.3250923454761505,
        0.9456822276115417
      ]
    },
    {
      "coordinates": [
        159,
        239
      ],
      "magnitude": 7.790974140167236,
      "direction": [
        0.2317429780960083,
        0.9727770686149597
      ]
    },
    {
      "coordinates": [
        182,
        239
      ],
      "magnitude": 7.275321960449219,
      "direction": [
        0.33458438515663147,
        0.942365825176239
      ]
    },
    {
      "coordinates": [
        205,
        239
      ],
      "magnitude": 5.396775722503662,
      "direction": [
        0.4605846703052521,
        0.8876157402992249
      ]
    },
    {
      "coordinates": [
        227,
        239
      ],
      "magnitude": 3.552640914916992,
      "direction": [
        0.7291022539138794,
        0.6844047904014587
      ]
    },
    {
      "coordinates": [
        250,
        239
      ],
      "magnitude": 2.914045810699463,
      "direction": [
        0.8439521789550781,
        0.5364183783531189
      ]
    },
    {
      "coordinates": [
        273,
        239
      ],
      "magnitude": 2.474714517593384,
      "direction": [
        0.9497056007385254,
        0.3131440281867981
      ]
    },
    {
      "coordinates": [
        296,
        239
      ],
      "magnitude": 2.137423276901245,
      "direction": [
        0.9997259378433228,
        -0.02340848185122013
      ]
    },
    {
      "coordinates": [
        319,
        239
      ],
      "magnitude": 1.878859519958496,
      "direction": [
        0.9772790670394897,
        -0.21195679903030396
      ]
    }
  ]
}