{
  "recording_timestamp": 1757347075.760619,
  "elapsed_time_s": 23.0,
  "fz": 1.980521,
  "peak_intensity": 0.302,
  "deformation_mesh": [
    {
      "coordinates": [
        0,
        0
      ],
      "magnitude": 1.7713901996612549,
      "direction": [
        0.09013001620769501,
        -0.995930016040802
      ]
    },
    {
      "coordinates": [
        22,
        0
      ],
      "magnitude": 2.0312559604644775,
      "direction": [
        0.1970597207546234,
        -0.9803914427757263
      ]
    },
    {
      "coordinates": [
        45,
        0
      ],
      "magnitude": 2.043872594833374,
      "direction": [
        0.21218514442443848,
        -0.9772294163703918
      ]
    },
    {
      "coordinates": [
        68,
        0
      ],
      "magnitude": 2.2847700119018555,
      "direction": [
        0.24921715259552002,
        -0.9684476256370544
      ]
    },
    {
      "coordinates": [
        91,
        0
      ],
      "magnitude": 2.132857322692871,
      "direction": [
        0.5197385549545288,
        -0.8543252944946289
      ]
    },
    {
      "coordinates": [
        113,
        0
      ],
      "magnitude": 2.0773048400878906,
      "direction": [
        0.6627622842788696,
        -0.7488298416137695
      ]
    },
    {
      "coordinates": [
        136,
        0
      ],
      "magnitude": 2.24662446975708,
      "direction": [
        0.7225901484489441,
        -0.6912766695022583
      ]
    },
    {
      "coordinates": [
        159,
        0
      ],
      "magnitude": 1.8126213550567627,
      "direction": [
        0.8373709321022034,
        -0.5466351509094238
      ]
    },
    {
      "coordinates": [
        182,
        0
      ],
      "magnitude": 1.996141791343689,
      "direction": [
        0.8562901020050049,
        -0.5164952278137207
      ]
    },
    {
      "coordinates": [
        205,
        0
      ],
      "magnitude": 2.255887031555176,
      "direction": [
        0.7853264808654785,
        -0.6190818548202515
      ]
    },
    {
      "coordinates": [
        227,
        0
      ],
      "magnitude": 2.382549285888672,
      "direction": [
        0.7936949133872986,
        -0.6083161234855652
      ]
    },
    {
      "coordinates": [
        250,
        0
      ],
      "magnitude": 2.8410043716430664,
      "direction": [
        0.8365809917449951,
        -0.5478432774543762
      ]
    },
    {
      "coordinates": [
        273,
        0
      ],
      "magnitude": 3.2016615867614746,
      "direction": [
        0.7949755787849426,
        -0.606641411781311
      ]
    },
    {
      "coordinates": [
        296,
        0
      ],
      "magnitude": 3.509244918823242,
      "direction": [
        0.7881779670715332,
        -0.615447461605072
      ]
    },
    {
      "coordinates": [
        319,
        0
      ],
      "magnitude": 3.40364408493042,
      "direction": [
        0.8138973712921143,
        -0.5810086727142334
      ]
    },
    {
      "coordinates": [
        0,
        17
      ],
      "magnitude": 2.0115866661071777,
      "direction": [
        -0.022975413128733635,
        -0.9997360706329346
      ]
    },
    {
      "coordinates": [
        22,
        17
      ],
      "magnitude": 2.284923553466797,
      "direction": [
        0.05789678171277046,
        -0.9983225464820862
      ]
    },
    {
      "coordinates": [
        45,
        17
      ],
      "magnitude": 2.3003289699554443,
      "direction": [
        0.06939332187175751,
        -0.9975894093513489
      ]
    },
    {
      "coordinates": [
        68,
        17
      ],
      "magnitude": 2.2145028114318848,
      "direction": [
        0.23920518159866333,
        -0.9709690809249878
      ]
    },
    {
      "coordinates": [
        91,
        17
      ],
      "magnitude": 2.5116426944732666,
      "direction": [
        0.41307297348976135,
        -0.9106979370117188
      ]
    },
    {
      "coordinates": [
        113,
        17
      ],
      "magnitude": 2.1340227127075195,
      "direction": [
        0.5365224480628967,
        -0.8438860774040222
      ]
    },
    {
      "coordinates": [
        136,
        17
      ],
      "magnitude": 2.0781803131103516,
      "direction": [
        0.724522590637207,
        -0.6892511248588562
      ]
    },
    {
      "coordinates": [
        159,
        17
      ],
      "magnitude": 1.8852286338806152,
      "direction": [
        0.8421986699104309,
        -0.5391673445701599
      ]
    },
    {
      "coordinates": [
        182,
        17
      ],
      "magnitude": 1.8544408082962036,
      "direction": [
        0.9549598097801208,
        -0.29673513770103455
      ]
    },
    {
      "coordinates": [
        205,
        17
      ],
      "magnitude": 2.2157773971557617,
      "direction": [
        0.8693943023681641,
        -0.49411898851394653
      ]
    },
    {
      "coordinates": [
        227,
        17
      ],
      "magnitude": 2.906775951385498,
      "direction": [
        0.8473789691925049,
        -0.5309885740280151
      ]
    },
    {
      "coordinates": [
        250,
        17
      ],
      "magnitude": 2.8869738578796387,
      "direction": [
        0.8242117166519165,
        -0.566281795501709
      ]
    },
    {
      "coordinates": [
        273,
        17
      ],
      "magnitude": 3.245798110961914,
      "direction": [
        0.8163626194000244,
        -0.5775396227836609
      ]
    },
    {
      "coordinates": [
        296,
        17
      ],
      "magnitude": 3.407764434814453,
      "direction": [
        0.8172560334205627,
        -0.5762746334075928
      ]
    },
    {
      "coordinates": [
        319,
        17
      ],
      "magnitude": 3.2692790031433105,
      "direction": [
        0.8880341649055481,
        -0.45977750420570374
      ]
    },
    {
      "coordinates": [
        0,
        34
      ],
      "magnitude": 2.2838547229766846,
      "direction": [
        -0.13683609664440155,
        -0.9905937910079956
      ]
    },
    {
      "coordinates": [
        22,
        34
      ],
      "magnitude": 2.5800559520721436,
      "direction": [
        -0.1352260559797287,
        -0.9908148050308228
      ]
    },
    {
      "coordinates": [
        45,
        34
      ],
      "magnitude": 2.727715253829956,
      "direction": [
        0.03327520936727524,
        -0.9994462728500366
      ]
    },
    {
      "coordinates": [
        68,
        34
      ],
      "magnitude": 2.4575822353363037,
      "direction": [
        0.1890936940908432,
        -0.9819591045379639
      ]
    },
    {
      "coordinates": [
        91,
        34
      ],
      "magnitude": 2.7556276321411133,
      "direction": [
        0.37252727150917053,
        -0.928021252155304
      ]
    },
    {
      "coordinates": [
        113,
        34
      ],
      "magnitude": 2.3859283924102783,
      "direction": [
        0.532519519329071,
        -0.8464177250862122
      ]
    },
    {
      "coordinates": [
        136,
        34
      ],
      "magnitude": 2.246342658996582,
      "direction": [
        0.750475287437439,
        -0.6608985066413879
      ]
    },
    {
      "coordinates": [
        159,
        34
      ],
      "magnitude": 2.0527093410491943,
      "direction": [
        0.9033990502357483,
        -0.4288007616996765
      ]
    },
    {
      "coordinates": [
        182,
        34
      ],
      "magnitude": 2.1992828845977783,
      "direction": [
        0.9320316910743713,
        -0.3623768985271454
      ]
    },
    {
      "coordinates": [
        205,
        34
      ],
      "magnitude": 2.6138839721679688,
      "direction": [
        0.8979613780975342,
        -0.44007423520088196
      ]
    },
    {
      "coordinates": [
        227,
        34
      ],
      "magnitude": 2.956096887588501,
      "direction": [
        0.8656483292579651,
        -0.500652551651001
      ]
    },
    {
      "coordinates": [
        250,
        34
      ],
      "magnitude": 3.177295684814453,
      "direction": [
        0.8568751215934753,
        -0.5155239701271057
      ]
    },
    {
      "coordinates": [
        273,
        34
      ],
      "magnitude": 3.097073554992676,
      "direction": [
        0.8327957987785339,
        -0.5535802841186523
      ]
    },
    {
      "coordinates": [
        296,
        34
      ],
      "magnitude": 3.6924400329589844,
      "direction": [
        0.836530864238739,
        -0.5479198098182678
      ]
    },
    {
      "coordinates": [
        319,
        34
      ],
      "magnitude": 3.4166347980499268,
      "direction": [
        0.8848791122436523,
        -0.46582067012786865
      ]
    },
    {
      "coordinates": [
        0,
        51
      ],
      "magnitude": 2.228532314300537,
      "direction": [
        -0.31122562289237976,
        -0.9503360390663147
      ]
    },
    {
      "coordinates": [
        22,
        51
      ],
      "magnitude": 2.6584692001342773,
      "direction": [
        -0.23027290403842926,
        -0.9731260538101196
      ]
    },
    {
      "coordinates": [
        45,
        51
      ],
      "magnitude": 2.829883098602295,
      "direction": [
        -0.1116456463932991,
        -0.993748128414154
      ]
    },
    {
      "coordinates": [
        68,
        51
      ],
      "magnitude": 2.40071702003479,
      "direction": [
        0.06209161877632141,
        -0.998070478439331
      ]
    },
    {
      "coordinates": [
        91,
        51
      ],
      "magnitude": 2.727900505065918,
      "direction": [
        0.18339504301548004,
        -0.9830392599105835
      ]
    },
    {
      "coordinates": [
        113,
        51
      ],
      "magnitude": 2.616889715194702,
      "direction": [
        0.4206867814064026,
        -0.9072059988975525
      ]
    },
    {
      "coordinates": [
        136,
        51
      ],
      "magnitude": 2.490093946456909,
      "direction": [
        0.7591849565505981,
        -0.6508750319480896
      ]
    },
    {
      "coordinates": [
        159,
        51
      ],
      "magnitude": 2.223201036453247,
      "direction": [
        0.8958194255828857,
        -0.4444182515144348
      ]
    },
    {
      "coordinates": [
        182,
        51
      ],
      "magnitude": 2.6854019165039062,
      "direction": [
        0.9537235498428345,
        -0.30068492889404297
      ]
    },
    {
      "coordinates": [
        205,
        51
      ],
      "magnitude": 2.8985259532928467,
      "direction": [
        0.899780809879303,
        -0.43634217977523804
      ]
    },
    {
      "coordinates": [
        227,
        51
      ],
      "magnitude": 3.1540286540985107,
      "direction": [
        0.8489596247673035,
        -0.5284576416015625
      ]
    },
    {
      "coordinates": [
        250,
        51
      ],
      "magnitude": 3.808927536010742,
      "direction": [
        0.8832272291183472,
        -0.4689452350139618
      ]
    },
    {
      "coordinates": [
        273,
        51
      ],
      "magnitude": 3.8286995887756348,
      "direction": [
        0.8600688576698303,
        -0.5101779103279114
      ]
    },
    {
      "coordinates": [
        296,
        51
      ],
      "magnitude": 3.902711868286133,
      "direction": [
        0.8703135251998901,
        -0.49249809980392456
      ]
    },
    {
      "coordinates": [
        319,
        51
      ],
      "magnitude": 3.891843318939209,
      "direction": [
        0.9073024988174438,
        -0.4204786717891693
      ]
    },
    {
      "coordinates": [
        0,
        68
      ],
      "magnitude": 2.758394241333008,
      "direction": [
        -0.5590769648551941,
        -0.8291158080101013
      ]
    },
    {
      "coordinates": [
        22,
        68
      ],
      "magnitude": 2.9912664890289307,
      "direction": [
        -0.4994151294231415,
        -0.8663628101348877
      ]
    },
    {
      "coordinates": [
        45,
        68
      ],
      "magnitude": 3.059420108795166,
      "direction": [
        -0.3046444356441498,
        -0.9524662494659424
      ]
    },
    {
      "coordinates": [
        68,
        68
      ],
      "magnitude": 3.1598711013793945,
      "direction": [
        -0.22126832604408264,
        -0.9752129912376404
      ]
    },
    {
      "coordinates": [
        91,
        68
      ],
      "magnitude": 3.1708061695098877,
      "direction": [
        -0.03772268444299698,
        -0.9992882609367371
      ]
    },
    {
      "coordinates": [
        113,
        68
      ],
      "magnitude": 3.022634267807007,
      "direction": [
        0.31377577781677246,
        -0.9494971036911011
      ]
    },
    {
      "coordinates": [
        136,
        68
      ],
      "magnitude": 2.1797378063201904,
      "direction": [
        0.6836456656455994,
        -0.7298141121864319
      ]
    },
    {
      "coordinates": [
        159,
        68
      ],
      "magnitude": 1.8216007947921753,
      "direction": [
        0.9270334839820862,
        -0.37497851252555847
      ]
    },
    {
      "coordinates": [
        182,
        68
      ],
      "magnitude": 3.3185975551605225,
      "direction": [
        0.9856851696968079,
        -0.1685965359210968
      ]
    },
    {
      "coordinates": [
        205,
        68
      ],
      "magnitude": 3.445549249649048,
      "direction": [
        0.9294440746307373,
        -0.3689630925655365
      ]
    },
    {
      "coordinates": [
        227,
        68
      ],
      "magnitude": 3.916649341583252,
      "direction": [
        0.8423995971679688,
        -0.5388532876968384
      ]
    },
    {
      "coordinates": [
        250,
        68
      ],
      "magnitude": 4.367654800415039,
      "direction": [
        0.8789260387420654,
        -0.4769580364227295
      ]
    },
    {
      "coordinates": [
        273,
        68
      ],
      "magnitude": 4.084348678588867,
      "direction": [
        0.8751945495605469,
        -0.48377111554145813
      ]
    },
    {
      "coordinates": [
        296,
        68
      ],
      "magnitude": 4.0423054695129395,
      "direction": [
        0.881779134273529,
        -0.47166258096694946
      ]
    },
    {
      "coordinates": [
        319,
        68
      ],
      "magnitude": 4.269122123718262,
      "direction": [
        0.9019336104393005,
        -0.4318747818470001
      ]
    },
    {
      "coordinates": [
        0,
        85
      ],
      "magnitude": 3.2001898288726807,
      "direction": [
        -0.6814848780632019,
        -0.7318322062492371
      ]
    },
    {
      "coordinates": [
        22,
        85
      ],
      "magnitude": 3.9623336791992188,
      "direction": [
        -0.6643099784851074,
        -0.7474571466445923
      ]
    },
    {
      "coordinates": [
        45,
        85
      ],
      "magnitude": 3.8007254600524902,
      "direction": [
        -0.5118194222450256,
        -0.8590930104255676
      ]
    },
    {
      "coordinates": [
        68,
        85
      ],
      "magnitude": 3.4486169815063477,
      "direction": [
        -0.30898693203926086,
        -0.9510663151741028
      ]
    },
    {
      "coordinates": [
        91,
        85
      ],
      "magnitude": 3.2516660690307617,
      "direction": [
        -0.12027984112501144,
        -0.9927400350570679
      ]
    },
    {
      "coordinates": [
        113,
        85
      ],
      "magnitude": 2.9900383949279785,
      "direction": [
        0.2279188185930252,
        -0.9736801385879517
      ]
    },
    {
      "coordinates": [
        136,
        85
      ],
      "magnitude": 1.9721444845199585,
      "direction": [
        0.709929347038269,
        -0.7042729258537292
      ]
    },
    {
      "coordinates": [
        159,
        85
      ],
      "magnitude": 1.8459824323654175,
      "direction": [
        0.9995149374008179,
        0.031141139566898346
      ]
    },
    {
      "coordinates": [
        182,
        85
      ],
      "magnitude": 3.7152273654937744,
      "direction": [
        0.994672417640686,
        0.10308633744716644
      ]
    },
    {
      "coordinates": [
        205,
        85
      ],
      "magnitude": 3.826556444168091,
      "direction": [
        0.9432280659675598,
        -0.3321458101272583
      ]
    },
    {
      "coordinates": [
        227,
        85
      ],
      "magnitude": 4.729402542114258,
      "direction": [
        0.893729031085968,
        -0.4486072361469269
      ]
    },
    {
      "coordinates": [
        250,
        85
      ],
      "magnitude": 5.100492000579834,
      "direction": [
        0.8844439387321472,
        -0.46664634346961975
      ]
    },
    {
      "coordinates": [
        273,
        85
      ],
      "magnitude": 4.562082767486572,
      "direction": [
        0.9357678890228271,
        -0.3526166081428528
      ]
    },
    {
      "coordinates": [
        296,
        85
      ],
      "magnitude": 4.595646858215332,
      "direction": [
        0.9123269319534302,
        -0.40946266055107117
      ]
    },
    {
      "coordinates": [
        319,
        85
      ],
      "magnitude": 4.662349224090576,
      "direction": [
        0.9252380132675171,
        -0.37938717007637024
      ]
    },
    {
      "coordinates": [
        0,
        102
      ],
      "magnitude": 3.709892511367798,
      "direction": [
        -0.8643787503242493,
        -0.5028412938117981
      ]
    },
    {
      "coordinates": [
        22,
        102
      ],
      "magnitude": 4.5867719650268555,
      "direction": [
        -0.7773557901382446,
        -0.6290612816810608
      ]
    },
    {
      "coordinates": [
        45,
        102
      ],
      "magnitude": 4.314197540283203,
      "direction": [
        -0.695235013961792,
        -0.7187826037406921
      ]
    },
    {
      "coordinates": [
        68,
        102
      ],
      "magnitude": 3.493629217147827,
      "direction": [
        -0.4652583599090576,
        -0.8851748704910278
      ]
    },
    {
      "coordinates": [
        91,
        102
      ],
      "magnitude": 2.7392826080322266,
      "direction": [
        -0.2644852101802826,
        -0.9643897414207458
      ]
    },
    {
      "coordinates": [
        113,
        102
      ],
      "magnitude": 2.1372246742248535,
      "direction": [
        0.36806926131248474,
        -0.929798424243927
      ]
    },
    {
      "coordinates": [
        136,
        102
      ],
      "magnitude": 1.7544082403182983,
      "direction": [
        0.7552825808525085,
        -0.6553992629051208
      ]
    },
    {
      "coordinates": [
        159,
        102
      ],
      "magnitude": 2.2612674236297607,
      "direction": [
        0.8291276693344116,
        0.5590593218803406
      ]
    },
    {
      "coordinates": [
        182,
        102
      ],
      "magnitude": 4.453193187713623,
      "direction": [
        0.9826128482818604,
        0.18566656112670898
      ]
    },
    {
      "coordinates": [
        205,
        102
      ],
      "magnitude": 4.431164264678955,
      "direction": [
        0.983851969242096,
        -0.17898456752300262
      ]
    },
    {
      "coordinates": [
        227,
        102
      ],
      "magnitude": 5.202893257141113,
      "direction": [
        0.9108694791793823,
        -0.4126944839954376
      ]
    },
    {
      "coordinates": [
        250,
        102
      ],
      "magnitude": 5.277932167053223,
      "direction": [
        0.8917636275291443,
        -0.45250141620635986
      ]
    },
    {
      "coordinates": [
        273,
        102
      ],
      "magnitude": 5.35558557510376,
      "direction": [
        0.933915913105011,
        -0.3574928641319275
      ]
    },
    {
      "coordinates": [
        296,
        102
      ],
      "magnitude": 5.057183742523193,
      "direction": [
        0.9332305788993835,
        -0.35927799344062805
      ]
    },
    {
      "coordinates": [
        319,
        102
      ],
      "magnitude": 4.93977689743042,
      "direction": [
        0.9378595352172852,
        -0.3470149636268616
      ]
    },
    {
      "coordinates": [
        0,
        119
      ],
      "magnitude": 4.527018070220947,
      "direction": [
        -0.8921256065368652,
        -0.4517875611782074
      ]
    },
    {
      "coordinates": [
        22,
        119
      ],
      "magnitude": 4.1166582107543945,
      "direction": [
        -0.8864061236381531,
        -0.4629082679748535
      ]
    },
    {
      "coordinates": [
        45,
        119
      ],
      "magnitude": 4.277584552764893,
      "direction": [
        -0.7947038412094116,
        -0.6069974303245544
      ]
    },
    {
      "coordinates": [
        68,
        119
      ],
      "magnitude": 3.1799094676971436,
      "direction": [
        -0.660670816898346,
        -0.7506757378578186
      ]
    },
    {
      "coordinates": [
        91,
        119
      ],
      "magnitude": 1.9767202138900757,
      "direction": [
        -0.4361549913883209,
        -0.8998715877532959
      ]
    },
    {
      "coordinates": [
        113,
        119
      ],
      "magnitude": 1.6949752569198608,
      "direction": [
        0.27553731203079224,
        -0.9612903594970703
      ]
    },
    {
      "coordinates": [
        136,
        119
      ],
      "magnitude": 1.4214484691619873,
      "direction": [
        0.9679587483406067,
        -0.25110939145088196
      ]
    },
    {
      "coordinates": [
        159,
        119
      ],
      "magnitude": 2.920931100845337,
      "direction": [
        0.6937403082847595,
        0.7202252149581909
      ]
    },
    {
      "coordinates": [
        182,
        119
      ],
      "magnitude": 5.036917209625244,
      "direction": [
        0.927626371383667,
        0.37350961565971375
      ]
    },
    {
      "coordinates": [
        205,
        119
      ],
      "magnitude": 5.039337635040283,
      "direction": [
        0.999275267124176,
        0.03806571662425995
      ]
    },
    {
      "coordinates": [
        227,
        119
      ],
      "magnitude": 5.390023231506348,
      "direction": [
        0.9565134644508362,
        -0.29168814420700073
      ]
    },
    {
      "coordinates": [
        250,
        119
      ],
      "magnitude": 5.785520553588867,
      "direction": [
        0.9417745471000671,
        -0.33624500036239624
      ]
    },
    {
      "coordinates": [
        273,
        119
      ],
      "magnitude": 5.68927526473999,
      "direction": [
        0.9433602094650269,
        -0.3317701816558838
      ]
    },
    {
      "coordinates": [
        296,
        119
      ],
      "magnitude": 5.510080337524414,
      "direction": [
        0.9511290788650513,
        -0.30879366397857666
      ]
    },
    {
      "coordinates": [
        319,
        119
      ],
      "magnitude": 4.976058006286621,
      "direction": [
        0.9671986699104309,
        -0.25402116775512695
      ]
    },
    {
      "coordinates": [
        0,
        136
      ],
      "magnitude": 4.874895095825195,
      "direction": [
        -0.9503931999206543,
        -0.3110511302947998
      ]
    },
    {
      "coordinates": [
        22,
        136
      ],
      "magnitude": 4.388637065887451,
      "direction": [
        -0.9707431197166443,
        -0.24012048542499542
      ]
    },
    {
      "coordinates": [
        45,
        136
      ],
      "magnitude": 3.7791013717651367,
      "direction": [
        -0.9724368453025818,
        -0.23316629230976105
      ]
    },
    {
      "coordinates": [
        68,
        136
      ],
      "magnitude": 2.554236650466919,
      "direction": [
        -0.9323008060455322,
        -0.36168381571769714
      ]
    },
    {
      "coordinates": [
        91,
        136
      ],
      "magnitude": 1.2988356351852417,
      "direction": [
        -0.5455953478813171,
        -0.8380487561225891
      ]
    },
    {
      "coordinates": [
        113,
        136
      ],
      "magnitude": 0.9028481841087341,
      "direction": [
        0.9059700965881348,
        -0.42334169149398804
      ]
    },
    {
      "coordinates": [
        136,
        136
      ],
      "magnitude": 2.1709136962890625,
      "direction": [
        0.8697514533996582,
        0.49349018931388855
      ]
    },
    {
      "coordinates": [
        159,
        136
      ],
      "magnitude": 3.7387421131134033,
      "direction": [
        0.6659463047981262,
        0.7459997534751892
      ]
    },
    {
      "coordinates": [
        182,
        136
      ],
      "magnitude": 5.632905006408691,
      "direction": [
        0.8754787445068359,
        0.48325666785240173
      ]
    },
    {
      "coordinates": [
        205,
        136
      ],
      "magnitude": 5.511956691741943,
      "direction": [
        0.9847345352172852,
        0.17406322062015533
      ]
    },
    {
      "coordinates": [
        227,
        136
      ],
      "magnitude": 5.624159336090088,
      "direction": [
        0.9982558488845825,
        -0.05903683230280876
      ]
    },
    {
      "coordinates": [
        250,
        136
      ],
      "magnitude": 6.175852298736572,
      "direction": [
        0.979939341545105,
        -0.19929613173007965
      ]
    },
    {
      "coordinates": [
        273,
        136
      ],
      "magnitude": 6.357773780822754,
      "direction": [
        0.9732427597045898,
        -0.22977937757968903
      ]
    },
    {
      "coordinates": [
        296,
        136
      ],
      "magnitude": 5.9756245613098145,
      "direction": [
        0.9794751405715942,
        -0.2015649378299713
      ]
    },
    {
      "coordinates": [
        319,
        136
      ],
      "magnitude": 5.61746072769165,
      "direction": [
        0.9873076677322388,
        -0.1588192731142044
      ]
    },
    {
      "coordinates": [
        0,
        153
      ],
      "magnitude": 5.213937759399414,
      "direction": [
        -0.9999226331710815,
        -0.012439143843948841
      ]
    },
    {
      "coordinates": [
        22,
        153
      ],
      "magnitude": 4.817595958709717,
      "direction": [
        -0.999839186668396,
        0.017934175208210945
      ]
    },
    {
      "coordinates": [
        45,
        153
      ],
      "magnitude": 4.74630069732666,
      "direction": [
        -0.9889309406280518,
        0.14837676286697388
      ]
    },
    {
      "coordinates": [
        68,
        153
      ],
      "magnitude": 2.6922900676727295,
      "direction": [
        -0.941689133644104,
        0.3364843428134918
      ]
    },
    {
      "coordinates": [
        91,
        153
      ],
      "magnitude": 1.1841851472854614,
      "direction": [
        -0.8966647982597351,
        0.4427100121974945
      ]
    },
    {
      "coordinates": [
        113,
        153
      ],
      "magnitude": 1.1370784044265747,
      "direction": [
        0.555264949798584,
        0.8316735029220581
      ]
    },
    {
      "coordinates": [
        136,
        153
      ],
      "magnitude": 3.8645710945129395,
      "direction": [
        0.6119365692138672,
        0.7909067869186401
      ]
    },
    {
      "coordinates": [
        159,
        153
      ],
      "magnitude": 5.1497578620910645,
      "direction": [
        0.5280739068984985,
        0.8491984009742737
      ]
    },
    {
      "coordinates": [
        182,
        153
      ],
      "magnitude": 6.588847637176514,
      "direction": [
        0.7869957685470581,
        0.6169583201408386
      ]
    },
    {
      "coordinates": [
        205,
        153
      ],
      "magnitude": 6.136969089508057,
      "direction": [
        0.9415543079376221,
        0.3368610441684723
      ]
    },
    {
      "coordinates": [
        227,
        153
      ],
      "magnitude": 5.924582481384277,
      "direction": [
        0.9966483116149902,
        0.08180539309978485
      ]
    },
    {
      "coordinates": [
        250,
        153
      ],
      "magnitude": 6.829064846038818,
      "direction": [
        0.996505081653595,
        -0.0835326611995697
      ]
    },
    {
      "coordinates": [
        273,
        153
      ],
      "magnitude": 6.669928073883057,
      "direction": [
        0.9868476390838623,
        -0.16165292263031006
      ]
    },
    {
      "coordinates": [
        296,
        153
      ],
      "magnitude": 6.422054290771484,
      "direction": [
        0.9944076538085938,
        -0.10561000555753708
      ]
    },
    {
      "coordinates": [
        319,
        153
      ],
      "magnitude": 5.850811004638672,
      "direction": [
        0.9981103539466858,
        -0.06144784763455391
      ]
    },
    {
      "coordinates": [
        0,
        170
      ],
      "magnitude": 5.7018351554870605,
      "direction": [
        -0.9673609733581543,
        0.2534022331237793
      ]
    },
    {
      "coordinates": [
        22,
        170
      ],
      "magnitude": 5.618900775909424,
      "direction": [
        -0.9543616771697998,
        0.29865342378616333
      ]
    },
    {
      "coordinates": [
        45,
        170
      ],
      "magnitude": 5.36808967590332,
      "direction": [
        -0.9048767685890198,
        0.4256737530231476
      ]
    },
    {
      "coordinates": [
        68,
        170
      ],
      "magnitude": 3.4101550579071045,
      "direction": [
        -0.7381205558776855,
        0.6746687889099121
      ]
    },
    {
      "coordinates": [
        91,
        170
      ],
      "magnitude": 2.5651636123657227,
      "direction": [
        -0.6188682913780212,
        0.7854948043823242
      ]
    },
    {
      "coordinates": [
        113,
        170
      ],
      "magnitude": 3.2948529720306396,
      "direction": [
        0.026491913944482803,
        0.9996490478515625
      ]
    },
    {
      "coordinates": [
        136,
        170
      ],
      "magnitude": 5.079215049743652,
      "direction": [
        0.3943345248699188,
        0.9189669489860535
      ]
    },
    {
      "coordinates": [
        159,
        170
      ],
      "magnitude": 6.76107120513916,
      "direction": [
        0.3854345977306366,
        0.9227351546287537
      ]
    },
    {
      "coordinates": [
        182,
        170
      ],
      "magnitude": 7.801157474517822,
      "direction": [
        0.7672238945960999,
        0.6413794159889221
      ]
    },
    {
      "coordinates": [
        205,
        170
      ],
      "magnitude": 6.943761825561523,
      "direction": [
        0.9044154286384583,
        0.4266528785228729
      ]
    },
    {
      "coordinates": [
        227,
        170
      ],
      "magnitude": 6.990618705749512,
      "direction": [
        0.9796111583709717,
        0.20090270042419434
      ]
    },
    {
      "coordinates": [
        250,
        170
      ],
      "magnitude": 7.426703453063965,
      "direction": [
        0.998733401298523,
        0.05031498149037361
      ]
    },
    {
      "coordinates": [
        273,
        170
      ],
      "magnitude": 6.854966640472412,
      "direction": [
        0.998635470867157,
        -0.0522221140563488
      ]
    },
    {
      "coordinates": [
        296,
        170
      ],
      "magnitude": 6.511280536651611,
      "direction": [
        0.9985795617103577,
        -0.05328073725104332
      ]
    },
    {
      "coordinates": [
        319,
        170
      ],
      "magnitude": 5.984467506408691,
      "direction": [
        0.9999893307685852,
        -0.004618259146809578
      ]
    },
    {
      "coordinates": [
        0,
        187
      ],
      "magnitude": 6.203812599182129,
      "direction": [
        -0.9481374621391296,
        0.3178606629371643
      ]
    },
    {
      "coordinates": [
        22,
        187
      ],
      "magnitude": 6.481194019317627,
      "direction": [
        -0.9293923377990723,
        0.36909326910972595
      ]
    },
    {
      "coordinates": [
        45,
        187
      ],
      "magnitude": 6.40192985534668,
      "direction": [
        -0.8663069605827332,
        0.4995119571685791
      ]
    },
    {
      "coordinates": [
        68,
        187
      ],
      "magnitude": 4.893787860870361,
      "direction": [
        -0.6995391845703125,
        0.7145942449569702
      ]
    },
    {
      "coordinates": [
        91,
        187
      ],
      "magnitude": 4.163136005401611,
      "direction": [
        -0.4047960638999939,
        0.9144070148468018
      ]
    },
    {
      "coordinates": [
        113,
        187
      ],
      "magnitude": 4.743872165679932,
      "direction": [
        0.16345354914665222,
        0.9865509867668152
      ]
    },
    {
      "coordinates": [
        136,
        187
      ],
      "magnitude": 6.617652416229248,
      "direction": [
        0.2558271586894989,
        0.9667225480079651
      ]
    },
    {
      "coordinates": [
        159,
        187
      ],
      "magnitude": 8.852385520935059,
      "direction": [
        0.3309704661369324,
        0.9436410665512085
      ]
    },
    {
      "coordinates": [
        182,
        187
      ],
      "magnitude": 9.641623497009277,
      "direction": [
        0.6519495844841003,
        0.7582623362541199
      ]
    },
    {
      "coordinates": [
        205,
        187
      ],
      "magnitude": 7.8368120193481445,
      "direction": [
        0.795998215675354,
        0.6052988171577454
      ]
    },
    {
      "coordinates": [
        227,
        187
      ],
      "magnitude": 7.304905414581299,
      "direction": [
        0.9259164929389954,
        0.377728134393692
      ]
    },
    {
      "coordinates": [
        250,
        187
      ],
      "magnitude": 7.778515338897705,
      "direction": [
        0.9880154728889465,
        0.15435457229614258
      ]
    },
    {
      "coordinates": [
        273,
        187
      ],
      "magnitude": 7.2787065505981445,
      "direction": [
        0.9925335645675659,
        0.121971994638443
      ]
    },
    {
      "coordinates": [
        296,
        187
      ],
      "magnitude": 7.127721786499023,
      "direction": [
        0.9980698227882385,
        0.06210155785083771
      ]
    },
    {
      "coordinates": [
        319,
        187
      ],
      "magnitude": 6.33384895324707,
      "direction": [
        0.9979872703552246,
        0.06341411918401718
      ]
    },
    {
      "coordinates": [
        0,
        204
      ],
      "magnitude": 6.533571720123291,
      "direction": [
        -0.9192022681236267,
        0.3937857449054718
      ]
    },
    {
      "coordinates": [
        22,
        204
      ],
      "magnitude": 7.341483116149902,
      "direction": [
        -0.8498134016990662,
        0.527083694934845
      ]
    },
    {
      "coordinates": [
        45,
        204
      ],
      "magnitude": 7.491067409515381,
      "direction": [
        -0.7210807800292969,
        0.6928510069847107
      ]
    },
    {
      "coordinates": [
        68,
        204
      ],
      "magnitude": 6.051994323730469,
      "direction": [
        -0.5994946360588074,
        0.800378680229187
      ]
    },
    {
      "coordinates": [
        91,
        204
      ],
      "magnitude": 5.9831438064575195,
      "direction": [
        -0.3566887378692627,
        0.9342232942581177
      ]
    },
    {
      "coordinates": [
        113,
        204
      ],
      "magnitude": 6.62351655960083,
      "direction": [
        -0.10149137675762177,
        0.9948363900184631
      ]
    },
    {
      "coordinates": [
        136,
        204
      ],
      "magnitude": 8.359999656677246,
      "direction": [
        0.2116861641407013,
        0.977337658405304
      ]
    },
    {
      "coordinates": [
        159,
        204
      ],
      "magnitude": 11.471653938293457,
      "direction": [
        0.23705387115478516,
        0.9714964628219604
      ]
    },
    {
      "coordinates": [
        182,
        204
      ],
      "magnitude": 11.298715591430664,
      "direction": [
        0.5072554349899292,
        0.8617957234382629
      ]
    },
    {
      "coordinates": [
        205,
        204
      ],
      "magnitude": 9.23621940612793,
      "direction": [
        0.7460917830467224,
        0.66584312915802
      ]
    },
    {
      "coordinates": [
        227,
        204
      ],
      "magnitude": 8.323142051696777,
      "direction": [
        0.8482875823974609,
        0.5295357704162598
      ]
    },
    {
      "coordinates": [
        250,
        204
      ],
      "magnitude": 8.059727668762207,
      "direction": [
        0.9354502558708191,
        0.35345831513404846
      ]
    },
    {
      "coordinates": [
        273,
        204
      ],
      "magnitude": 7.841347694396973,
      "direction": [
        0.9718548655509949,
        0.23558059334754944
      ]
    },
    {
      "coordinates": [
        296,
        204
      ],
      "magnitude": 7.654178619384766,
      "direction": [
        0.9857615828514099,
        0.16814900934696198
      ]
    },
    {
      "coordinates": [
        319,
        204
      ],
      "magnitude": 6.474455833435059,
      "direction": [
        0.9954692125320435,
        0.0950843021273613
      ]
    },
    {
      "coordinates": [
        0,
        221
      ],
      "magnitude": 7.687475204467773,
      "direction": [
        -0.8404830098152161,
        0.5418378710746765
      ]
    },
    {
      "coordinates": [
        22,
        221
      ],
      "magnitude": 8.167635917663574,
      "direction": [
        -0.7771993279457092,
        0.6292545199394226
      ]
    },
    {
      "coordinates": [
        45,
        221
      ],
      "magnitude": 8.129387855529785,
      "direction": [
        -0.6024503707885742,
        0.7981563806533813
      ]
    },
    {
      "coordinates": [
        68,
        221
      ],
      "magnitude": 7.7859649658203125,
      "direction": [
        -0.48374080657958984,
        0.8752113580703735
      ]
    },
    {
      "coordinates": [
        91,
        221
      ],
      "magnitude": 7.737499237060547,
      "direction": [
        -0.2394653558731079,
        0.9709048867225647
      ]
    },
    {
      "coordinates": [
        113,
        221
      ],
      "magnitude": 8.18017292022705,
      "direction": [
        -0.08129597455263138,
        0.9966899752616882
      ]
    },
    {
      "coordinates": [
        136,
        221
      ],
      "magnitude": 10.488635063171387,
      "direction": [
        0.14553537964820862,
        0.9893531203269958
      ]
    },
    {
      "coordinates": [
        159,
        221
      ],
      "magnitude": 12.7378568649292,
      "direction": [
        0.22194983065128326,
        0.9750581383705139
      ]
    },
    {
      "coordinates": [
        182,
        221
      ],
      "magnitude": 13.12941837310791,
      "direction": [
        0.4582403004169464,
        0.8888283371925354
      ]
    },
    {
      "coordinates": [
        205,
        221
      ],
      "magnitude": 10.519304275512695,
      "direction": [
        0.6633023023605347,
        0.7483515739440918
      ]
    },
    {
      "coordinates": [
        227,
        221
      ],
      "magnitude": 9.44813346862793,
      "direction": [
        0.7967330813407898,
        0.6043313145637512
      ]
    },
    {
      "coordinates": [
        250,
        221
      ],
      "magnitude": 8.908421516418457,
      "direction": [
        0.8495795726776123,
        0.5274605751037598
      ]
    },
    {
      "coordinates": [
        273,
        221
      ],
      "magnitude": 8.873284339904785,
      "direction": [
        0.9300527572631836,
        0.36742597818374634
      ]
    },
    {
      "coordinates": [
        296,
        221
      ],
      "magnitude": 7.300352096557617,
      "direction": [
        0.9677595496177673,
        0.25187602639198303
      ]
    },
    {
      "coordinates": [
        319,
        221
      ],
      "magnitude": 6.491673469543457,
      "direction": [
        0.9797770380973816,
        0.20009218156337738
      ]
    },
    {
      "coordinates": [
        0,
        239
      ],
      "magnitude": 7.744814872741699,
      "direction": [
        -0.7718334197998047,
        0.6358247995376587
      ]
    },
    {
      "coordinates": [
        22,
        239
      ],
      "magnitude": 8.969602584838867,
      "direction": [
        -0.7013944387435913,
        0.712773323059082
      ]
    },
    {
      "coordinates": [
        45,
        239
      ],
      "magnitude": 9.483444213867188,
      "direction": [
        -0.5116280913352966,
        0.859207034111023
      ]
    },
    {
      "coordinates": [
        68,
        239
      ],
      "magnitude": 9.087039947509766,
      "direction": [
        -0.3973568379878998,
        0.9176641702651978
      ]
    },
    {
      "coordinates": [
        91,
        239
      ],
      "magnitude": 9.413896560668945,
      "direction": [
        -0.1816568374633789,
        0.9833619594573975
      ]
    },
    {
      "coordinates": [
        113,
        239
      ],
      "magnitude": 10.23511791229248,
      "direction": [
        -0.029496001079678535,
        0.9995648860931396
      ]
    },
    {
      "coordinates": [
        136,
        239
      ],
      "magnitude": 12.341540336608887,
      "direction": [
        0.13170237839221954,
        0.9912893176078796
      ]
    },
    {
      "coordinates": [
        159,
        239
      ],
      "magnitude": 15.15338134765625,
      "direction": [
        0.18289947509765625,
        0.9831315875053406
      ]
    },
    {
      "coordinates": [
        182,
        239
      ],
      "magnitude": 14.345755577087402,
      "direction": [
        0.4160611629486084,
        0.9093366265296936
      ]
    },
    {
      "coordinates": [
        205,
        239
      ],
      "magnitude": 12.059173583984375,
      "direction": [
        0.5517328381538391,
        0.8340209126472473
      ]
    },
    {
      "coordinates": [
        227,
        239
      ],
      "magnitude": 10.431833267211914,
      "direction": [
        0.7233932614326477,
        0.6904361844062805
      ]
    },
    {
      "coordinates": [
        250,
        239
      ],
      "magnitude": 9.512215614318848,
      "direction": [
        0.8029630780220032,
        0.5960286855697632
      ]
    },
    {
      "coordinates": [
        273,
        239
      ],
      "magnitude": 8.834774017333984,
      "direction": [
        0.8999397158622742,
        0.43601441383361816
      ]
    },
    {
      "coordinates": [
        296,
        239
      ],
      "magnitude": 7.53993558883667,
      "direction": [
        0.9501734375953674,
        0.3117218017578125
      ]
    },
    {
      "coordinates": [
        319,
        239
      ],
      "magnitude": 6.400435447692871,
      "direction": [
        0.9795991778373718,
        0.20096123218536377
      ]
    }
  ],
  "shear_mesh": [
    {
      "coordinates": [
        0,
        0
      ],
      "magnitude": 2.677316427230835,
      "direction": [
        0.8653611540794373,
        0.5011487603187561
      ]
    },
    {
      "coordinates": [
        22,
        0
      ],
      "magnitude": 2.9626412391662598,
      "direction": [
        0.8601564764976501,
        0.5100301504135132
      ]
    },
    {
      "coordinates": [
        45,
        0
      ],
      "magnitude": 3.0507113933563232,
      "direction": [
        0.7910730242729187,
        0.6117216944694519
      ]
    },
    {
      "coordinates": [
        68,
        0
      ],
      "magnitude": 3.0677199363708496,
      "direction": [
        0.7293063402175903,
        0.6841872334480286
      ]
    },
    {
      "coordinates": [
        91,
        0
      ],
      "magnitude": 3.2755532264709473,
      "direction": [
        0.6180044412612915,
        0.7861745953559875
      ]
    },
    {
      "coordinates": [
        113,
        0
      ],
      "magnitude": 3.6432857513427734,
      "direction": [
        0.5648342370986938,
        0.8252043724060059
      ]
    },
    {
      "coordinates": [
        136,
        0
      ],
      "magnitude": 3.612133502960205,
      "direction": [
        0.4379223883152008,
        0.8990128040313721
      ]
    },
    {
      "coordinates": [
        159,
        0
      ],
      "magnitude": 3.8295722007751465,
      "direction": [
        0.28458330035209656,
        0.9586513042449951
      ]
    },
    {
      "coordinates": [
        182,
        0
      ],
      "magnitude": 3.651442766189575,
      "direction": [
        0.179204523563385,
        0.9838118553161621
      ]
    },
    {
      "coordinates": [
        205,
        0
      ],
      "magnitude": 2.9634814262390137,
      "direction": [
        0.04297929257154465,
        0.9990759491920471
      ]
    },
    {
      "coordinates": [
        227,
        0
      ],
      "magnitude": 2.3606269359588623,
      "direction": [
        -0.05124909430742264,
        0.998685896396637
      ]
    },
    {
      "coordinates": [
        250,
        0
      ],
      "magnitude": 1.9219856262207031,
      "direction": [
        0.10012460500001907,
        0.9949749112129211
      ]
    },
    {
      "coordinates": [
        273,
        0
      ],
      "magnitude": 1.2489920854568481,
      "direction": [
        0.1899619996547699,
        0.9817914962768555
      ]
    },
    {
      "coordinates": [
        296,
        0
      ],
      "magnitude": 0.8203554153442383,
      "direction": [
        0.3795676827430725,
        0.925163984298706
      ]
    },
    {
      "coordinates": [
        319,
        0
      ],
      "magnitude": 0.7093331813812256,
      "direction": [
        0.49201154708862305,
        0.8705886602401733
      ]
    },
    {
      "coordinates": [
        0,
        17
      ],
      "magnitude": 2.6427016258239746,
      "direction": [
        0.8929811716079712,
        0.4500938951969147
      ]
    },
    {
      "coordinates": [
        22,
        17
      ],
      "magnitude": 3.0668745040893555,
      "direction": [
        0.8518549203872681,
        0.5237777829170227
      ]
    },
    {
      "coordinates": [
        45,
        17
      ],
      "magnitude": 3.1473755836486816,
      "direction": [
        0.7938432097434998,
        0.6081224083900452
      ]
    },
    {
      "coordinates": [
        68,
        17
      ],
      "magnitude": 3.2882769107818604,
      "direction": [
        0.710996687412262,
        0.7031953930854797
      ]
    },
    {
      "coordinates": [
        91,
        17
      ],
      "magnitude": 3.3578708171844482,
      "direction": [
        0.6429508924484253,
        0.7659074664115906
      ]
    },
    {
      "coordinates": [
        113,
        17
      ],
      "magnitude": 3.780151844024658,
      "direction": [
        0.5142425894737244,
        0.85764479637146
      ]
    },
    {
      "coordinates": [
        136,
        17
      ],
      "magnitude": 3.945680856704712,
      "direction": [
        0.38766035437583923,
        0.921802282333374
      ]
    },
    {
      "coordinates": [
        159,
        17
      ],
      "magnitude": 4.104842662811279,
      "direction": [
        0.22825868427753448,
        0.9736005067825317
      ]
    },
    {
      "coordinates": [
        182,
        17
      ],
      "magnitude": 4.007501602172852,
      "direction": [
        0.10954038798809052,
        0.9939823150634766
      ]
    },
    {
      "coordinates": [
        205,
        17
      ],
      "magnitude": 3.138502359390259,
      "direction": [
        0.02195638231933117,
        0.9997589588165283
      ]
    },
    {
      "coordinates": [
        227,
        17
      ],
      "magnitude": 2.339111328125,
      "direction": [
        0.0384172685444355,
        0.999261736869812
      ]
    },
    {
      "coordinates": [
        250,
        17
      ],
      "magnitude": 1.7792555093765259,
      "direction": [
        -0.0032943340484052896,
        0.9999945759773254
      ]
    },
    {
      "coordinates": [
        273,
        17
      ],
      "magnitude": 1.1820796728134155,
      "direction": [
        0.04061528295278549,
        0.9991748929023743
      ]
    },
    {
      "coordinates": [
        296,
        17
      ],
      "magnitude": 0.7541330456733704,
      "direction": [
        0.1254810243844986,
        0.9920960068702698
      ]
    },
    {
      "coordinates": [
        319,
        17
      ],
      "magnitude": 0.7389326095581055,
      "direction": [
        0.20419755578041077,
        0.9789297580718994
      ]
    },
    {
      "coordinates": [
        0,
        34
      ],
      "magnitude": 2.8540682792663574,
      "direction": [
        0.9094219207763672,
        0.4158746302127838
      ]
    },
    {
      "coordinates": [
        22,
        34
      ],
      "magnitude": 2.922149658203125,
      "direction": [
        0.849310040473938,
        0.5278943181037903
      ]
    },
    {
      "coordinates": [
        45,
        34
      ],
      "magnitude": 3.2396185398101807,
      "direction": [
        0.8092151284217834,
        0.5875123739242554
      ]
    },
    {
      "coordinates": [
        68,
        34
      ],
      "magnitude": 3.601917266845703,
      "direction": [
        0.7246745228767395,
        0.6890913844108582
      ]
    },
    {
      "coordinates": [
        91,
        34
      ],
      "magnitude": 3.5661537647247314,
      "direction": [
        0.6521977186203003,
        0.7580488920211792
      ]
    },
    {
      "coordinates": [
        113,
        34
      ],
      "magnitude": 4.0903849601745605,
      "direction": [
        0.5179823637008667,
        0.855391263961792
      ]
    },
    {
      "coordinates": [
        136,
        34
      ],
      "magnitude": 4.3648295402526855,
      "direction": [
        0.39034146070480347,
        0.9206700921058655
      ]
    },
    {
      "coordinates": [
        159,
        34
      ],
      "magnitude": 4.65093994140625,
      "direction": [
        0.22904282808303833,
        0.9734163284301758
      ]
    },
    {
      "coordinates": [
        182,
        34
      ],
      "magnitude": 4.33624267578125,
      "direction": [
        0.0865577980875969,
        0.996246874332428
      ]
    },
    {
      "coordinates": [
        205,
        34
      ],
      "magnitude": 3.297017812728882,
      "direction": [
        0.03560863435268402,
        0.9993658065795898
      ]
    },
    {
      "coordinates": [
        227,
        34
      ],
      "magnitude": 2.496645450592041,
      "direction": [
        -0.018623484298586845,
        0.9998265504837036
      ]
    },
    {
      "coordinates": [
        250,
        34
      ],
      "magnitude": 1.7894145250320435,
      "direction": [
        -0.11562497168779373,
        0.9932929277420044
      ]
    },
    {
      "coordinates": [
        273,
        34
      ],
      "magnitude": 1.2027989625930786,
      "direction": [
        -0.09998772293329239,
        0.9949886798858643
      ]
    },
    {
      "coordinates": [
        296,
        34
      ],
      "magnitude": 0.6744410395622253,
      "direction": [
        0.039496321231126785,
        0.9992197155952454
      ]
    },
    {
      "coordinates": [
        319,
        34
      ],
      "magnitude": 0.6503697037696838,
      "direction": [
        -0.04598299786448479,
        0.9989421963691711
      ]
    },
    {
      "coordinates": [
        0,
        51
      ],
      "magnitude": 3.084357976913452,
      "direction": [
        0.8798901438713074,
        0.4751770794391632
      ]
    },
    {
      "coordinates": [
        22,
        51
      ],
      "magnitude": 3.114211082458496,
      "direction": [
        0.8736621737480164,
        0.4865330159664154
      ]
    },
    {
      "coordinates": [
        45,
        51
      ],
      "magnitude": 3.210012435913086,
      "direction": [
        0.7766981720924377,
        0.6298729777336121
      ]
    },
    {
      "coordinates": [
        68,
        51
      ],
      "magnitude": 3.725344657897949,
      "direction": [
        0.6769911646842957,
        0.7359911203384399
      ]
    },
    {
      "coordinates": [
        91,
        51
      ],
      "magnitude": 3.6511619091033936,
      "direction": [
        0.578144371509552,
        0.8159345388412476
      ]
    },
    {
      "coordinates": [
        113,
        51
      ],
      "magnitude": 3.9489965438842773,
      "direction": [
        0.5023372769355774,
        0.8646717667579651
      ]
    },
    {
      "coordinates": [
        136,
        51
      ],
      "magnitude": 4.825258731842041,
      "direction": [
        0.42973068356513977,
        0.9029571413993835
      ]
    },
    {
      "coordinates": [
        159,
        51
      ],
      "magnitude": 5.267863750457764,
      "direction": [
        0.22764727473258972,
        0.9737436771392822
      ]
    },
    {
      "coordinates": [
        182,
        51
      ],
      "magnitude": 4.784884929656982,
      "direction": [
        0.07792153209447861,
        0.9969595074653625
      ]
    },
    {
      "coordinates": [
        205,
        51
      ],
      "magnitude": 3.4713993072509766,
      "direction": [
        -0.05821601673960686,
        0.998304009437561
      ]
    },
    {
      "coordinates": [
        227,
        51
      ],
      "magnitude": 2.4927563667297363,
      "direction": [
        -0.12183181941509247,
        0.9925507307052612
      ]
    },
    {
      "coordinates": [
        250,
        51
      ],
      "magnitude": 1.6870204210281372,
      "direction": [
        0.01435853447765112,
        0.9998968839645386
      ]
    },
    {
      "coordinates": [
        273,
        51
      ],
      "magnitude": 1.161872386932373,
      "direction": [
        0.24882835149765015,
        0.9685476422309875
      ]
    },
    {
      "coordinates": [
        296,
        51
      ],
      "magnitude": 0.6256048679351807,
      "direction": [
        0.08933832496404648,
        0.9960013031959534
      ]
    },
    {
      "coordinates": [
        319,
        51
      ],
      "magnitude": 0.6681751608848572,
      "direction": [
        0.34658098220825195,
        0.9380199909210205
      ]
    },
    {
      "coordinates": [
        0,
        68
      ],
      "magnitude": 2.696965456008911,
      "direction": [
        0.8902644515037537,
        0.4554440677165985
      ]
    },
    {
      "coordinates": [
        22,
        68
      ],
      "magnitude": 2.9354794025421143,
      "direction": [
        0.8063843250274658,
        0.591391921043396
      ]
    },
    {
      "coordinates": [
        45,
        68
      ],
      "magnitude": 3.1842525005340576,
      "direction": [
        0.730522096157074,
        0.6828890442848206
      ]
    },
    {
      "coordinates": [
        68,
        68
      ],
      "magnitude": 3.300812244415283,
      "direction": [
        0.5949604511260986,
        0.8037550449371338
      ]
    },
    {
      "coordinates": [
        91,
        68
      ],
      "magnitude": 3.683537721633911,
      "direction": [
        0.5261069536209106,
        0.8504184484481812
      ]
    },
    {
      "coordinates": [
        113,
        68
      ],
      "magnitude": 3.884662628173828,
      "direction": [
        0.4765833914279938,
        0.8791292905807495
      ]
    },
    {
      "coordinates": [
        136,
        68
      ],
      "magnitude": 4.793203353881836,
      "direction": [
        0.3162418603897095,
        0.9486785531044006
      ]
    },
    {
      "coordinates": [
        159,
        68
      ],
      "magnitude": 5.8363423347473145,
      "direction": [
        0.20039699971675873,
        0.9797147512435913
      ]
    },
    {
      "coordinates": [
        182,
        68
      ],
      "magnitude": 5.248791217803955,
      "direction": [
        0.0696021169424057,
        0.9975748658180237
      ]
    },
    {
      "coordinates": [
        205,
        68
      ],
      "magnitude": 3.6905956268310547,
      "direction": [
        -0.008955134078860283,
        0.9999599456787109
      ]
    },
    {
      "coordinates": [
        227,
        68
      ],
      "magnitude": 2.3050622940063477,
      "direction": [
        -0.07961510866880417,
        0.996825635433197
      ]
    },
    {
      "coordinates": [
        250,
        68
      ],
      "magnitude": 1.5961310863494873,
      "direction": [
        -0.00672185281291604,
        0.9999774694442749
      ]
    },
    {
      "coordinates": [
        273,
        68
      ],
      "magnitude": 1.101517677307129,
      "direction": [
        0.0956362709403038,
        0.9954163432121277
      ]
    },
    {
      "coordinates": [
        296,
        68
      ],
      "magnitude": 0.637664258480072,
      "direction": [
        0.008539658039808273,
        0.9999635219573975
      ]
    },
    {
      "coordinates": [
        319,
        68
      ],
      "magnitude": 0.51515793800354,
      "direction": [
        0.5914039015769958,
        0.8063755035400391
      ]
    },
    {
      "coordinates": [
        0,
        85
      ],
      "magnitude": 2.6801552772521973,
      "direction": [
        0.8446515202522278,
        0.535316526889801
      ]
    },
    {
      "coordinates": [
        22,
        85
      ],
      "magnitude": 2.5511200428009033,
      "direction": [
        0.7851841449737549,
        0.6192623376846313
      ]
    },
    {
      "coordinates": [
        45,
        85
      ],
      "magnitude": 2.9391896724700928,
      "direction": [
        0.6736111044883728,
        0.7390859723091125
      ]
    },
    {
      "coordinates": [
        68,
        85
      ],
      "magnitude": 3.442558526992798,
      "direction": [
        0.5730709433555603,
        0.8195057511329651
      ]
    },
    {
      "coordinates": [
        91,
        85
      ],
      "magnitude": 3.679006338119507,
      "direction": [
        0.5010355710983276,
        0.8654267191886902
      ]
    },
    {
      "coordinates": [
        113,
        85
      ],
      "magnitude": 3.908108711242676,
      "direction": [
        0.389302521944046,
        0.9211099147796631
      ]
    },
    {
      "coordinates": [
        136,
        85
      ],
      "magnitude": 4.973349094390869,
      "direction": [
        0.2794581949710846,
        0.9601578712463379
      ]
    },
    {
      "coordinates": [
        159,
        85
      ],
      "magnitude": 6.140914440155029,
      "direction": [
        0.18043825030326843,
        0.9835863709449768
      ]
    },
    {
      "coordinates": [
        182,
        85
      ],
      "magnitude": 5.9670281410217285,
      "direction": [
        0.06262712180614471,
        0.9980370402336121
      ]
    },
    {
      "coordinates": [
        205,
        85
      ],
      "magnitude": 3.776918411254883,
      "direction": [
        -0.024669954553246498,
        0.9996955990791321
      ]
    },
    {
      "coordinates": [
        227,
        85
      ],
      "magnitude": 2.2395894527435303,
      "direction": [
        -0.018224507570266724,
        0.9998339414596558
      ]
    },
    {
      "coordinates": [
        250,
        85
      ],
      "magnitude": 1.4841984510421753,
      "direction": [
        0.22642672061920166,
        0.9740282297134399
      ]
    },
    {
      "coordinates": [
        273,
        85
      ],
      "magnitude": 1.2751686573028564,
      "direction": [
        0.19582518935203552,
        0.980638861656189
      ]
    },
    {
      "coordinates": [
        296,
        85
      ],
      "magnitude": 0.6270326972007751,
      "direction": [
        0.6681735515594482,
        0.7440054416656494
      ]
    },
    {
      "coordinates": [
        319,
        85
      ],
      "magnitude": 0.5963562726974487,
      "direction": [
        0.9253923892974854,
        0.37901049852371216
      ]
    },
    {
      "coordinates": [
        0,
        102
      ],
      "magnitude": 2.4881746768951416,
      "direction": [
        0.7419165968894958,
        0.6704921722412109
      ]
    },
    {
      "coordinates": [
        22,
        102
      ],
      "magnitude": 2.307516574859619,
      "direction": [
        0.687604546546936,
        0.7260854244232178
      ]
    },
    {
      "coordinates": [
        45,
        102
      ],
      "magnitude": 2.6182191371917725,
      "direction": [
        0.5896077156066895,
        0.8076897859573364
      ]
    },
    {
      "coordinates": [
        68,
        102
      ],
      "magnitude": 3.181840658187866,
      "direction": [
        0.4861162304878235,
        0.8738941550254822
      ]
    },
    {
      "coordinates": [
        91,
        102
      ],
      "magnitude": 3.676861524581909,
      "direction": [
        0.4521814286708832,
        0.8919259905815125
      ]
    },
    {
      "coordinates": [
        113,
        102
      ],
      "magnitude": 4.1286163330078125,
      "direction": [
        0.3639051914215088,
        0.9314359426498413
      ]
    },
    {
      "coordinates": [
        136,
        102
      ],
      "magnitude": 4.945443630218506,
      "direction": [
        0.2665432095527649,
        0.9638230204582214
      ]
    },
    {
      "coordinates": [
        159,
        102
      ],
      "magnitude": 6.9767656326293945,
      "direction": [
        0.10811178386211395,
        0.9941387176513672
      ]
    },
    {
      "coordinates": [
        182,
        102
      ],
      "magnitude": 6.123730659484863,
      "direction": [
        0.10271716117858887,
        0.9947106242179871
      ]
    },
    {
      "coordinates": [
        205,
        102
      ],
      "magnitude": 4.030677318572998,
      "direction": [
        0.03669378533959389,
        0.9993265271186829
      ]
    },
    {
      "coordinates": [
        227,
        102
      ],
      "magnitude": 2.215132474899292,
      "direction": [
        0.06061316654086113,
        0.9981613159179688
      ]
    },
    {
      "coordinates": [
        250,
        102
      ],
      "magnitude": 1.2745108604431152,
      "direction": [
        0.012809309177100658,
        0.9999179840087891
      ]
    },
    {
      "coordinates": [
        273,
        102
      ],
      "magnitude": 1.0836893320083618,
      "direction": [
        0.3449169397354126,
        0.9386332035064697
      ]
    },
    {
      "coordinates": [
        296,
        102
      ],
      "magnitude": 0.7183711528778076,
      "direction": [
        0.8004382252693176,
        0.5994153022766113
      ]
    },
    {
      "coordinates": [
        319,
        102
      ],
      "magnitude": 0.6534850001335144,
      "direction": [
        0.9869495034217834,
        0.1610298901796341
      ]
    },
    {
      "coordinates": [
        0,
        119
      ],
      "magnitude": 2.1818060874938965,
      "direction": [
        0.7895586490631104,
        0.6136751174926758
      ]
    },
    {
      "coordinates": [
        22,
        119
      ],
      "magnitude": 2.8099992275238037,
      "direction": [
        0.7060427069664001,
        0.7081692814826965
      ]
    },
    {
      "coordinates": [
        45,
        119
      ],
      "magnitude": 2.694046974182129,
      "direction": [
        0.6026562452316284,
        0.7980008721351624
      ]
    },
    {
      "coordinates": [
        68,
        119
      ],
      "magnitude": 3.1546928882598877,
      "direction": [
        0.49375683069229126,
        0.8695999979972839
      ]
    },
    {
      "coordinates": [
        91,
        119
      ],
      "magnitude": 3.653226137161255,
      "direction": [
        0.3609611690044403,
        0.9325807690620422
      ]
    },
    {
      "coordinates": [
        113,
        119
      ],
      "magnitude": 4.026032447814941,
      "direction": [
        0.3063836097717285,
        0.9519081115722656
      ]
    },
    {
      "coordinates": [
        136,
        119
      ],
      "magnitude": 5.069155693054199,
      "direction": [
        0.218377485871315,
        0.9758643507957458
      ]
    },
    {
      "coordinates": [
        159,
        119
      ],
      "magnitude": 7.128344535827637,
      "direction": [
        0.1271744668483734,
        0.9918803572654724
      ]
    },
    {
      "coordinates": [
        182,
        119
      ],
      "magnitude": 6.3813676834106445,
      "direction": [
        0.11347313970327377,
        0.9935410618782043
      ]
    },
    {
      "coordinates": [
        205,
        119
      ],
      "magnitude": 4.279113292694092,
      "direction": [
        0.11665645241737366,
        0.9931723475456238
      ]
    },
    {
      "coordinates": [
        227,
        119
      ],
      "magnitude": 2.2939133644104004,
      "direction": [
        0.09702737629413605,
        0.9952816367149353
      ]
    },
    {
      "coordinates": [
        250,
        119
      ],
      "magnitude": 1.2913538217544556,
      "direction": [
        0.1773812472820282,
        0.9841422438621521
      ]
    },
    {
      "coordinates": [
        273,
        119
      ],
      "magnitude": 0.8695579171180725,
      "direction": [
        0.2479391098022461,
        0.9687756299972534
      ]
    },
    {
      "coordinates": [
        296,
        119
      ],
      "magnitude": 0.7590028643608093,
      "direction": [
        0.8866164684295654,
        0.4625053107738495
      ]
    },
    {
      "coordinates": [
        319,
        119
      ],
      "magnitude": 0.5082874894142151,
      "direction": [
        0.9197242259979248,
        0.392564982175827
      ]
    },
    {
      "coordinates": [
        0,
        136
      ],
      "magnitude": 1.8961498737335205,
      "direction": [
        0.8162834048271179,
        0.5776516199111938
      ]
    },
    {
      "coordinates": [
        22,
        136
      ],
      "magnitude": 2.5694756507873535,
      "direction": [
        0.6689439415931702,
        0.7433127760887146
      ]
    },
    {
      "coordinates": [
        45,
        136
      ],
      "magnitude": 3.078423023223877,
      "direction": [
        0.6304922103881836,
        0.7761955857276917
      ]
    },
    {
      "coordinates": [
        68,
        136
      ],
      "magnitude": 3.2621262073516846,
      "direction": [
        0.39427945017814636,
        0.9189906120300293
      ]
    },
    {
      "coordinates": [
        91,
        136
      ],
      "magnitude": 3.7498700618743896,
      "direction": [
        0.4163609445095062,
        0.9091994166374207
      ]
    },
    {
      "coordinates": [
        113,
        136
      ],
      "magnitude": 4.231245517730713,
      "direction": [
        0.39426904916763306,
        0.9189950823783875
      ]
    },
    {
      "coordinates": [
        136,
        136
      ],
      "magnitude": 5.524105072021484,
      "direction": [
        0.23481479287147522,
        0.9720401167869568
      ]
    },
    {
      "coordinates": [
        159,
        136
      ],
      "magnitude": 6.934513092041016,
      "direction": [
        0.15782327950000763,
        0.987467348575592
      ]
    },
    {
      "coordinates": [
        182,
        136
      ],
      "magnitude": 6.414205551147461,
      "direction": [
        0.11949025094509125,
        0.9928354024887085
      ]
    },
    {
      "coordinates": [
        205,
        136
      ],
      "magnitude": 4.502037525177002,
      "direction": [
        0.15573231875896454,
        0.9877992272377014
      ]
    },
    {
      "coordinates": [
        227,
        136
      ],
      "magnitude": 2.598510503768921,
      "direction": [
        0.19273722171783447,
        0.9812504053115845
      ]
    },
    {
      "coordinates": [
        250,
        136
      ],
      "magnitude": 1.3058818578720093,
      "direction": [
        0.248801589012146,
        0.9685544967651367
      ]
    },
    {
      "coordinates": [
        273,
        136
      ],
      "magnitude": 0.8462399840354919,
      "direction": [
        0.802469789981842,
        0.596692681312561
      ]
    },
    {
      "coordinates": [
        296,
        136
      ],
      "magnitude": 0.8246515393257141,
      "direction": [
        0.9654936194419861,
        0.26042652130126953
      ]
    },
    {
      "coordinates": [
        319,
        136
      ],
      "magnitude": 1.1122502088546753,
      "direction": [
        0.9453290104866028,
        0.3261183500289917
      ]
    },
    {
      "coordinates": [
        0,
        153
      ],
      "magnitude": 1.8857719898223877,
      "direction": [
        0.754830539226532,
        0.6559199094772339
      ]
    },
    {
      "coordinates": [
        22,
        153
      ],
      "magnitude": 2.276472330093384,
      "direction": [
        0.5876222848892212,
        0.8091353178024292
      ]
    },
    {
      "coordinates": [
        45,
        153
      ],
      "magnitude": 2.9492456912994385,
      "direction": [
        0.44113868474960327,
        0.8974390029907227
      ]
    },
    {
      "coordinates": [
        68,
        153
      ],
      "magnitude": 3.226810932159424,
      "direction": [
        0.449729859828949,
        0.8931646347045898
      ]
    },
    {
      "coordinates": [
        91,
        153
      ],
      "magnitude": 3.469642400741577,
      "direction": [
        0.4530393183231354,
        0.8914905786514282
      ]
    },
    {
      "coordinates": [
        113,
        153
      ],
      "magnitude": 4.191078186035156,
      "direction": [
        0.39653801918029785,
        0.9180183410644531
      ]
    },
    {
      "coordinates": [
        136,
        153
      ],
      "magnitude": 5.836529731750488,
      "direction": [
        0.28785941004753113,
        0.9576727151870728
      ]
    },
    {
      "coordinates": [
        159,
        153
      ],
      "magnitude": 7.280738353729248,
      "direction": [
        0.14600147306919098,
        0.9892843961715698
      ]
    },
    {
      "coordinates": [
        182,
        153
      ],
      "magnitude": 6.67231559753418,
      "direction": [
        0.11071936786174774,
        0.9938517212867737
      ]
    },
    {
      "coordinates": [
        205,
        153
      ],
      "magnitude": 4.442032337188721,
      "direction": [
        0.19611763954162598,
        0.9805803298950195
      ]
    },
    {
      "coordinates": [
        227,
        153
      ],
      "magnitude": 2.5881106853485107,
      "direction": [
        0.14281432330608368,
        0.989749550819397
      ]
    },
    {
      "coordinates": [
        250,
        153
      ],
      "magnitude": 1.440274953842163,
      "direction": [
        0.5523994565010071,
        0.8335795998573303
      ]
    },
    {
      "coordinates": [
        273,
        153
      ],
      "magnitude": 0.9003972411155701,
      "direction": [
        0.913582444190979,
        0.40665361285209656
      ]
    },
    {
      "coordinates": [
        296,
        153
      ],
      "magnitude": 0.9629612565040588,
      "direction": [
        0.968289852142334,
        0.24982950091362
      ]
    },
    {
      "coordinates": [
        319,
        153
      ],
      "magnitude": 1.1828267574310303,
      "direction": [
        0.9966163039207458,
        0.08219459652900696
      ]
    },
    {
      "coordinates": [
        0,
        170
      ],
      "magnitude": 1.7292853593826294,
      "direction": [
        0.6460357308387756,
        0.7633072137832642
      ]
    },
    {
      "coordinates": [
        22,
        170
      ],
      "magnitude": 2.091193675994873,
      "direction": [
        0.48281508684158325,
        0.8757222890853882
      ]
    },
    {
      "coordinates": [
        45,
        170
      ],
      "magnitude": 2.8592472076416016,
      "direction": [
        0.4072842001914978,
        0.9133014678955078
      ]
    },
    {
      "coordinates": [
        68,
        170
      ],
      "magnitude": 3.135629415512085,
      "direction": [
        0.4022987186908722,
        0.915508508682251
      ]
    },
    {
      "coordinates": [
        91,
        170
      ],
      "magnitude": 3.1861071586608887,
      "direction": [
        0.4554848074913025,
        0.8902435898780823
      ]
    },
    {
      "coordinates": [
        113,
        170
      ],
      "magnitude": 4.163322448730469,
      "direction": [
        0.2670055329799652,
        0.9636949300765991
      ]
    },
    {
      "coordinates": [
        136,
        170
      ],
      "magnitude": 5.842034339904785,
      "direction": [
        0.26362666487693787,
        0.96462482213974
      ]
    },
    {
      "coordinates": [
        159,
        170
      ],
      "magnitude": 7.820984840393066,
      "direction": [
        0.17330141365528107,
        0.9848688244819641
      ]
    },
    {
      "coordinates": [
        182,
        170
      ],
      "magnitude": 6.562262058258057,
      "direction": [
        0.156617671251297,
        0.9876593351364136
      ]
    },
    {
      "coordinates": [
        205,
        170
      ],
      "magnitude": 4.351970195770264,
      "direction": [
        0.2256358116865158,
        0.9742116928100586
      ]
    },
    {
      "coordinates": [
        227,
        170
      ],
      "magnitude": 2.703139305114746,
      "direction": [
        0.4075643718242645,
        0.9131764769554138
      ]
    },
    {
      "coordinates": [
        250,
        170
      ],
      "magnitude": 1.6505619287490845,
      "direction": [
        0.6993973255157471,
        0.7147330641746521
      ]
    },
    {
      "coordinates": [
        273,
        170
      ],
      "magnitude": 0.8340679407119751,
      "direction": [
        0.9374380707740784,
        0.34815195202827454
      ]
    },
    {
      "coordinates": [
        296,
        170
      ],
      "magnitude": 0.8545477986335754,
      "direction": [
        0.9984428882598877,
        0.05578422173857689
      ]
    },
    {
      "coordinates": [
        319,
        170
      ],
      "magnitude": 1.1311777830123901,
      "direction": [
        0.9972366094589233,
        -0.0742909237742424
      ]
    },
    {
      "coordinates": [
        0,
        187
      ],
      "magnitude": 1.4535865783691406,
      "direction": [
        0.5480971932411194,
        0.836414635181427
      ]
    },
    {
      "coordinates": [
        22,
        187
      ],
      "magnitude": 1.9175899028778076,
      "direction": [
        0.35331979393959045,
        0.9355026483535767
      ]
    },
    {
      "coordinates": [
        45,
        187
      ],
      "magnitude": 2.6081032752990723,
      "direction": [
        0.21390199661254883,
        0.9768550992012024
      ]
    },
    {
      "coordinates": [
        68,
        187
      ],
      "magnitude": 2.6268362998962402,
      "direction": [
        0.28302687406539917,
        0.9591119885444641
      ]
    },
    {
      "coordinates": [
        91,
        187
      ],
      "magnitude": 3.049516201019287,
      "direction": [
        0.3725028336048126,
        0.9280310273170471
      ]
    },
    {
      "coordinates": [
        113,
        187
      ],
      "magnitude": 4.1537957191467285,
      "direction": [
        0.4190811812877655,
        0.9079488515853882
      ]
    },
    {
      "coordinates": [
        136,
        187
      ],
      "magnitude": 5.884032249450684,
      "direction": [
        0.2821722626686096,
        0.9593636989593506
      ]
    },
    {
      "coordinates": [
        159,
        187
      ],
      "magnitude": 8.056743621826172,
      "direction": [
        0.20538844168186188,
        0.9786806106567383
      ]
    },
    {
      "coordinates": [
        182,
        187
      ],
      "magnitude": 6.9834089279174805,
      "direction": [
        0.1710905283689499,
        0.9852553009986877
      ]
    },
    {
      "coordinates": [
        205,
        187
      ],
      "magnitude": 4.462701320648193,
      "direction": [
        0.24336306750774384,
        0.9699352383613586
      ]
    },
    {
      "coordinates": [
        227,
        187
      ],
      "magnitude": 2.6058058738708496,
      "direction": [
        0.42965030670166016,
        0.9029954075813293
      ]
    },
    {
      "coordinates": [
        250,
        187
      ],
      "magnitude": 1.6654549837112427,
      "direction": [
        0.6917313933372498,
        0.7221547961235046
      ]
    },
    {
      "coordinates": [
        273,
        187
      ],
      "magnitude": 1.2655696868896484,
      "direction": [
        0.9276270270347595,
        0.37350791692733765
      ]
    },
    {
      "coordinates": [
        296,
        187
      ],
      "magnitude": 1.2044116258621216,
      "direction": [
        0.9950574040412903,
        -0.09930146485567093
      ]
    },
    {
      "coordinates": [
        319,
        187
      ],
      "magnitude": 1.4032248258590698,
      "direction": [
        0.9853085279464722,
        -0.17078375816345215
      ]
    },
    {
      "coordinates": [
        0,
        204
      ],
      "magnitude": 1.2210510969161987,
      "direction": [
        0.4042106568813324,
        0.914665937423706
      ]
    },
    {
      "coordinates": [
        22,
        204
      ],
      "magnitude": 1.9608948230743408,
      "direction": [
        0.20114828646183014,
        0.9795607924461365
      ]
    },
    {
      "coordinates": [
        45,
        204
      ],
      "magnitude": 2.7048919200897217,
      "direction": [
        0.03397137299180031,
        0.9994228482246399
      ]
    },
    {
      "coordinates": [
        68,
        204
      ],
      "magnitude": 2.37686824798584,
      "direction": [
        0.24540534615516663,
        0.9694205522537231
      ]
    },
    {
      "coordinates": [
        91,
        204
      ],
      "magnitude": 2.716191053390503,
      "direction": [
        0.23006393015384674,
        0.9731754660606384
      ]
    },
    {
      "coordinates": [
        113,
        204
      ],
      "magnitude": 3.5693132877349854,
      "direction": [
        0.18557223677635193,
        0.9826306104660034
      ]
    },
    {
      "coordinates": [
        136,
        204
      ],
      "magnitude": 5.835762977600098,
      "direction": [
        0.22368820011615753,
        0.9746607542037964
      ]
    },
    {
      "coordinates": [
        159,
        204
      ],
      "magnitude": 8.072588920593262,
      "direction": [
        0.18872857093811035,
        0.9820292592048645
      ]
    },
    {
      "coordinates": [
        182,
        204
      ],
      "magnitude": 7.464957237243652,
      "direction": [
        0.1590661257505417,
        0.9872679710388184
      ]
    },
    {
      "coordinates": [
        205,
        204
      ],
      "magnitude": 4.4474945068359375,
      "direction": [
        0.33521512150764465,
        0.9421416521072388
      ]
    },
    {
      "coordinates": [
        227,
        204
      ],
      "magnitude": 2.681373119354248,
      "direction": [
        0.5750561356544495,
        0.8181139826774597
      ]
    },
    {
      "coordinates": [
        250,
        204
      ],
      "magnitude": 1.9135401248931885,
      "direction": [
        0.7196056842803955,
        0.6943829655647278
      ]
    },
    {
      "coordinates": [
        273,
        204
      ],
      "magnitude": 1.519945740699768,
      "direction": [
        0.9469805359840393,
        0.32129088044166565
      ]
    },
    {
      "coordinates": [
        296,
        204
      ],
      "magnitude": 1.5046947002410889,
      "direction": [
        0.9934682250022888,
        -0.11410902440547943
      ]
    },
    {
      "coordinates": [
        319,
        204
      ],
      "magnitude": 1.583269715309143,
      "direction": [
        0.9756009578704834,
        -0.21955141425132751
      ]
    },
    {
      "coordinates": [
        0,
        221
      ],
      "magnitude": 1.3912124633789062,
      "direction": [
        -0.11230841279029846,
        0.9936733841896057
      ]
    },
    {
      "coordinates": [
        22,
        221
      ],
      "magnitude": 1.9153308868408203,
      "direction": [
        -0.051494844257831573,
        0.9986733198165894
      ]
    },
    {
      "coordinates": [
        45,
        221
      ],
      "magnitude": 2.44942307472229,
      "direction": [
        0.07630652189254761,
        0.9970844984054565
      ]
    },
    {
      "coordinates": [
        68,
        221
      ],
      "magnitude": 2.1170389652252197,
      "direction": [
        0.1565362513065338,
        0.9876722693443298
      ]
    },
    {
      "coordinates": [
        91,
        221
      ],
      "magnitude": 2.4265389442443848,
      "direction": [
        0.21977820992469788,
        0.9755498170852661
      ]
    },
    {
      "coordinates": [
        113,
        221
      ],
      "magnitude": 3.3526651859283447,
      "direction": [
        0.2828063666820526,
        0.9591770172119141
      ]
    },
    {
      "coordinates": [
        136,
        221
      ],
      "magnitude": 5.422781944274902,
      "direction": [
        0.23664797842502594,
        0.9715954661369324
      ]
    },
    {
      "coordinates": [
        159,
        221
      ],
      "magnitude": 7.9526896476745605,
      "direction": [
        0.2185688465833664,
        0.9758214950561523
      ]
    },
    {
      "coordinates": [
        182,
        221
      ],
      "magnitude": 7.329594135284424,
      "direction": [
        0.28452903032302856,
        0.9586674571037292
      ]
    },
    {
      "coordinates": [
        205,
        221
      ],
      "magnitude": 4.579460144042969,
      "direction": [
        0.4615643620491028,
        0.887106716632843
      ]
    },
    {
      "coordinates": [
        227,
        221
      ],
      "magnitude": 3.171786308288574,
      "direction": [
        0.6368924379348755,
        0.7709526419639587
      ]
    },
    {
      "coordinates": [
        250,
        221
      ],
      "magnitude": 2.6133532524108887,
      "direction": [
        0.7989268898963928,
        0.6014280319213867
      ]
    },
    {
      "coordinates": [
        273,
        221
      ],
      "magnitude": 1.9552249908447266,
      "direction": [
        0.9643738269805908,
        0.26454317569732666
      ]
    },
    {
      "coordinates": [
        296,
        221
      ],
      "magnitude": 1.5953532457351685,
      "direction": [
        0.9937596917152405,
        -0.11154229193925858
      ]
    },
    {
      "coordinates": [
        319,
        221
      ],
      "magnitude": 1.7449078559875488,
      "direction": [
        0.9833287596702576,
        -0.1818368136882782
      ]
    },
    {
      "coordinates": [
        0,
        239
      ],
      "magnitude": 1.609246850013733,
      "direction": [
        -0.2918582856655121,
        0.9564615488052368
      ]
    },
    {
      "coordinates": [
        22,
        239
      ],
      "magnitude": 1.9288548231124878,
      "direction": [
        -0.3579613268375397,
        0.9337363839149475
      ]
    },
    {
      "coordinates": [
        45,
        239
      ],
      "magnitude": 2.431262493133545,
      "direction": [
        -0.2263479232788086,
        0.9740464687347412
      ]
    },
    {
      "coordinates": [
        68,
        239
      ],
      "magnitude": 1.938602328300476,
      "direction": [
        -0.07493332028388977,
        0.9971885681152344
      ]
    },
    {
      "coordinates": [
        91,
        239
      ],
      "magnitude": 2.4803552627563477,
      "direction": [
        0.2186722457408905,
        0.9757984280586243
      ]
    },
    {
      "coordinates": [
        113,
        239
      ],
      "magnitude": 2.9214956760406494,
      "direction": [
        0.3243010342121124,
        0.9459539651870728
      ]
    },
    {
      "coordinates": [
        136,
        239
      ],
      "magnitude": 5.469302177429199,
      "direction": [
        0.31289908289909363,
        0.949786365032196
      ]
    },
    {
      "coordinates": [
        159,
        239
      ],
      "magnitude": 7.680777549743652,
      "direction": [
        0.20732758939266205,
        0.9782716035842896
      ]
    },
    {
      "coordinates": [
        182,
        239
      ],
      "magnitude": 7.156293869018555,
      "direction": [
        0.31840500235557556,
        0.9479547739028931
      ]
    },
    {
      "coordinates": [
        205,
        239
      ],
      "magnitude": 4.980667591094971,
      "direction": [
        0.46670591831207275,
        0.8844125270843506
      ]
    },
    {
      "coordinates": [
        227,
        239
      ],
      "magnitude": 3.366644859313965,
      "direction": [
        0.7083768248558044,
        0.7058344483375549
      ]
    },
    {
      "coordinates": [
        250,
        239
      ],
      "magnitude": 2.8017685413360596,
      "direction": [
        0.8278557062149048,
        0.5609411001205444
      ]
    },
    {
      "coordinates": [
        273,
        239
      ],
      "magnitude": 2.353952169418335,
      "direction": [
        0.9689730405807495,
        0.24716636538505554
      ]
    },
    {
      "coordinates": [
        296,
        239
      ],
      "magnitude": 2.159491539001465,
      "direction": [
        0.999818742275238,
        -0.01903907023370266
      ]
    },
    {
      "coordinates": [
        319,
        239
      ],
      "magnitude": 1.9519479274749756,
      "direction": [
        0.9645320773124695,
        -0.26396554708480835
      ]
    }
  ]
}