{
  "recording_timestamp": 1757347060.7383184,
  "elapsed_time_s": 8.0,
  "fz": 2.278422,
  "peak_intensity": 0.324,
  "deformation_mesh": [
    {
      "coordinates": [
        0,
        0
      ],
      "magnitude": 1.728428840637207,
      "direction": [
        0.02056502364575863,
        -0.9997885227203369
      ]
    },
    {
      "coordinates": [
        22,
        0
      ],
      "magnitude": 2.370743751525879,
      "direction": [
        0.33611804246902466,
        -0.9418199062347412
      ]
    },
    {
      "coordinates": [
        45,
        0
      ],
      "magnitude": 1.9587401151657104,
      "direction": [
        0.23452182114124298,
        -0.9721108675003052
      ]
    },
    {
      "coordinates": [
        68,
        0
      ],
      "magnitude": 2.1854169368743896,
      "direction": [
        0.3150145411491394,
        -0.9490869045257568
      ]
    },
    {
      "coordinates": [
        91,
        0
      ],
      "magnitude": 2.1807570457458496,
      "direction": [
        0.4713163375854492,
        -0.8819642066955566
      ]
    },
    {
      "coordinates": [
        113,
        0
      ],
      "magnitude": 2.2241921424865723,
      "direction": [
        0.7677359580993652,
        -0.6407663226127625
      ]
    },
    {
      "coordinates": [
        136,
        0
      ],
      "magnitude": 2.164628505706787,
      "direction": [
        0.8373435139656067,
        -0.5466771125793457
      ]
    },
    {
      "coordinates": [
        159,
        0
      ],
      "magnitude": 1.8371907472610474,
      "direction": [
        0.9391640424728394,
        -0.3434689939022064
      ]
    },
    {
      "coordinates": [
        182,
        0
      ],
      "magnitude": 1.9745769500732422,
      "direction": [
        0.897496223449707,
        -0.441022127866745
      ]
    },
    {
      "coordinates": [
        205,
        0
      ],
      "magnitude": 2.2397565841674805,
      "direction": [
        0.7519762516021729,
        -0.6591901183128357
      ]
    },
    {
      "coordinates": [
        227,
        0
      ],
      "magnitude": 2.189180850982666,
      "direction": [
        0.7587575912475586,
        -0.651373028755188
      ]
    },
    {
      "coordinates": [
        250,
        0
      ],
      "magnitude": 2.5682945251464844,
      "direction": [
        0.8153534531593323,
        -0.578963577747345
      ]
    },
    {
      "coordinates": [
        273,
        0
      ],
      "magnitude": 3.277562379837036,
      "direction": [
        0.8112974762916565,
        -0.584633469581604
      ]
    },
    {
      "coordinates": [
        296,
        0
      ],
      "magnitude": 3.3264191150665283,
      "direction": [
        0.7984476685523987,
        -0.6020642518997192
      ]
    },
    {
      "coordinates": [
        319,
        0
      ],
      "magnitude": 3.269243001937866,
      "direction": [
        0.8204994797706604,
        -0.5716473460197449
      ]
    },
    {
      "coordinates": [
        0,
        17
      ],
      "magnitude": 2.0400633811950684,
      "direction": [
        -0.08428478986024857,
        -0.9964417219161987
      ]
    },
    {
      "coordinates": [
        22,
        17
      ],
      "magnitude": 2.0057711601257324,
      "direction": [
        0.1354546993970871,
        -0.9907834529876709
      ]
    },
    {
      "coordinates": [
        45,
        17
      ],
      "magnitude": 1.9689801931381226,
      "direction": [
        0.12876617908477783,
        -0.9916750192642212
      ]
    },
    {
      "coordinates": [
        68,
        17
      ],
      "magnitude": 2.181251287460327,
      "direction": [
        0.2706649899482727,
        -0.9626736044883728
      ]
    },
    {
      "coordinates": [
        91,
        17
      ],
      "magnitude": 2.6325018405914307,
      "direction": [
        0.46761810779571533,
        -0.8839305639266968
      ]
    },
    {
      "coordinates": [
        113,
        17
      ],
      "magnitude": 2.1327943801879883,
      "direction": [
        0.7239647507667542,
        -0.6898369193077087
      ]
    },
    {
      "coordinates": [
        136,
        17
      ],
      "magnitude": 1.9278905391693115,
      "direction": [
        0.838975727558136,
        -0.5441688895225525
      ]
    },
    {
      "coordinates": [
        159,
        17
      ],
      "magnitude": 1.7837200164794922,
      "direction": [
        0.9426740407943726,
        -0.33371490240097046
      ]
    },
    {
      "coordinates": [
        182,
        17
      ],
      "magnitude": 1.9982678890228271,
      "direction": [
        0.9931420087814331,
        -0.11691402643918991
      ]
    },
    {
      "coordinates": [
        205,
        17
      ],
      "magnitude": 2.3246757984161377,
      "direction": [
        0.9058262705802917,
        -0.42364928126335144
      ]
    },
    {
      "coordinates": [
        227,
        17
      ],
      "magnitude": 2.5698890686035156,
      "direction": [
        0.8569629192352295,
        -0.5153781175613403
      ]
    },
    {
      "coordinates": [
        250,
        17
      ],
      "magnitude": 2.8436942100524902,
      "direction": [
        0.8290737271308899,
        -0.5591393113136292
      ]
    },
    {
      "coordinates": [
        273,
        17
      ],
      "magnitude": 3.2134008407592773,
      "direction": [
        0.8494036793708801,
        -0.5277436375617981
      ]
    },
    {
      "coordinates": [
        296,
        17
      ],
      "magnitude": 3.2591769695281982,
      "direction": [
        0.8435609936714172,
        -0.5370333790779114
      ]
    },
    {
      "coordinates": [
        319,
        17
      ],
      "magnitude": 3.185976266860962,
      "direction": [
        0.891969621181488,
        -0.4520953893661499
      ]
    },
    {
      "coordinates": [
        0,
        34
      ],
      "magnitude": 2.1737725734710693,
      "direction": [
        -0.257458359003067,
        -0.9662894010543823
      ]
    },
    {
      "coordinates": [
        22,
        34
      ],
      "magnitude": 2.369149684906006,
      "direction": [
        -0.14067430794239044,
        -0.9900559782981873
      ]
    },
    {
      "coordinates": [
        45,
        34
      ],
      "magnitude": 2.5478954315185547,
      "direction": [
        0.014300254173576832,
        -0.9998977184295654
      ]
    },
    {
      "coordinates": [
        68,
        34
      ],
      "magnitude": 2.452422618865967,
      "direction": [
        0.22027607262134552,
        -0.975437581539154
      ]
    },
    {
      "coordinates": [
        91,
        34
      ],
      "magnitude": 2.7158446311950684,
      "direction": [
        0.4120570123195648,
        -0.9111580848693848
      ]
    },
    {
      "coordinates": [
        113,
        34
      ],
      "magnitude": 2.296186923980713,
      "direction": [
        0.6476362943649292,
        -0.7619496583938599
      ]
    },
    {
      "coordinates": [
        136,
        34
      ],
      "magnitude": 2.303133964538574,
      "direction": [
        0.8697549700737,
        -0.49348393082618713
      ]
    },
    {
      "coordinates": [
        159,
        34
      ],
      "magnitude": 1.968879222869873,
      "direction": [
        0.9753843545913696,
        -0.22051173448562622
      ]
    },
    {
      "coordinates": [
        182,
        34
      ],
      "magnitude": 2.1152150630950928,
      "direction": [
        0.9915345907211304,
        -0.12984275817871094
      ]
    },
    {
      "coordinates": [
        205,
        34
      ],
      "magnitude": 2.513909101486206,
      "direction": [
        0.9258400201797485,
        -0.3779155910015106
      ]
    },
    {
      "coordinates": [
        227,
        34
      ],
      "magnitude": 2.710131883621216,
      "direction": [
        0.863280177116394,
        -0.50472491979599
      ]
    },
    {
      "coordinates": [
        250,
        34
      ],
      "magnitude": 3.089108467102051,
      "direction": [
        0.8633798360824585,
        -0.5045545101165771
      ]
    },
    {
      "coordinates": [
        273,
        34
      ],
      "magnitude": 2.9565656185150146,
      "direction": [
        0.8505668640136719,
        -0.5258669853210449
      ]
    },
    {
      "coordinates": [
        296,
        34
      ],
      "magnitude": 3.567385673522949,
      "direction": [
        0.8411021828651428,
        -0.5408762693405151
      ]
    },
    {
      "coordinates": [
        319,
        34
      ],
      "magnitude": 3.283663272857666,
      "direction": [
        0.8905175924301147,
        -0.4549487233161926
      ]
    },
    {
      "coordinates": [
        0,
        51
      ],
      "magnitude": 2.081545352935791,
      "direction": [
        -0.46159547567367554,
        -0.8870905041694641
      ]
    },
    {
      "coordinates": [
        22,
        51
      ],
      "magnitude": 2.43538761138916,
      "direction": [
        -0.3492198884487152,
        -0.9370408058166504
      ]
    },
    {
      "coordinates": [
        45,
        51
      ],
      "magnitude": 2.684448719024658,
      "direction": [
        -0.1972600370645523,
        -0.9803511500358582
      ]
    },
    {
      "coordinates": [
        68,
        51
      ],
      "magnitude": 2.564115524291992,
      "direction": [
        0.13210073113441467,
        -0.9912362694740295
      ]
    },
    {
      "coordinates": [
        91,
        51
      ],
      "magnitude": 2.689560890197754,
      "direction": [
        0.2661069929599762,
        -0.9639435410499573
      ]
    },
    {
      "coordinates": [
        113,
        51
      ],
      "magnitude": 2.3385744094848633,
      "direction": [
        0.5513391494750977,
        -0.8342811465263367
      ]
    },
    {
      "coordinates": [
        136,
        51
      ],
      "magnitude": 2.2099967002868652,
      "direction": [
        0.8678598999977112,
        -0.4968089759349823
      ]
    },
    {
      "coordinates": [
        159,
        51
      ],
      "magnitude": 2.0987448692321777,
      "direction": [
        0.9874718189239502,
        -0.1577957272529602
      ]
    },
    {
      "coordinates": [
        182,
        51
      ],
      "magnitude": 2.5460028648376465,
      "direction": [
        0.9945710897445679,
        -0.10405894368886948
      ]
    },
    {
      "coordinates": [
        205,
        51
      ],
      "magnitude": 2.669278860092163,
      "direction": [
        0.9216662645339966,
        -0.3879835605621338
      ]
    },
    {
      "coordinates": [
        227,
        51
      ],
      "magnitude": 2.9556164741516113,
      "direction": [
        0.8807882070541382,
        -0.47351041436195374
      ]
    },
    {
      "coordinates": [
        250,
        51
      ],
      "magnitude": 3.411461353302002,
      "direction": [
        0.9076886773109436,
        -0.41964420676231384
      ]
    },
    {
      "coordinates": [
        273,
        51
      ],
      "magnitude": 3.593212842941284,
      "direction": [
        0.8757390975952148,
        -0.48278456926345825
      ]
    },
    {
      "coordinates": [
        296,
        51
      ],
      "magnitude": 3.843698501586914,
      "direction": [
        0.8558046221733093,
        -0.5172991752624512
      ]
    },
    {
      "coordinates": [
        319,
        51
      ],
      "magnitude": 4.003171443939209,
      "direction": [
        0.9177765846252441,
        -0.39709708094596863
      ]
    },
    {
      "coordinates": [
        0,
        68
      ],
      "magnitude": 2.4922592639923096,
      "direction": [
        -0.6587172746658325,
        -0.7523905634880066
      ]
    },
    {
      "coordinates": [
        22,
        68
      ],
      "magnitude": 2.9125962257385254,
      "direction": [
        -0.5507288575172424,
        -0.8346841931343079
      ]
    },
    {
      "coordinates": [
        45,
        68
      ],
      "magnitude": 2.8933980464935303,
      "direction": [
        -0.3775555193424225,
        -0.9259869456291199
      ]
    },
    {
      "coordinates": [
        68,
        68
      ],
      "magnitude": 3.0162007808685303,
      "direction": [
        -0.20433621108531952,
        -0.9789007306098938
      ]
    },
    {
      "coordinates": [
        91,
        68
      ],
      "magnitude": 2.962766170501709,
      "direction": [
        0.08676277846097946,
        -0.9962289929389954
      ]
    },
    {
      "coordinates": [
        113,
        68
      ],
      "magnitude": 2.6869819164276123,
      "direction": [
        0.3684301972389221,
        -0.9296553730964661
      ]
    },
    {
      "coordinates": [
        136,
        68
      ],
      "magnitude": 1.8332761526107788,
      "direction": [
        0.8900854587554932,
        -0.45579370856285095
      ]
    },
    {
      "coordinates": [
        159,
        68
      ],
      "magnitude": 1.7519612312316895,
      "direction": [
        0.9987233877182007,
        -0.050513070076704025
      ]
    },
    {
      "coordinates": [
        182,
        68
      ],
      "magnitude": 3.224412441253662,
      "direction": [
        1.0,
        0.00033746095141395926
      ]
    },
    {
      "coordinates": [
        205,
        68
      ],
      "magnitude": 3.1738202571868896,
      "direction": [
        0.9522784948348999,
        -0.30523061752319336
      ]
    },
    {
      "coordinates": [
        227,
        68
      ],
      "magnitude": 3.68167781829834,
      "direction": [
        0.8890452980995178,
        -0.45781928300857544
      ]
    },
    {
      "coordinates": [
        250,
        68
      ],
      "magnitude": 4.117243766784668,
      "direction": [
        0.8937840461730957,
        -0.4484974145889282
      ]
    },
    {
      "coordinates": [
        273,
        68
      ],
      "magnitude": 3.918205976486206,
      "direction": [
        0.8915738463401794,
        -0.4528753459453583
      ]
    },
    {
      "coordinates": [
        296,
        68
      ],
      "magnitude": 4.050466537475586,
      "direction": [
        0.8701057434082031,
        -0.4928651452064514
      ]
    },
    {
      "coordinates": [
        319,
        68
      ],
      "magnitude": 4.200769424438477,
      "direction": [
        0.9012477397918701,
        -0.43330416083335876
      ]
    },
    {
      "coordinates": [
        0,
        85
      ],
      "magnitude": 3.04390811920166,
      "direction": [
        -0.7323198914527893,
        -0.6809607744216919
      ]
    },
    {
      "coordinates": [
        22,
        85
      ],
      "magnitude": 3.875382661819458,
      "direction": [
        -0.6967844367027283,
        -0.7172805666923523
      ]
    },
    {
      "coordinates": [
        45,
        85
      ],
      "magnitude": 3.4655351638793945,
      "direction": [
        -0.4779554307460785,
        -0.878383994102478
      ]
    },
    {
      "coordinates": [
        68,
        85
      ],
      "magnitude": 3.3559789657592773,
      "direction": [
        -0.2597421109676361,
        -0.9656780362129211
      ]
    },
    {
      "coordinates": [
        91,
        85
      ],
      "magnitude": 3.1125755310058594,
      "direction": [
        -0.11517775058746338,
        -0.9933449029922485
      ]
    },
    {
      "coordinates": [
        113,
        85
      ],
      "magnitude": 2.7916300296783447,
      "direction": [
        0.3722735345363617,
        -0.9281230568885803
      ]
    },
    {
      "coordinates": [
        136,
        85
      ],
      "magnitude": 1.5767254829406738,
      "direction": [
        0.8644692897796631,
        -0.5026856064796448
      ]
    },
    {
      "coordinates": [
        159,
        85
      ],
      "magnitude": 2.118234634399414,
      "direction": [
        0.9229034185409546,
        0.38503167033195496
      ]
    },
    {
      "coordinates": [
        182,
        85
      ],
      "magnitude": 3.8293850421905518,
      "direction": [
        0.9549568891525269,
        0.29674461483955383
      ]
    },
    {
      "coordinates": [
        205,
        85
      ],
      "magnitude": 3.693828821182251,
      "direction": [
        0.9683180451393127,
        -0.24972021579742432
      ]
    },
    {
      "coordinates": [
        227,
        85
      ],
      "magnitude": 4.571331024169922,
      "direction": [
        0.9075599312782288,
        -0.41992250084877014
      ]
    },
    {
      "coordinates": [
        250,
        85
      ],
      "magnitude": 4.860725402832031,
      "direction": [
        0.8952224254608154,
        -0.4456195533275604
      ]
    },
    {
      "coordinates": [
        273,
        85
      ],
      "magnitude": 4.1982421875,
      "direction": [
        0.9416267275810242,
        -0.3366588056087494
      ]
    },
    {
      "coordinates": [
        296,
        85
      ],
      "magnitude": 4.565650939941406,
      "direction": [
        0.9109213352203369,
        -0.41258007287979126
      ]
    },
    {
      "coordinates": [
        319,
        85
      ],
      "magnitude": 4.614860534667969,
      "direction": [
        0.9242808222770691,
        -0.38171321153640747
      ]
    },
    {
      "coordinates": [
        0,
        102
      ],
      "magnitude": 3.574878692626953,
      "direction": [
        -0.8741052746772766,
        -0.4857366383075714
      ]
    },
    {
      "coordinates": [
        22,
        102
      ],
      "magnitude": 4.586989879608154,
      "direction": [
        -0.8225275874137878,
        -0.5687252283096313
      ]
    },
    {
      "coordinates": [
        45,
        102
      ],
      "magnitude": 4.013610363006592,
      "direction": [
        -0.6582892537117004,
        -0.7527651190757751
      ]
    },
    {
      "coordinates": [
        68,
        102
      ],
      "magnitude": 3.364131212234497,
      "direction": [
        -0.39128363132476807,
        -0.9202701449394226
      ]
    },
    {
      "coordinates": [
        91,
        102
      ],
      "magnitude": 2.5869803428649902,
      "direction": [
        -0.1793919801712036,
        -0.983777642250061
      ]
    },
    {
      "coordinates": [
        113,
        102
      ],
      "magnitude": 1.92190682888031,
      "direction": [
        0.5609100461006165,
        -0.8278767466545105
      ]
    },
    {
      "coordinates": [
        136,
        102
      ],
      "magnitude": 1.5577620267868042,
      "direction": [
        0.972319483757019,
        -0.23365536332130432
      ]
    },
    {
      "coordinates": [
        159,
        102
      ],
      "magnitude": 2.9856841564178467,
      "direction": [
        0.7374323010444641,
        0.6754210591316223
      ]
    },
    {
      "coordinates": [
        182,
        102
      ],
      "magnitude": 4.850312232971191,
      "direction": [
        0.9333450198173523,
        0.35898056626319885
      ]
    },
    {
      "coordinates": [
        205,
        102
      ],
      "magnitude": 4.223808288574219,
      "direction": [
        0.9963711500167847,
        -0.08511467278003693
      ]
    },
    {
      "coordinates": [
        227,
        102
      ],
      "magnitude": 4.964817523956299,
      "direction": [
        0.9168882966041565,
        -0.3991438150405884
      ]
    },
    {
      "coordinates": [
        250,
        102
      ],
      "magnitude": 5.1181416511535645,
      "direction": [
        0.8990166187286377,
        -0.43791449069976807
      ]
    },
    {
      "coordinates": [
        273,
        102
      ],
      "magnitude": 5.063243389129639,
      "direction": [
        0.9409276843070984,
        -0.3386076092720032
      ]
    },
    {
      "coordinates": [
        296,
        102
      ],
      "magnitude": 4.953676223754883,
      "direction": [
        0.9366769790649414,
        -0.35019451379776
      ]
    },
    {
      "coordinates": [
        319,
        102
      ],
      "magnitude": 4.829967021942139,
      "direction": [
        0.94727623462677,
        -0.3204180598258972
      ]
    },
    {
      "coordinates": [
        0,
        119
      ],
      "magnitude": 4.374343395233154,
      "direction": [
        -0.8885021805763245,
        -0.458872526884079
      ]
    },
    {
      "coordinates": [
        22,
        119
      ],
      "magnitude": 4.117842197418213,
      "direction": [
        -0.9056610465049744,
        -0.42400237917900085
      ]
    },
    {
      "coordinates": [
        45,
        119
      ],
      "magnitude": 4.070611476898193,
      "direction": [
        -0.8303704857826233,
        -0.5572117567062378
      ]
    },
    {
      "coordinates": [
        68,
        119
      ],
      "magnitude": 2.7879011631011963,
      "direction": [
        -0.6595446467399597,
        -0.7516653537750244
      ]
    },
    {
      "coordinates": [
        91,
        119
      ],
      "magnitude": 1.7052117586135864,
      "direction": [
        -0.3449099063873291,
        -0.9386358261108398
      ]
    },
    {
      "coordinates": [
        113,
        119
      ],
      "magnitude": 1.1230393648147583,
      "direction": [
        0.583372175693512,
        -0.8122049570083618
      ]
    },
    {
      "coordinates": [
        136,
        119
      ],
      "magnitude": 1.4307951927185059,
      "direction": [
        0.9407718181610107,
        0.33904048800468445
      ]
    },
    {
      "coordinates": [
        159,
        119
      ],
      "magnitude": 3.925398111343384,
      "direction": [
        0.5825813412666321,
        0.8127723932266235
      ]
    },
    {
      "coordinates": [
        182,
        119
      ],
      "magnitude": 5.482852935791016,
      "direction": [
        0.864453911781311,
        0.5027121305465698
      ]
    },
    {
      "coordinates": [
        205,
        119
      ],
      "magnitude": 4.963226795196533,
      "direction": [
        0.99270099401474,
        0.12060170620679855
      ]
    },
    {
      "coordinates": [
        227,
        119
      ],
      "magnitude": 5.236086845397949,
      "direction": [
        0.9721680283546448,
        -0.23428469896316528
      ]
    },
    {
      "coordinates": [
        250,
        119
      ],
      "magnitude": 5.90020227432251,
      "direction": [
        0.9511377215385437,
        -0.3087669610977173
      ]
    },
    {
      "coordinates": [
        273,
        119
      ],
      "magnitude": 5.6779561042785645,
      "direction": [
        0.9591032862663269,
        -0.28305622935295105
      ]
    },
    {
      "coordinates": [
        296,
        119
      ],
      "magnitude": 5.267470836639404,
      "direction": [
        0.9475081562995911,
        -0.3197317123413086
      ]
    },
    {
      "coordinates": [
        319,
        119
      ],
      "magnitude": 4.804703235626221,
      "direction": [
        0.9664009213447571,
        -0.2570393979549408
      ]
    },
    {
      "coordinates": [
        0,
        136
      ],
      "magnitude": 4.743311405181885,
      "direction": [
        -0.9441383481025696,
        -0.32954955101013184
      ]
    },
    {
      "coordinates": [
        22,
        136
      ],
      "magnitude": 4.29103422164917,
      "direction": [
        -0.9726287126541138,
        -0.23236477375030518
      ]
    },
    {
      "coordinates": [
        45,
        136
      ],
      "magnitude": 3.558274507522583,
      "direction": [
        -0.9677973985671997,
        -0.251730352640152
      ]
    },
    {
      "coordinates": [
        68,
        136
      ],
      "magnitude": 2.3057265281677246,
      "direction": [
        -0.9659016728401184,
        -0.2589091956615448
      ]
    },
    {
      "coordinates": [
        91,
        136
      ],
      "magnitude": 1.2577388286590576,
      "direction": [
        -0.6994059681892395,
        -0.7147246599197388
      ]
    },
    {
      "coordinates": [
        113,
        136
      ],
      "magnitude": 0.5574324131011963,
      "direction": [
        0.9916954040527344,
        -0.12860888242721558
      ]
    },
    {
      "coordinates": [
        136,
        136
      ],
      "magnitude": 2.582810163497925,
      "direction": [
        0.7036855220794678,
        0.7105116844177246
      ]
    },
    {
      "coordinates": [
        159,
        136
      ],
      "magnitude": 4.528507709503174,
      "direction": [
        0.556404173374176,
        0.8309118151664734
      ]
    },
    {
      "coordinates": [
        182,
        136
      ],
      "magnitude": 5.874608993530273,
      "direction": [
        0.81039959192276,
        0.585877537727356
      ]
    },
    {
      "coordinates": [
        205,
        136
      ],
      "magnitude": 5.824186325073242,
      "direction": [
        0.9596986174583435,
        0.28103116154670715
      ]
    },
    {
      "coordinates": [
        227,
        136
      ],
      "magnitude": 5.959744453430176,
      "direction": [
        0.9980446696281433,
        -0.06250512599945068
      ]
    },
    {
      "coordinates": [
        250,
        136
      ],
      "magnitude": 6.311483860015869,
      "direction": [
        0.9881660342216492,
        -0.153388112783432
      ]
    },
    {
      "coordinates": [
        273,
        136
      ],
      "magnitude": 6.299699783325195,
      "direction": [
        0.9796857833862305,
        -0.2005385160446167
      ]
    },
    {
      "coordinates": [
        296,
        136
      ],
      "magnitude": 5.801300525665283,
      "direction": [
        0.9743319153785706,
        -0.22511626780033112
      ]
    },
    {
      "coordinates": [
        319,
        136
      ],
      "magnitude": 5.450992584228516,
      "direction": [
        0.9859737157821655,
        -0.16690035164356232
      ]
    },
    {
      "coordinates": [
        0,
        153
      ],
      "magnitude": 4.804950714111328,
      "direction": [
        -0.9999175071716309,
        -0.01283949613571167
      ]
    },
    {
      "coordinates": [
        22,
        153
      ],
      "magnitude": 4.666709899902344,
      "direction": [
        -0.9992325305938721,
        0.03916921094059944
      ]
    },
    {
      "coordinates": [
        45,
        153
      ],
      "magnitude": 4.486949443817139,
      "direction": [
        -0.9866487383842468,
        0.1628628522157669
      ]
    },
    {
      "coordinates": [
        68,
        153
      ],
      "magnitude": 2.680696487426758,
      "direction": [
        -0.9095087647438049,
        0.41568467020988464
      ]
    },
    {
      "coordinates": [
        91,
        153
      ],
      "magnitude": 1.7391142845153809,
      "direction": [
        -0.8226706385612488,
        0.5685182809829712
      ]
    },
    {
      "coordinates": [
        113,
        153
      ],
      "magnitude": 1.6479967832565308,
      "direction": [
        0.24194881319999695,
        0.9702889919281006
      ]
    },
    {
      "coordinates": [
        136,
        153
      ],
      "magnitude": 4.226006984710693,
      "direction": [
        0.6082042455673218,
        0.7937805652618408
      ]
    },
    {
      "coordinates": [
        159,
        153
      ],
      "magnitude": 6.099630355834961,
      "direction": [
        0.5183758735656738,
        0.8551528453826904
      ]
    },
    {
      "coordinates": [
        182,
        153
      ],
      "magnitude": 7.56898307800293,
      "direction": [
        0.7068967223167419,
        0.7073168158531189
      ]
    },
    {
      "coordinates": [
        205,
        153
      ],
      "magnitude": 6.670004844665527,
      "direction": [
        0.9200059175491333,
        0.39190438389778137
      ]
    },
    {
      "coordinates": [
        227,
        153
      ],
      "magnitude": 6.276717662811279,
      "direction": [
        0.9907858967781067,
        0.13543756306171417
      ]
    },
    {
      "coordinates": [
        250,
        153
      ],
      "magnitude": 7.04822301864624,
      "direction": [
        0.9966657757759094,
        -0.08159268647432327
      ]
    },
    {
      "coordinates": [
        273,
        153
      ],
      "magnitude": 6.559813976287842,
      "direction": [
        0.9888454079627991,
        -0.1489459127187729
      ]
    },
    {
      "coordinates": [
        296,
        153
      ],
      "magnitude": 6.376197814941406,
      "direction": [
        0.9966731071472168,
        -0.0815034955739975
      ]
    },
    {
      "coordinates": [
        319,
        153
      ],
      "magnitude": 6.0221686363220215,
      "direction": [
        0.9980750679969788,
        -0.0620175339281559
      ]
    },
    {
      "coordinates": [
        0,
        170
      ],
      "magnitude": 5.582817077636719,
      "direction": [
        -0.9586915373802185,
        0.2844478487968445
      ]
    },
    {
      "coordinates": [
        22,
        170
      ],
      "magnitude": 5.651989936828613,
      "direction": [
        -0.9539570212364197,
        0.2999432682991028
      ]
    },
    {
      "coordinates": [
        45,
        170
      ],
      "magnitude": 5.188019275665283,
      "direction": [
        -0.9000739455223083,
        0.43573710322380066
      ]
    },
    {
      "coordinates": [
        68,
        170
      ],
      "magnitude": 3.6610560417175293,
      "direction": [
        -0.7196624875068665,
        0.6943241357803345
      ]
    },
    {
      "coordinates": [
        91,
        170
      ],
      "magnitude": 2.8248379230499268,
      "direction": [
        -0.486968994140625,
        0.8734192252159119
      ]
    },
    {
      "coordinates": [
        113,
        170
      ],
      "magnitude": 3.663661241531372,
      "direction": [
        0.13868236541748047,
        0.9903368949890137
      ]
    },
    {
      "coordinates": [
        136,
        170
      ],
      "magnitude": 5.365560054779053,
      "direction": [
        0.37818363308906555,
        0.9257305860519409
      ]
    },
    {
      "coordinates": [
        159,
        170
      ],
      "magnitude": 8.122798919677734,
      "direction": [
        0.3422754406929016,
        0.9395996332168579
      ]
    },
    {
      "coordinates": [
        182,
        170
      ],
      "magnitude": 8.495955467224121,
      "direction": [
        0.7227984666824341,
        0.6910589337348938
      ]
    },
    {
      "coordinates": [
        205,
        170
      ],
      "magnitude": 7.218888759613037,
      "direction": [
        0.8768779635429382,
        0.48071303963661194
      ]
    },
    {
      "coordinates": [
        227,
        170
      ],
      "magnitude": 7.201304912567139,
      "direction": [
        0.9642403721809387,
        0.26502934098243713
      ]
    },
    {
      "coordinates": [
        250,
        170
      ],
      "magnitude": 8.005993843078613,
      "direction": [
        0.9980410933494568,
        0.0625617504119873
      ]
    },
    {
      "coordinates": [
        273,
        170
      ],
      "magnitude": 7.063279628753662,
      "direction": [
        0.999965488910675,
        0.008306723088026047
      ]
    },
    {
      "coordinates": [
        296,
        170
      ],
      "magnitude": 6.887140274047852,
      "direction": [
        0.9997608065605164,
        -0.021870655938982964
      ]
    },
    {
      "coordinates": [
        319,
        170
      ],
      "magnitude": 6.0761542320251465,
      "direction": [
        0.9998894333839417,
        -0.014869796112179756
      ]
    },
    {
      "coordinates": [
        0,
        187
      ],
      "magnitude": 6.3991875648498535,
      "direction": [
        -0.9434831738471985,
        0.3314203917980194
      ]
    },
    {
      "coordinates": [
        22,
        187
      ],
      "magnitude": 6.4721574783325195,
      "direction": [
        -0.9289291501045227,
        0.37025752663612366
      ]
    },
    {
      "coordinates": [
        45,
        187
      ],
      "magnitude": 6.606564998626709,
      "direction": [
        -0.8582349419593811,
        0.5132569670677185
      ]
    },
    {
      "coordinates": [
        68,
        187
      ],
      "magnitude": 4.955408096313477,
      "direction": [
        -0.6732509136199951,
        0.7394140958786011
      ]
    },
    {
      "coordinates": [
        91,
        187
      ],
      "magnitude": 4.182546615600586,
      "direction": [
        -0.31771543622016907,
        0.9481862187385559
      ]
    },
    {
      "coordinates": [
        113,
        187
      ],
      "magnitude": 4.985540390014648,
      "direction": [
        0.13938909769058228,
        0.9902377128601074
      ]
    },
    {
      "coordinates": [
        136,
        187
      ],
      "magnitude": 7.051543235778809,
      "direction": [
        0.23591426014900208,
        0.9717739224433899
      ]
    },
    {
      "coordinates": [
        159,
        187
      ],
      "magnitude": 10.643784523010254,
      "direction": [
        0.308719664812088,
        0.951153039932251
      ]
    },
    {
      "coordinates": [
        182,
        187
      ],
      "magnitude": 10.772194862365723,
      "direction": [
        0.6096168756484985,
        0.7926962971687317
      ]
    },
    {
      "coordinates": [
        205,
        187
      ],
      "magnitude": 8.112391471862793,
      "direction": [
        0.7850409746170044,
        0.6194437742233276
      ]
    },
    {
      "coordinates": [
        227,
        187
      ],
      "magnitude": 7.710007667541504,
      "direction": [
        0.89804607629776,
        0.4399014711380005
      ]
    },
    {
      "coordinates": [
        250,
        187
      ],
      "magnitude": 8.471077919006348,
      "direction": [
        0.9796783924102783,
        0.20057477056980133
      ]
    },
    {
      "coordinates": [
        273,
        187
      ],
      "magnitude": 7.6883368492126465,
      "direction": [
        0.9922814965248108,
        0.12400596588850021
      ]
    },
    {
      "coordinates": [
        296,
        187
      ],
      "magnitude": 7.332198143005371,
      "direction": [
        0.9958121180534363,
        0.0914229303598404
      ]
    },
    {
      "coordinates": [
        319,
        187
      ],
      "magnitude": 6.3429274559021,
      "direction": [
        0.9992533326148987,
        0.038636427372694016
      ]
    },
    {
      "coordinates": [
        0,
        204
      ],
      "magnitude": 6.800838470458984,
      "direction": [
        -0.924083411693573,
        0.3821907937526703
      ]
    },
    {
      "coordinates": [
        22,
        204
      ],
      "magnitude": 7.398133277893066,
      "direction": [
        -0.848617672920227,
        0.5290066003799438
      ]
    },
    {
      "coordinates": [
        45,
        204
      ],
      "magnitude": 7.836256980895996,
      "direction": [
        -0.7342496514320374,
        0.6788794994354248
      ]
    },
    {
      "coordinates": [
        68,
        204
      ],
      "magnitude": 6.227878093719482,
      "direction": [
        -0.5914720892906189,
        0.8063254952430725
      ]
    },
    {
      "coordinates": [
        91,
        204
      ],
      "magnitude": 5.91676139831543,
      "direction": [
        -0.2867310047149658,
        0.9580111503601074
      ]
    },
    {
      "coordinates": [
        113,
        204
      ],
      "magnitude": 6.63323974609375,
      "direction": [
        -0.07598413527011871,
        0.997109055519104
      ]
    },
    {
      "coordinates": [
        136,
        204
      ],
      "magnitude": 9.00568962097168,
      "direction": [
        0.20930515229701996,
        0.9778503775596619
      ]
    },
    {
      "coordinates": [
        159,
        204
      ],
      "magnitude": 12.521864891052246,
      "direction": [
        0.24664589762687683,
        0.96910560131073
      ]
    },
    {
      "coordinates": [
        182,
        204
      ],
      "magnitude": 12.259880065917969,
      "direction": [
        0.4960488975048065,
        0.8682945966720581
      ]
    },
    {
      "coordinates": [
        205,
        204
      ],
      "magnitude": 9.513169288635254,
      "direction": [
        0.7321263551712036,
        0.6811688542366028
      ]
    },
    {
      "coordinates": [
        227,
        204
      ],
      "magnitude": 8.665946006774902,
      "direction": [
        0.8449023365974426,
        0.5349206328392029
      ]
    },
    {
      "coordinates": [
        250,
        204
      ],
      "magnitude": 8.372987747192383,
      "direction": [
        0.9280422925949097,
        0.3724747896194458
      ]
    },
    {
      "coordinates": [
        273,
        204
      ],
      "magnitude": 8.143476486206055,
      "direction": [
        0.962799608707428,
        0.2702164649963379
      ]
    },
    {
      "coordinates": [
        296,
        204
      ],
      "magnitude": 7.831118106842041,
      "direction": [
        0.9856895804405212,
        0.16857053339481354
      ]
    },
    {
      "coordinates": [
        319,
        204
      ],
      "magnitude": 6.51758337020874,
      "direction": [
        0.9970203638076782,
        0.0771392285823822
      ]
    },
    {
      "coordinates": [
        0,
        221
      ],
      "magnitude": 7.560579776763916,
      "direction": [
        -0.8479598760604858,
        0.530060350894928
      ]
    },
    {
      "coordinates": [
        22,
        221
      ],
      "magnitude": 8.266692161560059,
      "direction": [
        -0.7804328799247742,
        0.6252394914627075
      ]
    },
    {
      "coordinates": [
        45,
        221
      ],
      "magnitude": 8.099148750305176,
      "direction": [
        -0.6022292971611023,
        0.7983231544494629
      ]
    },
    {
      "coordinates": [
        68,
        221
      ],
      "magnitude": 7.932596206665039,
      "direction": [
        -0.4782092571258545,
        0.8782458901405334
      ]
    },
    {
      "coordinates": [
        91,
        221
      ],
      "magnitude": 8.173091888427734,
      "direction": [
        -0.22306230664253235,
        0.9748042225837708
      ]
    },
    {
      "coordinates": [
        113,
        221
      ],
      "magnitude": 8.398072242736816,
      "direction": [
        -0.06658558547496796,
        0.9977807402610779
      ]
    },
    {
      "coordinates": [
        136,
        221
      ],
      "magnitude": 11.085408210754395,
      "direction": [
        0.14556072652339935,
        0.989349365234375
      ]
    },
    {
      "coordinates": [
        159,
        221
      ],
      "magnitude": 13.623257637023926,
      "direction": [
        0.2230767458677292,
        0.9748008847236633
      ]
    },
    {
      "coordinates": [
        182,
        221
      ],
      "magnitude": 14.008101463317871,
      "direction": [
        0.45159247517585754,
        0.8922242522239685
      ]
    },
    {
      "coordinates": [
        205,
        221
      ],
      "magnitude": 11.511682510375977,
      "direction": [
        0.6413066983222961,
        0.767284631729126
      ]
    },
    {
      "coordinates": [
        227,
        221
      ],
      "magnitude": 9.925862312316895,
      "direction": [
        0.7840815186500549,
        0.6206578016281128
      ]
    },
    {
      "coordinates": [
        250,
        221
      ],
      "magnitude": 9.16051959991455,
      "direction": [
        0.8503218293190002,
        0.5262629985809326
      ]
    },
    {
      "coordinates": [
        273,
        221
      ],
      "magnitude": 9.008846282958984,
      "direction": [
        0.9224198460578918,
        0.3861885964870453
      ]
    },
    {
      "coordinates": [
        296,
        221
      ],
      "magnitude": 7.464732646942139,
      "direction": [
        0.9590297937393188,
        0.28330519795417786
      ]
    },
    {
      "coordinates": [
        319,
        221
      ],
      "magnitude": 6.491062641143799,
      "direction": [
        0.9817131757736206,
        0.19036602973937988
      ]
    },
    {
      "coordinates": [
        0,
        239
      ],
      "magnitude": 7.882455825805664,
      "direction": [
        -0.7766126990318298,
        0.6299782991409302
      ]
    },
    {
      "coordinates": [
        22,
        239
      ],
      "magnitude": 9.158293724060059,
      "direction": [
        -0.7034685015678406,
        0.7107264995574951
      ]
    },
    {
      "coordinates": [
        45,
        239
      ],
      "magnitude": 9.349433898925781,
      "direction": [
        -0.5112109780311584,
        0.8594552874565125
      ]
    },
    {
      "coordinates": [
        68,
        239
      ],
      "magnitude": 9.524266242980957,
      "direction": [
        -0.36880746483802795,
        0.9295058846473694
      ]
    },
    {
      "coordinates": [
        91,
        239
      ],
      "magnitude": 9.724006652832031,
      "direction": [
        -0.19194789230823517,
        0.9814051389694214
      ]
    },
    {
      "coordinates": [
        113,
        239
      ],
      "magnitude": 10.787114143371582,
      "direction": [
        -0.029059268534183502,
        0.9995777010917664
      ]
    },
    {
      "coordinates": [
        136,
        239
      ],
      "magnitude": 13.07178020477295,
      "direction": [
        0.12662862241268158,
        0.991950273513794
      ]
    },
    {
      "coordinates": [
        159,
        239
      ],
      "magnitude": 15.988139152526855,
      "direction": [
        0.1842900812625885,
        0.9828718900680542
      ]
    },
    {
      "coordinates": [
        182,
        239
      ],
      "magnitude": 15.39415454864502,
      "direction": [
        0.41665470600128174,
        0.9090648293495178
      ]
    },
    {
      "coordinates": [
        205,
        239
      ],
      "magnitude": 12.940841674804688,
      "direction": [
        0.5227019190788269,
        0.8525155186653137
      ]
    },
    {
      "coordinates": [
        227,
        239
      ],
      "magnitude": 10.585319519042969,
      "direction": [
        0.7155334949493408,
        0.698578417301178
      ]
    },
    {
      "coordinates": [
        250,
        239
      ],
      "magnitude": 9.777706146240234,
      "direction": [
        0.8121100068092346,
        0.583504319190979
      ]
    },
    {
      "coordinates": [
        273,
        239
      ],
      "magnitude": 8.953371047973633,
      "direction": [
        0.894605278968811,
        0.44685736298561096
      ]
    },
    {
      "coordinates": [
        296,
        239
      ],
      "magnitude": 7.541926383972168,
      "direction": [
        0.9329914450645447,
        0.35989847779273987
      ]
    },
    {
      "coordinates": [
        319,
        239
      ],
      "magnitude": 6.617046356201172,
      "direction": [
        0.9653975367546082,
        0.2607826888561249
      ]
    }
  ],
  "shear_mesh": [
    {
      "coordinates": [
        0,
        0
      ],
      "magnitude": 3.024266004562378,
      "direction": [
        0.879848301410675,
        0.47525453567504883
      ]
    },
    {
      "coordinates": [
        22,
        0
      ],
      "magnitude": 3.231009006500244,
      "direction": [
        0.8750888109207153,
        0.4839624762535095
      ]
    },
    {
      "coordinates": [
        45,
        0
      ],
      "magnitude": 3.2739651203155518,
      "direction": [
        0.7482286095619202,
        0.663441002368927
      ]
    },
    {
      "coordinates": [
        68,
        0
      ],
      "magnitude": 3.2328200340270996,
      "direction": [
        0.6993186473846436,
        0.7148101329803467
      ]
    },
    {
      "coordinates": [
        91,
        0
      ],
      "magnitude": 3.4247872829437256,
      "direction": [
        0.6243705153465271,
        0.7811282873153687
      ]
    },
    {
      "coordinates": [
        113,
        0
      ],
      "magnitude": 3.9919989109039307,
      "direction": [
        0.5603773593902588,
        0.8282374739646912
      ]
    },
    {
      "coordinates": [
        136,
        0
      ],
      "magnitude": 4.105416774749756,
      "direction": [
        0.4386374056339264,
        0.898664116859436
      ]
    },
    {
      "coordinates": [
        159,
        0
      ],
      "magnitude": 4.392665386199951,
      "direction": [
        0.2884739935398102,
        0.9574877023696899
      ]
    },
    {
      "coordinates": [
        182,
        0
      ],
      "magnitude": 3.910146474838257,
      "direction": [
        0.1652521938085556,
        0.9862512946128845
      ]
    },
    {
      "coordinates": [
        205,
        0
      ],
      "magnitude": 3.015754222869873,
      "direction": [
        -0.009590744972229004,
        0.9999539852142334
      ]
    },
    {
      "coordinates": [
        227,
        0
      ],
      "magnitude": 2.4909470081329346,
      "direction": [
        -0.13458982110023499,
        0.9909014105796814
      ]
    },
    {
      "coordinates": [
        250,
        0
      ],
      "magnitude": 2.098534107208252,
      "direction": [
        -0.020712465047836304,
        0.9997854828834534
      ]
    },
    {
      "coordinates": [
        273,
        0
      ],
      "magnitude": 1.3402692079544067,
      "direction": [
        0.0877489373087883,
        0.996142566204071
      ]
    },
    {
      "coordinates": [
        296,
        0
      ],
      "magnitude": 0.9366918206214905,
      "direction": [
        0.11814447492361069,
        0.9929963946342468
      ]
    },
    {
      "coordinates": [
        319,
        0
      ],
      "magnitude": 0.6537437438964844,
      "direction": [
        0.22728070616722107,
        0.9738292098045349
      ]
    },
    {
      "coordinates": [
        0,
        17
      ],
      "magnitude": 2.97251296043396,
      "direction": [
        0.8918192386627197,
        0.45239192247390747
      ]
    },
    {
      "coordinates": [
        22,
        17
      ],
      "magnitude": 3.257678270339966,
      "direction": [
        0.8201314806938171,
        0.5721750855445862
      ]
    },
    {
      "coordinates": [
        45,
        17
      ],
      "magnitude": 3.398831844329834,
      "direction": [
        0.7557792663574219,
        0.6548264026641846
      ]
    },
    {
      "coordinates": [
        68,
        17
      ],
      "magnitude": 3.4804391860961914,
      "direction": [
        0.6894235014915466,
        0.7243584990501404
      ]
    },
    {
      "coordinates": [
        91,
        17
      ],
      "magnitude": 3.596940040588379,
      "direction": [
        0.6786400079727173,
        0.7344710230827332
      ]
    },
    {
      "coordinates": [
        113,
        17
      ],
      "magnitude": 4.242234706878662,
      "direction": [
        0.5070493817329407,
        0.8619169592857361
      ]
    },
    {
      "coordinates": [
        136,
        17
      ],
      "magnitude": 4.4292826652526855,
      "direction": [
        0.36215656995773315,
        0.9321173429489136
      ]
    },
    {
      "coordinates": [
        159,
        17
      ],
      "magnitude": 4.646047592163086,
      "direction": [
        0.24409158527851105,
        0.9697522521018982
      ]
    },
    {
      "coordinates": [
        182,
        17
      ],
      "magnitude": 4.482680797576904,
      "direction": [
        0.1412523239850998,
        0.9899736642837524
      ]
    },
    {
      "coordinates": [
        205,
        17
      ],
      "magnitude": 3.280247211456299,
      "direction": [
        0.03022923320531845,
        0.9995429515838623
      ]
    },
    {
      "coordinates": [
        227,
        17
      ],
      "magnitude": 2.563840627670288,
      "direction": [
        -0.02736854739487171,
        0.9996254444122314
      ]
    },
    {
      "coordinates": [
        250,
        17
      ],
      "magnitude": 1.8692479133605957,
      "direction": [
        -0.03626253455877304,
        0.9993423223495483
      ]
    },
    {
      "coordinates": [
        273,
        17
      ],
      "magnitude": 1.3062548637390137,
      "direction": [
        -0.027439044788479805,
        0.9996234774589539
      ]
    },
    {
      "coordinates": [
        296,
        17
      ],
      "magnitude": 0.8800641894340515,
      "direction": [
        -0.027509339153766632,
        0.9996215105056763
      ]
    },
    {
      "coordinates": [
        319,
        17
      ],
      "magnitude": 0.7755303382873535,
      "direction": [
        -0.07584961503744125,
        0.9971192479133606
      ]
    },
    {
      "coordinates": [
        0,
        34
      ],
      "magnitude": 2.9635026454925537,
      "direction": [
        0.8602539896965027,
        0.5098657011985779
      ]
    },
    {
      "coordinates": [
        22,
        34
      ],
      "magnitude": 2.9741921424865723,
      "direction": [
        0.8164860010147095,
        0.5773653388023376
      ]
    },
    {
      "coordinates": [
        45,
        34
      ],
      "magnitude": 3.409449577331543,
      "direction": [
        0.7652997374534607,
        0.6436740159988403
      ]
    },
    {
      "coordinates": [
        68,
        34
      ],
      "magnitude": 3.7281503677368164,
      "direction": [
        0.730121374130249,
        0.6833174228668213
      ]
    },
    {
      "coordinates": [
        91,
        34
      ],
      "magnitude": 3.734055280685425,
      "direction": [
        0.6571915745735168,
        0.7537235617637634
      ]
    },
    {
      "coordinates": [
        113,
        34
      ],
      "magnitude": 4.389425754547119,
      "direction": [
        0.5072557926177979,
        0.8617955446243286
      ]
    },
    {
      "coordinates": [
        136,
        34
      ],
      "magnitude": 4.949718475341797,
      "direction": [
        0.39216363430023193,
        0.9198954701423645
      ]
    },
    {
      "coordinates": [
        159,
        34
      ],
      "magnitude": 5.174714088439941,
      "direction": [
        0.23045578598976135,
        0.9730827808380127
      ]
    },
    {
      "coordinates": [
        182,
        34
      ],
      "magnitude": 4.834658145904541,
      "direction": [
        0.08067204058170319,
        0.9967406988143921
      ]
    },
    {
      "coordinates": [
        205,
        34
      ],
      "magnitude": 3.542174816131592,
      "direction": [
        -0.009133871644735336,
        0.9999582767486572
      ]
    },
    {
      "coordinates": [
        227,
        34
      ],
      "magnitude": 2.6766865253448486,
      "direction": [
        -0.06877478957176208,
        0.9976322054862976
      ]
    },
    {
      "coordinates": [
        250,
        34
      ],
      "magnitude": 1.9094716310501099,
      "direction": [
        -0.15235088765621185,
        0.9883264899253845
      ]
    },
    {
      "coordinates": [
        273,
        34
      ],
      "magnitude": 1.4162185192108154,
      "direction": [
        -0.26294857263565063,
        0.9648098349571228
      ]
    },
    {
      "coordinates": [
        296,
        34
      ],
      "magnitude": 0.8247537612915039,
      "direction": [
        -0.14048998057842255,
        0.9900821447372437
      ]
    },
    {
      "coordinates": [
        319,
        34
      ],
      "magnitude": 0.8437243700027466,
      "direction": [
        -0.2051343470811844,
        0.9787338376045227
      ]
    },
    {
      "coordinates": [
        0,
        51
      ],
      "magnitude": 2.9778709411621094,
      "direction": [
        0.8435775637626648,
        0.537007212638855
      ]
    },
    {
      "coordinates": [
        22,
        51
      ],
      "magnitude": 3.082862138748169,
      "direction": [
        0.8331737518310547,
        0.5530112385749817
      ]
    },
    {
      "coordinates": [
        45,
        51
      ],
      "magnitude": 3.2953572273254395,
      "direction": [
        0.7381323575973511,
        0.6746559143066406
      ]
    },
    {
      "coordinates": [
        68,
        51
      ],
      "magnitude": 3.7844061851501465,
      "direction": [
        0.698162853717804,
        0.7159389853477478
      ]
    },
    {
      "coordinates": [
        91,
        51
      ],
      "magnitude": 3.7874162197113037,
      "direction": [
        0.5996225476264954,
        0.8002829551696777
      ]
    },
    {
      "coordinates": [
        113,
        51
      ],
      "magnitude": 4.3237504959106445,
      "direction": [
        0.4977746605873108,
        0.8673063516616821
      ]
    },
    {
      "coordinates": [
        136,
        51
      ],
      "magnitude": 5.369699954986572,
      "direction": [
        0.389500230550766,
        0.9210264086723328
      ]
    },
    {
      "coordinates": [
        159,
        51
      ],
      "magnitude": 5.8923258781433105,
      "direction": [
        0.192117378115654,
        0.9813719391822815
      ]
    },
    {
      "coordinates": [
        182,
        51
      ],
      "magnitude": 5.360545635223389,
      "direction": [
        0.04308057576417923,
        0.9990715980529785
      ]
    },
    {
      "coordinates": [
        205,
        51
      ],
      "magnitude": 3.7380847930908203,
      "direction": [
        -0.07750371098518372,
        0.9969921112060547
      ]
    },
    {
      "coordinates": [
        227,
        51
      ],
      "magnitude": 2.750269889831543,
      "direction": [
        -0.15349039435386658,
        0.9881501197814941
      ]
    },
    {
      "coordinates": [
        250,
        51
      ],
      "magnitude": 1.8841248750686646,
      "direction": [
        -0.1326451152563095,
        0.9911636114120483
      ]
    },
    {
      "coordinates": [
        273,
        51
      ],
      "magnitude": 1.3092193603515625,
      "direction": [
        -0.005348203703761101,
        0.9999856948852539
      ]
    },
    {
      "coordinates": [
        296,
        51
      ],
      "magnitude": 0.70868980884552,
      "direction": [
        -0.19628025591373444,
        0.9805478453636169
      ]
    },
    {
      "coordinates": [
        319,
        51
      ],
      "magnitude": 0.7796239256858826,
      "direction": [
        0.35845309495925903,
        0.9335477352142334
      ]
    },
    {
      "coordinates": [
        0,
        68
      ],
      "magnitude": 2.7095630168914795,
      "direction": [
        0.8274602293968201,
        0.5615243315696716
      ]
    },
    {
      "coordinates": [
        22,
        68
      ],
      "magnitude": 3.044341802597046,
      "direction": [
        0.7869378924369812,
        0.6170322299003601
      ]
    },
    {
      "coordinates": [
        45,
        68
      ],
      "magnitude": 3.309077024459839,
      "direction": [
        0.7000724673271179,
        0.7140718102455139
      ]
    },
    {
      "coordinates": [
        68,
        68
      ],
      "magnitude": 3.2834556102752686,
      "direction": [
        0.6043919920921326,
        0.7966870665550232
      ]
    },
    {
      "coordinates": [
        91,
        68
      ],
      "magnitude": 3.9017574787139893,
      "direction": [
        0.5590605735778809,
        0.82912677526474
      ]
    },
    {
      "coordinates": [
        113,
        68
      ],
      "magnitude": 4.248271942138672,
      "direction": [
        0.4570542871952057,
        0.889438807964325
      ]
    },
    {
      "coordinates": [
        136,
        68
      ],
      "magnitude": 5.492055416107178,
      "direction": [
        0.30458489060401917,
        0.952485203742981
      ]
    },
    {
      "coordinates": [
        159,
        68
      ],
      "magnitude": 6.446349143981934,
      "direction": [
        0.17967373132705688,
        0.9837262630462646
      ]
    },
    {
      "coordinates": [
        182,
        68
      ],
      "magnitude": 5.865666389465332,
      "direction": [
        0.04872673749923706,
        0.9988121390342712
      ]
    },
    {
      "coordinates": [
        205,
        68
      ],
      "magnitude": 4.026010513305664,
      "direction": [
        -0.0726679340004921,
        0.9973561763763428
      ]
    },
    {
      "coordinates": [
        227,
        68
      ],
      "magnitude": 2.6286780834198,
      "direction": [
        -0.11317937821149826,
        0.9935746192932129
      ]
    },
    {
      "coordinates": [
        250,
        68
      ],
      "magnitude": 1.7497661113739014,
      "direction": [
        -0.10912858694791794,
        0.9940276145935059
      ]
    },
    {
      "coordinates": [
        273,
        68
      ],
      "magnitude": 1.2667750120162964,
      "direction": [
        -0.012338340282440186,
        0.9999238848686218
      ]
    },
    {
      "coordinates": [
        296,
        68
      ],
      "magnitude": 0.5873883366584778,
      "direction": [
        -0.14696146547794342,
        0.9891422986984253
      ]
    },
    {
      "coordinates": [
        319,
        68
      ],
      "magnitude": 0.4352276027202606,
      "direction": [
        0.4568430185317993,
        0.8895473480224609
      ]
    },
    {
      "coordinates": [
        0,
        85
      ],
      "magnitude": 2.7448389530181885,
      "direction": [
        0.8235834240913391,
        0.5671951174736023
      ]
    },
    {
      "coordinates": [
        22,
        85
      ],
      "magnitude": 2.7214198112487793,
      "direction": [
        0.7888747453689575,
        0.6145539879798889
      ]
    },
    {
      "coordinates": [
        45,
        85
      ],
      "magnitude": 3.223287582397461,
      "direction": [
        0.7113839983940125,
        0.7028035521507263
      ]
    },
    {
      "coordinates": [
        68,
        85
      ],
      "magnitude": 3.4649417400360107,
      "direction": [
        0.6043256521224976,
        0.7967374324798584
      ]
    },
    {
      "coordinates": [
        91,
        85
      ],
      "magnitude": 3.7871503829956055,
      "direction": [
        0.4999030530452728,
        0.8660813570022583
      ]
    },
    {
      "coordinates": [
        113,
        85
      ],
      "magnitude": 4.320504188537598,
      "direction": [
        0.4145800769329071,
        0.9100129008293152
      ]
    },
    {
      "coordinates": [
        136,
        85
      ],
      "magnitude": 5.625683307647705,
      "direction": [
        0.2723029851913452,
        0.962211549282074
      ]
    },
    {
      "coordinates": [
        159,
        85
      ],
      "magnitude": 6.925238609313965,
      "direction": [
        0.16204354166984558,
        0.9867835640907288
      ]
    },
    {
      "coordinates": [
        182,
        85
      ],
      "magnitude": 6.677660942077637,
      "direction": [
        0.04923269525170326,
        0.9987873435020447
      ]
    },
    {
      "coordinates": [
        205,
        85
      ],
      "magnitude": 4.050288677215576,
      "direction": [
        -0.0631767064332962,
        0.9980022311210632
      ]
    },
    {
      "coordinates": [
        227,
        85
      ],
      "magnitude": 2.4594712257385254,
      "direction": [
        -0.08118782937526703,
        0.9966988563537598
      ]
    },
    {
      "coordinates": [
        250,
        85
      ],
      "magnitude": 1.6075778007507324,
      "direction": [
        0.07855010777711868,
        0.9969101548194885
      ]
    },
    {
      "coordinates": [
        273,
        85
      ],
      "magnitude": 1.3613015413284302,
      "direction": [
        0.005109808407723904,
        0.9999869465827942
      ]
    },
    {
      "coordinates": [
        296,
        85
      ],
      "magnitude": 0.5184435248374939,
      "direction": [
        0.5286282300949097,
        0.8488534688949585
      ]
    },
    {
      "coordinates": [
        319,
        85
      ],
      "magnitude": 0.43537235260009766,
      "direction": [
        0.8558142185211182,
        0.5172833204269409
      ]
    },
    {
      "coordinates": [
        0,
        102
      ],
      "magnitude": 2.5845727920532227,
      "direction": [
        0.7888085842132568,
        0.6146388649940491
      ]
    },
    {
      "coordinates": [
        22,
        102
      ],
      "magnitude": 2.4413321018218994,
      "direction": [
        0.7155266404151917,
        0.6985854506492615
      ]
    },
    {
      "coordinates": [
        45,
        102
      ],
      "magnitude": 2.8410890102386475,
      "direction": [
        0.6484841704368591,
        0.7612281441688538
      ]
    },
    {
      "coordinates": [
        68,
        102
      ],
      "magnitude": 3.3587405681610107,
      "direction": [
        0.5346625447273254,
        0.8450656533241272
      ]
    },
    {
      "coordinates": [
        91,
        102
      ],
      "magnitude": 3.8036980628967285,
      "direction": [
        0.4939720034599304,
        0.8694778084754944
      ]
    },
    {
      "coordinates": [
        113,
        102
      ],
      "magnitude": 4.574679851531982,
      "direction": [
        0.38104012608528137,
        0.9245584607124329
      ]
    },
    {
      "coordinates": [
        136,
        102
      ],
      "magnitude": 5.655309677124023,
      "direction": [
        0.28500285744667053,
        0.958526611328125
      ]
    },
    {
      "coordinates": [
        159,
        102
      ],
      "magnitude": 7.693678379058838,
      "direction": [
        0.12498924881219864,
        0.992158055305481
      ]
    },
    {
      "coordinates": [
        182,
        102
      ],
      "magnitude": 6.854621887207031,
      "direction": [
        0.09908778220415115,
        0.9950786828994751
      ]
    },
    {
      "coordinates": [
        205,
        102
      ],
      "magnitude": 4.4477338790893555,
      "direction": [
        -3.6591296520782635e-05,
        1.0
      ]
    },
    {
      "coordinates": [
        227,
        102
      ],
      "magnitude": 2.472456216812134,
      "direction": [
        -0.06423164159059525,
        0.9979350566864014
      ]
    },
    {
      "coordinates": [
        250,
        102
      ],
      "magnitude": 1.4597443342208862,
      "direction": [
        -0.15693846344947815,
        0.9876083731651306
      ]
    },
    {
      "coordinates": [
        273,
        102
      ],
      "magnitude": 1.0997577905654907,
      "direction": [
        0.16307789087295532,
        0.9866132140159607
      ]
    },
    {
      "coordinates": [
        296,
        102
      ],
      "magnitude": 0.5443564057350159,
      "direction": [
        0.7510600686073303,
        0.6602339744567871
      ]
    },
    {
      "coordinates": [
        319,
        102
      ],
      "magnitude": 0.5890952348709106,
      "direction": [
        0.9418920278549194,
        0.3359156548976898
      ]
    },
    {
      "coordinates": [
        0,
        119
      ],
      "magnitude": 2.3328423500061035,
      "direction": [
        0.8440555334091187,
        0.5362557768821716
      ]
    },
    {
      "coordinates": [
        22,
        119
      ],
      "magnitude": 2.9197099208831787,
      "direction": [
        0.723874032497406,
        0.689932107925415
      ]
    },
    {
      "coordinates": [
        45,
        119
      ],
      "magnitude": 2.8144760131835938,
      "direction": [
        0.6154438853263855,
        0.7881807684898376
      ]
    },
    {
      "coordinates": [
        68,
        119
      ],
      "magnitude": 3.268493175506592,
      "direction": [
        0.556304395198822,
        0.8309786319732666
      ]
    },
    {
      "coordinates": [
        91,
        119
      ],
      "magnitude": 3.8009018898010254,
      "direction": [
        0.42104998230934143,
        0.9070374369621277
      ]
    },
    {
      "coordinates": [
        113,
        119
      ],
      "magnitude": 4.5330424308776855,
      "direction": [
        0.3024653494358063,
        0.9531603455543518
      ]
    },
    {
      "coordinates": [
        136,
        119
      ],
      "magnitude": 5.825721263885498,
      "direction": [
        0.18440793454647064,
        0.9828498363494873
      ]
    },
    {
      "coordinates": [
        159,
        119
      ],
      "magnitude": 7.982427597045898,
      "direction": [
        0.12483064830303192,
        0.9921780824661255
      ]
    },
    {
      "coordinates": [
        182,
        119
      ],
      "magnitude": 7.257785797119141,
      "direction": [
        0.0961529091000557,
        0.9953665733337402
      ]
    },
    {
      "coordinates": [
        205,
        119
      ],
      "magnitude": 4.770312309265137,
      "direction": [
        0.07780206948518753,
        0.9969688057899475
      ]
    },
    {
      "coordinates": [
        227,
        119
      ],
      "magnitude": 2.6396753787994385,
      "direction": [
        0.025544069707393646,
        0.9996736645698547
      ]
    },
    {
      "coordinates": [
        250,
        119
      ],
      "magnitude": 1.3784257173538208,
      "direction": [
        0.1438295692205429,
        0.9896025061607361
      ]
    },
    {
      "coordinates": [
        273,
        119
      ],
      "magnitude": 0.9857272505760193,
      "direction": [
        0.1735052764415741,
        0.9848329424858093
      ]
    },
    {
      "coordinates": [
        296,
        119
      ],
      "magnitude": 0.4806130528450012,
      "direction": [
        0.8251413702964783,
        0.5649263262748718
      ]
    },
    {
      "coordinates": [
        319,
        119
      ],
      "magnitude": 0.3760383129119873,
      "direction": [
        0.7918723821640015,
        0.6106866598129272
      ]
    },
    {
      "coordinates": [
        0,
        136
      ],
      "magnitude": 2.0663936138153076,
      "direction": [
        0.8341162800788879,
        0.5515887141227722
      ]
    },
    {
      "coordinates": [
        22,
        136
      ],
      "magnitude": 2.8110992908477783,
      "direction": [
        0.7133457660675049,
        0.7008122801780701
      ]
    },
    {
      "coordinates": [
        45,
        136
      ],
      "magnitude": 3.1142897605895996,
      "direction": [
        0.6715580821037292,
        0.7409520149230957
      ]
    },
    {
      "coordinates": [
        68,
        136
      ],
      "magnitude": 3.4413065910339355,
      "direction": [
        0.435040146112442,
        0.9004110097885132
      ]
    },
    {
      "coordinates": [
        91,
        136
      ],
      "magnitude": 3.7984278202056885,
      "direction": [
        0.38539570569992065,
        0.9227514266967773
      ]
    },
    {
      "coordinates": [
        113,
        136
      ],
      "magnitude": 4.67439079284668,
      "direction": [
        0.3044195771217346,
        0.9525380730628967
      ]
    },
    {
      "coordinates": [
        136,
        136
      ],
      "magnitude": 6.1570563316345215,
      "direction": [
        0.19786590337753296,
        0.9802290797233582
      ]
    },
    {
      "coordinates": [
        159,
        136
      ],
      "magnitude": 7.890027046203613,
      "direction": [
        0.14569859206676483,
        0.9893290400505066
      ]
    },
    {
      "coordinates": [
        182,
        136
      ],
      "magnitude": 7.343794345855713,
      "direction": [
        0.08235273510217667,
        0.9966031908988953
      ]
    },
    {
      "coordinates": [
        205,
        136
      ],
      "magnitude": 5.0883588790893555,
      "direction": [
        0.1577058881521225,
        0.9874861836433411
      ]
    },
    {
      "coordinates": [
        227,
        136
      ],
      "magnitude": 2.6322734355926514,
      "direction": [
        0.19417384266853333,
        0.9809671640396118
      ]
    },
    {
      "coordinates": [
        250,
        136
      ],
      "magnitude": 1.4280221462249756,
      "direction": [
        0.21618075668811798,
        0.9763533473014832
      ]
    },
    {
      "coordinates": [
        273,
        136
      ],
      "magnitude": 0.9293048977851868,
      "direction": [
        0.6608797311782837,
        0.7504918575286865
      ]
    },
    {
      "coordinates": [
        296,
        136
      ],
      "magnitude": 0.7278035283088684,
      "direction": [
        0.9502443671226501,
        0.3115054965019226
      ]
    },
    {
      "coordinates": [
        319,
        136
      ],
      "magnitude": 0.919010579586029,
      "direction": [
        0.9579538106918335,
        0.28692248463630676
      ]
    },
    {
      "coordinates": [
        0,
        153
      ],
      "magnitude": 2.3024704456329346,
      "direction": [
        0.8250844478607178,
        0.565009355545044
      ]
    },
    {
      "coordinates": [
        22,
        153
      ],
      "magnitude": 2.478290319442749,
      "direction": [
        0.633158266544342,
        0.7740224003791809
      ]
    },
    {
      "coordinates": [
        45,
        153
      ],
      "magnitude": 3.048647165298462,
      "direction": [
        0.49465298652648926,
        0.8690905570983887
      ]
    },
    {
      "coordinates": [
        68,
        153
      ],
      "magnitude": 3.4403226375579834,
      "direction": [
        0.4496054947376251,
        0.8932272791862488
      ]
    },
    {
      "coordinates": [
        91,
        153
      ],
      "magnitude": 3.6264078617095947,
      "direction": [
        0.38307589292526245,
        0.9237167835235596
      ]
    },
    {
      "coordinates": [
        113,
        153
      ],
      "magnitude": 4.541080474853516,
      "direction": [
        0.33728402853012085,
        0.9414029717445374
      ]
    },
    {
      "coordinates": [
        136,
        153
      ],
      "magnitude": 6.313187122344971,
      "direction": [
        0.2912710905075073,
        0.9566405415534973
      ]
    },
    {
      "coordinates": [
        159,
        153
      ],
      "magnitude": 8.353840827941895,
      "direction": [
        0.16728322207927704,
        0.9859088659286499
      ]
    },
    {
      "coordinates": [
        182,
        153
      ],
      "magnitude": 7.7158637046813965,
      "direction": [
        0.1127728819847107,
        0.9936208128929138
      ]
    },
    {
      "coordinates": [
        205,
        153
      ],
      "magnitude": 4.904510974884033,
      "direction": [
        0.2231523096561432,
        0.9747836589813232
      ]
    },
    {
      "coordinates": [
        227,
        153
      ],
      "magnitude": 2.919048309326172,
      "direction": [
        0.2102135866880417,
        0.9776555299758911
      ]
    },
    {
      "coordinates": [
        250,
        153
      ],
      "magnitude": 1.4212779998779297,
      "direction": [
        0.48071998357772827,
        0.8768742084503174
      ]
    },
    {
      "coordinates": [
        273,
        153
      ],
      "magnitude": 0.9188759326934814,
      "direction": [
        0.827666163444519,
        0.5612207055091858
      ]
    },
    {
      "coordinates": [
        296,
        153
      ],
      "magnitude": 0.9607928395271301,
      "direction": [
        0.9594907164573669,
        0.2817403972148895
      ]
    },
    {
      "coordinates": [
        319,
        153
      ],
      "magnitude": 1.2373614311218262,
      "direction": [
        0.9957417249679565,
        0.09218679368495941
      ]
    },
    {
      "coordinates": [
        0,
        170
      ],
      "magnitude": 1.9501869678497314,
      "direction": [
        0.6829776763916016,
        0.7304392457008362
      ]
    },
    {
      "coordinates": [
        22,
        170
      ],
      "magnitude": 2.125272512435913,
      "direction": [
        0.5574965476989746,
        0.8301792740821838
      ]
    },
    {
      "coordinates": [
        45,
        170
      ],
      "magnitude": 3.0157647132873535,
      "direction": [
        0.4485502243041992,
        0.8937575817108154
      ]
    },
    {
      "coordinates": [
        68,
        170
      ],
      "magnitude": 3.426917791366577,
      "direction": [
        0.3757515251636505,
        0.9267204403877258
      ]
    },
    {
      "coordinates": [
        91,
        170
      ],
      "magnitude": 3.6251277923583984,
      "direction": [
        0.43698519468307495,
        0.899468719959259
      ]
    },
    {
      "coordinates": [
        113,
        170
      ],
      "magnitude": 4.616090774536133,
      "direction": [
        0.32739925384521484,
        0.9448860883712769
      ]
    },
    {
      "coordinates": [
        136,
        170
      ],
      "magnitude": 6.174872398376465,
      "direction": [
        0.2887590527534485,
        0.9574017524719238
      ]
    },
    {
      "coordinates": [
        159,
        170
      ],
      "magnitude": 8.959831237792969,
      "direction": [
        0.1642363965511322,
        0.9864209294319153
      ]
    },
    {
      "coordinates": [
        182,
        170
      ],
      "magnitude": 7.401149749755859,
      "direction": [
        0.1327083855867386,
        0.9911551475524902
      ]
    },
    {
      "coordinates": [
        205,
        170
      ],
      "magnitude": 4.77851676940918,
      "direction": [
        0.2036784589290619,
        0.979037880897522
      ]
    },
    {
      "coordinates": [
        227,
        170
      ],
      "magnitude": 3.104375123977661,
      "direction": [
        0.39209839701652527,
        0.9199233055114746
      ]
    },
    {
      "coordinates": [
        250,
        170
      ],
      "magnitude": 1.951729655265808,
      "direction": [
        0.6955211758613586,
        0.7185055613517761
      ]
    },
    {
      "coordinates": [
        273,
        170
      ],
      "magnitude": 1.1227879524230957,
      "direction": [
        0.8670057058334351,
        0.49829837679862976
      ]
    },
    {
      "coordinates": [
        296,
        170
      ],
      "magnitude": 1.0441190004348755,
      "direction": [
        0.9975553750991821,
        0.06988097727298737
      ]
    },
    {
      "coordinates": [
        319,
        170
      ],
      "magnitude": 1.2394206523895264,
      "direction": [
        0.9958114624023438,
        -0.0914306715130806
      ]
    },
    {
      "coordinates": [
        0,
        187
      ],
      "magnitude": 1.611983060836792,
      "direction": [
        0.5031244158744812,
        0.8642140030860901
      ]
    },
    {
      "coordinates": [
        22,
        187
      ],
      "magnitude": 1.9340157508850098,
      "direction": [
        0.38758447766304016,
        0.9218342304229736
      ]
    },
    {
      "coordinates": [
        45,
        187
      ],
      "magnitude": 2.8065481185913086,
      "direction": [
        0.23036952316761017,
        0.9731032252311707
      ]
    },
    {
      "coordinates": [
        68,
        187
      ],
      "magnitude": 2.8527414798736572,
      "direction": [
        0.27861908078193665,
        0.960401713848114
      ]
    },
    {
      "coordinates": [
        91,
        187
      ],
      "magnitude": 3.346529245376587,
      "direction": [
        0.4328337609767914,
        0.9014737606048584
      ]
    },
    {
      "coordinates": [
        113,
        187
      ],
      "magnitude": 4.4135003089904785,
      "direction": [
        0.41778257489204407,
        0.9085469841957092
      ]
    },
    {
      "coordinates": [
        136,
        187
      ],
      "magnitude": 6.405104160308838,
      "direction": [
        0.2667768895626068,
        0.9637583494186401
      ]
    },
    {
      "coordinates": [
        159,
        187
      ],
      "magnitude": 9.35168743133545,
      "direction": [
        0.19486252963542938,
        0.9808305501937866
      ]
    },
    {
      "coordinates": [
        182,
        187
      ],
      "magnitude": 7.925148963928223,
      "direction": [
        0.16960462927818298,
        0.9855121970176697
      ]
    },
    {
      "coordinates": [
        205,
        187
      ],
      "magnitude": 4.784912109375,
      "direction": [
        0.2537139356136322,
        0.967279314994812
      ]
    },
    {
      "coordinates": [
        227,
        187
      ],
      "magnitude": 3.049687147140503,
      "direction": [
        0.408772349357605,
        0.912636399269104
      ]
    },
    {
      "coordinates": [
        250,
        187
      ],
      "magnitude": 2.0690174102783203,
      "direction": [
        0.7222625613212585,
        0.6916189193725586
      ]
    },
    {
      "coordinates": [
        273,
        187
      ],
      "magnitude": 1.5692417621612549,
      "direction": [
        0.9413722157478333,
        0.3373697102069855
      ]
    },
    {
      "coordinates": [
        296,
        187
      ],
      "magnitude": 1.3793878555297852,
      "direction": [
        0.9983765482902527,
        0.05695801228284836
      ]
    },
    {
      "coordinates": [
        319,
        187
      ],
      "magnitude": 1.4435324668884277,
      "direction": [
        0.9759740233421326,
        -0.2178870588541031
      ]
    },
    {
      "coordinates": [
        0,
        204
      ],
      "magnitude": 1.2345857620239258,
      "direction": [
        0.2867041528224945,
        0.9580191373825073
      ]
    },
    {
      "coordinates": [
        22,
        204
      ],
      "magnitude": 1.947961449623108,
      "direction": [
        0.17896367609500885,
        0.9838557243347168
      ]
    },
    {
      "coordinates": [
        45,
        204
      ],
      "magnitude": 2.8073880672454834,
      "direction": [
        -0.03130227327346802,
        0.9995099902153015
      ]
    },
    {
      "coordinates": [
        68,
        204
      ],
      "magnitude": 2.5673182010650635,
      "direction": [
        0.25814807415008545,
        0.9661054015159607
      ]
    },
    {
      "coordinates": [
        91,
        204
      ],
      "magnitude": 3.0338261127471924,
      "direction": [
        0.2730160653591156,
        0.9620094895362854
      ]
    },
    {
      "coordinates": [
        113,
        204
      ],
      "magnitude": 3.933265447616577,
      "direction": [
        0.2470487654209137,
        0.9690030813217163
      ]
    },
    {
      "coordinates": [
        136,
        204
      ],
      "magnitude": 6.333477973937988,
      "direction": [
        0.22481471300125122,
        0.974401593208313
      ]
    },
    {
      "coordinates": [
        159,
        204
      ],
      "magnitude": 9.120492935180664,
      "direction": [
        0.1810419112443924,
        0.9834753274917603
      ]
    },
    {
      "coordinates": [
        182,
        204
      ],
      "magnitude": 8.348471641540527,
      "direction": [
        0.19099776446819305,
        0.9815905094146729
      ]
    },
    {
      "coordinates": [
        205,
        204
      ],
      "magnitude": 4.807684898376465,
      "direction": [
        0.3235596716403961,
        0.9462078213691711
      ]
    },
    {
      "coordinates": [
        227,
        204
      ],
      "magnitude": 2.846311569213867,
      "direction": [
        0.5527970194816589,
        0.833315908908844
      ]
    },
    {
      "coordinates": [
        250,
        204
      ],
      "magnitude": 2.1301443576812744,
      "direction": [
        0.7101619839668274,
        0.7040382623672485
      ]
    },
    {
      "coordinates": [
        273,
        204
      ],
      "magnitude": 1.8069579601287842,
      "direction": [
        0.9049878716468811,
        0.4254373610019684
      ]
    },
    {
      "coordinates": [
        296,
        204
      ],
      "magnitude": 1.7172826528549194,
      "direction": [
        0.9991180300712585,
        0.04198954999446869
      ]
    },
    {
      "coordinates": [
        319,
        204
      ],
      "magnitude": 1.766431212425232,
      "direction": [
        0.9757314324378967,
        -0.21897061169147491
      ]
    },
    {
      "coordinates": [
        0,
        221
      ],
      "magnitude": 1.3491768836975098,
      "direction": [
        -0.11002149432897568,
        0.9939292669296265
      ]
    },
    {
      "coordinates": [
        22,
        221
      ],
      "magnitude": 2.0087411403656006,
      "direction": [
        -0.0652846172451973,
        0.9978666305541992
      ]
    },
    {
      "coordinates": [
        45,
        221
      ],
      "magnitude": 2.3758389949798584,
      "direction": [
        0.11364424228668213,
        0.993521511554718
      ]
    },
    {
      "coordinates": [
        68,
        221
      ],
      "magnitude": 2.1620397567749023,
      "direction": [
        0.1799173802137375,
        0.9836817383766174
      ]
    },
    {
      "coordinates": [
        91,
        221
      ],
      "magnitude": 2.621703624725342,
      "direction": [
        0.19447061419487,
        0.9809083342552185
      ]
    },
    {
      "coordinates": [
        113,
        221
      ],
      "magnitude": 3.6349666118621826,
      "direction": [
        0.3094111979007721,
        0.9509283304214478
      ]
    },
    {
      "coordinates": [
        136,
        221
      ],
      "magnitude": 5.955883026123047,
      "direction": [
        0.23352059721946716,
        0.9723518490791321
      ]
    },
    {
      "coordinates": [
        159,
        221
      ],
      "magnitude": 8.868147850036621,
      "direction": [
        0.1999080330133438,
        0.9798146486282349
      ]
    },
    {
      "coordinates": [
        182,
        221
      ],
      "magnitude": 8.165825843811035,
      "direction": [
        0.2706019878387451,
        0.9626914262771606
      ]
    },
    {
      "coordinates": [
        205,
        221
      ],
      "magnitude": 5.306457996368408,
      "direction": [
        0.44904133677482605,
        0.8935110569000244
      ]
    },
    {
      "coordinates": [
        227,
        221
      ],
      "magnitude": 3.504751205444336,
      "direction": [
        0.6220014095306396,
        0.7830161452293396
      ]
    },
    {
      "coordinates": [
        250,
        221
      ],
      "magnitude": 2.619755983352661,
      "direction": [
        0.7992692589759827,
        0.6009731292724609
      ]
    },
    {
      "coordinates": [
        273,
        221
      ],
      "magnitude": 2.2069523334503174,
      "direction": [
        0.948841392993927,
        0.31575295329093933
      ]
    },
    {
      "coordinates": [
        296,
        221
      ],
      "magnitude": 1.8063429594039917,
      "direction": [
        0.9992613196372986,
        0.03842958062887192
      ]
    },
    {
      "coordinates": [
        319,
        221
      ],
      "magnitude": 1.663610816001892,
      "direction": [
        0.9855530261993408,
        -0.16936691105365753
      ]
    },
    {
      "coordinates": [
        0,
        239
      ],
      "magnitude": 1.5639641284942627,
      "direction": [
        -0.38935741782188416,
        0.9210867285728455
      ]
    },
    {
      "coordinates": [
        22,
        239
      ],
      "magnitude": 1.9915928840637207,
      "direction": [
        -0.4156932532787323,
        0.9095048904418945
      ]
    },
    {
      "coordinates": [
        45,
        239
      ],
      "magnitude": 2.292558193206787,
      "direction": [
        -0.20881550014019012,
        0.9779549837112427
      ]
    },
    {
      "coordinates": [
        68,
        239
      ],
      "magnitude": 2.1333281993865967,
      "direction": [
        -0.023340493440628052,
        0.9997275471687317
      ]
    },
    {
      "coordinates": [
        91,
        239
      ],
      "magnitude": 2.570610761642456,
      "direction": [
        0.17700527608394623,
        0.9842098951339722
      ]
    },
    {
      "coordinates": [
        113,
        239
      ],
      "magnitude": 3.2009212970733643,
      "direction": [
        0.26907527446746826,
        0.9631191492080688
      ]
    },
    {
      "coordinates": [
        136,
        239
      ],
      "magnitude": 5.982994556427002,
      "direction": [
        0.27436965703964233,
        0.961624264717102
      ]
    },
    {
      "coordinates": [
        159,
        239
      ],
      "magnitude": 8.413984298706055,
      "direction": [
        0.20871864259243011,
        0.9779756665229797
      ]
    },
    {
      "coordinates": [
        182,
        239
      ],
      "magnitude": 8.039015769958496,
      "direction": [
        0.33883675932884216,
        0.9408451914787292
      ]
    },
    {
      "coordinates": [
        205,
        239
      ],
      "magnitude": 5.905533790588379,
      "direction": [
        0.40588489174842834,
        0.9139241576194763
      ]
    },
    {
      "coordinates": [
        227,
        239
      ],
      "magnitude": 3.5186119079589844,
      "direction": [
        0.6769832372665405,
        0.7359984517097473
      ]
    },
    {
      "coordinates": [
        250,
        239
      ],
      "magnitude": 3.0372507572174072,
      "direction": [
        0.8437331914901733,
        0.5367628931999207
      ]
    },
    {
      "coordinates": [
        273,
        239
      ],
      "magnitude": 2.5380373001098633,
      "direction": [
        0.9546934366226196,
        0.2975909411907196
      ]
    },
    {
      "coordinates": [
        296,
        239
      ],
      "magnitude": 2.222785472869873,
      "direction": [
        0.9934452772140503,
        0.11430861055850983
      ]
    },
    {
      "coordinates": [
        319,
        239
      ],
      "magnitude": 1.8667999505996704,
      "direction": [
        0.9935652017593384,
        -0.113261878490448
      ]
    }
  ]
}