{
  "recording_timestamp": 1757347067.7335832,
  "elapsed_time_s": 15.0,
  "fz": 2.072209,
  "peak_intensity": 0.32,
  "deformation_mesh": [
    {
      "coordinates": [
        0,
        0
      ],
      "magnitude": 1.8833030462265015,
      "direction": [
        -0.2842746078968048,
        -0.9587428569793701
      ]
    },
    {
      "coordinates": [
        22,
        0
      ],
      "magnitude": 1.7966338396072388,
      "direction": [
        0.10265634208917618,
        -0.9947168827056885
      ]
    },
    {
      "coordinates": [
        45,
        0
      ],
      "magnitude": 1.903678059577942,
      "direction": [
        0.1957077980041504,
        -0.9806622862815857
      ]
    },
    {
      "coordinates": [
        68,
        0
      ],
      "magnitude": 2.2225918769836426,
      "direction": [
        0.11580738425254822,
        -0.9932716488838196
      ]
    },
    {
      "coordinates": [
        91,
        0
      ],
      "magnitude": 2.3520848751068115,
      "direction": [
        0.38466572761535645,
        -0.9230559468269348
      ]
    },
    {
      "coordinates": [
        113,
        0
      ],
      "magnitude": 2.2679786682128906,
      "direction": [
        0.6594238877296448,
        -0.7517713904380798
      ]
    },
    {
      "coordinates": [
        136,
        0
      ],
      "magnitude": 2.1955316066741943,
      "direction": [
        0.7363519668579102,
        -0.6765986680984497
      ]
    },
    {
      "coordinates": [
        159,
        0
      ],
      "magnitude": 1.781113862991333,
      "direction": [
        0.8584458231925964,
        -0.5129041075706482
      ]
    },
    {
      "coordinates": [
        182,
        0
      ],
      "magnitude": 2.232287645339966,
      "direction": [
        0.8769453167915344,
        -0.480590283870697
      ]
    },
    {
      "coordinates": [
        205,
        0
      ],
      "magnitude": 2.5299618244171143,
      "direction": [
        0.7440943717956543,
        -0.6680744290351868
      ]
    },
    {
      "coordinates": [
        227,
        0
      ],
      "magnitude": 2.3160006999969482,
      "direction": [
        0.7889828085899353,
        -0.6144152879714966
      ]
    },
    {
      "coordinates": [
        250,
        0
      ],
      "magnitude": 2.6819992065429688,
      "direction": [
        0.8568280935287476,
        -0.515602171421051
      ]
    },
    {
      "coordinates": [
        273,
        0
      ],
      "magnitude": 3.141343593597412,
      "direction": [
        0.8426526188850403,
        -0.5384576916694641
      ]
    },
    {
      "coordinates": [
        296,
        0
      ],
      "magnitude": 3.3417346477508545,
      "direction": [
        0.8012838959693909,
        -0.5982843041419983
      ]
    },
    {
      "coordinates": [
        319,
        0
      ],
      "magnitude": 3.353159189224243,
      "direction": [
        0.8130605220794678,
        -0.5821791291236877
      ]
    },
    {
      "coordinates": [
        0,
        17
      ],
      "magnitude": 2.090355396270752,
      "direction": [
        -0.2529522478580475,
        -0.9674787521362305
      ]
    },
    {
      "coordinates": [
        22,
        17
      ],
      "magnitude": 2.151956081390381,
      "direction": [
        0.05646234005689621,
        -0.9984047412872314
      ]
    },
    {
      "coordinates": [
        45,
        17
      ],
      "magnitude": 2.105241537094116,
      "direction": [
        -0.020502232015132904,
        -0.999789834022522
      ]
    },
    {
      "coordinates": [
        68,
        17
      ],
      "magnitude": 2.3521180152893066,
      "direction": [
        0.1746443808078766,
        -0.9846315979957581
      ]
    },
    {
      "coordinates": [
        91,
        17
      ],
      "magnitude": 2.603398084640503,
      "direction": [
        0.3674808442592621,
        -0.9300311207771301
      ]
    },
    {
      "coordinates": [
        113,
        17
      ],
      "magnitude": 2.140519618988037,
      "direction": [
        0.5810369253158569,
        -0.8138771653175354
      ]
    },
    {
      "coordinates": [
        136,
        17
      ],
      "magnitude": 2.002660036087036,
      "direction": [
        0.7278159260749817,
        -0.6857725381851196
      ]
    },
    {
      "coordinates": [
        159,
        17
      ],
      "magnitude": 2.0028796195983887,
      "direction": [
        0.8820556402206421,
        -0.4711451530456543
      ]
    },
    {
      "coordinates": [
        182,
        17
      ],
      "magnitude": 2.1889591217041016,
      "direction": [
        0.9718986749649048,
        -0.2353997528553009
      ]
    },
    {
      "coordinates": [
        205,
        17
      ],
      "magnitude": 2.3953850269317627,
      "direction": [
        0.8823636770248413,
        -0.47056815028190613
      ]
    },
    {
      "coordinates": [
        227,
        17
      ],
      "magnitude": 2.7122840881347656,
      "direction": [
        0.8436393141746521,
        -0.5369102954864502
      ]
    },
    {
      "coordinates": [
        250,
        17
      ],
      "magnitude": 2.829610586166382,
      "direction": [
        0.8233929872512817,
        -0.5674716830253601
      ]
    },
    {
      "coordinates": [
        273,
        17
      ],
      "magnitude": 3.1337220668792725,
      "direction": [
        0.8632827401161194,
        -0.5047206878662109
      ]
    },
    {
      "coordinates": [
        296,
        17
      ],
      "magnitude": 3.228998899459839,
      "direction": [
        0.8420106768608093,
        -0.5394607782363892
      ]
    },
    {
      "coordinates": [
        319,
        17
      ],
      "magnitude": 3.4437601566314697,
      "direction": [
        0.8991416692733765,
        -0.4376576542854309
      ]
    },
    {
      "coordinates": [
        0,
        34
      ],
      "magnitude": 2.276010513305664,
      "direction": [
        -0.2613297402858734,
        -0.9652495980262756
      ]
    },
    {
      "coordinates": [
        22,
        34
      ],
      "magnitude": 2.419451951980591,
      "direction": [
        -0.07997442036867142,
        -0.9967969655990601
      ]
    },
    {
      "coordinates": [
        45,
        34
      ],
      "magnitude": 2.749366044998169,
      "direction": [
        0.054910071194171906,
        -0.9984912872314453
      ]
    },
    {
      "coordinates": [
        68,
        34
      ],
      "magnitude": 2.6795642375946045,
      "direction": [
        0.1883552372455597,
        -0.9821009039878845
      ]
    },
    {
      "coordinates": [
        91,
        34
      ],
      "magnitude": 2.7714643478393555,
      "direction": [
        0.325473815202713,
        -0.9455510973930359
      ]
    },
    {
      "coordinates": [
        113,
        34
      ],
      "magnitude": 2.4182887077331543,
      "direction": [
        0.526626467704773,
        -0.8500967621803284
      ]
    },
    {
      "coordinates": [
        136,
        34
      ],
      "magnitude": 2.2356297969818115,
      "direction": [
        0.8165656924247742,
        -0.5772524476051331
      ]
    },
    {
      "coordinates": [
        159,
        34
      ],
      "magnitude": 2.0668485164642334,
      "direction": [
        0.9317660927772522,
        -0.36305898427963257
      ]
    },
    {
      "coordinates": [
        182,
        34
      ],
      "magnitude": 2.255953550338745,
      "direction": [
        0.965952455997467,
        -0.25871962308883667
      ]
    },
    {
      "coordinates": [
        205,
        34
      ],
      "magnitude": 2.6053555011749268,
      "direction": [
        0.9083138108253479,
        -0.41828951239585876
      ]
    },
    {
      "coordinates": [
        227,
        34
      ],
      "magnitude": 2.745851516723633,
      "direction": [
        0.8695603609085083,
        -0.4938267469406128
      ]
    },
    {
      "coordinates": [
        250,
        34
      ],
      "magnitude": 3.0114619731903076,
      "direction": [
        0.840457022190094,
        -0.5418781042098999
      ]
    },
    {
      "coordinates": [
        273,
        34
      ],
      "magnitude": 3.0436105728149414,
      "direction": [
        0.868877112865448,
        -0.4950277805328369
      ]
    },
    {
      "coordinates": [
        296,
        34
      ],
      "magnitude": 3.5795400142669678,
      "direction": [
        0.8525962233543396,
        -0.5225702524185181
      ]
    },
    {
      "coordinates": [
        319,
        34
      ],
      "magnitude": 3.391770124435425,
      "direction": [
        0.8865238428115845,
        -0.46268290281295776
      ]
    },
    {
      "coordinates": [
        0,
        51
      ],
      "magnitude": 2.0398736000061035,
      "direction": [
        -0.2651112675666809,
        -0.9642178416252136
      ]
    },
    {
      "coordinates": [
        22,
        51
      ],
      "magnitude": 2.549823522567749,
      "direction": [
        -0.23555046319961548,
        -0.9718621373176575
      ]
    },
    {
      "coordinates": [
        45,
        51
      ],
      "magnitude": 2.7630209922790527,
      "direction": [
        -0.16533848643302917,
        -0.9862368702888489
      ]
    },
    {
      "coordinates": [
        68,
        51
      ],
      "magnitude": 2.6512982845306396,
      "direction": [
        -0.02173364721238613,
        -0.9997637867927551
      ]
    },
    {
      "coordinates": [
        91,
        51
      ],
      "magnitude": 2.7796695232391357,
      "direction": [
        0.16943515837192535,
        -0.9855413436889648
      ]
    },
    {
      "coordinates": [
        113,
        51
      ],
      "magnitude": 2.598090410232544,
      "direction": [
        0.45861107110977173,
        -0.8886370658874512
      ]
    },
    {
      "coordinates": [
        136,
        51
      ],
      "magnitude": 2.2711517810821533,
      "direction": [
        0.8404796123504639,
        -0.5418432354927063
      ]
    },
    {
      "coordinates": [
        159,
        51
      ],
      "magnitude": 1.987931728363037,
      "direction": [
        0.9557584524154663,
        -0.29415246844291687
      ]
    },
    {
      "coordinates": [
        182,
        51
      ],
      "magnitude": 2.593716621398926,
      "direction": [
        0.9870659708976746,
        -0.1603144407272339
      ]
    },
    {
      "coordinates": [
        205,
        51
      ],
      "magnitude": 2.705897808074951,
      "direction": [
        0.9288418889045715,
        -0.3704764246940613
      ]
    },
    {
      "coordinates": [
        227,
        51
      ],
      "magnitude": 3.0990617275238037,
      "direction": [
        0.8511732220649719,
        -0.5248847603797913
      ]
    },
    {
      "coordinates": [
        250,
        51
      ],
      "magnitude": 3.6518940925598145,
      "direction": [
        0.8836667537689209,
        -0.46811649203300476
      ]
    },
    {
      "coordinates": [
        273,
        51
      ],
      "magnitude": 3.7946319580078125,
      "direction": [
        0.8783733248710632,
        -0.4779752194881439
      ]
    },
    {
      "coordinates": [
        296,
        51
      ],
      "magnitude": 3.8178813457489014,
      "direction": [
        0.8602982759475708,
        -0.5097910165786743
      ]
    },
    {
      "coordinates": [
        319,
        51
      ],
      "magnitude": 3.8332598209381104,
      "direction": [
        0.907240629196167,
        -0.4206118583679199
      ]
    },
    {
      "coordinates": [
        0,
        68
      ],
      "magnitude": 2.692538261413574,
      "direction": [
        -0.6211234331130981,
        -0.7837127447128296
      ]
    },
    {
      "coordinates": [
        22,
        68
      ],
      "magnitude": 3.002268075942993,
      "direction": [
        -0.5023936629295349,
        -0.8646390438079834
      ]
    },
    {
      "coordinates": [
        45,
        68
      ],
      "magnitude": 2.6562252044677734,
      "direction": [
        -0.3810541033744812,
        -0.9245527386665344
      ]
    },
    {
      "coordinates": [
        68,
        68
      ],
      "magnitude": 3.2081332206726074,
      "direction": [
        -0.21968333423137665,
        -0.9755712151527405
      ]
    },
    {
      "coordinates": [
        91,
        68
      ],
      "magnitude": 3.204097032546997,
      "direction": [
        0.0013502100482583046,
        -0.9999990463256836
      ]
    },
    {
      "coordinates": [
        113,
        68
      ],
      "magnitude": 2.95874285697937,
      "direction": [
        0.3302324414253235,
        -0.9438996315002441
      ]
    },
    {
      "coordinates": [
        136,
        68
      ],
      "magnitude": 1.9066088199615479,
      "direction": [
        0.8042764663696289,
        -0.5942553877830505
      ]
    },
    {
      "coordinates": [
        159,
        68
      ],
      "magnitude": 1.665976881980896,
      "direction": [
        0.9463552832603455,
        -0.3231278359889984
      ]
    },
    {
      "coordinates": [
        182,
        68
      ],
      "magnitude": 3.043972969055176,
      "direction": [
        0.9993460774421692,
        -0.036158815026283264
      ]
    },
    {
      "coordinates": [
        205,
        68
      ],
      "magnitude": 3.3590340614318848,
      "direction": [
        0.9464157223701477,
        -0.322951078414917
      ]
    },
    {
      "coordinates": [
        227,
        68
      ],
      "magnitude": 3.8761560916900635,
      "direction": [
        0.8492658138275146,
        -0.5279655456542969
      ]
    },
    {
      "coordinates": [
        250,
        68
      ],
      "magnitude": 4.324947357177734,
      "direction": [
        0.8656033873558044,
        -0.5007303357124329
      ]
    },
    {
      "coordinates": [
        273,
        68
      ],
      "magnitude": 4.118858337402344,
      "direction": [
        0.8906656503677368,
        -0.4546588957309723
      ]
    },
    {
      "coordinates": [
        296,
        68
      ],
      "magnitude": 4.0204176902771,
      "direction": [
        0.8736600279808044,
        -0.4865369200706482
      ]
    },
    {
      "coordinates": [
        319,
        68
      ],
      "magnitude": 4.136373043060303,
      "direction": [
        0.8992670774459839,
        -0.4373999536037445
      ]
    },
    {
      "coordinates": [
        0,
        85
      ],
      "magnitude": 3.1197550296783447,
      "direction": [
        -0.6804410815238953,
        -0.7328028678894043
      ]
    },
    {
      "coordinates": [
        22,
        85
      ],
      "magnitude": 3.6316351890563965,
      "direction": [
        -0.6543843150138855,
        -0.7561621069908142
      ]
    },
    {
      "coordinates": [
        45,
        85
      ],
      "magnitude": 3.4470083713531494,
      "direction": [
        -0.5088788866996765,
        -0.8608381152153015
      ]
    },
    {
      "coordinates": [
        68,
        85
      ],
      "magnitude": 3.3966057300567627,
      "direction": [
        -0.27800482511520386,
        -0.9605796337127686
      ]
    },
    {
      "coordinates": [
        91,
        85
      ],
      "magnitude": 3.3009896278381348,
      "direction": [
        -0.1739388108253479,
        -0.9847564697265625
      ]
    },
    {
      "coordinates": [
        113,
        85
      ],
      "magnitude": 2.904128313064575,
      "direction": [
        0.3300530016422272,
        -0.9439624547958374
      ]
    },
    {
      "coordinates": [
        136,
        85
      ],
      "magnitude": 1.716048002243042,
      "direction": [
        0.6225637197494507,
        -0.7825691103935242
      ]
    },
    {
      "coordinates": [
        159,
        85
      ],
      "magnitude": 1.7412165403366089,
      "direction": [
        0.9944517016410828,
        0.10519435256719589
      ]
    },
    {
      "coordinates": [
        182,
        85
      ],
      "magnitude": 3.6140854358673096,
      "direction": [
        0.9795279502868652,
        0.20130819082260132
      ]
    },
    {
      "coordinates": [
        205,
        85
      ],
      "magnitude": 3.8011417388916016,
      "direction": [
        0.9616943001747131,
        -0.27412402629852295
      ]
    },
    {
      "coordinates": [
        227,
        85
      ],
      "magnitude": 4.486995697021484,
      "direction": [
        0.9003836512565613,
        -0.43509677052497864
      ]
    },
    {
      "coordinates": [
        250,
        85
      ],
      "magnitude": 5.0130696296691895,
      "direction": [
        0.878982424736023,
        -0.47685420513153076
      ]
    },
    {
      "coordinates": [
        273,
        85
      ],
      "magnitude": 4.292928218841553,
      "direction": [
        0.9416379332542419,
        -0.33662736415863037
      ]
    },
    {
      "coordinates": [
        296,
        85
      ],
      "magnitude": 4.490476131439209,
      "direction": [
        0.9049503207206726,
        -0.425517201423645
      ]
    },
    {
      "coordinates": [
        319,
        85
      ],
      "magnitude": 4.651231288909912,
      "direction": [
        0.9185081720352173,
        -0.3954019248485565
      ]
    },
    {
      "coordinates": [
        0,
        102
      ],
      "magnitude": 3.5760815143585205,
      "direction": [
        -0.8607746958732605,
        -0.5089861154556274
      ]
    },
    {
      "coordinates": [
        22,
        102
      ],
      "magnitude": 4.323424816131592,
      "direction": [
        -0.7901900410652161,
        -0.6128619909286499
      ]
    },
    {
      "coordinates": [
        45,
        102
      ],
      "magnitude": 4.118197441101074,
      "direction": [
        -0.6896687150001526,
        -0.7241250276565552
      ]
    },
    {
      "coordinates": [
        68,
        102
      ],
      "magnitude": 3.419696569442749,
      "direction": [
        -0.38991597294807434,
        -0.920850396156311
      ]
    },
    {
      "coordinates": [
        91,
        102
      ],
      "magnitude": 2.7973484992980957,
      "direction": [
        -0.16853897273540497,
        -0.985694944858551
      ]
    },
    {
      "coordinates": [
        113,
        102
      ],
      "magnitude": 2.140031337738037,
      "direction": [
        0.4449480175971985,
        -0.8955563902854919
      ]
    },
    {
      "coordinates": [
        136,
        102
      ],
      "magnitude": 1.7620768547058105,
      "direction": [
        0.7189305424690247,
        -0.6950818300247192
      ]
    },
    {
      "coordinates": [
        159,
        102
      ],
      "magnitude": 2.3645238876342773,
      "direction": [
        0.8539393544197083,
        0.5203725695610046
      ]
    },
    {
      "coordinates": [
        182,
        102
      ],
      "magnitude": 4.5545830726623535,
      "direction": [
        0.9685152769088745,
        0.24895399808883667
      ]
    },
    {
      "coordinates": [
        205,
        102
      ],
      "magnitude": 4.250860691070557,
      "direction": [
        0.9842067360877991,
        -0.17702320218086243
      ]
    },
    {
      "coordinates": [
        227,
        102
      ],
      "magnitude": 5.014578819274902,
      "direction": [
        0.90741366147995,
        -0.4202384650707245
      ]
    },
    {
      "coordinates": [
        250,
        102
      ],
      "magnitude": 5.143706798553467,
      "direction": [
        0.883891224861145,
        -0.46769243478775024
      ]
    },
    {
      "coordinates": [
        273,
        102
      ],
      "magnitude": 5.106744766235352,
      "direction": [
        0.9334226846694946,
        -0.35877862572669983
      ]
    },
    {
      "coordinates": [
        296,
        102
      ],
      "magnitude": 4.943142890930176,
      "direction": [
        0.9382410049438477,
        -0.34598228335380554
      ]
    },
    {
      "coordinates": [
        319,
        102
      ],
      "magnitude": 4.86383581161499,
      "direction": [
        0.938228964805603,
        -0.34601518511772156
      ]
    },
    {
      "coordinates": [
        0,
        119
      ],
      "magnitude": 4.440433502197266,
      "direction": [
        -0.8958402276039124,
        -0.4443763494491577
      ]
    },
    {
      "coordinates": [
        22,
        119
      ],
      "magnitude": 4.153641700744629,
      "direction": [
        -0.8953418135643005,
        -0.44537976384162903
      ]
    },
    {
      "coordinates": [
        45,
        119
      ],
      "magnitude": 4.01833963394165,
      "direction": [
        -0.798392653465271,
        -0.6021372675895691
      ]
    },
    {
      "coordinates": [
        68,
        119
      ],
      "magnitude": 2.927158832550049,
      "direction": [
        -0.6479434967041016,
        -0.7616884112358093
      ]
    },
    {
      "coordinates": [
        91,
        119
      ],
      "magnitude": 1.8962887525558472,
      "direction": [
        -0.41445574164390564,
        -0.910069465637207
      ]
    },
    {
      "coordinates": [
        113,
        119
      ],
      "magnitude": 1.5921372175216675,
      "direction": [
        0.3759891986846924,
        -0.9266240000724792
      ]
    },
    {
      "coordinates": [
        136,
        119
      ],
      "magnitude": 1.4811792373657227,
      "direction": [
        0.9904868006706238,
        -0.13760799169540405
      ]
    },
    {
      "coordinates": [
        159,
        119
      ],
      "magnitude": 3.3941614627838135,
      "direction": [
        0.6372426748275757,
        0.7706632614135742
      ]
    },
    {
      "coordinates": [
        182,
        119
      ],
      "magnitude": 5.28564977645874,
      "direction": [
        0.8987767100334167,
        0.43840667605400085
      ]
    },
    {
      "coordinates": [
        205,
        119
      ],
      "magnitude": 4.8682332038879395,
      "direction": [
        0.9980358481407166,
        0.06264586746692657
      ]
    },
    {
      "coordinates": [
        227,
        119
      ],
      "magnitude": 5.243649005889893,
      "direction": [
        0.9707009196281433,
        -0.2402907907962799
      ]
    },
    {
      "coordinates": [
        250,
        119
      ],
      "magnitude": 6.022882461547852,
      "direction": [
        0.9501696825027466,
        -0.3117331266403198
      ]
    },
    {
      "coordinates": [
        273,
        119
      ],
      "magnitude": 5.738515377044678,
      "direction": [
        0.9494734406471252,
        -0.31384730339050293
      ]
    },
    {
      "coordinates": [
        296,
        119
      ],
      "magnitude": 5.403896331787109,
      "direction": [
        0.9594904780387878,
        -0.28174102306365967
      ]
    },
    {
      "coordinates": [
        319,
        119
      ],
      "magnitude": 4.996334552764893,
      "direction": [
        0.9707063436508179,
        -0.24026894569396973
      ]
    },
    {
      "coordinates": [
        0,
        136
      ],
      "magnitude": 4.769805431365967,
      "direction": [
        -0.9459414482116699,
        -0.32433733344078064
      ]
    },
    {
      "coordinates": [
        22,
        136
      ],
      "magnitude": 4.346376895904541,
      "direction": [
        -0.9711740612983704,
        -0.23837171494960785
      ]
    },
    {
      "coordinates": [
        45,
        136
      ],
      "magnitude": 3.532681465148926,
      "direction": [
        -0.9842996001243591,
        -0.17650586366653442
      ]
    },
    {
      "coordinates": [
        68,
        136
      ],
      "magnitude": 2.3180480003356934,
      "direction": [
        -0.9620250463485718,
        -0.27296119928359985
      ]
    },
    {
      "coordinates": [
        91,
        136
      ],
      "magnitude": 1.3968069553375244,
      "direction": [
        -0.6620981693267822,
        -0.7494170665740967
      ]
    },
    {
      "coordinates": [
        113,
        136
      ],
      "magnitude": 0.6828656792640686,
      "direction": [
        0.9931807518005371,
        -0.11658448725938797
      ]
    },
    {
      "coordinates": [
        136,
        136
      ],
      "magnitude": 2.3260810375213623,
      "direction": [
        0.8308440446853638,
        0.5565053224563599
      ]
    },
    {
      "coordinates": [
        159,
        136
      ],
      "magnitude": 4.071784496307373,
      "direction": [
        0.6472601890563965,
        0.7622690796852112
      ]
    },
    {
      "coordinates": [
        182,
        136
      ],
      "magnitude": 5.728285789489746,
      "direction": [
        0.8407484292984009,
        0.5414260029792786
      ]
    },
    {
      "coordinates": [
        205,
        136
      ],
      "magnitude": 5.461846828460693,
      "direction": [
        0.9743050932884216,
        0.22523245215415955
      ]
    },
    {
      "coordinates": [
        227,
        136
      ],
      "magnitude": 5.559585094451904,
      "direction": [
        0.9962233304977417,
        -0.08682762086391449
      ]
    },
    {
      "coordinates": [
        250,
        136
      ],
      "magnitude": 6.281561851501465,
      "direction": [
        0.9854202270507812,
        -0.17013804614543915
      ]
    },
    {
      "coordinates": [
        273,
        136
      ],
      "magnitude": 6.371434211730957,
      "direction": [
        0.9762747287750244,
        -0.2165357917547226
      ]
    },
    {
      "coordinates": [
        296,
        136
      ],
      "magnitude": 5.757866382598877,
      "direction": [
        0.9751119613647461,
        -0.22171299159526825
      ]
    },
    {
      "coordinates": [
        319,
        136
      ],
      "magnitude": 5.551383018493652,
      "direction": [
        0.9876261353492737,
        -0.15682700276374817
      ]
    },
    {
      "coordinates": [
        0,
        153
      ],
      "magnitude": 4.770357608795166,
      "direction": [
        -0.9979835152626038,
        -0.06347355991601944
      ]
    },
    {
      "coordinates": [
        22,
        153
      ],
      "magnitude": 4.721492290496826,
      "direction": [
        -0.999995231628418,
        0.0030732431914657354
      ]
    },
    {
      "coordinates": [
        45,
        153
      ],
      "magnitude": 4.588724613189697,
      "direction": [
        -0.9863570332527161,
        0.16462065279483795
      ]
    },
    {
      "coordinates": [
        68,
        153
      ],
      "magnitude": 2.725370407104492,
      "direction": [
        -0.9472512006759644,
        0.32049211859703064
      ]
    },
    {
      "coordinates": [
        91,
        153
      ],
      "magnitude": 1.405343770980835,
      "direction": [
        -0.9248913526535034,
        0.380231648683548
      ]
    },
    {
      "coordinates": [
        113,
        153
      ],
      "magnitude": 1.231750726699829,
      "direction": [
        0.48609334230422974,
        0.8739069104194641
      ]
    },
    {
      "coordinates": [
        136,
        153
      ],
      "magnitude": 4.376039028167725,
      "direction": [
        0.5969448089599609,
        0.8022823929786682
      ]
    },
    {
      "coordinates": [
        159,
        153
      ],
      "magnitude": 5.529637813568115,
      "direction": [
        0.5310283303260803,
        0.8473540544509888
      ]
    },
    {
      "coordinates": [
        182,
        153
      ],
      "magnitude": 6.804775238037109,
      "direction": [
        0.7729633450508118,
        0.6344506740570068
      ]
    },
    {
      "coordinates": [
        205,
        153
      ],
      "magnitude": 6.118128299713135,
      "direction": [
        0.9379310011863708,
        0.3468218147754669
      ]
    },
    {
      "coordinates": [
        227,
        153
      ],
      "magnitude": 5.937864303588867,
      "direction": [
        0.9947360157966614,
        0.10247085988521576
      ]
    },
    {
      "coordinates": [
        250,
        153
      ],
      "magnitude": 6.949105262756348,
      "direction": [
        0.9968158006668091,
        -0.0797380581498146
      ]
    },
    {
      "coordinates": [
        273,
        153
      ],
      "magnitude": 6.7565693855285645,
      "direction": [
        0.9894757866859436,
        -0.14469854533672333
      ]
    },
    {
      "coordinates": [
        296,
        153
      ],
      "magnitude": 6.301714897155762,
      "direction": [
        0.9943530559539795,
        -0.10612303018569946
      ]
    },
    {
      "coordinates": [
        319,
        153
      ],
      "magnitude": 5.900655269622803,
      "direction": [
        0.9939720630645752,
        -0.10963380336761475
      ]
    },
    {
      "coordinates": [
        0,
        170
      ],
      "magnitude": 5.792447566986084,
      "direction": [
        -0.9693206548690796,
        0.245799720287323
      ]
    },
    {
      "coordinates": [
        22,
        170
      ],
      "magnitude": 5.775585651397705,
      "direction": [
        -0.9517740607261658,
        0.3067997992038727
      ]
    },
    {
      "coordinates": [
        45,
        170
      ],
      "magnitude": 5.2542724609375,
      "direction": [
        -0.8881301283836365,
        0.4595920145511627
      ]
    },
    {
      "coordinates": [
        68,
        170
      ],
      "magnitude": 3.6862642765045166,
      "direction": [
        -0.7084529995918274,
        0.7057579755783081
      ]
    },
    {
      "coordinates": [
        91,
        170
      ],
      "magnitude": 2.6951942443847656,
      "direction": [
        -0.5435263514518738,
        0.8393920063972473
      ]
    },
    {
      "coordinates": [
        113,
        170
      ],
      "magnitude": 3.270237684249878,
      "direction": [
        0.0300278402864933,
        0.9995490908622742
      ]
    },
    {
      "coordinates": [
        136,
        170
      ],
      "magnitude": 5.247964382171631,
      "direction": [
        0.38501185178756714,
        0.9229115843772888
      ]
    },
    {
      "coordinates": [
        159,
        170
      ],
      "magnitude": 7.134505271911621,
      "direction": [
        0.34259530901908875,
        0.939483106136322
      ]
    },
    {
      "coordinates": [
        182,
        170
      ],
      "magnitude": 8.021151542663574,
      "direction": [
        0.7751601338386536,
        0.6317647695541382
      ]
    },
    {
      "coordinates": [
        205,
        170
      ],
      "magnitude": 6.862861156463623,
      "direction": [
        0.8789759874343872,
        0.47686609625816345
      ]
    },
    {
      "coordinates": [
        227,
        170
      ],
      "magnitude": 6.907543182373047,
      "direction": [
        0.9766669273376465,
        0.21475979685783386
      ]
    },
    {
      "coordinates": [
        250,
        170
      ],
      "magnitude": 7.753781795501709,
      "direction": [
        0.9964519739151001,
        0.08416341245174408
      ]
    },
    {
      "coordinates": [
        273,
        170
      ],
      "magnitude": 7.16327428817749,
      "direction": [
        0.9998617172241211,
        -0.016627008095383644
      ]
    },
    {
      "coordinates": [
        296,
        170
      ],
      "magnitude": 6.743976593017578,
      "direction": [
        0.999644935131073,
        -0.026647284626960754
      ]
    },
    {
      "coordinates": [
        319,
        170
      ],
      "magnitude": 6.09716796875,
      "direction": [
        0.998294472694397,
        -0.05837927758693695
      ]
    },
    {
      "coordinates": [
        0,
        187
      ],
      "magnitude": 6.269120693206787,
      "direction": [
        -0.9501639604568481,
        0.31175047159194946
      ]
    },
    {
      "coordinates": [
        22,
        187
      ],
      "magnitude": 6.363511085510254,
      "direction": [
        -0.9258833527565002,
        0.37780940532684326
      ]
    },
    {
      "coordinates": [
        45,
        187
      ],
      "magnitude": 6.356991291046143,
      "direction": [
        -0.8596263527870178,
        0.5109232664108276
      ]
    },
    {
      "coordinates": [
        68,
        187
      ],
      "magnitude": 4.9180073738098145,
      "direction": [
        -0.6462380290031433,
        0.7631358504295349
      ]
    },
    {
      "coordinates": [
        91,
        187
      ],
      "magnitude": 4.2598042488098145,
      "direction": [
        -0.40460261702537537,
        0.9144926071166992
      ]
    },
    {
      "coordinates": [
        113,
        187
      ],
      "magnitude": 4.706631660461426,
      "direction": [
        0.13892583549022675,
        0.9903028607368469
      ]
    },
    {
      "coordinates": [
        136,
        187
      ],
      "magnitude": 6.888556003570557,
      "direction": [
        0.23493550717830658,
        0.9720109701156616
      ]
    },
    {
      "coordinates": [
        159,
        187
      ],
      "magnitude": 9.656515121459961,
      "direction": [
        0.2899129390716553,
        0.9570529460906982
      ]
    },
    {
      "coordinates": [
        182,
        187
      ],
      "magnitude": 10.020121574401855,
      "direction": [
        0.6584317088127136,
        0.7526404857635498
      ]
    },
    {
      "coordinates": [
        205,
        187
      ],
      "magnitude": 7.940161228179932,
      "direction": [
        0.7871755361557007,
        0.6167289614677429
      ]
    },
    {
      "coordinates": [
        227,
        187
      ],
      "magnitude": 7.22773551940918,
      "direction": [
        0.931044340133667,
        0.36490598320961
      ]
    },
    {
      "coordinates": [
        250,
        187
      ],
      "magnitude": 7.939305782318115,
      "direction": [
        0.9797766804695129,
        0.20009422302246094
      ]
    },
    {
      "coordinates": [
        273,
        187
      ],
      "magnitude": 7.627406597137451,
      "direction": [
        0.9906150102615356,
        0.13668206334114075
      ]
    },
    {
      "coordinates": [
        296,
        187
      ],
      "magnitude": 7.204859733581543,
      "direction": [
        0.9965472221374512,
        0.08302763849496841
      ]
    },
    {
      "coordinates": [
        319,
        187
      ],
      "magnitude": 6.178499221801758,
      "direction": [
        0.9997761845588684,
        0.02115323208272457
      ]
    },
    {
      "coordinates": [
        0,
        204
      ],
      "magnitude": 6.821446895599365,
      "direction": [
        -0.919897735118866,
        0.39215829968452454
      ]
    },
    {
      "coordinates": [
        22,
        204
      ],
      "magnitude": 7.112287521362305,
      "direction": [
        -0.8550844788551331,
        0.5184887051582336
      ]
    },
    {
      "coordinates": [
        45,
        204
      ],
      "magnitude": 7.230618953704834,
      "direction": [
        -0.7199153900146484,
        0.6940618753433228
      ]
    },
    {
      "coordinates": [
        68,
        204
      ],
      "magnitude": 6.069164276123047,
      "direction": [
        -0.566876232624054,
        0.8238029479980469
      ]
    },
    {
      "coordinates": [
        91,
        204
      ],
      "magnitude": 5.805099010467529,
      "direction": [
        -0.3105884790420532,
        0.9505444765090942
      ]
    },
    {
      "coordinates": [
        113,
        204
      ],
      "magnitude": 6.843701362609863,
      "direction": [
        -0.07968981564044952,
        0.9968197345733643
      ]
    },
    {
      "coordinates": [
        136,
        204
      ],
      "magnitude": 8.30609130859375,
      "direction": [
        0.22506627440452576,
        0.974343478679657
      ]
    },
    {
      "coordinates": [
        159,
        204
      ],
      "magnitude": 11.804375648498535,
      "direction": [
        0.25943654775619507,
        0.9657601118087769
      ]
    },
    {
      "coordinates": [
        182,
        204
      ],
      "magnitude": 11.78958511352539,
      "direction": [
        0.514819860458374,
        0.8572984337806702
      ]
    },
    {
      "coordinates": [
        205,
        204
      ],
      "magnitude": 9.306973457336426,
      "direction": [
        0.7340337038040161,
        0.6791130304336548
      ]
    },
    {
      "coordinates": [
        227,
        204
      ],
      "magnitude": 8.47826099395752,
      "direction": [
        0.8493642807006836,
        0.5278069376945496
      ]
    },
    {
      "coordinates": [
        250,
        204
      ],
      "magnitude": 8.080815315246582,
      "direction": [
        0.9378443956375122,
        0.3470558822154999
      ]
    },
    {
      "coordinates": [
        273,
        204
      ],
      "magnitude": 8.075652122497559,
      "direction": [
        0.965236485004425,
        0.2613779604434967
      ]
    },
    {
      "coordinates": [
        296,
        204
      ],
      "magnitude": 7.563864707946777,
      "direction": [
        0.9859078526496887,
        0.16728922724723816
      ]
    },
    {
      "coordinates": [
        319,
        204
      ],
      "magnitude": 6.205327987670898,
      "direction": [
        0.9955386519432068,
        0.09435472637414932
      ]
    },
    {
      "coordinates": [
        0,
        221
      ],
      "magnitude": 7.690130710601807,
      "direction": [
        -0.8403210639953613,
        0.5420889854431152
      ]
    },
    {
      "coordinates": [
        22,
        221
      ],
      "magnitude": 8.366058349609375,
      "direction": [
        -0.7622101902961731,
        0.6473296284675598
      ]
    },
    {
      "coordinates": [
        45,
        221
      ],
      "magnitude": 8.037043571472168,
      "direction": [
        -0.6152287721633911,
        0.7883485555648804
      ]
    },
    {
      "coordinates": [
        68,
        221
      ],
      "magnitude": 8.024839401245117,
      "direction": [
        -0.4809871315956116,
        0.8767275810241699
      ]
    },
    {
      "coordinates": [
        91,
        221
      ],
      "magnitude": 7.685359477996826,
      "direction": [
        -0.2408112734556198,
        0.9705719947814941
      ]
    },
    {
      "coordinates": [
        113,
        221
      ],
      "magnitude": 8.175155639648438,
      "direction": [
        -0.0794254019856453,
        0.9968408346176147
      ]
    },
    {
      "coordinates": [
        136,
        221
      ],
      "magnitude": 11.030721664428711,
      "direction": [
        0.14871472120285034,
        0.9888801574707031
      ]
    },
    {
      "coordinates": [
        159,
        221
      ],
      "magnitude": 13.154964447021484,
      "direction": [
        0.23738177120685577,
        0.9714164733886719
      ]
    },
    {
      "coordinates": [
        182,
        221
      ],
      "magnitude": 13.546135902404785,
      "direction": [
        0.4544680118560791,
        0.8907631039619446
      ]
    },
    {
      "coordinates": [
        205,
        221
      ],
      "magnitude": 11.131580352783203,
      "direction": [
        0.6404385566711426,
        0.76800936460495
      ]
    },
    {
      "coordinates": [
        227,
        221
      ],
      "magnitude": 9.595909118652344,
      "direction": [
        0.7929158210754395,
        0.6093311309814453
      ]
    },
    {
      "coordinates": [
        250,
        221
      ],
      "magnitude": 9.086495399475098,
      "direction": [
        0.8492783308029175,
        0.5279452204704285
      ]
    },
    {
      "coordinates": [
        273,
        221
      ],
      "magnitude": 8.846236228942871,
      "direction": [
        0.9255556464195251,
        0.3786114752292633
      ]
    },
    {
      "coordinates": [
        296,
        221
      ],
      "magnitude": 7.501682758331299,
      "direction": [
        0.9598590135574341,
        0.2804829776287079
      ]
    },
    {
      "coordinates": [
        319,
        221
      ],
      "magnitude": 6.40017032623291,
      "direction": [
        0.9823095202445984,
        0.18726420402526855
      ]
    },
    {
      "coordinates": [
        0,
        239
      ],
      "magnitude": 7.929111480712891,
      "direction": [
        -0.7759299874305725,
        0.6308190822601318
      ]
    },
    {
      "coordinates": [
        22,
        239
      ],
      "magnitude": 8.98593807220459,
      "direction": [
        -0.6941174268722534,
        0.7198618054389954
      ]
    },
    {
      "coordinates": [
        45,
        239
      ],
      "magnitude": 9.416275024414062,
      "direction": [
        -0.4932838976383209,
        0.8698683977127075
      ]
    },
    {
      "coordinates": [
        68,
        239
      ],
      "magnitude": 9.363773345947266,
      "direction": [
        -0.3909643590450287,
        0.9204058051109314
      ]
    },
    {
      "coordinates": [
        91,
        239
      ],
      "magnitude": 9.646232604980469,
      "direction": [
        -0.20325972139835358,
        0.9791248440742493
      ]
    },
    {
      "coordinates": [
        113,
        239
      ],
      "magnitude": 10.487194061279297,
      "direction": [
        -0.04644715413451195,
        0.998920738697052
      ]
    },
    {
      "coordinates": [
        136,
        239
      ],
      "magnitude": 12.79150676727295,
      "direction": [
        0.12045198678970337,
        0.9927191734313965
      ]
    },
    {
      "coordinates": [
        159,
        239
      ],
      "magnitude": 15.23598575592041,
      "direction": [
        0.18609188497066498,
        0.9825323224067688
      ]
    },
    {
      "coordinates": [
        182,
        239
      ],
      "magnitude": 14.626581192016602,
      "direction": [
        0.4076817035675049,
        0.913124144077301
      ]
    },
    {
      "coordinates": [
        205,
        239
      ],
      "magnitude": 12.460209846496582,
      "direction": [
        0.546291708946228,
        0.8375949859619141
      ]
    },
    {
      "coordinates": [
        227,
        239
      ],
      "magnitude": 10.611002922058105,
      "direction": [
        0.7141240239143372,
        0.7000192403793335
      ]
    },
    {
      "coordinates": [
        250,
        239
      ],
      "magnitude": 9.655336380004883,
      "direction": [
        0.8056801557540894,
        0.5923509001731873
      ]
    },
    {
      "coordinates": [
        273,
        239
      ],
      "magnitude": 8.98168659210205,
      "direction": [
        0.8865247368812561,
        0.46268123388290405
      ]
    },
    {
      "coordinates": [
        296,
        239
      ],
      "magnitude": 7.397051811218262,
      "direction": [
        0.9419592618942261,
        0.3357273042201996
      ]
    },
    {
      "coordinates": [
        319,
        239
      ],
      "magnitude": 6.525999546051025,
      "direction": [
        0.9730266332626343,
        0.2306930422782898
      ]
    }
  ],
  "shear_mesh": [
    {
      "coordinates": [
        0,
        0
      ],
      "magnitude": 2.429993152618408,
      "direction": [
        0.8203887939453125,
        0.5718061327934265
      ]
    },
    {
      "coordinates": [
        22,
        0
      ],
      "magnitude": 2.818713665008545,
      "direction": [
        0.7803705930709839,
        0.6253172755241394
      ]
    },
    {
      "coordinates": [
        45,
        0
      ],
      "magnitude": 3.0865399837493896,
      "direction": [
        0.7459184527397156,
        0.6660373210906982
      ]
    },
    {
      "coordinates": [
        68,
        0
      ],
      "magnitude": 2.974691390991211,
      "direction": [
        0.682536244392395,
        0.7308517694473267
      ]
    },
    {
      "coordinates": [
        91,
        0
      ],
      "magnitude": 3.149479866027832,
      "direction": [
        0.6498527526855469,
        0.7600601315498352
      ]
    },
    {
      "coordinates": [
        113,
        0
      ],
      "magnitude": 3.6751153469085693,
      "direction": [
        0.5630630850791931,
        0.8264139294624329
      ]
    },
    {
      "coordinates": [
        136,
        0
      ],
      "magnitude": 3.760652780532837,
      "direction": [
        0.4358825981616974,
        0.9000034928321838
      ]
    },
    {
      "coordinates": [
        159,
        0
      ],
      "magnitude": 4.023066520690918,
      "direction": [
        0.2653290629386902,
        0.9641578793525696
      ]
    },
    {
      "coordinates": [
        182,
        0
      ],
      "magnitude": 3.7651572227478027,
      "direction": [
        0.20023152232170105,
        0.9797486066818237
      ]
    },
    {
      "coordinates": [
        205,
        0
      ],
      "magnitude": 2.7872822284698486,
      "direction": [
        0.03977223113179207,
        0.9992087483406067
      ]
    },
    {
      "coordinates": [
        227,
        0
      ],
      "magnitude": 2.4147629737854004,
      "direction": [
        -0.10109665989875793,
        0.9948766231536865
      ]
    },
    {
      "coordinates": [
        250,
        0
      ],
      "magnitude": 2.140148401260376,
      "direction": [
        0.04276534542441368,
        0.9990851879119873
      ]
    },
    {
      "coordinates": [
        273,
        0
      ],
      "magnitude": 1.523911714553833,
      "direction": [
        0.15159675478935242,
        0.9884424209594727
      ]
    },
    {
      "coordinates": [
        296,
        0
      ],
      "magnitude": 1.0182559490203857,
      "direction": [
        0.19890011847019196,
        0.9800198078155518
      ]
    },
    {
      "coordinates": [
        319,
        0
      ],
      "magnitude": 0.7158703804016113,
      "direction": [
        0.3286128044128418,
        0.9444647431373596
      ]
    },
    {
      "coordinates": [
        0,
        17
      ],
      "magnitude": 2.5017664432525635,
      "direction": [
        0.8422158360481262,
        0.539140522480011
      ]
    },
    {
      "coordinates": [
        22,
        17
      ],
      "magnitude": 2.91513729095459,
      "direction": [
        0.794977068901062,
        0.606639564037323
      ]
    },
    {
      "coordinates": [
        45,
        17
      ],
      "magnitude": 3.0663228034973145,
      "direction": [
        0.7442533373832703,
        0.6678974628448486
      ]
    },
    {
      "coordinates": [
        68,
        17
      ],
      "magnitude": 3.1189451217651367,
      "direction": [
        0.725751519203186,
        0.6879569292068481
      ]
    },
    {
      "coordinates": [
        91,
        17
      ],
      "magnitude": 3.35190486907959,
      "direction": [
        0.6815949082374573,
        0.7317297458648682
      ]
    },
    {
      "coordinates": [
        113,
        17
      ],
      "magnitude": 3.815474510192871,
      "direction": [
        0.50407874584198,
        0.8636576533317566
      ]
    },
    {
      "coordinates": [
        136,
        17
      ],
      "magnitude": 4.122952461242676,
      "direction": [
        0.376618891954422,
        0.926368236541748
      ]
    },
    {
      "coordinates": [
        159,
        17
      ],
      "magnitude": 4.341771602630615,
      "direction": [
        0.2671040892601013,
        0.963667631149292
      ]
    },
    {
      "coordinates": [
        182,
        17
      ],
      "magnitude": 4.1589789390563965,
      "direction": [
        0.1532733142375946,
        0.9881837964057922
      ]
    },
    {
      "coordinates": [
        205,
        17
      ],
      "magnitude": 3.1714487075805664,
      "direction": [
        0.024466941133141518,
        0.999700665473938
      ]
    },
    {
      "coordinates": [
        227,
        17
      ],
      "magnitude": 2.459536075592041,
      "direction": [
        -0.05032196640968323,
        0.9987330436706543
      ]
    },
    {
      "coordinates": [
        250,
        17
      ],
      "magnitude": 1.8708468675613403,
      "direction": [
        -0.06498754024505615,
        0.9978861212730408
      ]
    },
    {
      "coordinates": [
        273,
        17
      ],
      "magnitude": 1.4918032884597778,
      "direction": [
        0.009129681624472141,
        0.9999582767486572
      ]
    },
    {
      "coordinates": [
        296,
        17
      ],
      "magnitude": 0.9544869661331177,
      "direction": [
        0.0812017098069191,
        0.9966976642608643
      ]
    },
    {
      "coordinates": [
        319,
        17
      ],
      "magnitude": 0.8432204127311707,
      "direction": [
        0.30063796043395996,
        0.9537383317947388
      ]
    },
    {
      "coordinates": [
        0,
        34
      ],
      "magnitude": 2.7265846729278564,
      "direction": [
        0.8786824345588684,
        0.4774067997932434
      ]
    },
    {
      "coordinates": [
        22,
        34
      ],
      "magnitude": 2.9624950885772705,
      "direction": [
        0.8437697291374207,
        0.5367054343223572
      ]
    },
    {
      "coordinates": [
        45,
        34
      ],
      "magnitude": 3.236595392227173,
      "direction": [
        0.806769609451294,
        0.5908660888671875
      ]
    },
    {
      "coordinates": [
        68,
        34
      ],
      "magnitude": 3.514662981033325,
      "direction": [
        0.7548642754554749,
        0.6558810472488403
      ]
    },
    {
      "coordinates": [
        91,
        34
      ],
      "magnitude": 3.5204436779022217,
      "direction": [
        0.6588821411132812,
        0.7522462010383606
      ]
    },
    {
      "coordinates": [
        113,
        34
      ],
      "magnitude": 4.035140514373779,
      "direction": [
        0.5151340365409851,
        0.8571096062660217
      ]
    },
    {
      "coordinates": [
        136,
        34
      ],
      "magnitude": 4.528867721557617,
      "direction": [
        0.3885170519351959,
        0.9214416146278381
      ]
    },
    {
      "coordinates": [
        159,
        34
      ],
      "magnitude": 4.745440483093262,
      "direction": [
        0.24101172387599945,
        0.9705222249031067
      ]
    },
    {
      "coordinates": [
        182,
        34
      ],
      "magnitude": 4.54930305480957,
      "direction": [
        0.07933653891086578,
        0.9968478679656982
      ]
    },
    {
      "coordinates": [
        205,
        34
      ],
      "magnitude": 3.372408390045166,
      "direction": [
        -0.016732651740312576,
        0.9998600482940674
      ]
    },
    {
      "coordinates": [
        227,
        34
      ],
      "magnitude": 2.626798391342163,
      "direction": [
        -0.10970488935709,
        0.9939641952514648
      ]
    },
    {
      "coordinates": [
        250,
        34
      ],
      "magnitude": 1.8144882917404175,
      "direction": [
        -0.1808994561433792,
        0.983501672744751
      ]
    },
    {
      "coordinates": [
        273,
        34
      ],
      "magnitude": 1.448375940322876,
      "direction": [
        -0.15019088983535767,
        0.9886569976806641
      ]
    },
    {
      "coordinates": [
        296,
        34
      ],
      "magnitude": 0.7983388304710388,
      "direction": [
        0.07631910592317581,
        0.9970834255218506
      ]
    },
    {
      "coordinates": [
        319,
        34
      ],
      "magnitude": 0.8076150417327881,
      "direction": [
        0.07043948024511337,
        0.9975160956382751
      ]
    },
    {
      "coordinates": [
        0,
        51
      ],
      "magnitude": 3.217921733856201,
      "direction": [
        0.879923403263092,
        0.4751156270503998
      ]
    },
    {
      "coordinates": [
        22,
        51
      ],
      "magnitude": 3.1428842544555664,
      "direction": [
        0.8826207518577576,
        0.4700857400894165
      ]
    },
    {
      "coordinates": [
        45,
        51
      ],
      "magnitude": 3.2618255615234375,
      "direction": [
        0.7350826859474182,
        0.6779773831367493
      ]
    },
    {
      "coordinates": [
        68,
        51
      ],
      "magnitude": 3.4775116443634033,
      "direction": [
        0.6886110305786133,
        0.7251309156417847
      ]
    },
    {
      "coordinates": [
        91,
        51
      ],
      "magnitude": 3.5412230491638184,
      "direction": [
        0.5835046172142029,
        0.8121098279953003
      ]
    },
    {
      "coordinates": [
        113,
        51
      ],
      "magnitude": 3.9409217834472656,
      "direction": [
        0.5223816633224487,
        0.8527117371559143
      ]
    },
    {
      "coordinates": [
        136,
        51
      ],
      "magnitude": 4.970827102661133,
      "direction": [
        0.3971625566482544,
        0.9177482724189758
      ]
    },
    {
      "coordinates": [
        159,
        51
      ],
      "magnitude": 5.390975475311279,
      "direction": [
        0.2030506581068039,
        0.9791682958602905
      ]
    },
    {
      "coordinates": [
        182,
        51
      ],
      "magnitude": 5.003147125244141,
      "direction": [
        0.05778110399842262,
        0.9983292818069458
      ]
    },
    {
      "coordinates": [
        205,
        51
      ],
      "magnitude": 3.7463090419769287,
      "direction": [
        -0.10108613967895508,
        0.9948776960372925
      ]
    },
    {
      "coordinates": [
        227,
        51
      ],
      "magnitude": 2.5975005626678467,
      "direction": [
        -0.1703031063079834,
        0.9853917360305786
      ]
    },
    {
      "coordinates": [
        250,
        51
      ],
      "magnitude": 1.7149075269699097,
      "direction": [
        -0.018481016159057617,
        0.9998292326927185
      ]
    },
    {
      "coordinates": [
        273,
        51
      ],
      "magnitude": 1.3177146911621094,
      "direction": [
        0.13004173338413239,
        0.9915085434913635
      ]
    },
    {
      "coordinates": [
        296,
        51
      ],
      "magnitude": 0.717322051525116,
      "direction": [
        -0.0088574830442667,
        0.9999607801437378
      ]
    },
    {
      "coordinates": [
        319,
        51
      ],
      "magnitude": 0.6571601033210754,
      "direction": [
        0.3330056071281433,
        0.9429249167442322
      ]
    },
    {
      "coordinates": [
        0,
        68
      ],
      "magnitude": 2.6130404472351074,
      "direction": [
        0.870993435382843,
        0.4912945330142975
      ]
    },
    {
      "coordinates": [
        22,
        68
      ],
      "magnitude": 2.9593863487243652,
      "direction": [
        0.7932279109954834,
        0.6089248061180115
      ]
    },
    {
      "coordinates": [
        45,
        68
      ],
      "magnitude": 3.398385763168335,
      "direction": [
        0.6734557747840881,
        0.7392275929450989
      ]
    },
    {
      "coordinates": [
        68,
        68
      ],
      "magnitude": 3.1579596996307373,
      "direction": [
        0.6168638467788696,
        0.7870698571205139
      ]
    },
    {
      "coordinates": [
        91,
        68
      ],
      "magnitude": 3.5660817623138428,
      "direction": [
        0.567379355430603,
        0.8234565854072571
      ]
    },
    {
      "coordinates": [
        113,
        68
      ],
      "magnitude": 3.8013992309570312,
      "direction": [
        0.4628244936466217,
        0.886449933052063
      ]
    },
    {
      "coordinates": [
        136,
        68
      ],
      "magnitude": 4.9959001541137695,
      "direction": [
        0.3028070628643036,
        0.9530518651008606
      ]
    },
    {
      "coordinates": [
        159,
        68
      ],
      "magnitude": 5.883279323577881,
      "direction": [
        0.17558236420154572,
        0.9844647645950317
      ]
    },
    {
      "coordinates": [
        182,
        68
      ],
      "magnitude": 5.641262531280518,
      "direction": [
        0.03376557677984238,
        0.9994297623634338
      ]
    },
    {
      "coordinates": [
        205,
        68
      ],
      "magnitude": 3.8983826637268066,
      "direction": [
        -0.046677909791469574,
        0.9989099502563477
      ]
    },
    {
      "coordinates": [
        227,
        68
      ],
      "magnitude": 2.396772861480713,
      "direction": [
        -0.09513506293296814,
        0.9954643249511719
      ]
    },
    {
      "coordinates": [
        250,
        68
      ],
      "magnitude": 1.5709264278411865,
      "direction": [
        -0.050659794360399246,
        0.9987159371376038
      ]
    },
    {
      "coordinates": [
        273,
        68
      ],
      "magnitude": 1.2847943305969238,
      "direction": [
        0.09690900146961212,
        0.9952932000160217
      ]
    },
    {
      "coordinates": [
        296,
        68
      ],
      "magnitude": 0.6989222168922424,
      "direction": [
        -0.02657916769385338,
        0.9996466636657715
      ]
    },
    {
      "coordinates": [
        319,
        68
      ],
      "magnitude": 0.4603087306022644,
      "direction": [
        0.46829167008399963,
        0.8835740089416504
      ]
    },
    {
      "coordinates": [
        0,
        85
      ],
      "magnitude": 2.6958534717559814,
      "direction": [
        0.8613938093185425,
        0.5079376697540283
      ]
    },
    {
      "coordinates": [
        22,
        85
      ],
      "magnitude": 2.7577850818634033,
      "direction": [
        0.792186975479126,
        0.6102784276008606
      ]
    },
    {
      "coordinates": [
        45,
        85
      ],
      "magnitude": 3.2115166187286377,
      "direction": [
        0.6696189045906067,
        0.7427048683166504
      ]
    },
    {
      "coordinates": [
        68,
        85
      ],
      "magnitude": 3.4357101917266846,
      "direction": [
        0.5990236401557922,
        0.8007313013076782
      ]
    },
    {
      "coordinates": [
        91,
        85
      ],
      "magnitude": 3.457101583480835,
      "direction": [
        0.49725544452667236,
        0.8676041960716248
      ]
    },
    {
      "coordinates": [
        113,
        85
      ],
      "magnitude": 3.917036294937134,
      "direction": [
        0.37586838006973267,
        0.9266730546951294
      ]
    },
    {
      "coordinates": [
        136,
        85
      ],
      "magnitude": 4.971094131469727,
      "direction": [
        0.23826691508293152,
        0.9711996912956238
      ]
    },
    {
      "coordinates": [
        159,
        85
      ],
      "magnitude": 6.353840351104736,
      "direction": [
        0.14839422702789307,
        0.9889283180236816
      ]
    },
    {
      "coordinates": [
        182,
        85
      ],
      "magnitude": 6.296133518218994,
      "direction": [
        0.03679540753364563,
        0.9993228316307068
      ]
    },
    {
      "coordinates": [
        205,
        85
      ],
      "magnitude": 3.888347625732422,
      "direction": [
        -0.03454457223415375,
        0.9994031190872192
      ]
    },
    {
      "coordinates": [
        227,
        85
      ],
      "magnitude": 2.387284994125366,
      "direction": [
        -0.05954473465681076,
        0.9982256293296814
      ]
    },
    {
      "coordinates": [
        250,
        85
      ],
      "magnitude": 1.417087435722351,
      "direction": [
        0.10657206922769547,
        0.9943049550056458
      ]
    },
    {
      "coordinates": [
        273,
        85
      ],
      "magnitude": 1.350577473640442,
      "direction": [
        0.0411989763379097,
        0.9991509914398193
      ]
    },
    {
      "coordinates": [
        296,
        85
      ],
      "magnitude": 0.5732325315475464,
      "direction": [
        0.4660853445529938,
        0.8847397565841675
      ]
    },
    {
      "coordinates": [
        319,
        85
      ],
      "magnitude": 0.5289545655250549,
      "direction": [
        0.9216497540473938,
        0.3880225419998169
      ]
    },
    {
      "coordinates": [
        0,
        102
      ],
      "magnitude": 2.47770619392395,
      "direction": [
        0.8002836108207703,
        0.5996217727661133
      ]
    },
    {
      "coordinates": [
        22,
        102
      ],
      "magnitude": 2.467158794403076,
      "direction": [
        0.7124951481819153,
        0.701677143573761
      ]
    },
    {
      "coordinates": [
        45,
        102
      ],
      "magnitude": 2.8279383182525635,
      "direction": [
        0.6230773329734802,
        0.7821602821350098
      ]
    },
    {
      "coordinates": [
        68,
        102
      ],
      "magnitude": 3.2659618854522705,
      "direction": [
        0.5465813875198364,
        0.8374060392379761
      ]
    },
    {
      "coordinates": [
        91,
        102
      ],
      "magnitude": 3.744935989379883,
      "direction": [
        0.5022825002670288,
        0.8647035956382751
      ]
    },
    {
      "coordinates": [
        113,
        102
      ],
      "magnitude": 4.265835762023926,
      "direction": [
        0.36334744095802307,
        0.9316537380218506
      ]
    },
    {
      "coordinates": [
        136,
        102
      ],
      "magnitude": 4.95000696182251,
      "direction": [
        0.2767884433269501,
        0.9609308838844299
      ]
    },
    {
      "coordinates": [
        159,
        102
      ],
      "magnitude": 7.096007347106934,
      "direction": [
        0.12304411828517914,
        0.9924011826515198
      ]
    },
    {
      "coordinates": [
        182,
        102
      ],
      "magnitude": 6.362948417663574,
      "direction": [
        0.09245465695858002,
        0.9957168698310852
      ]
    },
    {
      "coordinates": [
        205,
        102
      ],
      "magnitude": 4.0978617668151855,
      "direction": [
        0.007641560863703489,
        0.9999707937240601
      ]
    },
    {
      "coordinates": [
        227,
        102
      ],
      "magnitude": 2.3473448753356934,
      "direction": [
        -0.021533895283937454,
        0.9997681379318237
      ]
    },
    {
      "coordinates": [
        250,
        102
      ],
      "magnitude": 1.3488683700561523,
      "direction": [
        -0.18079665303230286,
        0.9835204482078552
      ]
    },
    {
      "coordinates": [
        273,
        102
      ],
      "magnitude": 1.0872758626937866,
      "direction": [
        0.15785041451454163,
        0.9874630570411682
      ]
    },
    {
      "coordinates": [
        296,
        102
      ],
      "magnitude": 0.6553773283958435,
      "direction": [
        0.731528103351593,
        0.6818113327026367
      ]
    },
    {
      "coordinates": [
        319,
        102
      ],
      "magnitude": 0.5877686142921448,
      "direction": [
        0.9841197729110718,
        0.17750565707683563
      ]
    },
    {
      "coordinates": [
        0,
        119
      ],
      "magnitude": 2.179429054260254,
      "direction": [
        0.8348080515861511,
        0.5505411624908447
      ]
    },
    {
      "coordinates": [
        22,
        119
      ],
      "magnitude": 2.849752902984619,
      "direction": [
        0.7222769856452942,
        0.6916038990020752
      ]
    },
    {
      "coordinates": [
        45,
        119
      ],
      "magnitude": 2.894129514694214,
      "direction": [
        0.6180341839790344,
        0.7861512303352356
      ]
    },
    {
      "coordinates": [
        68,
        119
      ],
      "magnitude": 3.2156615257263184,
      "direction": [
        0.5320554971694946,
        0.8467094898223877
      ]
    },
    {
      "coordinates": [
        91,
        119
      ],
      "magnitude": 3.684042453765869,
      "direction": [
        0.3882197439670563,
        0.9215668439865112
      ]
    },
    {
      "coordinates": [
        113,
        119
      ],
      "magnitude": 4.191712379455566,
      "direction": [
        0.3274386525154114,
        0.9448724389076233
      ]
    },
    {
      "coordinates": [
        136,
        119
      ],
      "magnitude": 5.314701557159424,
      "direction": [
        0.2163151204586029,
        0.9763236045837402
      ]
    },
    {
      "coordinates": [
        159,
        119
      ],
      "magnitude": 7.351133823394775,
      "direction": [
        0.11985192447900772,
        0.9927917718887329
      ]
    },
    {
      "coordinates": [
        182,
        119
      ],
      "magnitude": 6.692540168762207,
      "direction": [
        0.10931756347417831,
        0.994006872177124
      ]
    },
    {
      "coordinates": [
        205,
        119
      ],
      "magnitude": 4.333331108093262,
      "direction": [
        0.07893512398004532,
        0.9968798160552979
      ]
    },
    {
      "coordinates": [
        227,
        119
      ],
      "magnitude": 2.468803882598877,
      "direction": [
        0.10607343167066574,
        0.9943583011627197
      ]
    },
    {
      "coordinates": [
        250,
        119
      ],
      "magnitude": 1.381231665611267,
      "direction": [
        0.21836009621620178,
        0.975868284702301
      ]
    },
    {
      "coordinates": [
        273,
        119
      ],
      "magnitude": 0.9080891013145447,
      "direction": [
        0.24859608709812164,
        0.9686072468757629
      ]
    },
    {
      "coordinates": [
        296,
        119
      ],
      "magnitude": 0.7147620916366577,
      "direction": [
        0.8760486841201782,
        0.48222264647483826
      ]
    },
    {
      "coordinates": [
        319,
        119
      ],
      "magnitude": 0.5618136525154114,
      "direction": [
        0.9626147747039795,
        0.27087414264678955
      ]
    },
    {
      "coordinates": [
        0,
        136
      ],
      "magnitude": 1.9827489852905273,
      "direction": [
        0.8580740094184875,
        0.5135260820388794
      ]
    },
    {
      "coordinates": [
        22,
        136
      ],
      "magnitude": 2.7250356674194336,
      "direction": [
        0.7275891900062561,
        0.6860130429267883
      ]
    },
    {
      "coordinates": [
        45,
        136
      ],
      "magnitude": 3.1589112281799316,
      "direction": [
        0.6328116059303284,
        0.7743057608604431
      ]
    },
    {
      "coordinates": [
        68,
        136
      ],
      "magnitude": 3.4331390857696533,
      "direction": [
        0.4340047240257263,
        0.9009105563163757
      ]
    },
    {
      "coordinates": [
        91,
        136
      ],
      "magnitude": 3.7170441150665283,
      "direction": [
        0.42029285430908203,
        0.9073885083198547
      ]
    },
    {
      "coordinates": [
        113,
        136
      ],
      "magnitude": 4.3857011795043945,
      "direction": [
        0.36351361870765686,
        0.931588888168335
      ]
    },
    {
      "coordinates": [
        136,
        136
      ],
      "magnitude": 5.74203634262085,
      "direction": [
        0.22821377217769623,
        0.9736109972000122
      ]
    },
    {
      "coordinates": [
        159,
        136
      ],
      "magnitude": 7.161915302276611,
      "direction": [
        0.1448371559381485,
        0.98945552110672
      ]
    },
    {
      "coordinates": [
        182,
        136
      ],
      "magnitude": 6.766672611236572,
      "direction": [
        0.09184876084327698,
        0.9957729578018188
      ]
    },
    {
      "coordinates": [
        205,
        136
      ],
      "magnitude": 4.651039123535156,
      "direction": [
        0.14914222061634064,
        0.9888157844543457
      ]
    },
    {
      "coordinates": [
        227,
        136
      ],
      "magnitude": 2.556105375289917,
      "direction": [
        0.19072461128234863,
        0.981643557548523
      ]
    },
    {
      "coordinates": [
        250,
        136
      ],
      "magnitude": 1.376999855041504,
      "direction": [
        0.22060124576091766,
        0.975364089012146
      ]
    },
    {
      "coordinates": [
        273,
        136
      ],
      "magnitude": 0.8508965969085693,
      "direction": [
        0.7146918177604675,
        0.6994394659996033
      ]
    },
    {
      "coordinates": [
        296,
        136
      ],
      "magnitude": 0.6862664222717285,
      "direction": [
        0.934589684009552,
        0.3557276129722595
      ]
    },
    {
      "coordinates": [
        319,
        136
      ],
      "magnitude": 0.9389351606369019,
      "direction": [
        0.9786695837974548,
        0.20544075965881348
      ]
    },
    {
      "coordinates": [
        0,
        153
      ],
      "magnitude": 2.240243434906006,
      "direction": [
        0.8408361673355103,
        0.541289746761322
      ]
    },
    {
      "coordinates": [
        22,
        153
      ],
      "magnitude": 2.3860321044921875,
      "direction": [
        0.6301410794258118,
        0.7764807343482971
      ]
    },
    {
      "coordinates": [
        45,
        153
      ],
      "magnitude": 3.081615447998047,
      "direction": [
        0.4493192732334137,
        0.8933712840080261
      ]
    },
    {
      "coordinates": [
        68,
        153
      ],
      "magnitude": 3.2756640911102295,
      "direction": [
        0.4422570765018463,
        0.8968883156776428
      ]
    },
    {
      "coordinates": [
        91,
        153
      ],
      "magnitude": 3.273249387741089,
      "direction": [
        0.3931960463523865,
        0.9194546937942505
      ]
    },
    {
      "coordinates": [
        113,
        153
      ],
      "magnitude": 4.293362140655518,
      "direction": [
        0.40610405802726746,
        0.9138269424438477
      ]
    },
    {
      "coordinates": [
        136,
        153
      ],
      "magnitude": 6.170851230621338,
      "direction": [
        0.28282880783081055,
        0.9591703414916992
      ]
    },
    {
      "coordinates": [
        159,
        153
      ],
      "magnitude": 7.654280185699463,
      "direction": [
        0.15470102429389954,
        0.9879613518714905
      ]
    },
    {
      "coordinates": [
        182,
        153
      ],
      "magnitude": 6.928749084472656,
      "direction": [
        0.1056208610534668,
        0.9944064617156982
      ]
    },
    {
      "coordinates": [
        205,
        153
      ],
      "magnitude": 4.553922653198242,
      "direction": [
        0.20402869582176208,
        0.9789648652076721
      ]
    },
    {
      "coordinates": [
        227,
        153
      ],
      "magnitude": 2.69866681098938,
      "direction": [
        0.18893037736415863,
        0.9819905161857605
      ]
    },
    {
      "coordinates": [
        250,
        153
      ],
      "magnitude": 1.4602158069610596,
      "direction": [
        0.519603431224823,
        0.854407548904419
      ]
    },
    {
      "coordinates": [
        273,
        153
      ],
      "magnitude": 0.9374445080757141,
      "direction": [
        0.8192118406295776,
        0.573491096496582
      ]
    },
    {
      "coordinates": [
        296,
        153
      ],
      "magnitude": 0.8965790271759033,
      "direction": [
        0.9586382508277893,
        0.2846275568008423
      ]
    },
    {
      "coordinates": [
        319,
        153
      ],
      "magnitude": 1.1606104373931885,
      "direction": [
        0.9935635328292847,
        -0.11327613145112991
      ]
    },
    {
      "coordinates": [
        0,
        170
      ],
      "magnitude": 1.796254277229309,
      "direction": [
        0.635625958442688,
        0.7719972133636475
      ]
    },
    {
      "coordinates": [
        22,
        170
      ],
      "magnitude": 2.117588996887207,
      "direction": [
        0.461318701505661,
        0.8872345089912415
      ]
    },
    {
      "coordinates": [
        45,
        170
      ],
      "magnitude": 2.9672739505767822,
      "direction": [
        0.4247889816761017,
        0.9052923917770386
      ]
    },
    {
      "coordinates": [
        68,
        170
      ],
      "magnitude": 3.4034407138824463,
      "direction": [
        0.38774171471595764,
        0.921768069267273
      ]
    },
    {
      "coordinates": [
        91,
        170
      ],
      "magnitude": 3.352355718612671,
      "direction": [
        0.46924304962158203,
        0.8830690383911133
      ]
    },
    {
      "coordinates": [
        113,
        170
      ],
      "magnitude": 4.203187465667725,
      "direction": [
        0.2869856655597687,
        0.9579349160194397
      ]
    },
    {
      "coordinates": [
        136,
        170
      ],
      "magnitude": 6.042839050292969,
      "direction": [
        0.26118895411491394,
        0.9652876257896423
      ]
    },
    {
      "coordinates": [
        159,
        170
      ],
      "magnitude": 8.257282257080078,
      "direction": [
        0.14879482984542847,
        0.9888681173324585
      ]
    },
    {
      "coordinates": [
        182,
        170
      ],
      "magnitude": 6.722940921783447,
      "direction": [
        0.14393922686576843,
        0.9895865321159363
      ]
    },
    {
      "coordinates": [
        205,
        170
      ],
      "magnitude": 4.565495491027832,
      "direction": [
        0.19286398589611053,
        0.9812254905700684
      ]
    },
    {
      "coordinates": [
        227,
        170
      ],
      "magnitude": 2.7206714153289795,
      "direction": [
        0.3911385238170624,
        0.9203318357467651
      ]
    },
    {
      "coordinates": [
        250,
        170
      ],
      "magnitude": 1.9622972011566162,
      "direction": [
        0.7105333209037781,
        0.7036635279655457
      ]
    },
    {
      "coordinates": [
        273,
        170
      ],
      "magnitude": 1.0495747327804565,
      "direction": [
        0.8915606737136841,
        0.4529012143611908
      ]
    },
    {
      "coordinates": [
        296,
        170
      ],
      "magnitude": 0.9607154130935669,
      "direction": [
        0.9959729313850403,
        0.08965440094470978
      ]
    },
    {
      "coordinates": [
        319,
        170
      ],
      "magnitude": 1.2431882619857788,
      "direction": [
        0.9763319492340088,
        -0.21627730131149292
      ]
    },
    {
      "coordinates": [
        0,
        187
      ],
      "magnitude": 1.5229178667068481,
      "direction": [
        0.5325079560279846,
        0.84642493724823
      ]
    },
    {
      "coordinates": [
        22,
        187
      ],
      "magnitude": 1.9980390071868896,
      "direction": [
        0.3637297749519348,
        0.931504487991333
      ]
    },
    {
      "coordinates": [
        45,
        187
      ],
      "magnitude": 2.6419034004211426,
      "direction": [
        0.2177722007036209,
        0.9759995937347412
      ]
    },
    {
      "coordinates": [
        68,
        187
      ],
      "magnitude": 3.0004708766937256,
      "direction": [
        0.29691025614738464,
        0.9549053311347961
      ]
    },
    {
      "coordinates": [
        91,
        187
      ],
      "magnitude": 3.1108086109161377,
      "direction": [
        0.4089747667312622,
        0.9125457406044006
      ]
    },
    {
      "coordinates": [
        113,
        187
      ],
      "magnitude": 4.170904636383057,
      "direction": [
        0.4141440987586975,
        0.9102112650871277
      ]
    },
    {
      "coordinates": [
        136,
        187
      ],
      "magnitude": 6.0448832511901855,
      "direction": [
        0.25404101610183716,
        0.9671934247016907
      ]
    },
    {
      "coordinates": [
        159,
        187
      ],
      "magnitude": 8.747047424316406,
      "direction": [
        0.19184596836566925,
        0.9814251065254211
      ]
    },
    {
      "coordinates": [
        182,
        187
      ],
      "magnitude": 7.105029582977295,
      "direction": [
        0.18346886336803436,
        0.9830255508422852
      ]
    },
    {
      "coordinates": [
        205,
        187
      ],
      "magnitude": 4.7059550285339355,
      "direction": [
        0.26373034715652466,
        0.9645964503288269
      ]
    },
    {
      "coordinates": [
        227,
        187
      ],
      "magnitude": 2.5216639041900635,
      "direction": [
        0.4186543822288513,
        0.9081456661224365
      ]
    },
    {
      "coordinates": [
        250,
        187
      ],
      "magnitude": 1.792088270187378,
      "direction": [
        0.6550569534301758,
        0.7555795311927795
      ]
    },
    {
      "coordinates": [
        273,
        187
      ],
      "magnitude": 1.4836857318878174,
      "direction": [
        0.9152501225471497,
        0.40288612246513367
      ]
    },
    {
      "coordinates": [
        296,
        187
      ],
      "magnitude": 1.2454499006271362,
      "direction": [
        0.9999799132347107,
        0.006347223650664091
      ]
    },
    {
      "coordinates": [
        319,
        187
      ],
      "magnitude": 1.3954877853393555,
      "direction": [
        0.9603462219238281,
        -0.27881017327308655
      ]
    },
    {
      "coordinates": [
        0,
        204
      ],
      "magnitude": 1.3069264888763428,
      "direction": [
        0.2856537401676178,
        0.958332896232605
      ]
    },
    {
      "coordinates": [
        22,
        204
      ],
      "magnitude": 1.9289218187332153,
      "direction": [
        0.24070416390895844,
        0.9705985188484192
      ]
    },
    {
      "coordinates": [
        45,
        204
      ],
      "magnitude": 2.620823383331299,
      "direction": [
        0.11087819188833237,
        0.9938340187072754
      ]
    },
    {
      "coordinates": [
        68,
        204
      ],
      "magnitude": 2.6885204315185547,
      "direction": [
        0.27406930923461914,
        0.9617100358009338
      ]
    },
    {
      "coordinates": [
        91,
        204
      ],
      "magnitude": 2.8467681407928467,
      "direction": [
        0.3162764012813568,
        0.948667049407959
      ]
    },
    {
      "coordinates": [
        113,
        204
      ],
      "magnitude": 3.9507248401641846,
      "direction": [
        0.23605704307556152,
        0.9717391729354858
      ]
    },
    {
      "coordinates": [
        136,
        204
      ],
      "magnitude": 5.883403778076172,
      "direction": [
        0.24960987269878387,
        0.9683465361595154
      ]
    },
    {
      "coordinates": [
        159,
        204
      ],
      "magnitude": 8.5318603515625,
      "direction": [
        0.20778903365135193,
        0.9781736731529236
      ]
    },
    {
      "coordinates": [
        182,
        204
      ],
      "magnitude": 7.719890117645264,
      "direction": [
        0.20107720792293549,
        0.9795754551887512
      ]
    },
    {
      "coordinates": [
        205,
        204
      ],
      "magnitude": 4.752821922302246,
      "direction": [
        0.31872332096099854,
        0.947847843170166
      ]
    },
    {
      "coordinates": [
        227,
        204
      ],
      "magnitude": 2.6213936805725098,
      "direction": [
        0.5846526622772217,
        0.8112837076187134
      ]
    },
    {
      "coordinates": [
        250,
        204
      ],
      "magnitude": 1.8300994634628296,
      "direction": [
        0.7248674035072327,
        0.688888430595398
      ]
    },
    {
      "coordinates": [
        273,
        204
      ],
      "magnitude": 1.657547950744629,
      "direction": [
        0.8946974873542786,
        0.44667258858680725
      ]
    },
    {
      "coordinates": [
        296,
        204
      ],
      "magnitude": 1.535840630531311,
      "direction": [
        1.0,
        -0.0002962929429486394
      ]
    },
    {
      "coordinates": [
        319,
        204
      ],
      "magnitude": 1.5480637550354004,
      "direction": [
        0.9606041312217712,
        -0.27792036533355713
      ]
    },
    {
      "coordinates": [
        0,
        221
      ],
      "magnitude": 1.3688863515853882,
      "direction": [
        -0.04574916511774063,
        0.9989529848098755
      ]
    },
    {
      "coordinates": [
        22,
        221
      ],
      "magnitude": 2.0691375732421875,
      "direction": [
        -0.11050522327423096,
        0.9938756227493286
      ]
    },
    {
      "coordinates": [
        45,
        221
      ],
      "magnitude": 2.3703722953796387,
      "direction": [
        0.06078869104385376,
        0.9981507062911987
      ]
    },
    {
      "coordinates": [
        68,
        221
      ],
      "magnitude": 2.2220897674560547,
      "direction": [
        0.14386779069900513,
        0.9895969033241272
      ]
    },
    {
      "coordinates": [
        91,
        221
      ],
      "magnitude": 2.5581209659576416,
      "direction": [
        0.22313162684440613,
        0.9747883677482605
      ]
    },
    {
      "coordinates": [
        113,
        221
      ],
      "magnitude": 3.341461420059204,
      "direction": [
        0.30356234312057495,
        0.9528115391731262
      ]
    },
    {
      "coordinates": [
        136,
        221
      ],
      "magnitude": 5.850025653839111,
      "direction": [
        0.23232899606227875,
        0.9726372361183167
      ]
    },
    {
      "coordinates": [
        159,
        221
      ],
      "magnitude": 8.117521286010742,
      "direction": [
        0.21568766236305237,
        0.9764624238014221
      ]
    },
    {
      "coordinates": [
        182,
        221
      ],
      "magnitude": 7.708600044250488,
      "direction": [
        0.29731106758117676,
        0.954780638217926
      ]
    },
    {
      "coordinates": [
        205,
        221
      ],
      "magnitude": 4.901982307434082,
      "direction": [
        0.4622806906700134,
        0.8867336511611938
      ]
    },
    {
      "coordinates": [
        227,
        221
      ],
      "magnitude": 3.2944815158843994,
      "direction": [
        0.644066333770752,
        0.7649697065353394
      ]
    },
    {
      "coordinates": [
        250,
        221
      ],
      "magnitude": 2.4865341186523438,
      "direction": [
        0.8079038262367249,
        0.589314341545105
      ]
    },
    {
      "coordinates": [
        273,
        221
      ],
      "magnitude": 1.981415033340454,
      "direction": [
        0.9526196122169495,
        0.3041640818119049
      ]
    },
    {
      "coordinates": [
        296,
        221
      ],
      "magnitude": 1.7003086805343628,
      "direction": [
        0.9994214773178101,
        0.034011464565992355
      ]
    },
    {
      "coordinates": [
        319,
        221
      ],
      "magnitude": 1.7201017141342163,
      "direction": [
        0.9752253293991089,
        -0.2212137132883072
      ]
    },
    {
      "coordinates": [
        0,
        239
      ],
      "magnitude": 1.5928312540054321,
      "direction": [
        -0.3604678511619568,
        0.932771623134613
      ]
    },
    {
      "coordinates": [
        22,
        239
      ],
      "magnitude": 1.8965667486190796,
      "direction": [
        -0.35888829827308655,
        0.9333804845809937
      ]
    },
    {
      "coordinates": [
        45,
        239
      ],
      "magnitude": 2.3674073219299316,
      "direction": [
        -0.17814785242080688,
        0.9840037226676941
      ]
    },
    {
      "coordinates": [
        68,
        239
      ],
      "magnitude": 2.028446912765503,
      "direction": [
        -0.04971703886985779,
        0.998763382434845
      ]
    },
    {
      "coordinates": [
        91,
        239
      ],
      "magnitude": 2.5758004188537598,
      "direction": [
        0.17658600211143494,
        0.9842851758003235
      ]
    },
    {
      "coordinates": [
        113,
        239
      ],
      "magnitude": 2.9058902263641357,
      "direction": [
        0.26855647563934326,
        0.9632640480995178
      ]
    },
    {
      "coordinates": [
        136,
        239
      ],
      "magnitude": 5.703108310699463,
      "direction": [
        0.24328118562698364,
        0.9699558019638062
      ]
    },
    {
      "coordinates": [
        159,
        239
      ],
      "magnitude": 7.675412178039551,
      "direction": [
        0.2003100961446762,
        0.9797325730323792
      ]
    },
    {
      "coordinates": [
        182,
        239
      ],
      "magnitude": 7.241300582885742,
      "direction": [
        0.31088101863861084,
        0.9504488706588745
      ]
    },
    {
      "coordinates": [
        205,
        239
      ],
      "magnitude": 5.3393354415893555,
      "direction": [
        0.46875348687171936,
        0.8833290338516235
      ]
    },
    {
      "coordinates": [
        227,
        239
      ],
      "magnitude": 3.5699217319488525,
      "direction": [
        0.7129051089286804,
        0.701260507106781
      ]
    },
    {
      "coordinates": [
        250,
        239
      ],
      "magnitude": 2.8533012866973877,
      "direction": [
        0.839018702507019,
        0.544102668762207
      ]
    },
    {
      "coordinates": [
        273,
        239
      ],
      "magnitude": 2.5971362590789795,
      "direction": [
        0.9502694010734558,
        0.31142884492874146
      ]
    },
    {
      "coordinates": [
        296,
        239
      ],
      "magnitude": 2.051981210708618,
      "direction": [
        0.9987908005714417,
        0.04916178435087204
      ]
    },
    {
      "coordinates": [
        319,
        239
      ],
      "magnitude": 1.9365317821502686,
      "direction": [
        0.9874244928359985,
        -0.15809133648872375
      ]
    }
  ]
}