{
  "recording_timestamp": 1756815739.56864,
  "mean_fz": -1.5701,
  "peak_intensity": 0.573,
  "deformation_mesh": [
    {
      "coordinates": [
        0,
        0
      ],
      "magnitude": 2.227691650390625,
      "direction": [
        -0.6291060447692871,
        -0.7773194909095764
      ]
    },
    {
      "coordinates": [
        22,
        0
      ],
      "magnitude": 2.5380499362945557,
      "direction": [
        -0.5584650635719299,
        -0.8295280337333679
      ]
    },
    {
      "coordinates": [
        45,
        0
      ],
      "magnitude": 2.5561554431915283,
      "direction": [
        -0.48250219225883484,
        -0.8758947253227234
      ]
    },
    {
      "coordinates": [
        68,
        0
      ],
      "magnitude": 2.562696933746338,
      "direction": [
        -0.5508837699890137,
        -0.8345819711685181
      ]
    },
    {
      "coordinates": [
        91,
        0
      ],
      "magnitude": 2.6124565601348877,
      "direction": [
        -0.30352622270584106,
        -0.9528231024742126
      ]
    },
    {
      "coordinates": [
        113,
        0
      ],
      "magnitude": 2.730114459991455,
      "direction": [
        -0.1672288477420807,
        -0.9859181642532349
      ]
    },
    {
      "coordinates": [
        136,
        0
      ],
      "magnitude": 2.9419074058532715,
      "direction": [
        0.13021932542324066,
        -0.9914852380752563
      ]
    },
    {
      "coordinates": [
        159,
        0
      ],
      "magnitude": 2.8554399013519287,
      "direction": [
        0.2635082006454468,
        -0.9646571278572083
      ]
    },
    {
      "coordinates": [
        182,
        0
      ],
      "magnitude": 2.7513060569763184,
      "direction": [
        0.3215138018131256,
        -0.9469048380851746
      ]
    },
    {
      "coordinates": [
        205,
        0
      ],
      "magnitude": 2.315981864929199,
      "direction": [
        0.4802863597869873,
        -0.8771117329597473
      ]
    },
    {
      "coordinates": [
        227,
        0
      ],
      "magnitude": 2.575481653213501,
      "direction": [
        0.5708743333816528,
        -0.8210375308990479
      ]
    },
    {
      "coordinates": [
        250,
        0
      ],
      "magnitude": 2.618194103240967,
      "direction": [
        0.507196307182312,
        -0.8618305325508118
      ]
    },
    {
      "coordinates": [
        273,
        0
      ],
      "magnitude": 2.5591588020324707,
      "direction": [
        0.4641667306423187,
        -0.8857478499412537
      ]
    },
    {
      "coordinates": [
        296,
        0
      ],
      "magnitude": 2.2298665046691895,
      "direction": [
        0.6658689975738525,
        -0.7460687160491943
      ]
    },
    {
      "coordinates": [
        319,
        0
      ],
      "magnitude": 2.6910085678100586,
      "direction": [
        0.6978644728660583,
        -0.7162298560142517
      ]
    },
    {
      "coordinates": [
        0,
        17
      ],
      "magnitude": 2.059380531311035,
      "direction": [
        -0.6094244122505188,
        -0.7928441762924194
      ]
    },
    {
      "coordinates": [
        22,
        17
      ],
      "magnitude": 2.658295154571533,
      "direction": [
        -0.585080623626709,
        -0.8109751343727112
      ]
    },
    {
      "coordinates": [
        45,
        17
      ],
      "magnitude": 2.6250360012054443,
      "direction": [
        -0.46109965443611145,
        -0.8873483538627625
      ]
    },
    {
      "coordinates": [
        68,
        17
      ],
      "magnitude": 2.637401819229126,
      "direction": [
        -0.4628410339355469,
        -0.8864412903785706
      ]
    },
    {
      "coordinates": [
        91,
        17
      ],
      "magnitude": 2.8410210609436035,
      "direction": [
        -0.27332839369773865,
        -0.9619207978248596
      ]
    },
    {
      "coordinates": [
        113,
        17
      ],
      "magnitude": 2.955998420715332,
      "direction": [
        -0.209025576710701,
        -0.9779101610183716
      ]
    },
    {
      "coordinates": [
        136,
        17
      ],
      "magnitude": 3.030609607696533,
      "direction": [
        0.06490468233823776,
        -0.9978914856910706
      ]
    },
    {
      "coordinates": [
        159,
        17
      ],
      "magnitude": 2.7067158222198486,
      "direction": [
        0.22779840230941772,
        -0.9737083315849304
      ]
    },
    {
      "coordinates": [
        182,
        17
      ],
      "magnitude": 2.8891282081604004,
      "direction": [
        0.3320225179195404,
        -0.9432714581489563
      ]
    },
    {
      "coordinates": [
        205,
        17
      ],
      "magnitude": 2.445612668991089,
      "direction": [
        0.5730602741241455,
        -0.819513201713562
      ]
    },
    {
      "coordinates": [
        227,
        17
      ],
      "magnitude": 2.663235902786255,
      "direction": [
        0.5781923532485962,
        -0.8159005045890808
      ]
    },
    {
      "coordinates": [
        250,
        17
      ],
      "magnitude": 2.438934564590454,
      "direction": [
        0.5687831044197083,
        -0.8224875926971436
      ]
    },
    {
      "coordinates": [
        273,
        17
      ],
      "magnitude": 2.2818355560302734,
      "direction": [
        0.6086670756340027,
        -0.7934257388114929
      ]
    },
    {
      "coordinates": [
        296,
        17
      ],
      "magnitude": 2.4032351970672607,
      "direction": [
        0.6770908832550049,
        -0.7358994483947754
      ]
    },
    {
      "coordinates": [
        319,
        17
      ],
      "magnitude": 2.5789828300476074,
      "direction": [
        0.7553601264953613,
        -0.6553099155426025
      ]
    },
    {
      "coordinates": [
        0,
        34
      ],
      "magnitude": 2.4326910972595215,
      "direction": [
        -0.6774781942367554,
        -0.735542893409729
      ]
    },
    {
      "coordinates": [
        22,
        34
      ],
      "magnitude": 2.6676089763641357,
      "direction": [
        -0.6026129722595215,
        -0.7980335354804993
      ]
    },
    {
      "coordinates": [
        45,
        34
      ],
      "magnitude": 2.5513384342193604,
      "direction": [
        -0.545302152633667,
        -0.8382395505905151
      ]
    },
    {
      "coordinates": [
        68,
        34
      ],
      "magnitude": 2.593475580215454,
      "direction": [
        -0.4927405118942261,
        -0.8701762557029724
      ]
    },
    {
      "coordinates": [
        91,
        34
      ],
      "magnitude": 2.9306259155273438,
      "direction": [
        -0.2537247836589813,
        -0.9672764539718628
      ]
    },
    {
      "coordinates": [
        113,
        34
      ],
      "magnitude": 3.155684232711792,
      "direction": [
        -0.13875672221183777,
        -0.9903265237808228
      ]
    },
    {
      "coordinates": [
        136,
        34
      ],
      "magnitude": 3.2340123653411865,
      "direction": [
        0.03433099761605263,
        -0.9994105100631714
      ]
    },
    {
      "coordinates": [
        159,
        34
      ],
      "magnitude": 3.128892421722412,
      "direction": [
        0.22950078547000885,
        -0.9733085632324219
      ]
    },
    {
      "coordinates": [
        182,
        34
      ],
      "magnitude": 2.969158887863159,
      "direction": [
        0.4180395007133484,
        -0.9084289073944092
      ]
    },
    {
      "coordinates": [
        205,
        34
      ],
      "magnitude": 2.6995041370391846,
      "direction": [
        0.521078884601593,
        -0.853508472442627
      ]
    },
    {
      "coordinates": [
        227,
        34
      ],
      "magnitude": 2.5513925552368164,
      "direction": [
        0.6165170669555664,
        -0.7873414754867554
      ]
    },
    {
      "coordinates": [
        250,
        34
      ],
      "magnitude": 2.3879449367523193,
      "direction": [
        0.6608289480209351,
        -0.7505365610122681
      ]
    },
    {
      "coordinates": [
        273,
        34
      ],
      "magnitude": 2.3265254497528076,
      "direction": [
        0.6891103982925415,
        -0.7246564030647278
      ]
    },
    {
      "coordinates": [
        296,
        34
      ],
      "magnitude": 2.2157552242279053,
      "direction": [
        0.722691535949707,
        -0.6911706328392029
      ]
    },
    {
      "coordinates": [
        319,
        34
      ],
      "magnitude": 2.570122241973877,
      "direction": [
        0.8340796828269958,
        -0.5516439080238342
      ]
    },
    {
      "coordinates": [
        0,
        51
      ],
      "magnitude": 2.6529054641723633,
      "direction": [
        -0.8160070776939392,
        -0.5780419707298279
      ]
    },
    {
      "coordinates": [
        22,
        51
      ],
      "magnitude": 2.451464891433716,
      "direction": [
        -0.7146162390708923,
        -0.6995167136192322
      ]
    },
    {
      "coordinates": [
        45,
        51
      ],
      "magnitude": 2.555553674697876,
      "direction": [
        -0.6550492644309998,
        -0.7555862069129944
      ]
    },
    {
      "coordinates": [
        68,
        51
      ],
      "magnitude": 2.743657112121582,
      "direction": [
        -0.4968821108341217,
        -0.8678181171417236
      ]
    },
    {
      "coordinates": [
        91,
        51
      ],
      "magnitude": 3.1921026706695557,
      "direction": [
        -0.37828168272972107,
        -0.9256905317306519
      ]
    },
    {
      "coordinates": [
        113,
        51
      ],
      "magnitude": 3.4091691970825195,
      "direction": [
        -0.1727871596813202,
        -0.9849591851234436
      ]
    },
    {
      "coordinates": [
        136,
        51
      ],
      "magnitude": 3.2837936878204346,
      "direction": [
        0.027471018955111504,
        -0.9996225833892822
      ]
    },
    {
      "coordinates": [
        159,
        51
      ],
      "magnitude": 3.478384256362915,
      "direction": [
        0.26626643538475037,
        -0.9638994336128235
      ]
    },
    {
      "coordinates": [
        182,
        51
      ],
      "magnitude": 3.045649766921997,
      "direction": [
        0.4110594093799591,
        -0.9116085767745972
      ]
    },
    {
      "coordinates": [
        205,
        51
      ],
      "magnitude": 2.541837692260742,
      "direction": [
        0.5567167401313782,
        -0.8307023644447327
      ]
    },
    {
      "coordinates": [
        227,
        51
      ],
      "magnitude": 2.5569310188293457,
      "direction": [
        0.6865618228912354,
        -0.7270714044570923
      ]
    },
    {
      "coordinates": [
        250,
        51
      ],
      "magnitude": 2.229477643966675,
      "direction": [
        0.7049928903579712,
        -0.7092143893241882
      ]
    },
    {
      "coordinates": [
        273,
        51
      ],
      "magnitude": 2.0761725902557373,
      "direction": [
        0.7981070280075073,
        -0.6025157570838928
      ]
    },
    {
      "coordinates": [
        296,
        51
      ],
      "magnitude": 2.282186508178711,
      "direction": [
        0.7553929090499878,
        -0.6552720069885254
      ]
    },
    {
      "coordinates": [
        319,
        51
      ],
      "magnitude": 2.432009696960449,
      "direction": [
        0.8291806578636169,
        -0.5589807629585266
      ]
    },
    {
      "coordinates": [
        0,
        68
      ],
      "magnitude": 2.24609637260437,
      "direction": [
        -0.8577256202697754,
        -0.5141076445579529
      ]
    },
    {
      "coordinates": [
        22,
        68
      ],
      "magnitude": 2.4254794120788574,
      "direction": [
        -0.8174082636833191,
        -0.5760588049888611
      ]
    },
    {
      "coordinates": [
        45,
        68
      ],
      "magnitude": 2.5313222408294678,
      "direction": [
        -0.702346682548523,
        -0.7118350863456726
      ]
    },
    {
      "coordinates": [
        68,
        68
      ],
      "magnitude": 2.595456123352051,
      "direction": [
        -0.6093081831932068,
        -0.7929335236549377
      ]
    },
    {
      "coordinates": [
        91,
        68
      ],
      "magnitude": 3.3411777019500732,
      "direction": [
        -0.44426101446151733,
        -0.895897388458252
      ]
    },
    {
      "coordinates": [
        113,
        68
      ],
      "magnitude": 3.822435140609741,
      "direction": [
        -0.29512736201286316,
        -0.9554579257965088
      ]
    },
    {
      "coordinates": [
        136,
        68
      ],
      "magnitude": 4.325212478637695,
      "direction": [
        0.11615586280822754,
        -0.9932309985160828
      ]
    },
    {
      "coordinates": [
        159,
        68
      ],
      "magnitude": 4.061619281768799,
      "direction": [
        0.38404786586761475,
        -0.9233132004737854
      ]
    },
    {
      "coordinates": [
        182,
        68
      ],
      "magnitude": 3.2169511318206787,
      "direction": [
        0.638413667678833,
        -0.7696934342384338
      ]
    },
    {
      "coordinates": [
        205,
        68
      ],
      "magnitude": 2.6150076389312744,
      "direction": [
        0.7489808797836304,
        -0.6625915765762329
      ]
    },
    {
      "coordinates": [
        227,
        68
      ],
      "magnitude": 2.4831385612487793,
      "direction": [
        0.7477530241012573,
        -0.6639769077301025
      ]
    },
    {
      "coordinates": [
        250,
        68
      ],
      "magnitude": 2.406090259552002,
      "direction": [
        0.6964228749275208,
        -0.7176316380500793
      ]
    },
    {
      "coordinates": [
        273,
        68
      ],
      "magnitude": 1.9409016370773315,
      "direction": [
        0.8685510158538818,
        -0.4955998361110687
      ]
    },
    {
      "coordinates": [
        296,
        68
      ],
      "magnitude": 2.266216993331909,
      "direction": [
        0.8395373821258545,
        -0.5433019995689392
      ]
    },
    {
      "coordinates": [
        319,
        68
      ],
      "magnitude": 2.265454053878784,
      "direction": [
        0.8476441502571106,
        -0.5305653214454651
      ]
    },
    {
      "coordinates": [
        0,
        85
      ],
      "magnitude": 2.1998133659362793,
      "direction": [
        -0.8746748566627502,
        -0.48471006751060486
      ]
    },
    {
      "coordinates": [
        22,
        85
      ],
      "magnitude": 2.4966821670532227,
      "direction": [
        -0.8588175773620605,
        -0.512281596660614
      ]
    },
    {
      "coordinates": [
        45,
        85
      ],
      "magnitude": 2.5877363681793213,
      "direction": [
        -0.7613577246665955,
        -0.6483319997787476
      ]
    },
    {
      "coordinates": [
        68,
        85
      ],
      "magnitude": 2.77647066116333,
      "direction": [
        -0.7304592728614807,
        -0.6829562783241272
      ]
    },
    {
      "coordinates": [
        91,
        85
      ],
      "magnitude": 3.8512277603149414,
      "direction": [
        -0.5910193920135498,
        -0.8066573739051819
      ]
    },
    {
      "coordinates": [
        113,
        85
      ],
      "magnitude": 5.365596771240234,
      "direction": [
        -0.39203235507011414,
        -0.9199514389038086
      ]
    },
    {
      "coordinates": [
        136,
        85
      ],
      "magnitude": 5.116610527038574,
      "direction": [
        0.19262900948524475,
        -0.9812716245651245
      ]
    },
    {
      "coordinates": [
        159,
        85
      ],
      "magnitude": 4.681849002838135,
      "direction": [
        0.639353334903717,
        -0.7689130306243896
      ]
    },
    {
      "coordinates": [
        182,
        85
      ],
      "magnitude": 3.5176079273223877,
      "direction": [
        0.7461214661598206,
        -0.6658099293708801
      ]
    },
    {
      "coordinates": [
        205,
        85
      ],
      "magnitude": 2.991276264190674,
      "direction": [
        0.849420964717865,
        -0.5277158617973328
      ]
    },
    {
      "coordinates": [
        227,
        85
      ],
      "magnitude": 2.326167106628418,
      "direction": [
        0.8245610594749451,
        -0.5657728910446167
      ]
    },
    {
      "coordinates": [
        250,
        85
      ],
      "magnitude": 2.1062934398651123,
      "direction": [
        0.855482280254364,
        -0.5178321003913879
      ]
    },
    {
      "coordinates": [
        273,
        85
      ],
      "magnitude": 2.0960936546325684,
      "direction": [
        0.9068697094917297,
        -0.42141130566596985
      ]
    },
    {
      "coordinates": [
        296,
        85
      ],
      "magnitude": 1.9812581539154053,
      "direction": [
        0.9080491662025452,
        -0.4188636541366577
      ]
    },
    {
      "coordinates": [
        319,
        85
      ],
      "magnitude": 2.2172083854675293,
      "direction": [
        0.8975670337677002,
        -0.44087812304496765
      ]
    },
    {
      "coordinates": [
        0,
        102
      ],
      "magnitude": 2.387599468231201,
      "direction": [
        -0.9233360886573792,
        -0.38399291038513184
      ]
    },
    {
      "coordinates": [
        22,
        102
      ],
      "magnitude": 2.2045679092407227,
      "direction": [
        -0.8813928961753845,
        -0.4723837673664093
      ]
    },
    {
      "coordinates": [
        45,
        102
      ],
      "magnitude": 2.298997163772583,
      "direction": [
        -0.8603864312171936,
        -0.5096422433853149
      ]
    },
    {
      "coordinates": [
        68,
        102
      ],
      "magnitude": 3.0245766639709473,
      "direction": [
        -0.8464798927307129,
        -0.5324206352233887
      ]
    },
    {
      "coordinates": [
        91,
        102
      ],
      "magnitude": 3.548922061920166,
      "direction": [
        -0.7987732291221619,
        -0.6016322374343872
      ]
    },
    {
      "coordinates": [
        113,
        102
      ],
      "magnitude": 5.17172908782959,
      "direction": [
        -0.6009448766708374,
        -0.7992904782295227
      ]
    },
    {
      "coordinates": [
        136,
        102
      ],
      "magnitude": 5.887449741363525,
      "direction": [
        0.4554635286331177,
        -0.8902544379234314
      ]
    },
    {
      "coordinates": [
        159,
        102
      ],
      "magnitude": 5.92678689956665,
      "direction": [
        0.817386269569397,
        -0.5760899782180786
      ]
    },
    {
      "coordinates": [
        182,
        102
      ],
      "magnitude": 3.7043468952178955,
      "direction": [
        0.8797433376312256,
        -0.4754489064216614
      ]
    },
    {
      "coordinates": [
        205,
        102
      ],
      "magnitude": 2.99603009223938,
      "direction": [
        0.9645655155181885,
        -0.26384347677230835
      ]
    },
    {
      "coordinates": [
        227,
        102
      ],
      "magnitude": 2.030194044113159,
      "direction": [
        0.9494275450706482,
        -0.31398603320121765
      ]
    },
    {
      "coordinates": [
        250,
        102
      ],
      "magnitude": 2.140395402908325,
      "direction": [
        0.9278464913368225,
        -0.37296244502067566
      ]
    },
    {
      "coordinates": [
        273,
        102
      ],
      "magnitude": 2.066584587097168,
      "direction": [
        0.9437735080718994,
        -0.3305925130844116
      ]
    },
    {
      "coordinates": [
        296,
        102
      ],
      "magnitude": 1.9403048753738403,
      "direction": [
        0.9327151775360107,
        -0.3606141209602356
      ]
    },
    {
      "coordinates": [
        319,
        102
      ],
      "magnitude": 2.106386184692383,
      "direction": [
        0.9448210597038269,
        -0.32758674025535583
      ]
    },
    {
      "coordinates": [
        0,
        119
      ],
      "magnitude": 2.31475830078125,
      "direction": [
        -0.957797646522522,
        -0.28744304180145264
      ]
    },
    {
      "coordinates": [
        22,
        119
      ],
      "magnitude": 2.1525862216949463,
      "direction": [
        -0.9104575514793396,
        -0.413602352142334
      ]
    },
    {
      "coordinates": [
        45,
        119
      ],
      "magnitude": 2.1850337982177734,
      "direction": [
        -0.9347952008247375,
        -0.35518714785575867
      ]
    },
    {
      "coordinates": [
        68,
        119
      ],
      "magnitude": 2.703758716583252,
      "direction": [
        -0.9350009560585022,
        -0.3546452522277832
      ]
    },
    {
      "coordinates": [
        91,
        119
      ],
      "magnitude": 3.530057430267334,
      "direction": [
        -0.9750137329101562,
        -0.22214460372924805
      ]
    },
    {
      "coordinates": [
        113,
        119
      ],
      "magnitude": 4.1828155517578125,
      "direction": [
        -0.9368289113044739,
        -0.3497879207134247
      ]
    },
    {
      "coordinates": [
        136,
        119
      ],
      "magnitude": 3.1998465061187744,
      "direction": [
        0.9872931241989136,
        -0.15890993177890778
      ]
    },
    {
      "coordinates": [
        159,
        119
      ],
      "magnitude": 5.354273796081543,
      "direction": [
        0.9968152046203613,
        -0.07974552363157272
      ]
    },
    {
      "coordinates": [
        182,
        119
      ],
      "magnitude": 3.4584414958953857,
      "direction": [
        0.992399275302887,
        -0.12305950373411179
      ]
    },
    {
      "coordinates": [
        205,
        119
      ],
      "magnitude": 2.895045280456543,
      "direction": [
        0.9911459684371948,
        -0.1327771693468094
      ]
    },
    {
      "coordinates": [
        227,
        119
      ],
      "magnitude": 2.2485439777374268,
      "direction": [
        0.9808647632598877,
        -0.19469060003757477
      ]
    },
    {
      "coordinates": [
        250,
        119
      ],
      "magnitude": 2.0754106044769287,
      "direction": [
        0.9770130515098572,
        -0.21317936480045319
      ]
    },
    {
      "coordinates": [
        273,
        119
      ],
      "magnitude": 2.0482723712921143,
      "direction": [
        0.9830888509750366,
        -0.18312887847423553
      ]
    },
    {
      "coordinates": [
        296,
        119
      ],
      "magnitude": 1.8752292394638062,
      "direction": [
        0.9830487370491028,
        -0.1833445429801941
      ]
    },
    {
      "coordinates": [
        319,
        119
      ],
      "magnitude": 1.8735263347625732,
      "direction": [
        0.9604902267456055,
        -0.27831390500068665
      ]
    },
    {
      "coordinates": [
        0,
        136
      ],
      "magnitude": 2.1566824913024902,
      "direction": [
        -0.9975805282592773,
        -0.06952007114887238
      ]
    },
    {
      "coordinates": [
        22,
        136
      ],
      "magnitude": 2.0559325218200684,
      "direction": [
        -0.9791926741600037,
        -0.20293277502059937
      ]
    },
    {
      "coordinates": [
        45,
        136
      ],
      "magnitude": 1.937698483467102,
      "direction": [
        -0.9970212578773499,
        -0.07712724804878235
      ]
    },
    {
      "coordinates": [
        68,
        136
      ],
      "magnitude": 2.482813596725464,
      "direction": [
        -0.998970091342926,
        -0.045374464243650436
      ]
    },
    {
      "coordinates": [
        91,
        136
      ],
      "magnitude": 3.0665698051452637,
      "direction": [
        -0.9688075184822083,
        0.24781449139118195
      ]
    },
    {
      "coordinates": [
        113,
        136
      ],
      "magnitude": 3.7905797958374023,
      "direction": [
        -0.7026508450508118,
        0.7115347981452942
      ]
    },
    {
      "coordinates": [
        136,
        136
      ],
      "magnitude": 3.814420700073242,
      "direction": [
        0.3332577645778656,
        0.9428357481956482
      ]
    },
    {
      "coordinates": [
        159,
        136
      ],
      "magnitude": 3.6541223526000977,
      "direction": [
        0.8605582118034363,
        0.5093520879745483
      ]
    },
    {
      "coordinates": [
        182,
        136
      ],
      "magnitude": 3.092667579650879,
      "direction": [
        0.981406033039093,
        0.19194303452968597
      ]
    },
    {
      "coordinates": [
        205,
        136
      ],
      "magnitude": 2.5517678260803223,
      "direction": [
        0.9999828338623047,
        0.005865128245204687
      ]
    },
    {
      "coordinates": [
        227,
        136
      ],
      "magnitude": 1.9657715559005737,
      "direction": [
        0.9987273216247559,
        -0.050435926765203476
      ]
    },
    {
      "coordinates": [
        250,
        136
      ],
      "magnitude": 1.9826785326004028,
      "direction": [
        0.9962087869644165,
        -0.08699411153793335
      ]
    },
    {
      "coordinates": [
        273,
        136
      ],
      "magnitude": 2.113630771636963,
      "direction": [
        0.9774954915046692,
        -0.21095606684684753
      ]
    },
    {
      "coordinates": [
        296,
        136
      ],
      "magnitude": 1.950423002243042,
      "direction": [
        0.9930340051651001,
        -0.11782842874526978
      ]
    },
    {
      "coordinates": [
        319,
        136
      ],
      "magnitude": 2.0875611305236816,
      "direction": [
        0.9992488622665405,
        -0.03875337168574333
      ]
    },
    {
      "coordinates": [
        0,
        153
      ],
      "magnitude": 1.9193482398986816,
      "direction": [
        -0.9916562438011169,
        -0.12891048192977905
      ]
    },
    {
      "coordinates": [
        22,
        153
      ],
      "magnitude": 1.8414300680160522,
      "direction": [
        -0.9990152716636658,
        -0.04436730220913887
      ]
    },
    {
      "coordinates": [
        45,
        153
      ],
      "magnitude": 1.6016367673873901,
      "direction": [
        -0.9969958066940308,
        0.0774550661444664
      ]
    },
    {
      "coordinates": [
        68,
        153
      ],
      "magnitude": 2.0404021739959717,
      "direction": [
        -0.9753847718238831,
        0.22050993144512177
      ]
    },
    {
      "coordinates": [
        91,
        153
      ],
      "magnitude": 2.208542823791504,
      "direction": [
        -0.8211996555328369,
        0.570641040802002
      ]
    },
    {
      "coordinates": [
        113,
        153
      ],
      "magnitude": 2.625478982925415,
      "direction": [
        -0.4248896539211273,
        0.9052451252937317
      ]
    },
    {
      "coordinates": [
        136,
        153
      ],
      "magnitude": 2.938565969467163,
      "direction": [
        0.3363665044307709,
        0.9417312145233154
      ]
    },
    {
      "coordinates": [
        159,
        153
      ],
      "magnitude": 3.0348634719848633,
      "direction": [
        0.703529953956604,
        0.7106655836105347
      ]
    },
    {
      "coordinates": [
        182,
        153
      ],
      "magnitude": 2.3323748111724854,
      "direction": [
        0.9331910610198975,
        0.3593805432319641
      ]
    },
    {
      "coordinates": [
        205,
        153
      ],
      "magnitude": 1.9021978378295898,
      "direction": [
        0.9358364939689636,
        0.3524344861507416
      ]
    },
    {
      "coordinates": [
        227,
        153
      ],
      "magnitude": 1.7042028903961182,
      "direction": [
        0.9995232224464417,
        -0.03087695874273777
      ]
    },
    {
      "coordinates": [
        250,
        153
      ],
      "magnitude": 1.841087818145752,
      "direction": [
        0.9990764856338501,
        0.042966846376657486
      ]
    },
    {
      "coordinates": [
        273,
        153
      ],
      "magnitude": 1.9446709156036377,
      "direction": [
        0.9897558689117432,
        -0.14277027547359467
      ]
    },
    {
      "coordinates": [
        296,
        153
      ],
      "magnitude": 1.902497410774231,
      "direction": [
        0.9998023509979248,
        0.019880110397934914
      ]
    },
    {
      "coordinates": [
        319,
        153
      ],
      "magnitude": 2.1849873065948486,
      "direction": [
        0.9914310574531555,
        -0.1306312084197998
      ]
    },
    {
      "coordinates": [
        0,
        170
      ],
      "magnitude": 1.7590481042861938,
      "direction": [
        -0.9952478408813477,
        -0.09737478196620941
      ]
    },
    {
      "coordinates": [
        22,
        170
      ],
      "magnitude": 1.7854057550430298,
      "direction": [
        -0.9986129999160767,
        0.05265076085925102
      ]
    },
    {
      "coordinates": [
        45,
        170
      ],
      "magnitude": 1.499657154083252,
      "direction": [
        -0.9902620315551758,
        0.1392161250114441
      ]
    },
    {
      "coordinates": [
        68,
        170
      ],
      "magnitude": 2.030311346054077,
      "direction": [
        -0.9693866968154907,
        0.24553893506526947
      ]
    },
    {
      "coordinates": [
        91,
        170
      ],
      "magnitude": 1.8748613595962524,
      "direction": [
        -0.6606810688972473,
        0.7506667375564575
      ]
    },
    {
      "coordinates": [
        113,
        170
      ],
      "magnitude": 2.0228352546691895,
      "direction": [
        -0.16259413957595825,
        0.9866930246353149
      ]
    },
    {
      "coordinates": [
        136,
        170
      ],
      "magnitude": 2.1756844520568848,
      "direction": [
        0.28941068053245544,
        0.9572049975395203
      ]
    },
    {
      "coordinates": [
        159,
        170
      ],
      "magnitude": 2.15742826461792,
      "direction": [
        0.6693110466003418,
        0.7429823279380798
      ]
    },
    {
      "coordinates": [
        182,
        170
      ],
      "magnitude": 1.8854541778564453,
      "direction": [
        0.8118995428085327,
        0.5837971568107605
      ]
    },
    {
      "coordinates": [
        205,
        170
      ],
      "magnitude": 1.7307939529418945,
      "direction": [
        0.8700266480445862,
        0.4930047392845154
      ]
    },
    {
      "coordinates": [
        227,
        170
      ],
      "magnitude": 1.7143365144729614,
      "direction": [
        0.9720168113708496,
        0.2349112182855606
      ]
    },
    {
      "coordinates": [
        250,
        170
      ],
      "magnitude": 1.9645675420761108,
      "direction": [
        0.9967840909957886,
        0.08013387769460678
      ]
    },
    {
      "coordinates": [
        273,
        170
      ],
      "magnitude": 1.8915382623672485,
      "direction": [
        0.9999935626983643,
        -0.003576564369723201
      ]
    },
    {
      "coordinates": [
        296,
        170
      ],
      "magnitude": 1.6821742057800293,
      "direction": [
        0.9991575479507446,
        0.041040148586034775
      ]
    },
    {
      "coordinates": [
        319,
        170
      ],
      "magnitude": 2.1406805515289307,
      "direction": [
        0.9900779128074646,
        -0.1405191272497177
      ]
    },
    {
      "coordinates": [
        0,
        187
      ],
      "magnitude": 1.6408863067626953,
      "direction": [
        -0.9915913939476013,
        0.12940770387649536
      ]
    },
    {
      "coordinates": [
        22,
        187
      ],
      "magnitude": 1.562550663948059,
      "direction": [
        -0.9853490591049194,
        0.17054957151412964
      ]
    },
    {
      "coordinates": [
        45,
        187
      ],
      "magnitude": 1.6161420345306396,
      "direction": [
        -0.9651962518692017,
        0.2615267038345337
      ]
    },
    {
      "coordinates": [
        68,
        187
      ],
      "magnitude": 1.559829831123352,
      "direction": [
        -0.9232200980186462,
        0.3842715620994568
      ]
    },
    {
      "coordinates": [
        91,
        187
      ],
      "magnitude": 1.650955080986023,
      "direction": [
        -0.7024254202842712,
        0.7117573022842407
      ]
    },
    {
      "coordinates": [
        113,
        187
      ],
      "magnitude": 1.564538598060608,
      "direction": [
        -0.370196133852005,
        0.9289535284042358
      ]
    },
    {
      "coordinates": [
        136,
        187
      ],
      "magnitude": 1.555290937423706,
      "direction": [
        0.3448939323425293,
        0.9386416077613831
      ]
    },
    {
      "coordinates": [
        159,
        187
      ],
      "magnitude": 1.6638716459274292,
      "direction": [
        0.4034302830696106,
        0.915010392665863
      ]
    },
    {
      "coordinates": [
        182,
        187
      ],
      "magnitude": 1.7268470525741577,
      "direction": [
        0.7355744242668152,
        0.6774439215660095
      ]
    },
    {
      "coordinates": [
        205,
        187
      ],
      "magnitude": 1.6343249082565308,
      "direction": [
        0.7856696844100952,
        0.6186462044715881
      ]
    },
    {
      "coordinates": [
        227,
        187
      ],
      "magnitude": 1.7013568878173828,
      "direction": [
        0.8973131775856018,
        0.4413943588733673
      ]
    },
    {
      "coordinates": [
        250,
        187
      ],
      "magnitude": 1.4157006740570068,
      "direction": [
        0.9721080660820007,
        0.23453328013420105
      ]
    },
    {
      "coordinates": [
        273,
        187
      ],
      "magnitude": 1.5368497371673584,
      "direction": [
        0.9961044788360596,
        0.08818104863166809
      ]
    },
    {
      "coordinates": [
        296,
        187
      ],
      "magnitude": 1.492506742477417,
      "direction": [
        0.9958255887031555,
        0.09127705544233322
      ]
    },
    {
      "coordinates": [
        319,
        187
      ],
      "magnitude": 1.8024036884307861,
      "direction": [
        0.998576283454895,
        -0.053342048078775406
      ]
    },
    {
      "coordinates": [
        0,
        204
      ],
      "magnitude": 1.8177987337112427,
      "direction": [
        -0.9848001003265381,
        0.17369146645069122
      ]
    },
    {
      "coordinates": [
        22,
        204
      ],
      "magnitude": 1.5858789682388306,
      "direction": [
        -0.9476425051689148,
        0.31933316588401794
      ]
    },
    {
      "coordinates": [
        45,
        204
      ],
      "magnitude": 1.425703525543213,
      "direction": [
        -0.9158252477645874,
        0.40157708525657654
      ]
    },
    {
      "coordinates": [
        68,
        204
      ],
      "magnitude": 1.3942739963531494,
      "direction": [
        -0.8130258321762085,
        0.5822275876998901
      ]
    },
    {
      "coordinates": [
        91,
        204
      ],
      "magnitude": 1.4488595724105835,
      "direction": [
        -0.6168304085731506,
        0.7870960831642151
      ]
    },
    {
      "coordinates": [
        113,
        204
      ],
      "magnitude": 1.1467207670211792,
      "direction": [
        -0.4094189703464508,
        0.9123465418815613
      ]
    },
    {
      "coordinates": [
        136,
        204
      ],
      "magnitude": 1.2781236171722412,
      "direction": [
        0.09706354141235352,
        0.9952781796455383
      ]
    },
    {
      "coordinates": [
        159,
        204
      ],
      "magnitude": 1.5467815399169922,
      "direction": [
        0.3861188292503357,
        0.9224490523338318
      ]
    },
    {
      "coordinates": [
        182,
        204
      ],
      "magnitude": 1.427994728088379,
      "direction": [
        0.5949511528015137,
        0.803761899471283
      ]
    },
    {
      "coordinates": [
        205,
        204
      ],
      "magnitude": 1.5208861827850342,
      "direction": [
        0.8238340616226196,
        0.5668310523033142
      ]
    },
    {
      "coordinates": [
        227,
        204
      ],
      "magnitude": 1.3453431129455566,
      "direction": [
        0.8792359232902527,
        0.47638675570487976
      ]
    },
    {
      "coordinates": [
        250,
        204
      ],
      "magnitude": 1.2961325645446777,
      "direction": [
        0.9391747117042542,
        0.34343987703323364
      ]
    },
    {
      "coordinates": [
        273,
        204
      ],
      "magnitude": 1.2704241275787354,
      "direction": [
        0.9660678505897522,
        0.2582881450653076
      ]
    },
    {
      "coordinates": [
        296,
        204
      ],
      "magnitude": 1.488977313041687,
      "direction": [
        0.9734211564064026,
        0.22902238368988037
      ]
    },
    {
      "coordinates": [
        319,
        204
      ],
      "magnitude": 1.4354077577590942,
      "direction": [
        0.998813807964325,
        0.048693377524614334
      ]
    },
    {
      "coordinates": [
        0,
        221
      ],
      "magnitude": 1.5709246397018433,
      "direction": [
        -0.9453912377357483,
        0.32593774795532227
      ]
    },
    {
      "coordinates": [
        22,
        221
      ],
      "magnitude": 1.6119685173034668,
      "direction": [
        -0.923862099647522,
        0.38272544741630554
      ]
    },
    {
      "coordinates": [
        45,
        221
      ],
      "magnitude": 1.4337990283966064,
      "direction": [
        -0.8343010544776917,
        0.5513091683387756
      ]
    },
    {
      "coordinates": [
        68,
        221
      ],
      "magnitude": 1.5329747200012207,
      "direction": [
        -0.763759970664978,
        0.6455003619194031
      ]
    },
    {
      "coordinates": [
        91,
        221
      ],
      "magnitude": 1.3901516199111938,
      "direction": [
        -0.6660707592964172,
        0.7458885312080383
      ]
    },
    {
      "coordinates": [
        113,
        221
      ],
      "magnitude": 1.003900170326233,
      "direction": [
        -0.47546419501304626,
        0.8797350525856018
      ]
    },
    {
      "coordinates": [
        136,
        221
      ],
      "magnitude": 1.213506817817688,
      "direction": [
        0.029835233464837074,
        0.9995548129081726
      ]
    },
    {
      "coordinates": [
        159,
        221
      ],
      "magnitude": 1.4532238245010376,
      "direction": [
        0.35261070728302,
        0.9357700943946838
      ]
    },
    {
      "coordinates": [
        182,
        221
      ],
      "magnitude": 1.3929075002670288,
      "direction": [
        0.3148301839828491,
        0.9491479992866516
      ]
    },
    {
      "coordinates": [
        205,
        221
      ],
      "magnitude": 1.240891456604004,
      "direction": [
        0.6362334489822388,
        0.7714966535568237
      ]
    },
    {
      "coordinates": [
        227,
        221
      ],
      "magnitude": 0.9897517561912537,
      "direction": [
        0.8972267508506775,
        0.44157010316848755
      ]
    },
    {
      "coordinates": [
        250,
        221
      ],
      "magnitude": 1.0628138780593872,
      "direction": [
        0.9376948475837708,
        0.34745970368385315
      ]
    },
    {
      "coordinates": [
        273,
        221
      ],
      "magnitude": 1.3315132856369019,
      "direction": [
        0.9844807386398315,
        0.17549267411231995
      ]
    },
    {
      "coordinates": [
        296,
        221
      ],
      "magnitude": 1.5737663507461548,
      "direction": [
        0.9780017733573914,
        0.20859640836715698
      ]
    },
    {
      "coordinates": [
        319,
        221
      ],
      "magnitude": 1.603991985321045,
      "direction": [
        0.9907732009887695,
        0.13553035259246826
      ]
    },
    {
      "coordinates": [
        0,
        239
      ],
      "magnitude": 1.2504559755325317,
      "direction": [
        -0.953860342502594,
        0.3002505302429199
      ]
    },
    {
      "coordinates": [
        22,
        239
      ],
      "magnitude": 1.4656530618667603,
      "direction": [
        -0.7880488038063049,
        0.615612804889679
      ]
    },
    {
      "coordinates": [
        45,
        239
      ],
      "magnitude": 1.391306757926941,
      "direction": [
        -0.7749843597412109,
        0.6319804191589355
      ]
    },
    {
      "coordinates": [
        68,
        239
      ],
      "magnitude": 1.4790058135986328,
      "direction": [
        -0.7404240965843201,
        0.6721399426460266
      ]
    },
    {
      "coordinates": [
        91,
        239
      ],
      "magnitude": 1.550506353378296,
      "direction": [
        -0.656200110912323,
        0.7545868754386902
      ]
    },
    {
      "coordinates": [
        113,
        239
      ],
      "magnitude": 1.323980689048767,
      "direction": [
        -0.6178539395332336,
        0.7862929105758667
      ]
    },
    {
      "coordinates": [
        136,
        239
      ],
      "magnitude": 1.3694292306900024,
      "direction": [
        -0.15620282292366028,
        0.987725019454956
      ]
    },
    {
      "coordinates": [
        159,
        239
      ],
      "magnitude": 1.419161319732666,
      "direction": [
        0.2174878567457199,
        0.976063072681427
      ]
    },
    {
      "coordinates": [
        182,
        239
      ],
      "magnitude": 1.502265453338623,
      "direction": [
        0.20314715802669525,
        0.979148268699646
      ]
    },
    {
      "coordinates": [
        205,
        239
      ],
      "magnitude": 1.2153507471084595,
      "direction": [
        0.523611307144165,
        0.8519573211669922
      ]
    },
    {
      "coordinates": [
        227,
        239
      ],
      "magnitude": 0.927489697933197,
      "direction": [
        0.8307206034660339,
        0.5566895604133606
      ]
    },
    {
      "coordinates": [
        250,
        239
      ],
      "magnitude": 1.1426416635513306,
      "direction": [
        0.923600971698761,
        0.38335514068603516
      ]
    },
    {
      "coordinates": [
        273,
        239
      ],
      "magnitude": 1.1831886768341064,
      "direction": [
        0.9726938605308533,
        0.23209185898303986
      ]
    },
    {
      "coordinates": [
        296,
        239
      ],
      "magnitude": 1.6450436115264893,
      "direction": [
        0.9999156594276428,
        -0.012989480048418045
      ]
    },
    {
      "coordinates": [
        319,
        239
      ],
      "magnitude": 1.953364610671997,
      "direction": [
        0.9857603311538696,
        0.16815613210201263
      ]
    }
  ],
  "shear_mesh": [
    {
      "coordinates": [
        0,
        0
      ],
      "magnitude": 0.4872397482395172,
      "direction": [
        -0.7204183340072632,
        -0.6935397386550903
      ]
    },
    {
      "coordinates": [
        22,
        0
      ],
      "magnitude": 0.6909100413322449,
      "direction": [
        -0.552685558795929,
        -0.8333898782730103
      ]
    },
    {
      "coordinates": [
        45,
        0
      ],
      "magnitude": 0.5822455883026123,
      "direction": [
        -0.5264745354652405,
        -0.8501909375190735
      ]
    },
    {
      "coordinates": [
        68,
        0
      ],
      "magnitude": 0.5339468121528625,
      "direction": [
        -0.8410235643386841,
        -0.5409984588623047
      ]
    },
    {
      "coordinates": [
        91,
        0
      ],
      "magnitude": 0.6057845950126648,
      "direction": [
        -0.3326025605201721,
        -0.9430670738220215
      ]
    },
    {
      "coordinates": [
        113,
        0
      ],
      "magnitude": 0.6333304047584534,
      "direction": [
        0.17467093467712402,
        -0.9846268892288208
      ]
    },
    {
      "coordinates": [
        136,
        0
      ],
      "magnitude": 0.8650188446044922,
      "direction": [
        0.3906722068786621,
        -0.9205299019813538
      ]
    },
    {
      "coordinates": [
        159,
        0
      ],
      "magnitude": 0.7464587688446045,
      "direction": [
        0.3606492280960083,
        -0.932701587677002
      ]
    },
    {
      "coordinates": [
        182,
        0
      ],
      "magnitude": 0.7546773552894592,
      "direction": [
        0.3268139362335205,
        -0.9450886845588684
      ]
    },
    {
      "coordinates": [
        205,
        0
      ],
      "magnitude": 0.39599400758743286,
      "direction": [
        0.7048989534378052,
        -0.7093077301979065
      ]
    },
    {
      "coordinates": [
        227,
        0
      ],
      "magnitude": 0.7239863276481628,
      "direction": [
        0.6069958209991455,
        -0.7947050333023071
      ]
    },
    {
      "coordinates": [
        250,
        0
      ],
      "magnitude": 0.7932795882225037,
      "direction": [
        0.45690321922302246,
        -0.8895164728164673
      ]
    },
    {
      "coordinates": [
        273,
        0
      ],
      "magnitude": 0.7876764535903931,
      "direction": [
        0.17951998114585876,
        -0.9837543964385986
      ]
    },
    {
      "coordinates": [
        296,
        0
      ],
      "magnitude": 0.6025629043579102,
      "direction": [
        0.6052570343017578,
        -0.7960301041603088
      ]
    },
    {
      "coordinates": [
        319,
        0
      ],
      "magnitude": 1.0190366506576538,
      "direction": [
        0.4688996970653534,
        -0.883251428604126
      ]
    },
    {
      "coordinates": [
        0,
        17
      ],
      "magnitude": 0.45815709233283997,
      "direction": [
        -0.4384031295776367,
        -0.8987784385681152
      ]
    },
    {
      "coordinates": [
        22,
        17
      ],
      "magnitude": 0.5718679428100586,
      "direction": [
        -0.2911182940006256,
        -0.9566870927810669
      ]
    },
    {
      "coordinates": [
        45,
        17
      ],
      "magnitude": 0.508111298084259,
      "direction": [
        -0.2669421434402466,
        -0.9637125730514526
      ]
    },
    {
      "coordinates": [
        68,
        17
      ],
      "magnitude": 0.4118163287639618,
      "direction": [
        -0.3296564817428589,
        -0.9441009163856506
      ]
    },
    {
      "coordinates": [
        91,
        17
      ],
      "magnitude": 0.6067187786102295,
      "direction": [
        -0.18890094757080078,
        -0.9819961786270142
      ]
    },
    {
      "coordinates": [
        113,
        17
      ],
      "magnitude": 0.7852777242660522,
      "direction": [
        -0.03709002956748009,
        -0.9993119239807129
      ]
    },
    {
      "coordinates": [
        136,
        17
      ],
      "magnitude": 0.9561593532562256,
      "direction": [
        0.021657530218362808,
        -0.9997653961181641
      ]
    },
    {
      "coordinates": [
        159,
        17
      ],
      "magnitude": 0.5694937705993652,
      "direction": [
        0.2792118787765503,
        -0.9602295160293579
      ]
    },
    {
      "coordinates": [
        182,
        17
      ],
      "magnitude": 0.7296163439750671,
      "direction": [
        0.19311006367206573,
        -0.9811770915985107
      ]
    },
    {
      "coordinates": [
        205,
        17
      ],
      "magnitude": 0.5437592267990112,
      "direction": [
        0.7871576547622681,
        -0.6167517900466919
      ]
    },
    {
      "coordinates": [
        227,
        17
      ],
      "magnitude": 0.7738166451454163,
      "direction": [
        0.6010268330574036,
        -0.7992287874221802
      ]
    },
    {
      "coordinates": [
        250,
        17
      ],
      "magnitude": 0.6984891891479492,
      "direction": [
        0.5521206855773926,
        -0.8337641954421997
      ]
    },
    {
      "coordinates": [
        273,
        17
      ],
      "magnitude": 0.7389728426933289,
      "direction": [
        0.31559956073760986,
        -0.9488924145698547
      ]
    },
    {
      "coordinates": [
        296,
        17
      ],
      "magnitude": 0.7359564900398254,
      "direction": [
        0.38060423731803894,
        -0.9247380495071411
      ]
    },
    {
      "coordinates": [
        319,
        17
      ],
      "magnitude": 0.8018702864646912,
      "direction": [
        0.37734103202819824,
        -0.9260743260383606
      ]
    },
    {
      "coordinates": [
        0,
        34
      ],
      "magnitude": 0.49347764253616333,
      "direction": [
        -0.49682143330574036,
        -0.8678527474403381
      ]
    },
    {
      "coordinates": [
        22,
        34
      ],
      "magnitude": 0.5885358452796936,
      "direction": [
        -0.19795380532741547,
        -0.9802113771438599
      ]
    },
    {
      "coordinates": [
        45,
        34
      ],
      "magnitude": 0.4997948408126831,
      "direction": [
        -0.30051663517951965,
        -0.9537765979766846
      ]
    },
    {
      "coordinates": [
        68,
        34
      ],
      "magnitude": 0.40039509534835815,
      "direction": [
        -0.2887592315673828,
        -0.9574017524719238
      ]
    },
    {
      "coordinates": [
        91,
        34
      ],
      "magnitude": 0.7644566893577576,
      "direction": [
        0.10734186321496964,
        -0.9942221641540527
      ]
    },
    {
      "coordinates": [
        113,
        34
      ],
      "magnitude": 0.8448942303657532,
      "direction": [
        0.12088921666145325,
        -0.9926660060882568
      ]
    },
    {
      "coordinates": [
        136,
        34
      ],
      "magnitude": 0.8407247066497803,
      "direction": [
        -0.03921741619706154,
        -0.999230682849884
      ]
    },
    {
      "coordinates": [
        159,
        34
      ],
      "magnitude": 0.7721328735351562,
      "direction": [
        0.1465616673231125,
        -0.989201545715332
      ]
    },
    {
      "coordinates": [
        182,
        34
      ],
      "magnitude": 0.8678074479103088,
      "direction": [
        0.3085571229457855,
        -0.9512057900428772
      ]
    },
    {
      "coordinates": [
        205,
        34
      ],
      "magnitude": 0.6615045070648193,
      "direction": [
        0.4281068444252014,
        -0.9037281274795532
      ]
    },
    {
      "coordinates": [
        227,
        34
      ],
      "magnitude": 0.6847946047782898,
      "direction": [
        0.5359083414077759,
        -0.8442761301994324
      ]
    },
    {
      "coordinates": [
        250,
        34
      ],
      "magnitude": 0.7216916084289551,
      "direction": [
        0.5670956969261169,
        -0.8236519694328308
      ]
    },
    {
      "coordinates": [
        273,
        34
      ],
      "magnitude": 0.67652428150177,
      "direction": [
        0.5086342096328735,
        -0.8609827160835266
      ]
    },
    {
      "coordinates": [
        296,
        34
      ],
      "magnitude": 0.691797137260437,
      "direction": [
        0.31554514169692993,
        -0.9489105343818665
      ]
    },
    {
      "coordinates": [
        319,
        34
      ],
      "magnitude": 0.6864643692970276,
      "direction": [
        0.3419681489467621,
        -0.9397115111351013
      ]
    },
    {
      "coordinates": [
        0,
        51
      ],
      "magnitude": 0.7063471078872681,
      "direction": [
        -0.5539656281471252,
        -0.8325395584106445
      ]
    },
    {
      "coordinates": [
        22,
        51
      ],
      "magnitude": 0.6560786366462708,
      "direction": [
        -0.3616575300693512,
        -0.9323110580444336
      ]
    },
    {
      "coordinates": [
        45,
        51
      ],
      "magnitude": 0.5093443393707275,
      "direction": [
        -0.286302387714386,
        -0.9581392407417297
      ]
    },
    {
      "coordinates": [
        68,
        51
      ],
      "magnitude": 0.5619338154792786,
      "direction": [
        -0.058466460555791855,
        -0.9982894062995911
      ]
    },
    {
      "coordinates": [
        91,
        51
      ],
      "magnitude": 0.737827718257904,
      "direction": [
        -0.07304124534130096,
        -0.9973289370536804
      ]
    },
    {
      "coordinates": [
        113,
        51
      ],
      "magnitude": 0.7523353099822998,
      "direction": [
        0.012375387363135815,
        -0.9999234676361084
      ]
    },
    {
      "coordinates": [
        136,
        51
      ],
      "magnitude": 0.725085437297821,
      "direction": [
        -0.16942818462848663,
        -0.9855425953865051
      ]
    },
    {
      "coordinates": [
        159,
        51
      ],
      "magnitude": 0.9299488663673401,
      "direction": [
        0.08482784032821655,
        -0.9963956475257874
      ]
    },
    {
      "coordinates": [
        182,
        51
      ],
      "magnitude": 0.7851362228393555,
      "direction": [
        0.0695943534374237,
        -0.9975754022598267
      ]
    },
    {
      "coordinates": [
        205,
        51
      ],
      "magnitude": 0.5541414618492126,
      "direction": [
        0.17591987550258636,
        -0.9844045639038086
      ]
    },
    {
      "coordinates": [
        227,
        51
      ],
      "magnitude": 0.6559832096099854,
      "direction": [
        0.2668488919734955,
        -0.9637383818626404
      ]
    },
    {
      "coordinates": [
        250,
        51
      ],
      "magnitude": 0.6732672452926636,
      "direction": [
        0.41787004470825195,
        -0.9085068106651306
      ]
    },
    {
      "coordinates": [
        273,
        51
      ],
      "magnitude": 0.5258864164352417,
      "direction": [
        0.5384202599525452,
        -0.8426764011383057
      ]
    },
    {
      "coordinates": [
        296,
        51
      ],
      "magnitude": 0.7203077077865601,
      "direction": [
        0.3288957178592682,
        -0.9443662762641907
      ]
    },
    {
      "coordinates": [
        319,
        51
      ],
      "magnitude": 0.6296564340591431,
      "direction": [
        0.2783324420452118,
        -0.9604848027229309
      ]
    },
    {
      "coordinates": [
        0,
        68
      ],
      "magnitude": 0.609870433807373,
      "direction": [
        -0.05939091369509697,
        -0.998234748840332
      ]
    },
    {
      "coordinates": [
        22,
        68
      ],
      "magnitude": 0.687108039855957,
      "direction": [
        -0.23737582564353943,
        -0.9714178442955017
      ]
    },
    {
      "coordinates": [
        45,
        68
      ],
      "magnitude": 0.6580898761749268,
      "direction": [
        -0.1809913069009781,
        -0.98348468542099
      ]
    },
    {
      "coordinates": [
        68,
        68
      ],
      "magnitude": 0.5211376547813416,
      "direction": [
        0.13035500049591064,
        -0.9914673566818237
      ]
    },
    {
      "coordinates": [
        91,
        68
      ],
      "magnitude": 0.832314133644104,
      "direction": [
        0.14805662631988525,
        -0.9889788627624512
      ]
    },
    {
      "coordinates": [
        113,
        68
      ],
      "magnitude": 0.5273751616477966,
      "direction": [
        0.024858469143509865,
        -0.9996910095214844
      ]
    },
    {
      "coordinates": [
        136,
        68
      ],
      "magnitude": 0.8388915657997131,
      "direction": [
        0.311442494392395,
        -0.9502649903297424
      ]
    },
    {
      "coordinates": [
        159,
        68
      ],
      "magnitude": 0.9897432923316956,
      "direction": [
        0.11959344148635864,
        -0.9928229451179504
      ]
    },
    {
      "coordinates": [
        182,
        68
      ],
      "magnitude": 0.7793912291526794,
      "direction": [
        0.41078194975852966,
        -0.9117335677146912
      ]
    },
    {
      "coordinates": [
        205,
        68
      ],
      "magnitude": 0.694215714931488,
      "direction": [
        0.2904669940471649,
        -0.9568849802017212
      ]
    },
    {
      "coordinates": [
        227,
        68
      ],
      "magnitude": 0.759747326374054,
      "direction": [
        0.3951917290687561,
        -0.9185987114906311
      ]
    },
    {
      "coordinates": [
        250,
        68
      ],
      "magnitude": 0.8510763049125671,
      "direction": [
        0.2924882769584656,
        -0.9562690854072571
      ]
    },
    {
      "coordinates": [
        273,
        68
      ],
      "magnitude": 0.44878089427948,
      "direction": [
        0.5485760569572449,
        -0.836100697517395
      ]
    },
    {
      "coordinates": [
        296,
        68
      ],
      "magnitude": 0.7338454127311707,
      "direction": [
        0.4103957414627075,
        -0.9119075536727905
      ]
    },
    {
      "coordinates": [
        319,
        68
      ],
      "magnitude": 0.6499448418617249,
      "direction": [
        0.26393648982048035,
        -0.9645400047302246
      ]
    },
    {
      "coordinates": [
        0,
        85
      ],
      "magnitude": 0.504347026348114,
      "direction": [
        0.016088394448161125,
        -0.9998705983161926
      ]
    },
    {
      "coordinates": [
        22,
        85
      ],
      "magnitude": 0.57779461145401,
      "direction": [
        -0.1628531813621521,
        -0.986650288105011
      ]
    },
    {
      "coordinates": [
        45,
        85
      ],
      "magnitude": 0.8261702060699463,
      "direction": [
        -0.005897433031350374,
        -0.9999825954437256
      ]
    },
    {
      "coordinates": [
        68,
        85
      ],
      "magnitude": 0.5956822633743286,
      "direction": [
        0.2877030372619629,
        -0.9577196836471558
      ]
    },
    {
      "coordinates": [
        91,
        85
      ],
      "magnitude": 0.6861018538475037,
      "direction": [
        0.15538287162780762,
        -0.9878543615341187
      ]
    },
    {
      "coordinates": [
        113,
        85
      ],
      "magnitude": 1.0050190687179565,
      "direction": [
        0.1958356350660324,
        -0.9806367754936218
      ]
    },
    {
      "coordinates": [
        136,
        85
      ],
      "magnitude": 0.7064791321754456,
      "direction": [
        0.27483445405960083,
        -0.961491584777832
      ]
    },
    {
      "coordinates": [
        159,
        85
      ],
      "magnitude": 1.1675227880477905,
      "direction": [
        0.40216222405433655,
        -0.915568470954895
      ]
    },
    {
      "coordinates": [
        182,
        85
      ],
      "magnitude": 0.9569651484489441,
      "direction": [
        0.5114670991897583,
        -0.8593028783798218
      ]
    },
    {
      "coordinates": [
        205,
        85
      ],
      "magnitude": 0.7991178035736084,
      "direction": [
        0.6262637972831726,
        -0.7796112298965454
      ]
    },
    {
      "coordinates": [
        227,
        85
      ],
      "magnitude": 0.7573392987251282,
      "direction": [
        0.4404603838920593,
        -0.8977720737457275
      ]
    },
    {
      "coordinates": [
        250,
        85
      ],
      "magnitude": 0.6605367660522461,
      "direction": [
        0.28494107723236084,
        -0.9585449695587158
      ]
    },
    {
      "coordinates": [
        273,
        85
      ],
      "magnitude": 0.5830703973770142,
      "direction": [
        0.44732338190078735,
        -0.894372284412384
      ]
    },
    {
      "coordinates": [
        296,
        85
      ],
      "magnitude": 0.6742272973060608,
      "direction": [
        0.5032800436019897,
        -0.8641234636306763
      ]
    },
    {
      "coordinates": [
        319,
        85
      ],
      "magnitude": 0.5983700156211853,
      "direction": [
        0.39981144666671753,
        -0.9165974259376526
      ]
    },
    {
      "coordinates": [
        0,
        102
      ],
      "magnitude": 0.5545594096183777,
      "direction": [
        -0.3834208846092224,
        -0.9235737323760986
      ]
    },
    {
      "coordinates": [
        22,
        102
      ],
      "magnitude": 0.6882401704788208,
      "direction": [
        -0.012025836855173111,
        -0.9999276995658875
      ]
    },
    {
      "coordinates": [
        45,
        102
      ],
      "magnitude": 0.7259310483932495,
      "direction": [
        0.19399847090244293,
        -0.9810017943382263
      ]
    },
    {
      "coordinates": [
        68,
        102
      ],
      "magnitude": 0.8420694470405579,
      "direction": [
        0.13118739426136017,
        -0.9913575649261475
      ]
    },
    {
      "coordinates": [
        91,
        102
      ],
      "magnitude": 0.8505772948265076,
      "direction": [
        0.489260196685791,
        -0.8721379041671753
      ]
    },
    {
      "coordinates": [
        113,
        102
      ],
      "magnitude": 1.0561503171920776,
      "direction": [
        0.30538928508758545,
        -0.9522275924682617
      ]
    },
    {
      "coordinates": [
        136,
        102
      ],
      "magnitude": 1.2574352025985718,
      "direction": [
        0.49562978744506836,
        -0.8685338497161865
      ]
    },
    {
      "coordinates": [
        159,
        102
      ],
      "magnitude": 1.6295993328094482,
      "direction": [
        0.6793414950370789,
        -0.7338222861289978
      ]
    },
    {
      "coordinates": [
        182,
        102
      ],
      "magnitude": 0.9977532029151917,
      "direction": [
        0.48655417561531067,
        -0.8736503720283508
      ]
    },
    {
      "coordinates": [
        205,
        102
      ],
      "magnitude": 0.6342988014221191,
      "direction": [
        0.654352068901062,
        -0.7561900615692139
      ]
    },
    {
      "coordinates": [
        227,
        102
      ],
      "magnitude": 0.6128547191619873,
      "direction": [
        0.5936415195465088,
        -0.8047296404838562
      ]
    },
    {
      "coordinates": [
        250,
        102
      ],
      "magnitude": 0.7285661101341248,
      "direction": [
        0.4350908696651459,
        -0.9003865718841553
      ]
    },
    {
      "coordinates": [
        273,
        102
      ],
      "magnitude": 0.6190764307975769,
      "direction": [
        0.42163148522377014,
        -0.9067673087120056
      ]
    },
    {
      "coordinates": [
        296,
        102
      ],
      "magnitude": 0.7281886339187622,
      "direction": [
        0.43815889954566956,
        -0.8988975286483765
      ]
    },
    {
      "coordinates": [
        319,
        102
      ],
      "magnitude": 0.6351699829101562,
      "direction": [
        0.5164012908935547,
        -0.8563467860221863
      ]
    },
    {
      "coordinates": [
        0,
        119
      ],
      "magnitude": 0.6786267161369324,
      "direction": [
        -0.2104119211435318,
        -0.9776127934455872
      ]
    },
    {
      "coordinates": [
        22,
        119
      ],
      "magnitude": 0.8808368444442749,
      "direction": [
        0.024969613179564476,
        -0.9996882081031799
      ]
    },
    {
      "coordinates": [
        45,
        119
      ],
      "magnitude": 0.7628639340400696,
      "direction": [
        0.1968996226787567,
        -0.9804236888885498
      ]
    },
    {
      "coordinates": [
        68,
        119
      ],
      "magnitude": 0.9338334798812866,
      "direction": [
        0.21442820131778717,
        -0.9767397046089172
      ]
    },
    {
      "coordinates": [
        91,
        119
      ],
      "magnitude": 0.8242878317832947,
      "direction": [
        0.4167401194572449,
        -0.9090256690979004
      ]
    },
    {
      "coordinates": [
        113,
        119
      ],
      "magnitude": 1.388177752494812,
      "direction": [
        0.3830738961696625,
        -0.923717737197876
      ]
    },
    {
      "coordinates": [
        136,
        119
      ],
      "magnitude": 1.4829981327056885,
      "direction": [
        0.45520639419555664,
        -0.8903859853744507
      ]
    },
    {
      "coordinates": [
        159,
        119
      ],
      "magnitude": 1.0859484672546387,
      "direction": [
        0.566535234451294,
        -0.8240375518798828
      ]
    },
    {
      "coordinates": [
        182,
        119
      ],
      "magnitude": 0.8223556280136108,
      "direction": [
        0.5565778017044067,
        -0.8307955265045166
      ]
    },
    {
      "coordinates": [
        205,
        119
      ],
      "magnitude": 0.6785685420036316,
      "direction": [
        0.6136721968650818,
        -0.7895609140396118
      ]
    },
    {
      "coordinates": [
        227,
        119
      ],
      "magnitude": 0.7182564735412598,
      "direction": [
        0.6280536651611328,
        -0.7781699895858765
      ]
    },
    {
      "coordinates": [
        250,
        119
      ],
      "magnitude": 0.6525293588638306,
      "direction": [
        0.530137836933136,
        -0.8479114770889282
      ]
    },
    {
      "coordinates": [
        273,
        119
      ],
      "magnitude": 0.6932791471481323,
      "direction": [
        0.4945685863494873,
        -0.8691386580467224
      ]
    },
    {
      "coordinates": [
        296,
        119
      ],
      "magnitude": 0.5946022868156433,
      "direction": [
        0.5708240270614624,
        -0.8210723996162415
      ]
    },
    {
      "coordinates": [
        319,
        119
      ],
      "magnitude": 0.6678709387779236,
      "direction": [
        0.4787256121635437,
        -0.8779645562171936
      ]
    },
    {
      "coordinates": [
        0,
        136
      ],
      "magnitude": 0.7123032212257385,
      "direction": [
        -0.03690332919359207,
        -0.9993188381195068
      ]
    },
    {
      "coordinates": [
        22,
        136
      ],
      "magnitude": 0.8972119092941284,
      "direction": [
        0.059887126088142395,
        -0.9982051253318787
      ]
    },
    {
      "coordinates": [
        45,
        136
      ],
      "magnitude": 0.8430156707763672,
      "direction": [
        0.14588072896003723,
        -0.9893022179603577
      ]
    },
    {
      "coordinates": [
        68,
        136
      ],
      "magnitude": 1.0109869241714478,
      "direction": [
        0.1654486209154129,
        -0.9862183928489685
      ]
    },
    {
      "coordinates": [
        91,
        136
      ],
      "magnitude": 0.9708008766174316,
      "direction": [
        0.1807750165462494,
        -0.9835245013237
      ]
    },
    {
      "coordinates": [
        113,
        136
      ],
      "magnitude": 0.9844033122062683,
      "direction": [
        0.2381780594587326,
        -0.9712215662002563
      ]
    },
    {
      "coordinates": [
        136,
        136
      ],
      "magnitude": 1.2368073463439941,
      "direction": [
        -0.10299980640411377,
        -0.9946814179420471
      ]
    },
    {
      "coordinates": [
        159,
        136
      ],
      "magnitude": 0.8161232471466064,
      "direction": [
        -0.16214673221111298,
        -0.9867666959762573
      ]
    },
    {
      "coordinates": [
        182,
        136
      ],
      "magnitude": 0.7716383934020996,
      "direction": [
        0.5559532046318054,
        -0.8312135338783264
      ]
    },
    {
      "coordinates": [
        205,
        136
      ],
      "magnitude": 0.6286039352416992,
      "direction": [
        0.3553326725959778,
        -0.9347399473190308
      ]
    },
    {
      "coordinates": [
        227,
        136
      ],
      "magnitude": 0.5201569199562073,
      "direction": [
        0.5052036046981812,
        -0.863000214099884
      ]
    },
    {
      "coordinates": [
        250,
        136
      ],
      "magnitude": 0.5489371418952942,
      "direction": [
        0.4455569088459015,
        -0.8952536582946777
      ]
    },
    {
      "coordinates": [
        273,
        136
      ],
      "magnitude": 0.8365050554275513,
      "direction": [
        0.48443907499313354,
        -0.8748250007629395
      ]
    },
    {
      "coordinates": [
        296,
        136
      ],
      "magnitude": 0.6286908984184265,
      "direction": [
        0.6334076523780823,
        -0.7738182544708252
      ]
    },
    {
      "coordinates": [
        319,
        136
      ],
      "magnitude": 0.7096136808395386,
      "direction": [
        0.6801265478134155,
        -0.7330947518348694
      ]
    },
    {
      "coordinates": [
        0,
        153
      ],
      "magnitude": 0.9007299542427063,
      "direction": [
        0.16885478794574738,
        -0.9856409430503845
      ]
    },
    {
      "coordinates": [
        22,
        153
      ],
      "magnitude": 0.9352425336837769,
      "direction": [
        0.1941743791103363,
        -0.9809670448303223
      ]
    },
    {
      "coordinates": [
        45,
        153
      ],
      "magnitude": 0.937695324420929,
      "direction": [
        0.21269293129444122,
        -0.9771190881729126
      ]
    },
    {
      "coordinates": [
        68,
        153
      ],
      "magnitude": 1.0282695293426514,
      "direction": [
        0.3783565163612366,
        -0.9256598353385925
      ]
    },
    {
      "coordinates": [
        91,
        153
      ],
      "magnitude": 1.0456597805023193,
      "direction": [
        0.2920185923576355,
        -0.956412672996521
      ]
    },
    {
      "coordinates": [
        113,
        153
      ],
      "magnitude": 1.02823805809021,
      "direction": [
        0.3186606168746948,
        -0.9478688836097717
      ]
    },
    {
      "coordinates": [
        136,
        153
      ],
      "magnitude": 1.301693320274353,
      "direction": [
        0.2293020337820053,
        -0.9733552932739258
      ]
    },
    {
      "coordinates": [
        159,
        153
      ],
      "magnitude": 0.6321440935134888,
      "direction": [
        -0.10176458209753036,
        -0.9948084950447083
      ]
    },
    {
      "coordinates": [
        182,
        153
      ],
      "magnitude": 0.8013303875923157,
      "direction": [
        0.13744014501571655,
        -0.9905100464820862
      ]
    },
    {
      "coordinates": [
        205,
        153
      ],
      "magnitude": 0.33108729124069214,
      "direction": [
        0.2717842757701874,
        -0.9623581767082214
      ]
    },
    {
      "coordinates": [
        227,
        153
      ],
      "magnitude": 0.6334131956100464,
      "direction": [
        0.0020146258175373077,
        -0.9999979138374329
      ]
    },
    {
      "coordinates": [
        250,
        153
      ],
      "magnitude": 0.5952050089836121,
      "direction": [
        0.35131680965423584,
        -0.9362567067146301
      ]
    },
    {
      "coordinates": [
        273,
        153
      ],
      "magnitude": 0.8685638308525085,
      "direction": [
        0.35909339785575867,
        -0.9333016276359558
      ]
    },
    {
      "coordinates": [
        296,
        153
      ],
      "magnitude": 0.5787027478218079,
      "direction": [
        0.6962208151817322,
        -0.7178277373313904
      ]
    },
    {
      "coordinates": [
        319,
        153
      ],
      "magnitude": 0.8802063465118408,
      "direction": [
        0.5749920010566711,
        -0.8181589841842651
      ]
    },
    {
      "coordinates": [
        0,
        170
      ],
      "magnitude": 0.9212034940719604,
      "direction": [
        0.09836467355489731,
        -0.9951504468917847
      ]
    },
    {
      "coordinates": [
        22,
        170
      ],
      "magnitude": 0.8924568891525269,
      "direction": [
        0.08268925547599792,
        -0.9965753555297852
      ]
    },
    {
      "coordinates": [
        45,
        170
      ],
      "magnitude": 0.9777652025222778,
      "direction": [
        0.14363443851470947,
        -0.9896308183670044
      ]
    },
    {
      "coordinates": [
        68,
        170
      ],
      "magnitude": 1.065760850906372,
      "direction": [
        0.022392839193344116,
        -0.9997492432594299
      ]
    },
    {
      "coordinates": [
        91,
        170
      ],
      "magnitude": 0.9349606037139893,
      "direction": [
        0.23620346188545227,
        -0.9717036485671997
      ]
    },
    {
      "coordinates": [
        113,
        170
      ],
      "magnitude": 1.0168691873550415,
      "direction": [
        0.36812299489974976,
        -0.9297771453857422
      ]
    },
    {
      "coordinates": [
        136,
        170
      ],
      "magnitude": 1.096807837486267,
      "direction": [
        0.14239069819450378,
        -0.9898105263710022
      ]
    },
    {
      "coordinates": [
        159,
        170
      ],
      "magnitude": 0.8197351098060608,
      "direction": [
        0.23520685732364655,
        -0.9719453454017639
      ]
    },
    {
      "coordinates": [
        182,
        170
      ],
      "magnitude": 0.6087836623191833,
      "direction": [
        -0.028246723115444183,
        -0.9996010065078735
      ]
    },
    {
      "coordinates": [
        205,
        170
      ],
      "magnitude": 0.4496893882751465,
      "direction": [
        0.047260832041502,
        -0.9988825917243958
      ]
    },
    {
      "coordinates": [
        227,
        170
      ],
      "magnitude": 0.7619132995605469,
      "direction": [
        0.20643459260463715,
        -0.978460431098938
      ]
    },
    {
      "coordinates": [
        250,
        170
      ],
      "magnitude": 0.8429889678955078,
      "direction": [
        0.46758756041526794,
        -0.8839467763900757
      ]
    },
    {
      "coordinates": [
        273,
        170
      ],
      "magnitude": 0.8139326572418213,
      "direction": [
        0.42683517932891846,
        -0.9043294191360474
      ]
    },
    {
      "coordinates": [
        296,
        170
      ],
      "magnitude": 0.6247829794883728,
      "direction": [
        0.5072920918464661,
        -0.8617741465568542
      ]
    },
    {
      "coordinates": [
        319,
        170
      ],
      "magnitude": 0.9293478727340698,
      "direction": [
        0.5389740467071533,
        -0.8423223495483398
      ]
    },
    {
      "coordinates": [
        0,
        187
      ],
      "magnitude": 0.8647722601890564,
      "direction": [
        0.1577337086200714,
        -0.9874816536903381
      ]
    },
    {
      "coordinates": [
        22,
        187
      ],
      "magnitude": 0.8655722737312317,
      "direction": [
        0.08815502375364304,
        -0.9961068034172058
      ]
    },
    {
      "coordinates": [
        45,
        187
      ],
      "magnitude": 0.9259458184242249,
      "direction": [
        -0.0340883769094944,
        -0.9994187951087952
      ]
    },
    {
      "coordinates": [
        68,
        187
      ],
      "magnitude": 1.011849284172058,
      "direction": [
        0.018265174701809883,
        -0.9998331665992737
      ]
    },
    {
      "coordinates": [
        91,
        187
      ],
      "magnitude": 0.9246500730514526,
      "direction": [
        -0.10031265765428543,
        -0.9949560165405273
      ]
    },
    {
      "coordinates": [
        113,
        187
      ],
      "magnitude": 1.0810041427612305,
      "direction": [
        -0.03246200457215309,
        -0.999472975730896
      ]
    },
    {
      "coordinates": [
        136,
        187
      ],
      "magnitude": 0.9791390299797058,
      "direction": [
        0.10747264325618744,
        -0.9942080974578857
      ]
    },
    {
      "coordinates": [
        159,
        187
      ],
      "magnitude": 0.7331439852714539,
      "direction": [
        -0.1751706451177597,
        -0.9845380187034607
      ]
    },
    {
      "coordinates": [
        182,
        187
      ],
      "magnitude": 0.6631543040275574,
      "direction": [
        -0.06179650500416756,
        -0.9980887770652771
      ]
    },
    {
      "coordinates": [
        205,
        187
      ],
      "magnitude": 0.5674763321876526,
      "direction": [
        -0.016580892726778984,
        -0.9998624920845032
      ]
    },
    {
      "coordinates": [
        227,
        187
      ],
      "magnitude": 0.6693106889724731,
      "direction": [
        0.18547628819942474,
        -0.9826487898826599
      ]
    },
    {
      "coordinates": [
        250,
        187
      ],
      "magnitude": 0.8627747893333435,
      "direction": [
        -0.021431757137179375,
        -0.9997702836990356
      ]
    },
    {
      "coordinates": [
        273,
        187
      ],
      "magnitude": 0.8056917786598206,
      "direction": [
        0.19526667892932892,
        -0.9807502031326294
      ]
    },
    {
      "coordinates": [
        296,
        187
      ],
      "magnitude": 0.7096129655838013,
      "direction": [
        0.28028759360313416,
        -0.9599161148071289
      ]
    },
    {
      "coordinates": [
        319,
        187
      ],
      "magnitude": 0.9196812510490417,
      "direction": [
        0.267153263092041,
        -0.9636540412902832
      ]
    },
    {
      "coordinates": [
        0,
        204
      ],
      "magnitude": 0.9115120768547058,
      "direction": [
        -0.028966953977942467,
        -0.9995803833007812
      ]
    },
    {
      "coordinates": [
        22,
        204
      ],
      "magnitude": 0.8469762802124023,
      "direction": [
        0.06265154480934143,
        -0.9980354309082031
      ]
    },
    {
      "coordinates": [
        45,
        204
      ],
      "magnitude": 0.918393611907959,
      "direction": [
        0.09559006243944168,
        -0.9954207539558411
      ]
    },
    {
      "coordinates": [
        68,
        204
      ],
      "magnitude": 1.0300846099853516,
      "direction": [
        0.02103402093052864,
        -0.9997787475585938
      ]
    },
    {
      "coordinates": [
        91,
        204
      ],
      "magnitude": 0.8962260484695435,
      "direction": [
        -0.026185009628534317,
        -0.9996570944786072
      ]
    },
    {
      "coordinates": [
        113,
        204
      ],
      "magnitude": 1.1752880811691284,
      "direction": [
        0.013109726831316948,
        -0.9999141097068787
      ]
    },
    {
      "coordinates": [
        136,
        204
      ],
      "magnitude": 0.9165778756141663,
      "direction": [
        -0.08397893607616425,
        -0.9964675307273865
      ]
    },
    {
      "coordinates": [
        159,
        204
      ],
      "magnitude": 0.6415329575538635,
      "direction": [
        -0.17385588586330414,
        -0.9847710728645325
      ]
    },
    {
      "coordinates": [
        182,
        204
      ],
      "magnitude": 0.7215814590454102,
      "direction": [
        -0.06131497025489807,
        -0.9981184601783752
      ]
    },
    {
      "coordinates": [
        205,
        204
      ],
      "magnitude": 0.6478976011276245,
      "direction": [
        -0.030022460967302322,
        -0.9995492100715637
      ]
    },
    {
      "coordinates": [
        227,
        204
      ],
      "magnitude": 0.7195996642112732,
      "direction": [
        0.0331641361117363,
        -0.9994499087333679
      ]
    },
    {
      "coordinates": [
        250,
        204
      ],
      "magnitude": 0.8129671812057495,
      "direction": [
        0.09104413539171219,
        -0.9958468675613403
      ]
    },
    {
      "coordinates": [
        273,
        204
      ],
      "magnitude": 0.8021528720855713,
      "direction": [
        -0.02054227702319622,
        -0.9997889995574951
      ]
    },
    {
      "coordinates": [
        296,
        204
      ],
      "magnitude": 0.6634926795959473,
      "direction": [
        0.19767172634601593,
        -0.9802682399749756
      ]
    },
    {
      "coordinates": [
        319,
        204
      ],
      "magnitude": 0.7421185374259949,
      "direction": [
        -0.057987384498119354,
        -0.998317301273346
      ]
    },
    {
      "coordinates": [
        0,
        221
      ],
      "magnitude": 0.8593473434448242,
      "direction": [
        0.11536014825105667,
        -0.9933237433433533
      ]
    },
    {
      "coordinates": [
        22,
        221
      ],
      "magnitude": 0.8580836057662964,
      "direction": [
        -0.051341377198696136,
        -0.9986811876296997
      ]
    },
    {
      "coordinates": [
        45,
        221
      ],
      "magnitude": 0.9386619329452515,
      "direction": [
        -0.1170429140329361,
        -0.9931268095970154
      ]
    },
    {
      "coordinates": [
        68,
        221
      ],
      "magnitude": 0.9833216667175293,
      "direction": [
        -0.12552064657211304,
        -0.9920910000801086
      ]
    },
    {
      "coordinates": [
        91,
        221
      ],
      "magnitude": 0.9736723899841309,
      "direction": [
        -0.18419383466243744,
        -0.9828898906707764
      ]
    },
    {
      "coordinates": [
        113,
        221
      ],
      "magnitude": 1.2376823425292969,
      "direction": [
        -0.07762324810028076,
        -0.9969828128814697
      ]
    },
    {
      "coordinates": [
        136,
        221
      ],
      "magnitude": 0.9340348243713379,
      "direction": [
        -0.18412618339061737,
        -0.9829026460647583
      ]
    },
    {
      "coordinates": [
        159,
        221
      ],
      "magnitude": 0.6409935355186462,
      "direction": [
        -0.16970622539520264,
        -0.9854947328567505
      ]
    },
    {
      "coordinates": [
        182,
        221
      ],
      "magnitude": 0.6226306557655334,
      "direction": [
        -0.3603200912475586,
        -0.9328287839889526
      ]
    },
    {
      "coordinates": [
        205,
        221
      ],
      "magnitude": 0.7104476690292358,
      "direction": [
        -0.3671109974384308,
        -0.9301771521568298
      ]
    },
    {
      "coordinates": [
        227,
        221
      ],
      "magnitude": 0.8525853157043457,
      "direction": [
        -0.25307294726371765,
        -0.9674471616744995
      ]
    },
    {
      "coordinates": [
        250,
        221
      ],
      "magnitude": 0.8505433201789856,
      "direction": [
        -0.20301176607608795,
        -0.9791762828826904
      ]
    },
    {
      "coordinates": [
        273,
        221
      ],
      "magnitude": 0.8495373129844666,
      "direction": [
        0.12697115540504456,
        -0.9919064044952393
      ]
    },
    {
      "coordinates": [
        296,
        221
      ],
      "magnitude": 0.833513081073761,
      "direction": [
        0.29142796993255615,
        -0.9565927386283875
      ]
    },
    {
      "coordinates": [
        319,
        221
      ],
      "magnitude": 0.8432788252830505,
      "direction": [
        0.45583635568618774,
        -0.8900635838508606
      ]
    },
    {
      "coordinates": [
        0,
        239
      ],
      "magnitude": 0.9017422199249268,
      "direction": [
        0.2690766155719757,
        -0.963118851184845
      ]
    },
    {
      "coordinates": [
        22,
        239
      ],
      "magnitude": 0.7821836471557617,
      "direction": [
        0.28410604596138,
        -0.9587928652763367
      ]
    },
    {
      "coordinates": [
        45,
        239
      ],
      "magnitude": 0.8575305938720703,
      "direction": [
        -0.0814553052186966,
        -0.9966769814491272
      ]
    },
    {
      "coordinates": [
        68,
        239
      ],
      "magnitude": 0.9498866200447083,
      "direction": [
        -0.17855747044086456,
        -0.9839295148849487
      ]
    },
    {
      "coordinates": [
        91,
        239
      ],
      "magnitude": 1.0227748155593872,
      "direction": [
        -0.3101600706577301,
        -0.9506843090057373
      ]
    },
    {
      "coordinates": [
        113,
        239
      ],
      "magnitude": 1.3247642517089844,
      "direction": [
        -0.34152165055274963,
        -0.9398738741874695
      ]
    },
    {
      "coordinates": [
        136,
        239
      ],
      "magnitude": 0.9013308882713318,
      "direction": [
        -0.3412622809410095,
        -0.9399681091308594
      ]
    },
    {
      "coordinates": [
        159,
        239
      ],
      "magnitude": 0.6880186796188354,
      "direction": [
        -0.12752388417720795,
        -0.9918355345726013
      ]
    },
    {
      "coordinates": [
        182,
        239
      ],
      "magnitude": 0.5231761932373047,
      "direction": [
        -0.5410017371177673,
        -0.8410215377807617
      ]
    },
    {
      "coordinates": [
        205,
        239
      ],
      "magnitude": 0.7308443188667297,
      "direction": [
        -0.2419225573539734,
        -0.9702955484390259
      ]
    },
    {
      "coordinates": [
        227,
        239
      ],
      "magnitude": 1.015516996383667,
      "direction": [
        -0.15418186783790588,
        -0.9880425333976746
      ]
    },
    {
      "coordinates": [
        250,
        239
      ],
      "magnitude": 0.8817795515060425,
      "direction": [
        -0.10909388959407806,
        -0.9940314888954163
      ]
    },
    {
      "coordinates": [
        273,
        239
      ],
      "magnitude": 0.9924901127815247,
      "direction": [
        0.0984422117471695,
        -0.9951427578926086
      ]
    },
    {
      "coordinates": [
        296,
        239
      ],
      "magnitude": 1.1642863750457764,
      "direction": [
        0.34938400983810425,
        -0.9369795918464661
      ]
    },
    {
      "coordinates": [
        319,
        239
      ],
      "magnitude": 1.0025341510772705,
      "direction": [
        0.7395756244659424,
        -0.673073410987854
      ]
    }
  ]
}