{
  "recording_timestamp": 1756815772.1184247,
  "mean_fz": -2.2004,
  "peak_intensity": 0.803,
  "deformation_mesh": [
    {
      "coordinates": [
        0,
        0
      ],
      "magnitude": 2.692162036895752,
      "direction": [
        -0.7034878134727478,
        -0.7107072472572327
      ]
    },
    {
      "coordinates": [
        22,
        0
      ],
      "magnitude": 2.4866952896118164,
      "direction": [
        -0.5954351425170898,
        -0.8034034371376038
      ]
    },
    {
      "coordinates": [
        45,
        0
      ],
      "magnitude": 2.896507501602173,
      "direction": [
        -0.5005289316177368,
        -0.8657198548316956
      ]
    },
    {
      "coordinates": [
        68,
        0
      ],
      "magnitude": 2.9689438343048096,
      "direction": [
        -0.5462807416915894,
        -0.8376021385192871
      ]
    },
    {
      "coordinates": [
        91,
        0
      ],
      "magnitude": 3.029470920562744,
      "direction": [
        -0.3573930263519287,
        -0.9339540600776672
      ]
    },
    {
      "coordinates": [
        113,
        0
      ],
      "magnitude": 3.153677463531494,
      "direction": [
        -0.20823709666728973,
        -0.9780783653259277
      ]
    },
    {
      "coordinates": [
        136,
        0
      ],
      "magnitude": 3.414893627166748,
      "direction": [
        0.10402072221040726,
        -0.9945751428604126
      ]
    },
    {
      "coordinates": [
        159,
        0
      ],
      "magnitude": 3.427020788192749,
      "direction": [
        0.2659892737865448,
        -0.9639759659767151
      ]
    },
    {
      "coordinates": [
        182,
        0
      ],
      "magnitude": 3.2168848514556885,
      "direction": [
        0.3778797686100006,
        -0.9258547425270081
      ]
    },
    {
      "coordinates": [
        205,
        0
      ],
      "magnitude": 2.9500551223754883,
      "direction": [
        0.4359021484851837,
        -0.8999940156936646
      ]
    },
    {
      "coordinates": [
        227,
        0
      ],
      "magnitude": 3.03688383102417,
      "direction": [
        0.578930675983429,
        -0.8153766989707947
      ]
    },
    {
      "coordinates": [
        250,
        0
      ],
      "magnitude": 2.6456289291381836,
      "direction": [
        0.507889986038208,
        -0.8614220023155212
      ]
    },
    {
      "coordinates": [
        273,
        0
      ],
      "magnitude": 2.717677116394043,
      "direction": [
        0.5430892109870911,
        -0.8396750092506409
      ]
    },
    {
      "coordinates": [
        296,
        0
      ],
      "magnitude": 2.6868736743927,
      "direction": [
        0.6380020976066589,
        -0.770034670829773
      ]
    },
    {
      "coordinates": [
        319,
        0
      ],
      "magnitude": 2.4866538047790527,
      "direction": [
        0.7147014737129211,
        -0.6994295716285706
      ]
    },
    {
      "coordinates": [
        0,
        17
      ],
      "magnitude": 2.689525842666626,
      "direction": [
        -0.660341203212738,
        -0.7509656548500061
      ]
    },
    {
      "coordinates": [
        22,
        17
      ],
      "magnitude": 2.6656219959259033,
      "direction": [
        -0.5779257416725159,
        -0.8160893321037292
      ]
    },
    {
      "coordinates": [
        45,
        17
      ],
      "magnitude": 2.7507712841033936,
      "direction": [
        -0.47298845648765564,
        -0.8810686469078064
      ]
    },
    {
      "coordinates": [
        68,
        17
      ],
      "magnitude": 2.923287868499756,
      "direction": [
        -0.45553234219551086,
        -0.8902192711830139
      ]
    },
    {
      "coordinates": [
        91,
        17
      ],
      "magnitude": 3.0602211952209473,
      "direction": [
        -0.3333720266819,
        -0.9427953362464905
      ]
    },
    {
      "coordinates": [
        113,
        17
      ],
      "magnitude": 3.181980609893799,
      "direction": [
        -0.21097365021705627,
        -0.9774917364120483
      ]
    },
    {
      "coordinates": [
        136,
        17
      ],
      "magnitude": 3.3989455699920654,
      "direction": [
        0.08874762803316116,
        -0.9960541129112244
      ]
    },
    {
      "coordinates": [
        159,
        17
      ],
      "magnitude": 3.372288465499878,
      "direction": [
        0.2225099354982376,
        -0.974930465221405
      ]
    },
    {
      "coordinates": [
        182,
        17
      ],
      "magnitude": 3.3732547760009766,
      "direction": [
        0.40720489621162415,
        -0.9133368134498596
      ]
    },
    {
      "coordinates": [
        205,
        17
      ],
      "magnitude": 3.0690386295318604,
      "direction": [
        0.591621458530426,
        -0.8062158823013306
      ]
    },
    {
      "coordinates": [
        227,
        17
      ],
      "magnitude": 2.788794755935669,
      "direction": [
        0.6163524985313416,
        -0.7874704003334045
      ]
    },
    {
      "coordinates": [
        250,
        17
      ],
      "magnitude": 2.554511785507202,
      "direction": [
        0.6553565859794617,
        -0.7553196549415588
      ]
    },
    {
      "coordinates": [
        273,
        17
      ],
      "magnitude": 2.665639877319336,
      "direction": [
        0.665431559085846,
        -0.7464588284492493
      ]
    },
    {
      "coordinates": [
        296,
        17
      ],
      "magnitude": 2.8379809856414795,
      "direction": [
        0.7296105027198792,
        -0.6838629841804504
      ]
    },
    {
      "coordinates": [
        319,
        17
      ],
      "magnitude": 2.7475006580352783,
      "direction": [
        0.7537564635276794,
        -0.657153844833374
      ]
    },
    {
      "coordinates": [
        0,
        34
      ],
      "magnitude": 2.801630735397339,
      "direction": [
        -0.6422252655029297,
        -0.7665160298347473
      ]
    },
    {
      "coordinates": [
        22,
        34
      ],
      "magnitude": 2.924440383911133,
      "direction": [
        -0.6289287805557251,
        -0.777462899684906
      ]
    },
    {
      "coordinates": [
        45,
        34
      ],
      "magnitude": 2.831167697906494,
      "direction": [
        -0.5563977956771851,
        -0.8309161067008972
      ]
    },
    {
      "coordinates": [
        68,
        34
      ],
      "magnitude": 2.905531167984009,
      "direction": [
        -0.4803467392921448,
        -0.877078652381897
      ]
    },
    {
      "coordinates": [
        91,
        34
      ],
      "magnitude": 3.3563060760498047,
      "direction": [
        -0.2923145592212677,
        -0.9563222527503967
      ]
    },
    {
      "coordinates": [
        113,
        34
      ],
      "magnitude": 3.8038902282714844,
      "direction": [
        -0.11536779254674911,
        -0.9933228492736816
      ]
    },
    {
      "coordinates": [
        136,
        34
      ],
      "magnitude": 3.818962335586548,
      "direction": [
        0.06239788606762886,
        -0.9980513453483582
      ]
    },
    {
      "coordinates": [
        159,
        34
      ],
      "magnitude": 3.697080373764038,
      "direction": [
        0.1988474726676941,
        -0.9800304770469666
      ]
    },
    {
      "coordinates": [
        182,
        34
      ],
      "magnitude": 3.654625654220581,
      "direction": [
        0.4840456545352936,
        -0.8750426769256592
      ]
    },
    {
      "coordinates": [
        205,
        34
      ],
      "magnitude": 3.3697257041931152,
      "direction": [
        0.5423932671546936,
        -0.8401246666908264
      ]
    },
    {
      "coordinates": [
        227,
        34
      ],
      "magnitude": 2.9611098766326904,
      "direction": [
        0.646788477897644,
        -0.7626694440841675
      ]
    },
    {
      "coordinates": [
        250,
        34
      ],
      "magnitude": 2.756687879562378,
      "direction": [
        0.723324716091156,
        -0.6905081272125244
      ]
    },
    {
      "coordinates": [
        273,
        34
      ],
      "magnitude": 2.6869969367980957,
      "direction": [
        0.7802144885063171,
        -0.6255121231079102
      ]
    },
    {
      "coordinates": [
        296,
        34
      ],
      "magnitude": 2.7401440143585205,
      "direction": [
        0.7150004506111145,
        -0.6991239786148071
      ]
    },
    {
      "coordinates": [
        319,
        34
      ],
      "magnitude": 2.7276294231414795,
      "direction": [
        0.7599747776985168,
        -0.6499525904655457
      ]
    },
    {
      "coordinates": [
        0,
        51
      ],
      "magnitude": 2.971742630004883,
      "direction": [
        -0.7814687490463257,
        -0.6239444017410278
      ]
    },
    {
      "coordinates": [
        22,
        51
      ],
      "magnitude": 2.790224313735962,
      "direction": [
        -0.7334662675857544,
        -0.6797258853912354
      ]
    },
    {
      "coordinates": [
        45,
        51
      ],
      "magnitude": 2.9700231552124023,
      "direction": [
        -0.7266061902046204,
        -0.6870542168617249
      ]
    },
    {
      "coordinates": [
        68,
        51
      ],
      "magnitude": 3.164308786392212,
      "direction": [
        -0.5240910053253174,
        -0.851662278175354
      ]
    },
    {
      "coordinates": [
        91,
        51
      ],
      "magnitude": 3.8097214698791504,
      "direction": [
        -0.43207332491874695,
        -0.901838481426239
      ]
    },
    {
      "coordinates": [
        113,
        51
      ],
      "magnitude": 4.1016974449157715,
      "direction": [
        -0.1325511485338211,
        -0.9911761283874512
      ]
    },
    {
      "coordinates": [
        136,
        51
      ],
      "magnitude": 4.284575462341309,
      "direction": [
        0.030962826684117317,
        -0.9995205402374268
      ]
    },
    {
      "coordinates": [
        159,
        51
      ],
      "magnitude": 4.27858829498291,
      "direction": [
        0.2803041636943817,
        -0.9599111676216125
      ]
    },
    {
      "coordinates": [
        182,
        51
      ],
      "magnitude": 3.8132638931274414,
      "direction": [
        0.4837948679924011,
        -0.8751814365386963
      ]
    },
    {
      "coordinates": [
        205,
        51
      ],
      "magnitude": 3.207334280014038,
      "direction": [
        0.6092603206634521,
        -0.7929702401161194
      ]
    },
    {
      "coordinates": [
        227,
        51
      ],
      "magnitude": 3.0166237354278564,
      "direction": [
        0.6919842958450317,
        -0.7219126224517822
      ]
    },
    {
      "coordinates": [
        250,
        51
      ],
      "magnitude": 2.7642834186553955,
      "direction": [
        0.7835337519645691,
        -0.6213492155075073
      ]
    },
    {
      "coordinates": [
        273,
        51
      ],
      "magnitude": 2.3605215549468994,
      "direction": [
        0.8508971929550171,
        -0.5253322720527649
      ]
    },
    {
      "coordinates": [
        296,
        51
      ],
      "magnitude": 2.68404221534729,
      "direction": [
        0.757777750492096,
        -0.652512788772583
      ]
    },
    {
      "coordinates": [
        319,
        51
      ],
      "magnitude": 2.6827495098114014,
      "direction": [
        0.7464501857757568,
        -0.6654412150382996
      ]
    },
    {
      "coordinates": [
        0,
        68
      ],
      "magnitude": 2.497084140777588,
      "direction": [
        -0.8176906108856201,
        -0.575657844543457
      ]
    },
    {
      "coordinates": [
        22,
        68
      ],
      "magnitude": 2.798722743988037,
      "direction": [
        -0.821149468421936,
        -0.5707131624221802
      ]
    },
    {
      "coordinates": [
        45,
        68
      ],
      "magnitude": 2.9691247940063477,
      "direction": [
        -0.7671862840652466,
        -0.6414243578910828
      ]
    },
    {
      "coordinates": [
        68,
        68
      ],
      "magnitude": 3.181777238845825,
      "direction": [
        -0.6498265862464905,
        -0.7600825428962708
      ]
    },
    {
      "coordinates": [
        91,
        68
      ],
      "magnitude": 3.975250720977783,
      "direction": [
        -0.48397475481033325,
        -0.8750819563865662
      ]
    },
    {
      "coordinates": [
        113,
        68
      ],
      "magnitude": 4.891629695892334,
      "direction": [
        -0.30941516160964966,
        -0.9509270787239075
      ]
    },
    {
      "coordinates": [
        136,
        68
      ],
      "magnitude": 5.364696025848389,
      "direction": [
        0.12628211081027985,
        -0.9919943809509277
      ]
    },
    {
      "coordinates": [
        159,
        68
      ],
      "magnitude": 5.083388328552246,
      "direction": [
        0.44365209341049194,
        -0.896199107170105
      ]
    },
    {
      "coordinates": [
        182,
        68
      ],
      "magnitude": 4.133995532989502,
      "direction": [
        0.6752611994743347,
        -0.7375787496566772
      ]
    },
    {
      "coordinates": [
        205,
        68
      ],
      "magnitude": 3.0676512718200684,
      "direction": [
        0.7450330853462219,
        -0.6670275330543518
      ]
    },
    {
      "coordinates": [
        227,
        68
      ],
      "magnitude": 2.9657490253448486,
      "direction": [
        0.7830175757408142,
        -0.6219996213912964
      ]
    },
    {
      "coordinates": [
        250,
        68
      ],
      "magnitude": 2.864952802658081,
      "direction": [
        0.7611379027366638,
        -0.6485899686813354
      ]
    },
    {
      "coordinates": [
        273,
        68
      ],
      "magnitude": 2.3237948417663574,
      "direction": [
        0.8792746663093567,
        -0.4763149619102478
      ]
    },
    {
      "coordinates": [
        296,
        68
      ],
      "magnitude": 2.6513419151306152,
      "direction": [
        0.8846834301948547,
        -0.466192364692688
      ]
    },
    {
      "coordinates": [
        319,
        68
      ],
      "magnitude": 2.3764078617095947,
      "direction": [
        0.8450151085853577,
        -0.5347424149513245
      ]
    },
    {
      "coordinates": [
        0,
        85
      ],
      "magnitude": 2.3649332523345947,
      "direction": [
        -0.8857498168945312,
        -0.46416306495666504
      ]
    },
    {
      "coordinates": [
        22,
        85
      ],
      "magnitude": 2.787484884262085,
      "direction": [
        -0.8989569544792175,
        -0.43803712725639343
      ]
    },
    {
      "coordinates": [
        45,
        85
      ],
      "magnitude": 2.8786580562591553,
      "direction": [
        -0.8591501712799072,
        -0.5117236375808716
      ]
    },
    {
      "coordinates": [
        68,
        85
      ],
      "magnitude": 3.3526034355163574,
      "direction": [
        -0.7624499797821045,
        -0.647047221660614
      ]
    },
    {
      "coordinates": [
        91,
        85
      ],
      "magnitude": 4.5549821853637695,
      "direction": [
        -0.6161289215087891,
        -0.7876453399658203
      ]
    },
    {
      "coordinates": [
        113,
        85
      ],
      "magnitude": 6.762700080871582,
      "direction": [
        -0.3767310678958893,
        -0.9263227581977844
      ]
    },
    {
      "coordinates": [
        136,
        85
      ],
      "magnitude": 7.514662265777588,
      "direction": [
        0.2037462443113327,
        -0.9790237545967102
      ]
    },
    {
      "coordinates": [
        159,
        85
      ],
      "magnitude": 6.106868743896484,
      "direction": [
        0.6658738851547241,
        -0.7460643649101257
      ]
    },
    {
      "coordinates": [
        182,
        85
      ],
      "magnitude": 4.568071365356445,
      "direction": [
        0.8004960417747498,
        -0.5993380546569824
      ]
    },
    {
      "coordinates": [
        205,
        85
      ],
      "magnitude": 3.6223483085632324,
      "direction": [
        0.8575265407562256,
        -0.5144396424293518
      ]
    },
    {
      "coordinates": [
        227,
        85
      ],
      "magnitude": 2.956418514251709,
      "direction": [
        0.8756061792373657,
        -0.48302555084228516
      ]
    },
    {
      "coordinates": [
        250,
        85
      ],
      "magnitude": 2.7852251529693604,
      "direction": [
        0.9048364162445068,
        -0.4257594645023346
      ]
    },
    {
      "coordinates": [
        273,
        85
      ],
      "magnitude": 2.5021190643310547,
      "direction": [
        0.9219856858253479,
        -0.38722407817840576
      ]
    },
    {
      "coordinates": [
        296,
        85
      ],
      "magnitude": 2.4446983337402344,
      "direction": [
        0.8963904976844788,
        -0.4432653784751892
      ]
    },
    {
      "coordinates": [
        319,
        85
      ],
      "magnitude": 2.2674124240875244,
      "direction": [
        0.9294266104698181,
        -0.3690069317817688
      ]
    },
    {
      "coordinates": [
        0,
        102
      ],
      "magnitude": 2.5397281646728516,
      "direction": [
        -0.9335662722587585,
        -0.35840490460395813
      ]
    },
    {
      "coordinates": [
        22,
        102
      ],
      "magnitude": 2.491603374481201,
      "direction": [
        -0.9145399332046509,
        -0.4044957756996155
      ]
    },
    {
      "coordinates": [
        45,
        102
      ],
      "magnitude": 2.686837911605835,
      "direction": [
        -0.9246225953102112,
        -0.3808845579624176
      ]
    },
    {
      "coordinates": [
        68,
        102
      ],
      "magnitude": 3.4059245586395264,
      "direction": [
        -0.9022244215011597,
        -0.43126675486564636
      ]
    },
    {
      "coordinates": [
        91,
        102
      ],
      "magnitude": 4.252922058105469,
      "direction": [
        -0.8237797021865845,
        -0.5669100284576416
      ]
    },
    {
      "coordinates": [
        113,
        102
      ],
      "magnitude": 6.279845237731934,
      "direction": [
        -0.5959209203720093,
        -0.8030431270599365
      ]
    },
    {
      "coordinates": [
        136,
        102
      ],
      "magnitude": 8.291807174682617,
      "direction": [
        0.4619874358177185,
        -0.886886477470398
      ]
    },
    {
      "coordinates": [
        159,
        102
      ],
      "magnitude": 8.118961334228516,
      "direction": [
        0.8513279557228088,
        -0.5246338248252869
      ]
    },
    {
      "coordinates": [
        182,
        102
      ],
      "magnitude": 4.845953464508057,
      "direction": [
        0.9176503419876099,
        -0.3973887860774994
      ]
    },
    {
      "coordinates": [
        205,
        102
      ],
      "magnitude": 3.7507102489471436,
      "direction": [
        0.9538644552230835,
        -0.3002375662326813
      ]
    },
    {
      "coordinates": [
        227,
        102
      ],
      "magnitude": 2.8495731353759766,
      "direction": [
        0.9481419920921326,
        -0.31784725189208984
      ]
    },
    {
      "coordinates": [
        250,
        102
      ],
      "magnitude": 2.5692508220672607,
      "direction": [
        0.9482116103172302,
        -0.31763941049575806
      ]
    },
    {
      "coordinates": [
        273,
        102
      ],
      "magnitude": 2.2829060554504395,
      "direction": [
        0.9654040932655334,
        -0.26075851917266846
      ]
    },
    {
      "coordinates": [
        296,
        102
      ],
      "magnitude": 2.196559190750122,
      "direction": [
        0.9401497840881348,
        -0.3407613933086395
      ]
    },
    {
      "coordinates": [
        319,
        102
      ],
      "magnitude": 2.4054930210113525,
      "direction": [
        0.9635227918624878,
        -0.2676261067390442
      ]
    },
    {
      "coordinates": [
        0,
        119
      ],
      "magnitude": 2.3897228240966797,
      "direction": [
        -0.9464476704597473,
        -0.32285720109939575
      ]
    },
    {
      "coordinates": [
        22,
        119
      ],
      "magnitude": 2.2109148502349854,
      "direction": [
        -0.9156982898712158,
        -0.4018666446208954
      ]
    },
    {
      "coordinates": [
        45,
        119
      ],
      "magnitude": 2.5549795627593994,
      "direction": [
        -0.973110556602478,
        -0.23033849895000458
      ]
    },
    {
      "coordinates": [
        68,
        119
      ],
      "magnitude": 3.101015090942383,
      "direction": [
        -0.9597654342651367,
        -0.2808031439781189
      ]
    },
    {
      "coordinates": [
        91,
        119
      ],
      "magnitude": 4.398980617523193,
      "direction": [
        -0.992834746837616,
        -0.11949572712182999
      ]
    },
    {
      "coordinates": [
        113,
        119
      ],
      "magnitude": 5.550095081329346,
      "direction": [
        -0.9717630743980408,
        -0.23595882952213287
      ]
    },
    {
      "coordinates": [
        136,
        119
      ],
      "magnitude": 4.362366676330566,
      "direction": [
        0.9995258450508118,
        -0.030792858451604843
      ]
    },
    {
      "coordinates": [
        159,
        119
      ],
      "magnitude": 7.603031158447266,
      "direction": [
        0.9986464381217957,
        0.05201217159628868
      ]
    },
    {
      "coordinates": [
        182,
        119
      ],
      "magnitude": 4.52276611328125,
      "direction": [
        0.9931997656822205,
        -0.11642328649759293
      ]
    },
    {
      "coordinates": [
        205,
        119
      ],
      "magnitude": 3.7939178943634033,
      "direction": [
        0.9869877099990845,
        -0.16079607605934143
      ]
    },
    {
      "coordinates": [
        227,
        119
      ],
      "magnitude": 2.8482563495635986,
      "direction": [
        0.9884301424026489,
        -0.15167665481567383
      ]
    },
    {
      "coordinates": [
        250,
        119
      ],
      "magnitude": 2.4931890964508057,
      "direction": [
        0.9812542200088501,
        -0.19271764159202576
      ]
    },
    {
      "coordinates": [
        273,
        119
      ],
      "magnitude": 2.43935489654541,
      "direction": [
        0.9774804711341858,
        -0.21102581918239594
      ]
    },
    {
      "coordinates": [
        296,
        119
      ],
      "magnitude": 2.0214226245880127,
      "direction": [
        0.9624412059783936,
        -0.2714901566505432
      ]
    },
    {
      "coordinates": [
        319,
        119
      ],
      "magnitude": 2.2829349040985107,
      "direction": [
        0.9637795090675354,
        -0.2667003870010376
      ]
    },
    {
      "coordinates": [
        0,
        136
      ],
      "magnitude": 2.2734923362731934,
      "direction": [
        -0.9898102283477783,
        -0.14239263534545898
      ]
    },
    {
      "coordinates": [
        22,
        136
      ],
      "magnitude": 2.1053223609924316,
      "direction": [
        -0.9877557754516602,
        -0.15600816905498505
      ]
    },
    {
      "coordinates": [
        45,
        136
      ],
      "magnitude": 2.1595652103424072,
      "direction": [
        -0.9986757636070251,
        -0.051447007805109024
      ]
    },
    {
      "coordinates": [
        68,
        136
      ],
      "magnitude": 2.863612651824951,
      "direction": [
        -0.9924218654632568,
        0.12287712842226028
      ]
    },
    {
      "coordinates": [
        91,
        136
      ],
      "magnitude": 3.979876756668091,
      "direction": [
        -0.9690986275672913,
        0.2466735541820526
      ]
    },
    {
      "coordinates": [
        113,
        136
      ],
      "magnitude": 5.033973693847656,
      "direction": [
        -0.7194628715515137,
        0.6945310235023499
      ]
    },
    {
      "coordinates": [
        136,
        136
      ],
      "magnitude": 5.517595291137695,
      "direction": [
        0.36980271339416504,
        0.9291103482246399
      ]
    },
    {
      "coordinates": [
        159,
        136
      ],
      "magnitude": 5.609368801116943,
      "direction": [
        0.9180578589439392,
        0.39644655585289
      ]
    },
    {
      "coordinates": [
        182,
        136
      ],
      "magnitude": 4.237834453582764,
      "direction": [
        0.9911667108535767,
        0.1326218545436859
      ]
    },
    {
      "coordinates": [
        205,
        136
      ],
      "magnitude": 3.256477117538452,
      "direction": [
        0.9986169338226318,
        -0.05257508531212807
      ]
    },
    {
      "coordinates": [
        227,
        136
      ],
      "magnitude": 2.7058522701263428,
      "direction": [
        0.9998682737350464,
        -0.016230856999754906
      ]
    },
    {
      "coordinates": [
        250,
        136
      ],
      "magnitude": 2.513516426086426,
      "direction": [
        0.9994118809700012,
        -0.034289900213479996
      ]
    },
    {
      "coordinates": [
        273,
        136
      ],
      "magnitude": 2.400958776473999,
      "direction": [
        0.9882127046585083,
        -0.1530866175889969
      ]
    },
    {
      "coordinates": [
        296,
        136
      ],
      "magnitude": 2.2780942916870117,
      "direction": [
        0.982737123966217,
        -0.18500740826129913
      ]
    },
    {
      "coordinates": [
        319,
        136
      ],
      "magnitude": 2.3939287662506104,
      "direction": [
        0.9926905632019043,
        -0.12068743258714676
      ]
    },
    {
      "coordinates": [
        0,
        153
      ],
      "magnitude": 2.1340487003326416,
      "direction": [
        -0.9953914880752563,
        -0.09589433670043945
      ]
    },
    {
      "coordinates": [
        22,
        153
      ],
      "magnitude": 1.9962267875671387,
      "direction": [
        -0.9989056587219238,
        0.04677049070596695
      ]
    },
    {
      "coordinates": [
        45,
        153
      ],
      "magnitude": 1.7956022024154663,
      "direction": [
        -0.9868593215942383,
        0.16158197820186615
      ]
    },
    {
      "coordinates": [
        68,
        153
      ],
      "magnitude": 2.450845241546631,
      "direction": [
        -0.9376370906829834,
        0.34761562943458557
      ]
    },
    {
      "coordinates": [
        91,
        153
      ],
      "magnitude": 2.8932299613952637,
      "direction": [
        -0.7859982252120972,
        0.6182286739349365
      ]
    },
    {
      "coordinates": [
        113,
        153
      ],
      "magnitude": 3.412583112716675,
      "direction": [
        -0.3876802921295166,
        0.9217938780784607
      ]
    },
    {
      "coordinates": [
        136,
        153
      ],
      "magnitude": 4.195653438568115,
      "direction": [
        0.33217760920524597,
        0.9432168006896973
      ]
    },
    {
      "coordinates": [
        159,
        153
      ],
      "magnitude": 4.296154975891113,
      "direction": [
        0.7709788680076599,
        0.636860728263855
      ]
    },
    {
      "coordinates": [
        182,
        153
      ],
      "magnitude": 3.2875373363494873,
      "direction": [
        0.9237358570098877,
        0.3830302059650421
      ]
    },
    {
      "coordinates": [
        205,
        153
      ],
      "magnitude": 2.710118532180786,
      "direction": [
        0.9290523529052734,
        0.36994829773902893
      ]
    },
    {
      "coordinates": [
        227,
        153
      ],
      "magnitude": 2.4214513301849365,
      "direction": [
        0.9967918395996094,
        0.0800379291176796
      ]
    },
    {
      "coordinates": [
        250,
        153
      ],
      "magnitude": 2.3287391662597656,
      "direction": [
        0.9916896224021912,
        0.12865349650382996
      ]
    },
    {
      "coordinates": [
        273,
        153
      ],
      "magnitude": 2.0488851070404053,
      "direction": [
        0.994087278842926,
        0.10858412086963654
      ]
    },
    {
      "coordinates": [
        296,
        153
      ],
      "magnitude": 2.1552786827087402,
      "direction": [
        0.998859703540802,
        0.04774295911192894
      ]
    },
    {
      "coordinates": [
        319,
        153
      ],
      "magnitude": 2.3256609439849854,
      "direction": [
        0.9978523850440979,
        -0.06550206243991852
      ]
    },
    {
      "coordinates": [
        0,
        170
      ],
      "magnitude": 2.198054790496826,
      "direction": [
        -0.9999766945838928,
        -0.0068305362947285175
      ]
    },
    {
      "coordinates": [
        22,
        170
      ],
      "magnitude": 1.8591762781143188,
      "direction": [
        -0.9983206987380981,
        0.057928767055273056
      ]
    },
    {
      "coordinates": [
        45,
        170
      ],
      "magnitude": 1.8340519666671753,
      "direction": [
        -0.9647064208984375,
        0.2633277177810669
      ]
    },
    {
      "coordinates": [
        68,
        170
      ],
      "magnitude": 2.186415433883667,
      "direction": [
        -0.8958339691162109,
        0.4443889260292053
      ]
    },
    {
      "coordinates": [
        91,
        170
      ],
      "magnitude": 2.5003738403320312,
      "direction": [
        -0.5927139520645142,
        0.8054130673408508
      ]
    },
    {
      "coordinates": [
        113,
        170
      ],
      "magnitude": 2.304628849029541,
      "direction": [
        -0.2679615318775177,
        0.9634295701980591
      ]
    },
    {
      "coordinates": [
        136,
        170
      ],
      "magnitude": 2.7524545192718506,
      "direction": [
        0.24415212869644165,
        0.9697369337081909
      ]
    },
    {
      "coordinates": [
        159,
        170
      ],
      "magnitude": 2.907714605331421,
      "direction": [
        0.6252702474594116,
        0.7804083228111267
      ]
    },
    {
      "coordinates": [
        182,
        170
      ],
      "magnitude": 2.4469034671783447,
      "direction": [
        0.794745922088623,
        0.6069422364234924
      ]
    },
    {
      "coordinates": [
        205,
        170
      ],
      "magnitude": 2.2335259914398193,
      "direction": [
        0.8775678873062134,
        0.479452520608902
      ]
    },
    {
      "coordinates": [
        227,
        170
      ],
      "magnitude": 2.391284942626953,
      "direction": [
        0.9457535147666931,
        0.3248848617076874
      ]
    },
    {
      "coordinates": [
        250,
        170
      ],
      "magnitude": 2.2629456520080566,
      "direction": [
        0.9800443053245544,
        0.19877929985523224
      ]
    },
    {
      "coordinates": [
        273,
        170
      ],
      "magnitude": 1.9821089506149292,
      "direction": [
        0.9762950539588928,
        0.21644389629364014
      ]
    },
    {
      "coordinates": [
        296,
        170
      ],
      "magnitude": 1.8705288171768188,
      "direction": [
        0.9976316094398499,
        0.0687834843993187
      ]
    },
    {
      "coordinates": [
        319,
        170
      ],
      "magnitude": 2.0926339626312256,
      "direction": [
        0.9952681660652161,
        -0.09716634452342987
      ]
    },
    {
      "coordinates": [
        0,
        187
      ],
      "magnitude": 2.069596290588379,
      "direction": [
        -0.991058349609375,
        0.133428692817688
      ]
    },
    {
      "coordinates": [
        22,
        187
      ],
      "magnitude": 2.010309934616089,
      "direction": [
        -0.9949988722801208,
        0.09988665580749512
      ]
    },
    {
      "coordinates": [
        45,
        187
      ],
      "magnitude": 1.9685686826705933,
      "direction": [
        -0.9176682829856873,
        0.39734745025634766
      ]
    },
    {
      "coordinates": [
        68,
        187
      ],
      "magnitude": 1.9446381330490112,
      "direction": [
        -0.8386285305023193,
        0.5447038412094116
      ]
    },
    {
      "coordinates": [
        91,
        187
      ],
      "magnitude": 2.1436808109283447,
      "direction": [
        -0.6083726286888123,
        0.7936515808105469
      ]
    },
    {
      "coordinates": [
        113,
        187
      ],
      "magnitude": 1.997435450553894,
      "direction": [
        -0.2831719219684601,
        0.9590691328048706
      ]
    },
    {
      "coordinates": [
        136,
        187
      ],
      "magnitude": 2.121128797531128,
      "direction": [
        0.21430754661560059,
        0.9767662286758423
      ]
    },
    {
      "coordinates": [
        159,
        187
      ],
      "magnitude": 2.375110149383545,
      "direction": [
        0.36786776781082153,
        0.9298780560493469
      ]
    },
    {
      "coordinates": [
        182,
        187
      ],
      "magnitude": 2.203305959701538,
      "direction": [
        0.6497675180435181,
        0.7601330280303955
      ]
    },
    {
      "coordinates": [
        205,
        187
      ],
      "magnitude": 2.111119031906128,
      "direction": [
        0.8419254422187805,
        0.5395939350128174
      ]
    },
    {
      "coordinates": [
        227,
        187
      ],
      "magnitude": 2.1188461780548096,
      "direction": [
        0.8838595747947693,
        0.4677523374557495
      ]
    },
    {
      "coordinates": [
        250,
        187
      ],
      "magnitude": 1.7568471431732178,
      "direction": [
        0.9624850153923035,
        0.2713349163532257
      ]
    },
    {
      "coordinates": [
        273,
        187
      ],
      "magnitude": 1.8285961151123047,
      "direction": [
        0.9729490876197815,
        0.23101967573165894
      ]
    },
    {
      "coordinates": [
        296,
        187
      ],
      "magnitude": 1.8164739608764648,
      "direction": [
        0.9767714142799377,
        0.2142839878797531
      ]
    },
    {
      "coordinates": [
        319,
        187
      ],
      "magnitude": 1.9834319353103638,
      "direction": [
        0.9976000189781189,
        0.069239541888237
      ]
    },
    {
      "coordinates": [
        0,
        204
      ],
      "magnitude": 1.9700520038604736,
      "direction": [
        -0.9903954267501831,
        0.13826397061347961
      ]
    },
    {
      "coordinates": [
        22,
        204
      ],
      "magnitude": 1.9209740161895752,
      "direction": [
        -0.9610195755958557,
        0.2764802575111389
      ]
    },
    {
      "coordinates": [
        45,
        204
      ],
      "magnitude": 1.867534875869751,
      "direction": [
        -0.8891477584838867,
        0.4576202630996704
      ]
    },
    {
      "coordinates": [
        68,
        204
      ],
      "magnitude": 1.7251746654510498,
      "direction": [
        -0.6739431023597717,
        0.7387832403182983
      ]
    },
    {
      "coordinates": [
        91,
        204
      ],
      "magnitude": 1.8315649032592773,
      "direction": [
        -0.5552205443382263,
        0.8317031264305115
      ]
    },
    {
      "coordinates": [
        113,
        204
      ],
      "magnitude": 1.748799443244934,
      "direction": [
        -0.3729889690876007,
        0.9278357625007629
      ]
    },
    {
      "coordinates": [
        136,
        204
      ],
      "magnitude": 1.797247290611267,
      "direction": [
        0.03558947890996933,
        0.9993665218353271
      ]
    },
    {
      "coordinates": [
        159,
        204
      ],
      "magnitude": 1.965290904045105,
      "direction": [
        0.40022820234298706,
        0.9164154529571533
      ]
    },
    {
      "coordinates": [
        182,
        204
      ],
      "magnitude": 1.8550784587860107,
      "direction": [
        0.6857752799987793,
        0.7278133034706116
      ]
    },
    {
      "coordinates": [
        205,
        204
      ],
      "magnitude": 1.8292182683944702,
      "direction": [
        0.8026009202003479,
        0.5965163111686707
      ]
    },
    {
      "coordinates": [
        227,
        204
      ],
      "magnitude": 1.6292366981506348,
      "direction": [
        0.8550621271133423,
        0.5185255408287048
      ]
    },
    {
      "coordinates": [
        250,
        204
      ],
      "magnitude": 1.637652039527893,
      "direction": [
        0.905245840549469,
        0.4248883128166199
      ]
    },
    {
      "coordinates": [
        273,
        204
      ],
      "magnitude": 1.6146396398544312,
      "direction": [
        0.9588404893875122,
        0.2839451730251312
      ]
    },
    {
      "coordinates": [
        296,
        204
      ],
      "magnitude": 1.6986677646636963,
      "direction": [
        0.9805986285209656,
        0.19602620601654053
      ]
    },
    {
      "coordinates": [
        319,
        204
      ],
      "magnitude": 1.9802703857421875,
      "direction": [
        0.9915876984596252,
        0.12943652272224426
      ]
    },
    {
      "coordinates": [
        0,
        221
      ],
      "magnitude": 1.9946160316467285,
      "direction": [
        -0.9833604693412781,
        0.18166474997997284
      ]
    },
    {
      "coordinates": [
        22,
        221
      ],
      "magnitude": 1.6248308420181274,
      "direction": [
        -0.8947511315345764,
        0.44656503200531006
      ]
    },
    {
      "coordinates": [
        45,
        221
      ],
      "magnitude": 1.7073091268539429,
      "direction": [
        -0.8195077180862427,
        0.5730682611465454
      ]
    },
    {
      "coordinates": [
        68,
        221
      ],
      "magnitude": 1.7433369159698486,
      "direction": [
        -0.6743033528327942,
        0.7384544610977173
      ]
    },
    {
      "coordinates": [
        91,
        221
      ],
      "magnitude": 1.6828365325927734,
      "direction": [
        -0.5189178586006165,
        0.8548241257667542
      ]
    },
    {
      "coordinates": [
        113,
        221
      ],
      "magnitude": 1.4971442222595215,
      "direction": [
        -0.2616669535636902,
        0.965158224105835
      ]
    },
    {
      "coordinates": [
        136,
        221
      ],
      "magnitude": 1.6915903091430664,
      "direction": [
        0.0031020648311823606,
        0.999995231628418
      ]
    },
    {
      "coordinates": [
        159,
        221
      ],
      "magnitude": 1.6381181478500366,
      "direction": [
        0.4340028762817383,
        0.9009115695953369
      ]
    },
    {
      "coordinates": [
        182,
        221
      ],
      "magnitude": 1.754171371459961,
      "direction": [
        0.49936237931251526,
        0.8663932085037231
      ]
    },
    {
      "coordinates": [
        205,
        221
      ],
      "magnitude": 1.6137702465057373,
      "direction": [
        0.6953020095825195,
        0.718717634677887
      ]
    },
    {
      "coordinates": [
        227,
        221
      ],
      "magnitude": 1.4486709833145142,
      "direction": [
        0.86397385597229,
        0.5035367012023926
      ]
    },
    {
      "coordinates": [
        250,
        221
      ],
      "magnitude": 1.4225318431854248,
      "direction": [
        0.8834409713745117,
        0.4685423970222473
      ]
    },
    {
      "coordinates": [
        273,
        221
      ],
      "magnitude": 1.637776255607605,
      "direction": [
        0.9719802141189575,
        0.2350626438856125
      ]
    },
    {
      "coordinates": [
        296,
        221
      ],
      "magnitude": 1.7836698293685913,
      "direction": [
        0.9741452932357788,
        0.22592228651046753
      ]
    },
    {
      "coordinates": [
        319,
        221
      ],
      "magnitude": 1.9363796710968018,
      "direction": [
        0.9821904301643372,
        0.1878880113363266
      ]
    },
    {
      "coordinates": [
        0,
        239
      ],
      "magnitude": 1.5619313716888428,
      "direction": [
        -0.8721694350242615,
        0.4892039895057678
      ]
    },
    {
      "coordinates": [
        22,
        239
      ],
      "magnitude": 1.621038794517517,
      "direction": [
        -0.6424852609634399,
        0.7662979364395142
      ]
    },
    {
      "coordinates": [
        45,
        239
      ],
      "magnitude": 1.607019305229187,
      "direction": [
        -0.7524245381355286,
        0.6586784720420837
      ]
    },
    {
      "coordinates": [
        68,
        239
      ],
      "magnitude": 1.7967995405197144,
      "direction": [
        -0.7223684191703796,
        0.691508412361145
      ]
    },
    {
      "coordinates": [
        91,
        239
      ],
      "magnitude": 1.8354101181030273,
      "direction": [
        -0.6807278990745544,
        0.7325363159179688
      ]
    },
    {
      "coordinates": [
        113,
        239
      ],
      "magnitude": 1.5761306285858154,
      "direction": [
        -0.3413802683353424,
        0.9399253129959106
      ]
    },
    {
      "coordinates": [
        136,
        239
      ],
      "magnitude": 1.6587170362472534,
      "direction": [
        0.11092091351747513,
        0.9938292503356934
      ]
    },
    {
      "coordinates": [
        159,
        239
      ],
      "magnitude": 1.6711602210998535,
      "direction": [
        0.37727639079093933,
        0.9261006712913513
      ]
    },
    {
      "coordinates": [
        182,
        239
      ],
      "magnitude": 1.6020243167877197,
      "direction": [
        0.4694505035877228,
        0.8829587697982788
      ]
    },
    {
      "coordinates": [
        205,
        239
      ],
      "magnitude": 1.4622384309768677,
      "direction": [
        0.6273252367973328,
        0.7787573933601379
      ]
    },
    {
      "coordinates": [
        227,
        239
      ],
      "magnitude": 1.3743460178375244,
      "direction": [
        0.7709580659866333,
        0.6368858218193054
      ]
    },
    {
      "coordinates": [
        250,
        239
      ],
      "magnitude": 1.4712154865264893,
      "direction": [
        0.8626845479011536,
        0.5057423710823059
      ]
    },
    {
      "coordinates": [
        273,
        239
      ],
      "magnitude": 1.8352371454238892,
      "direction": [
        0.8626797199249268,
        0.5057506561279297
      ]
    },
    {
      "coordinates": [
        296,
        239
      ],
      "magnitude": 1.8457543849945068,
      "direction": [
        0.9707894325256348,
        0.23993296921253204
      ]
    },
    {
      "coordinates": [
        319,
        239
      ],
      "magnitude": 2.0165865421295166,
      "direction": [
        0.9630512595176697,
        0.269318163394928
      ]
    }
  ],
  "shear_mesh": [
    {
      "coordinates": [
        0,
        0
      ],
      "magnitude": 0.6241095662117004,
      "direction": [
        -0.8622824549674988,
        -0.5064278244972229
      ]
    },
    {
      "coordinates": [
        22,
        0
      ],
      "magnitude": 0.45042356848716736,
      "direction": [
        -0.7574718594551086,
        -0.6528677344322205
      ]
    },
    {
      "coordinates": [
        45,
        0
      ],
      "magnitude": 0.5768221616744995,
      "direction": [
        -0.535465657711029,
        -0.844556987285614
      ]
    },
    {
      "coordinates": [
        68,
        0
      ],
      "magnitude": 0.5999189019203186,
      "direction": [
        -0.8605018854141235,
        -0.5094472169876099
      ]
    },
    {
      "coordinates": [
        91,
        0
      ],
      "magnitude": 0.6006386280059814,
      "direction": [
        -0.5217758417129517,
        -0.8530825972557068
      ]
    },
    {
      "coordinates": [
        113,
        0
      ],
      "magnitude": 0.6139454245567322,
      "direction": [
        -0.012409050948917866,
        -0.9999229907989502
      ]
    },
    {
      "coordinates": [
        136,
        0
      ],
      "magnitude": 0.8822817206382751,
      "direction": [
        0.1577504724264145,
        -0.9874789714813232
      ]
    },
    {
      "coordinates": [
        159,
        0
      ],
      "magnitude": 0.9009113907814026,
      "direction": [
        0.3543192744255066,
        -0.9351245164871216
      ]
    },
    {
      "coordinates": [
        182,
        0
      ],
      "magnitude": 0.8267587423324585,
      "direction": [
        0.39350104331970215,
        -0.9193241000175476
      ]
    },
    {
      "coordinates": [
        205,
        0
      ],
      "magnitude": 0.6594991683959961,
      "direction": [
        0.33132049441337585,
        -0.943518340587616
      ]
    },
    {
      "coordinates": [
        227,
        0
      ],
      "magnitude": 0.7798542380332947,
      "direction": [
        0.5049812197685242,
        -0.8631303310394287
      ]
    },
    {
      "coordinates": [
        250,
        0
      ],
      "magnitude": 0.5909351706504822,
      "direction": [
        0.3576095700263977,
        -0.9338712096214294
      ]
    },
    {
      "coordinates": [
        273,
        0
      ],
      "magnitude": 0.7462847232818604,
      "direction": [
        0.12959648668766022,
        -0.9915668368339539
      ]
    },
    {
      "coordinates": [
        296,
        0
      ],
      "magnitude": 0.819252610206604,
      "direction": [
        0.20266298949718475,
        -0.979248583316803
      ]
    },
    {
      "coordinates": [
        319,
        0
      ],
      "magnitude": 0.8851534128189087,
      "direction": [
        0.27773040533065796,
        -0.9606590867042542
      ]
    },
    {
      "coordinates": [
        0,
        17
      ],
      "magnitude": 0.7392061352729797,
      "direction": [
        -0.5620298981666565,
        -0.8271169066429138
      ]
    },
    {
      "coordinates": [
        22,
        17
      ],
      "magnitude": 0.4081025719642639,
      "direction": [
        -0.15659207105636597,
        -0.9876633286476135
      ]
    },
    {
      "coordinates": [
        45,
        17
      ],
      "magnitude": 0.39503610134124756,
      "direction": [
        0.05594916269183159,
        -0.9984335899353027
      ]
    },
    {
      "coordinates": [
        68,
        17
      ],
      "magnitude": 0.3986048698425293,
      "direction": [
        -0.29626813530921936,
        -0.9551048278808594
      ]
    },
    {
      "coordinates": [
        91,
        17
      ],
      "magnitude": 0.5203654766082764,
      "direction": [
        -0.27153825759887695,
        -0.9624276757240295
      ]
    },
    {
      "coordinates": [
        113,
        17
      ],
      "magnitude": 0.7767273783683777,
      "direction": [
        -0.14413224160671234,
        -0.9895584583282471
      ]
    },
    {
      "coordinates": [
        136,
        17
      ],
      "magnitude": 1.0167982578277588,
      "direction": [
        0.05917073413729668,
        -0.9982478618621826
      ]
    },
    {
      "coordinates": [
        159,
        17
      ],
      "magnitude": 0.8128109574317932,
      "direction": [
        0.16157057881355286,
        -0.9868611693382263
      ]
    },
    {
      "coordinates": [
        182,
        17
      ],
      "magnitude": 0.799280047416687,
      "direction": [
        0.21085400879383087,
        -0.9775176048278809
      ]
    },
    {
      "coordinates": [
        205,
        17
      ],
      "magnitude": 0.8278000354766846,
      "direction": [
        0.641230583190918,
        -0.7673482894897461
      ]
    },
    {
      "coordinates": [
        227,
        17
      ],
      "magnitude": 0.7158945798873901,
      "direction": [
        0.522025465965271,
        -0.8529298305511475
      ]
    },
    {
      "coordinates": [
        250,
        17
      ],
      "magnitude": 0.6040225625038147,
      "direction": [
        0.6050437092781067,
        -0.7961922883987427
      ]
    },
    {
      "coordinates": [
        273,
        17
      ],
      "magnitude": 0.7548179030418396,
      "direction": [
        0.39158251881599426,
        -0.9201429486274719
      ]
    },
    {
      "coordinates": [
        296,
        17
      ],
      "magnitude": 0.9140826463699341,
      "direction": [
        0.31299060583114624,
        -0.9497562050819397
      ]
    },
    {
      "coordinates": [
        319,
        17
      ],
      "magnitude": 0.8440561890602112,
      "direction": [
        0.29855242371559143,
        -0.9543932676315308
      ]
    },
    {
      "coordinates": [
        0,
        34
      ],
      "magnitude": 0.757585346698761,
      "direction": [
        -0.17263883352279663,
        -0.9849851727485657
      ]
    },
    {
      "coordinates": [
        22,
        34
      ],
      "magnitude": 0.5398473143577576,
      "direction": [
        -0.2312917560338974,
        -0.972884476184845
      ]
    },
    {
      "coordinates": [
        45,
        34
      ],
      "magnitude": 0.36065301299095154,
      "direction": [
        -0.06516440957784653,
        -0.9978745579719543
      ]
    },
    {
      "coordinates": [
        68,
        34
      ],
      "magnitude": 0.295122355222702,
      "direction": [
        -0.26944026350975037,
        -0.9630171060562134
      ]
    },
    {
      "coordinates": [
        91,
        34
      ],
      "magnitude": 0.6610204577445984,
      "direction": [
        0.11585868149995804,
        -0.993265688419342
      ]
    },
    {
      "coordinates": [
        113,
        34
      ],
      "magnitude": 0.8608965873718262,
      "direction": [
        0.11338184773921967,
        -0.99355149269104
      ]
    },
    {
      "coordinates": [
        136,
        34
      ],
      "magnitude": 0.9788967370986938,
      "direction": [
        0.04564059525728226,
        -0.9989579319953918
      ]
    },
    {
      "coordinates": [
        159,
        34
      ],
      "magnitude": 0.9059327244758606,
      "direction": [
        0.020142221823334694,
        -0.9997971057891846
      ]
    },
    {
      "coordinates": [
        182,
        34
      ],
      "magnitude": 1.008650779724121,
      "direction": [
        0.2843132019042969,
        -0.9587314128875732
      ]
    },
    {
      "coordinates": [
        205,
        34
      ],
      "magnitude": 0.9005029797554016,
      "direction": [
        0.28181299567222595,
        -0.9594693183898926
      ]
    },
    {
      "coordinates": [
        227,
        34
      ],
      "magnitude": 0.6896655559539795,
      "direction": [
        0.6119497418403625,
        -0.7908967137336731
      ]
    },
    {
      "coordinates": [
        250,
        34
      ],
      "magnitude": 0.7223600149154663,
      "direction": [
        0.6613678932189941,
        -0.7500616908073425
      ]
    },
    {
      "coordinates": [
        273,
        34
      ],
      "magnitude": 0.6403831243515015,
      "direction": [
        0.6445324420928955,
        -0.7645770311355591
      ]
    },
    {
      "coordinates": [
        296,
        34
      ],
      "magnitude": 0.8718046545982361,
      "direction": [
        0.12780384719371796,
        -0.9917994737625122
      ]
    },
    {
      "coordinates": [
        319,
        34
      ],
      "magnitude": 0.6791142821311951,
      "direction": [
        0.12375948578119278,
        -0.9923121929168701
      ]
    },
    {
      "coordinates": [
        0,
        51
      ],
      "magnitude": 0.8023408651351929,
      "direction": [
        -0.32827574014663696,
        -0.944581925868988
      ]
    },
    {
      "coordinates": [
        22,
        51
      ],
      "magnitude": 0.594793975353241,
      "direction": [
        -0.3638983964920044,
        -0.9314386248588562
      ]
    },
    {
      "coordinates": [
        45,
        51
      ],
      "magnitude": 0.38017383217811584,
      "direction": [
        -0.48874932527542114,
        -0.8724242448806763
      ]
    },
    {
      "coordinates": [
        68,
        51
      ],
      "magnitude": 0.39393317699432373,
      "direction": [
        -0.3067585527896881,
        -0.9517873525619507
      ]
    },
    {
      "coordinates": [
        91,
        51
      ],
      "magnitude": 0.643980860710144,
      "direction": [
        -0.3118980824947357,
        -0.9501156210899353
      ]
    },
    {
      "coordinates": [
        113,
        51
      ],
      "magnitude": 0.8139391541481018,
      "direction": [
        0.03880055993795395,
        -0.9992469549179077
      ]
    },
    {
      "coordinates": [
        136,
        51
      ],
      "magnitude": 0.9041970372200012,
      "direction": [
        -0.12088952958583832,
        -0.9926659464836121
      ]
    },
    {
      "coordinates": [
        159,
        51
      ],
      "magnitude": 1.064429759979248,
      "direction": [
        0.0900128111243248,
        -0.9959405660629272
      ]
    },
    {
      "coordinates": [
        182,
        51
      ],
      "magnitude": 0.9979997277259827,
      "direction": [
        0.1533685028553009,
        -0.9881690740585327
      ]
    },
    {
      "coordinates": [
        205,
        51
      ],
      "magnitude": 0.7394113540649414,
      "direction": [
        0.2656475603580475,
        -0.9640702605247498
      ]
    },
    {
      "coordinates": [
        227,
        51
      ],
      "magnitude": 0.6824190616607666,
      "direction": [
        0.25270989537239075,
        -0.9675420522689819
      ]
    },
    {
      "coordinates": [
        250,
        51
      ],
      "magnitude": 0.7417232394218445,
      "direction": [
        0.4942670464515686,
        -0.8693100810050964
      ]
    },
    {
      "coordinates": [
        273,
        51
      ],
      "magnitude": 0.450772225856781,
      "direction": [
        0.7198370695114136,
        -0.6941430568695068
      ]
    },
    {
      "coordinates": [
        296,
        51
      ],
      "magnitude": 0.7610564827919006,
      "direction": [
        0.2789267897605896,
        -0.9603124260902405
      ]
    },
    {
      "coordinates": [
        319,
        51
      ],
      "magnitude": 0.6462117433547974,
      "direction": [
        0.24784381687641144,
        -0.9688000082969666
      ]
    },
    {
      "coordinates": [
        0,
        68
      ],
      "magnitude": 0.7142931222915649,
      "direction": [
        0.09339813888072968,
        -0.9956287741661072
      ]
    },
    {
      "coordinates": [
        22,
        68
      ],
      "magnitude": 0.5690336227416992,
      "direction": [
        -0.09856901317834854,
        -0.995130181312561
      ]
    },
    {
      "coordinates": [
        45,
        68
      ],
      "magnitude": 0.45570147037506104,
      "direction": [
        -0.2068745642900467,
        -0.9783674478530884
      ]
    },
    {
      "coordinates": [
        68,
        68
      ],
      "magnitude": 0.38509082794189453,
      "direction": [
        -0.01535730715841055,
        -0.9998820424079895
      ]
    },
    {
      "coordinates": [
        91,
        68
      ],
      "magnitude": 0.5944992303848267,
      "direction": [
        0.1156611368060112,
        -0.9932887554168701
      ]
    },
    {
      "coordinates": [
        113,
        68
      ],
      "magnitude": 0.6962327361106873,
      "direction": [
        -0.35192063450813293,
        -0.9360297918319702
      ]
    },
    {
      "coordinates": [
        136,
        68
      ],
      "magnitude": 1.0315635204315186,
      "direction": [
        0.26741352677345276,
        -0.963581919670105
      ]
    },
    {
      "coordinates": [
        159,
        68
      ],
      "magnitude": 1.1982601881027222,
      "direction": [
        0.3099427819252014,
        -0.9507551789283752
      ]
    },
    {
      "coordinates": [
        182,
        68
      ],
      "magnitude": 0.9756612181663513,
      "direction": [
        0.40598103404045105,
        -0.9138815402984619
      ]
    },
    {
      "coordinates": [
        205,
        68
      ],
      "magnitude": 0.7537716031074524,
      "direction": [
        0.28712141513824463,
        -0.9578942060470581
      ]
    },
    {
      "coordinates": [
        227,
        68
      ],
      "magnitude": 0.7985346913337708,
      "direction": [
        0.3822944462299347,
        -0.9240405559539795
      ]
    },
    {
      "coordinates": [
        250,
        68
      ],
      "magnitude": 0.7978834509849548,
      "direction": [
        0.28284546732902527,
        -0.9591654539108276
      ]
    },
    {
      "coordinates": [
        273,
        68
      ],
      "magnitude": 0.45670101046562195,
      "direction": [
        0.7000342011451721,
        -0.7141093015670776
      ]
    },
    {
      "coordinates": [
        296,
        68
      ],
      "magnitude": 0.7605746388435364,
      "direction": [
        0.6045260429382324,
        -0.7965854406356812
      ]
    },
    {
      "coordinates": [
        319,
        68
      ],
      "magnitude": 0.5926625728607178,
      "direction": [
        0.23667769134044647,
        -0.9715881943702698
      ]
    },
    {
      "coordinates": [
        0,
        85
      ],
      "magnitude": 0.5187406539916992,
      "direction": [
        0.035112448036670685,
        -0.9993833303451538
      ]
    },
    {
      "coordinates": [
        22,
        85
      ],
      "magnitude": 0.5092647075653076,
      "direction": [
        -0.1265215277671814,
        -0.9919638633728027
      ]
    },
    {
      "coordinates": [
        45,
        85
      ],
      "magnitude": 0.5067880749702454,
      "direction": [
        0.15608423948287964,
        -0.9877438545227051
      ]
    },
    {
      "coordinates": [
        68,
        85
      ],
      "magnitude": 0.6185391545295715,
      "direction": [
        0.34898650646209717,
        -0.9371277689933777
      ]
    },
    {
      "coordinates": [
        91,
        85
      ],
      "magnitude": 0.5594015121459961,
      "direction": [
        0.42645910382270813,
        -0.9045068621635437
      ]
    },
    {
      "coordinates": [
        113,
        85
      ],
      "magnitude": 0.9403800964355469,
      "direction": [
        0.28744620084762573,
        -0.9577968120574951
      ]
    },
    {
      "coordinates": [
        136,
        85
      ],
      "magnitude": 1.294605016708374,
      "direction": [
        0.3039472997188568,
        -0.9526888728141785
      ]
    },
    {
      "coordinates": [
        159,
        85
      ],
      "magnitude": 1.3257182836532593,
      "direction": [
        0.4238422214984894,
        -0.9057360291481018
      ]
    },
    {
      "coordinates": [
        182,
        85
      ],
      "magnitude": 1.1511650085449219,
      "direction": [
        0.5928214192390442,
        -0.8053339719772339
      ]
    },
    {
      "coordinates": [
        205,
        85
      ],
      "magnitude": 0.8980073928833008,
      "direction": [
        0.6070410013198853,
        -0.7946704626083374
      ]
    },
    {
      "coordinates": [
        227,
        85
      ],
      "magnitude": 0.895765483379364,
      "direction": [
        0.5915799140930176,
        -0.8062463402748108
      ]
    },
    {
      "coordinates": [
        250,
        85
      ],
      "magnitude": 0.7877242565155029,
      "direction": [
        0.5219855308532715,
        -0.8529543280601501
      ]
    },
    {
      "coordinates": [
        273,
        85
      ],
      "magnitude": 0.5945843458175659,
      "direction": [
        0.6584055423736572,
        -0.7526633143424988
      ]
    },
    {
      "coordinates": [
        296,
        85
      ],
      "magnitude": 0.7102102637290955,
      "direction": [
        0.5637301802635193,
        -0.8259590268135071
      ]
    },
    {
      "coordinates": [
        319,
        85
      ],
      "magnitude": 0.457697331905365,
      "direction": [
        0.38254332542419434,
        -0.9239376187324524
      ]
    },
    {
      "coordinates": [
        0,
        102
      ],
      "magnitude": 0.5761010050773621,
      "direction": [
        -0.16154231131076813,
        -0.9868658185005188
      ]
    },
    {
      "coordinates": [
        22,
        102
      ],
      "magnitude": 0.5921761989593506,
      "direction": [
        0.1792134791612625,
        -0.9838101863861084
      ]
    },
    {
      "coordinates": [
        45,
        102
      ],
      "magnitude": 0.6083658337593079,
      "direction": [
        0.42176583409309387,
        -0.906704843044281
      ]
    },
    {
      "coordinates": [
        68,
        102
      ],
      "magnitude": 0.835133969783783,
      "direction": [
        0.44803255796432495,
        -0.894017219543457
      ]
    },
    {
      "coordinates": [
        91,
        102
      ],
      "magnitude": 1.021721601486206,
      "direction": [
        0.755519688129425,
        -0.6551258563995361
      ]
    },
    {
      "coordinates": [
        113,
        102
      ],
      "magnitude": 1.4364585876464844,
      "direction": [
        0.6927301287651062,
        -0.7211968302726746
      ]
    },
    {
      "coordinates": [
        136,
        102
      ],
      "magnitude": 1.7636606693267822,
      "direction": [
        0.7251496911048889,
        -0.6885912418365479
      ]
    },
    {
      "coordinates": [
        159,
        102
      ],
      "magnitude": 1.738883376121521,
      "direction": [
        0.6662493348121643,
        -0.7457290887832642
      ]
    },
    {
      "coordinates": [
        182,
        102
      ],
      "magnitude": 1.1363539695739746,
      "direction": [
        0.6900135278701782,
        -0.7237964272499084
      ]
    },
    {
      "coordinates": [
        205,
        102
      ],
      "magnitude": 0.8364958167076111,
      "direction": [
        0.653545618057251,
        -0.7568871378898621
      ]
    },
    {
      "coordinates": [
        227,
        102
      ],
      "magnitude": 0.7861722111701965,
      "direction": [
        0.7273024320602417,
        -0.6863170862197876
      ]
    },
    {
      "coordinates": [
        250,
        102
      ],
      "magnitude": 0.6351612210273743,
      "direction": [
        0.42186716198921204,
        -0.9066576957702637
      ]
    },
    {
      "coordinates": [
        273,
        102
      ],
      "magnitude": 0.49755024909973145,
      "direction": [
        0.5230997800827026,
        -0.8522714376449585
      ]
    },
    {
      "coordinates": [
        296,
        102
      ],
      "magnitude": 0.6655617356300354,
      "direction": [
        0.4383980333805084,
        -0.8987810015678406
      ]
    },
    {
      "coordinates": [
        319,
        102
      ],
      "magnitude": 0.5313400030136108,
      "direction": [
        0.6825409531593323,
        -0.7308474779129028
      ]
    },
    {
      "coordinates": [
        0,
        119
      ],
      "magnitude": 0.69261234998703,
      "direction": [
        0.2983981668949127,
        -0.954441487789154
      ]
    },
    {
      "coordinates": [
        22,
        119
      ],
      "magnitude": 0.8483489751815796,
      "direction": [
        0.36453619599342346,
        -0.931189239025116
      ]
    },
    {
      "coordinates": [
        45,
        119
      ],
      "magnitude": 0.5777738094329834,
      "direction": [
        0.4395996034145355,
        -0.898193895816803
      ]
    },
    {
      "coordinates": [
        68,
        119
      ],
      "magnitude": 0.9913526773452759,
      "direction": [
        0.4578481614589691,
        -0.889030396938324
      ]
    },
    {
      "coordinates": [
        91,
        119
      ],
      "magnitude": 0.9860249757766724,
      "direction": [
        0.6719797849655151,
        -0.7405694723129272
      ]
    },
    {
      "coordinates": [
        113,
        119
      ],
      "magnitude": 1.7719203233718872,
      "direction": [
        0.36287257075309753,
        -0.9318387508392334
      ]
    },
    {
      "coordinates": [
        136,
        119
      ],
      "magnitude": 1.9232968091964722,
      "direction": [
        0.42971551418304443,
        -0.9029642939567566
      ]
    },
    {
      "coordinates": [
        159,
        119
      ],
      "magnitude": 1.0639190673828125,
      "direction": [
        0.7981042265892029,
        -0.6025193929672241
      ]
    },
    {
      "coordinates": [
        182,
        119
      ],
      "magnitude": 0.8354865312576294,
      "direction": [
        0.6708014011383057,
        -0.7416369915008545
      ]
    },
    {
      "coordinates": [
        205,
        119
      ],
      "magnitude": 0.950646162033081,
      "direction": [
        0.6999397277832031,
        -0.7142018675804138
      ]
    },
    {
      "coordinates": [
        227,
        119
      ],
      "magnitude": 0.681604266166687,
      "direction": [
        0.7419119477272034,
        -0.6704972982406616
      ]
    },
    {
      "coordinates": [
        250,
        119
      ],
      "magnitude": 0.5355790853500366,
      "direction": [
        0.663740336894989,
        -0.7479631304740906
      ]
    },
    {
      "coordinates": [
        273,
        119
      ],
      "magnitude": 0.6364532113075256,
      "direction": [
        0.6615365147590637,
        -0.7499129176139832
      ]
    },
    {
      "coordinates": [
        296,
        119
      ],
      "magnitude": 0.5741247534751892,
      "direction": [
        0.4876304268836975,
        -0.8730500936508179
      ]
    },
    {
      "coordinates": [
        319,
        119
      ],
      "magnitude": 0.643173098564148,
      "direction": [
        0.6074907779693604,
        -0.7943267226219177
      ]
    },
    {
      "coordinates": [
        0,
        136
      ],
      "magnitude": 0.7446991205215454,
      "direction": [
        0.33067113161087036,
        -0.943746030330658
      ]
    },
    {
      "coordinates": [
        22,
        136
      ],
      "magnitude": 0.7941533327102661,
      "direction": [
        0.29044651985168457,
        -0.9568911790847778
      ]
    },
    {
      "coordinates": [
        45,
        136
      ],
      "magnitude": 0.9203872680664062,
      "direction": [
        0.532042920589447,
        -0.8467174768447876
      ]
    },
    {
      "coordinates": [
        68,
        136
      ],
      "magnitude": 0.8292360305786133,
      "direction": [
        0.5071637034416199,
        -0.8618497848510742
      ]
    },
    {
      "coordinates": [
        91,
        136
      ],
      "magnitude": 0.990020751953125,
      "direction": [
        0.1705946922302246,
        -0.9853413105010986
      ]
    },
    {
      "coordinates": [
        113,
        136
      ],
      "magnitude": 1.2952618598937988,
      "direction": [
        0.43033474683761597,
        -0.9026694297790527
      ]
    },
    {
      "coordinates": [
        136,
        136
      ],
      "magnitude": 1.3567460775375366,
      "direction": [
        0.19204670190811157,
        -0.9813858270645142
      ]
    },
    {
      "coordinates": [
        159,
        136
      ],
      "magnitude": 1.0130695104599,
      "direction": [
        0.3719911575317383,
        -0.9282362461090088
      ]
    },
    {
      "coordinates": [
        182,
        136
      ],
      "magnitude": 1.1057021617889404,
      "direction": [
        0.6979743838310242,
        -0.7161228060722351
      ]
    },
    {
      "coordinates": [
        205,
        136
      ],
      "magnitude": 0.7573722004890442,
      "direction": [
        0.4702449440956116,
        -0.8825358748435974
      ]
    },
    {
      "coordinates": [
        227,
        136
      ],
      "magnitude": 0.5568678975105286,
      "direction": [
        0.7315790057182312,
        -0.6817567348480225
      ]
    },
    {
      "coordinates": [
        250,
        136
      ],
      "magnitude": 0.6399651765823364,
      "direction": [
        0.7185865640640259,
        -0.6954376101493835
      ]
    },
    {
      "coordinates": [
        273,
        136
      ],
      "magnitude": 0.7284815907478333,
      "direction": [
        0.687885582447052,
        -0.7258191704750061
      ]
    },
    {
      "coordinates": [
        296,
        136
      ],
      "magnitude": 0.647067129611969,
      "direction": [
        0.6998478174209595,
        -0.7142919301986694
      ]
    },
    {
      "coordinates": [
        319,
        136
      ],
      "magnitude": 0.6751803159713745,
      "direction": [
        0.7325500845909119,
        -0.6807131171226501
      ]
    },
    {
      "coordinates": [
        0,
        153
      ],
      "magnitude": 0.8475746512413025,
      "direction": [
        0.24993504583835602,
        -0.9682626128196716
      ]
    },
    {
      "coordinates": [
        22,
        153
      ],
      "magnitude": 0.8884449601173401,
      "direction": [
        0.3265805244445801,
        -0.9451693892478943
      ]
    },
    {
      "coordinates": [
        45,
        153
      ],
      "magnitude": 1.0383199453353882,
      "direction": [
        0.4633890986442566,
        -0.88615483045578
      ]
    },
    {
      "coordinates": [
        68,
        153
      ],
      "magnitude": 0.9502579569816589,
      "direction": [
        0.6176594495773315,
        -0.7864457368850708
      ]
    },
    {
      "coordinates": [
        91,
        153
      ],
      "magnitude": 1.14942467212677,
      "direction": [
        0.44027623534202576,
        -0.897862434387207
      ]
    },
    {
      "coordinates": [
        113,
        153
      ],
      "magnitude": 1.4107600450515747,
      "direction": [
        0.3281392753124237,
        -0.9446293115615845
      ]
    },
    {
      "coordinates": [
        136,
        153
      ],
      "magnitude": 1.4019291400909424,
      "direction": [
        0.36971935629844666,
        -0.929143488407135
      ]
    },
    {
      "coordinates": [
        159,
        153
      ],
      "magnitude": 0.7798749804496765,
      "direction": [
        0.31306329369544983,
        -0.94973224401474
      ]
    },
    {
      "coordinates": [
        182,
        153
      ],
      "magnitude": 0.7840380668640137,
      "direction": [
        0.41014060378074646,
        -0.9120223522186279
      ]
    },
    {
      "coordinates": [
        205,
        153
      ],
      "magnitude": 0.4009281098842621,
      "direction": [
        0.5657469034194946,
        -0.8245790004730225
      ]
    },
    {
      "coordinates": [
        227,
        153
      ],
      "magnitude": 0.5372158885002136,
      "direction": [
        0.26628729701042175,
        -0.9638936519622803
      ]
    },
    {
      "coordinates": [
        250,
        153
      ],
      "magnitude": 0.5550760626792908,
      "direction": [
        0.5998801589012146,
        -0.8000898957252502
      ]
    },
    {
      "coordinates": [
        273,
        153
      ],
      "magnitude": 0.5766413807868958,
      "direction": [
        0.6007883548736572,
        -0.7994081974029541
      ]
    },
    {
      "coordinates": [
        296,
        153
      ],
      "magnitude": 0.5636472105979919,
      "direction": [
        0.6574276089668274,
        -0.7535176277160645
      ]
    },
    {
      "coordinates": [
        319,
        153
      ],
      "magnitude": 0.7378261685371399,
      "direction": [
        0.6157493591308594,
        -0.7879420518875122
      ]
    },
    {
      "coordinates": [
        0,
        170
      ],
      "magnitude": 0.9662520885467529,
      "direction": [
        -0.1801149994134903,
        -0.9836455583572388
      ]
    },
    {
      "coordinates": [
        22,
        170
      ],
      "magnitude": 0.9825540781021118,
      "direction": [
        0.18834437429904938,
        -0.9821030497550964
      ]
    },
    {
      "coordinates": [
        45,
        170
      ],
      "magnitude": 0.8583273887634277,
      "direction": [
        0.311445027589798,
        -0.9502641558647156
      ]
    },
    {
      "coordinates": [
        68,
        170
      ],
      "magnitude": 0.9830568432807922,
      "direction": [
        0.2873435616493225,
        -0.9578275680541992
      ]
    },
    {
      "coordinates": [
        91,
        170
      ],
      "magnitude": 0.957907497882843,
      "direction": [
        0.3823668360710144,
        -0.9240106344223022
      ]
    },
    {
      "coordinates": [
        113,
        170
      ],
      "magnitude": 1.355074405670166,
      "direction": [
        0.1834084391593933,
        -0.9830368161201477
      ]
    },
    {
      "coordinates": [
        136,
        170
      ],
      "magnitude": 1.2551183700561523,
      "direction": [
        0.1450742930173874,
        -0.9894208312034607
      ]
    },
    {
      "coordinates": [
        159,
        170
      ],
      "magnitude": 0.8548175692558289,
      "direction": [
        0.13530153036117554,
        -0.9908044934272766
      ]
    },
    {
      "coordinates": [
        182,
        170
      ],
      "magnitude": 0.6320077776908875,
      "direction": [
        -0.2786455750465393,
        -0.960394024848938
      ]
    },
    {
      "coordinates": [
        205,
        170
      ],
      "magnitude": 0.5467314124107361,
      "direction": [
        0.036001261323690414,
        -0.9993516802787781
      ]
    },
    {
      "coordinates": [
        227,
        170
      ],
      "magnitude": 0.6547971367835999,
      "direction": [
        0.3940850496292114,
        -0.9190739393234253
      ]
    },
    {
      "coordinates": [
        250,
        170
      ],
      "magnitude": 0.6265232563018799,
      "direction": [
        0.4623030126094818,
        -0.8867219686508179
      ]
    },
    {
      "coordinates": [
        273,
        170
      ],
      "magnitude": 0.5524373054504395,
      "direction": [
        0.6044477820396423,
        -0.7966448068618774
      ]
    },
    {
      "coordinates": [
        296,
        170
      ],
      "magnitude": 0.5514134168624878,
      "direction": [
        0.43277183175086975,
        -0.9015034437179565
      ]
    },
    {
      "coordinates": [
        319,
        170
      ],
      "magnitude": 0.67381352186203,
      "direction": [
        0.4460856020450592,
        -0.8949903845787048
      ]
    },
    {
      "coordinates": [
        0,
        187
      ],
      "magnitude": 0.9983704686164856,
      "direction": [
        0.015056832693517208,
        -0.9998866319656372
      ]
    },
    {
      "coordinates": [
        22,
        187
      ],
      "magnitude": 1.0628968477249146,
      "direction": [
        -0.07829722762107849,
        -0.9969300627708435
      ]
    },
    {
      "coordinates": [
        45,
        187
      ],
      "magnitude": 0.7868295311927795,
      "direction": [
        -0.08718658238649368,
        -0.9961920380592346
      ]
    },
    {
      "coordinates": [
        68,
        187
      ],
      "magnitude": 0.9562227129936218,
      "direction": [
        -0.004254651255905628,
        -0.9999909400939941
      ]
    },
    {
      "coordinates": [
        91,
        187
      ],
      "magnitude": 0.8837395906448364,
      "direction": [
        0.06000981479883194,
        -0.9981977939605713
      ]
    },
    {
      "coordinates": [
        113,
        187
      ],
      "magnitude": 1.281332015991211,
      "direction": [
        0.12375632673501968,
        -0.9923126697540283
      ]
    },
    {
      "coordinates": [
        136,
        187
      ],
      "magnitude": 1.0632036924362183,
      "direction": [
        -0.03089848905801773,
        -0.9995225667953491
      ]
    },
    {
      "coordinates": [
        159,
        187
      ],
      "magnitude": 0.7231738567352295,
      "direction": [
        -0.3820624351501465,
        -0.9241365194320679
      ]
    },
    {
      "coordinates": [
        182,
        187
      ],
      "magnitude": 0.6843077540397644,
      "direction": [
        -0.26963478326797485,
        -0.9629626274108887
      ]
    },
    {
      "coordinates": [
        205,
        187
      ],
      "magnitude": 0.693268895149231,
      "direction": [
        0.07389548420906067,
        -0.9972659349441528
      ]
    },
    {
      "coordinates": [
        227,
        187
      ],
      "magnitude": 0.5586878657341003,
      "direction": [
        0.2455899864435196,
        -0.9693738222122192
      ]
    },
    {
      "coordinates": [
        250,
        187
      ],
      "magnitude": 0.6339098215103149,
      "direction": [
        -0.03179420903325081,
        -0.9994944334030151
      ]
    },
    {
      "coordinates": [
        273,
        187
      ],
      "magnitude": 0.5807060599327087,
      "direction": [
        0.3911706805229187,
        -0.9203181266784668
      ]
    },
    {
      "coordinates": [
        296,
        187
      ],
      "magnitude": 0.6288724541664124,
      "direction": [
        0.557929277420044,
        -0.8298885226249695
      ]
    },
    {
      "coordinates": [
        319,
        187
      ],
      "magnitude": 0.7146835327148438,
      "direction": [
        0.4148544371128082,
        -0.9098878502845764
      ]
    },
    {
      "coordinates": [
        0,
        204
      ],
      "magnitude": 0.9200349450111389,
      "direction": [
        0.1001405417919159,
        -0.9949733018875122
      ]
    },
    {
      "coordinates": [
        22,
        204
      ],
      "magnitude": 0.9723765850067139,
      "direction": [
        -0.10218896716833115,
        -0.9947649836540222
      ]
    },
    {
      "coordinates": [
        45,
        204
      ],
      "magnitude": 0.9398323893547058,
      "direction": [
        -0.09393009543418884,
        -0.9955787658691406
      ]
    },
    {
      "coordinates": [
        68,
        204
      ],
      "magnitude": 0.9648562073707581,
      "direction": [
        -0.009201978333294392,
        -0.9999576210975647
      ]
    },
    {
      "coordinates": [
        91,
        204
      ],
      "magnitude": 0.9054125547409058,
      "direction": [
        0.044439028948545456,
        -0.9990120530128479
      ]
    },
    {
      "coordinates": [
        113,
        204
      ],
      "magnitude": 1.1928417682647705,
      "direction": [
        -0.10285769402980804,
        -0.9946961402893066
      ]
    },
    {
      "coordinates": [
        136,
        204
      ],
      "magnitude": 1.006603717803955,
      "direction": [
        -0.31627821922302246,
        -0.9486663937568665
      ]
    },
    {
      "coordinates": [
        159,
        204
      ],
      "magnitude": 0.7632768750190735,
      "direction": [
        -0.2018294334411621,
        -0.9794206619262695
      ]
    },
    {
      "coordinates": [
        182,
        204
      ],
      "magnitude": 0.8556901812553406,
      "direction": [
        0.02576872706413269,
        -0.9996679425239563
      ]
    },
    {
      "coordinates": [
        205,
        204
      ],
      "magnitude": 0.7694923281669617,
      "direction": [
        -0.08111993968486786,
        -0.9967043399810791
      ]
    },
    {
      "coordinates": [
        227,
        204
      ],
      "magnitude": 0.6608938574790955,
      "direction": [
        -0.050434552133083344,
        -0.9987273812294006
      ]
    },
    {
      "coordinates": [
        250,
        204
      ],
      "magnitude": 0.6005681157112122,
      "direction": [
        0.26952892541885376,
        -0.962992250919342
      ]
    },
    {
      "coordinates": [
        273,
        204
      ],
      "magnitude": 0.6167091131210327,
      "direction": [
        0.14207857847213745,
        -0.9898553490638733
      ]
    },
    {
      "coordinates": [
        296,
        204
      ],
      "magnitude": 0.6546749472618103,
      "direction": [
        0.38482025265693665,
        -0.9229915142059326
      ]
    },
    {
      "coordinates": [
        319,
        204
      ],
      "magnitude": 0.6966472268104553,
      "direction": [
        0.4925256669521332,
        -0.870297908782959
      ]
    },
    {
      "coordinates": [
        0,
        221
      ],
      "magnitude": 0.9136905074119568,
      "direction": [
        0.003289004322141409,
        -0.9999945759773254
      ]
    },
    {
      "coordinates": [
        22,
        221
      ],
      "magnitude": 0.8918736577033997,
      "direction": [
        -0.06271406263113022,
        -0.998031497001648
      ]
    },
    {
      "coordinates": [
        45,
        221
      ],
      "magnitude": 1.0252530574798584,
      "direction": [
        -0.17025266587734222,
        -0.985400378704071
      ]
    },
    {
      "coordinates": [
        68,
        221
      ],
      "magnitude": 0.9839106798171997,
      "direction": [
        -0.08769059926271439,
        -0.9961477518081665
      ]
    },
    {
      "coordinates": [
        91,
        221
      ],
      "magnitude": 0.9298022985458374,
      "direction": [
        -0.026328805834054947,
        -0.9996533393859863
      ]
    },
    {
      "coordinates": [
        113,
        221
      ],
      "magnitude": 1.090022087097168,
      "direction": [
        -0.07037433981895447,
        -0.9975206255912781
      ]
    },
    {
      "coordinates": [
        136,
        221
      ],
      "magnitude": 0.9577565789222717,
      "direction": [
        -0.22375208139419556,
        -0.9746460914611816
      ]
    },
    {
      "coordinates": [
        159,
        221
      ],
      "magnitude": 0.8207102417945862,
      "direction": [
        -0.11097751557826996,
        -0.9938228726387024
      ]
    },
    {
      "coordinates": [
        182,
        221
      ],
      "magnitude": 0.7959161996841431,
      "direction": [
        -0.13074548542499542,
        -0.9914160370826721
      ]
    },
    {
      "coordinates": [
        205,
        221
      ],
      "magnitude": 0.7425733804702759,
      "direction": [
        -0.18847811222076416,
        -0.982077419757843
      ]
    },
    {
      "coordinates": [
        227,
        221
      ],
      "magnitude": 0.7654833793640137,
      "direction": [
        -0.04483103007078171,
        -0.9989945888519287
      ]
    },
    {
      "coordinates": [
        250,
        221
      ],
      "magnitude": 0.6466042399406433,
      "direction": [
        -0.02168401889503002,
        -0.9997648596763611
      ]
    },
    {
      "coordinates": [
        273,
        221
      ],
      "magnitude": 0.6579924821853638,
      "direction": [
        0.26751476526260376,
        -0.963553786277771
      ]
    },
    {
      "coordinates": [
        296,
        221
      ],
      "magnitude": 0.7781222462654114,
      "direction": [
        0.3944118022918701,
        -0.9189338088035583
      ]
    },
    {
      "coordinates": [
        319,
        221
      ],
      "magnitude": 0.8655422925949097,
      "direction": [
        0.4580865800380707,
        -0.8889076113700867
      ]
    },
    {
      "coordinates": [
        0,
        239
      ],
      "magnitude": 0.9235981702804565,
      "direction": [
        0.3283899128437042,
        -0.9445422887802124
      ]
    },
    {
      "coordinates": [
        22,
        239
      ],
      "magnitude": 0.7504870891571045,
      "direction": [
        0.3489221930503845,
        -0.9371517300605774
      ]
    },
    {
      "coordinates": [
        45,
        239
      ],
      "magnitude": 0.9857999682426453,
      "direction": [
        -0.10293146222829819,
        -0.9946884512901306
      ]
    },
    {
      "coordinates": [
        68,
        239
      ],
      "magnitude": 1.0078216791152954,
      "direction": [
        -0.3319069445133209,
        -0.9433121681213379
      ]
    },
    {
      "coordinates": [
        91,
        239
      ],
      "magnitude": 1.1663291454315186,
      "direction": [
        -0.3436756432056427,
        -0.9390883445739746
      ]
    },
    {
      "coordinates": [
        113,
        239
      ],
      "magnitude": 1.1915416717529297,
      "direction": [
        -0.31493765115737915,
        -0.9491123557090759
      ]
    },
    {
      "coordinates": [
        136,
        239
      ],
      "magnitude": 0.9661582708358765,
      "direction": [
        0.03532012552022934,
        -0.9993760585784912
      ]
    },
    {
      "coordinates": [
        159,
        239
      ],
      "magnitude": 0.9126461744308472,
      "direction": [
        0.1345432698726654,
        -0.9909077286720276
      ]
    },
    {
      "coordinates": [
        182,
        239
      ],
      "magnitude": 0.757322371006012,
      "direction": [
        -0.18111173808574677,
        -0.9834625124931335
      ]
    },
    {
      "coordinates": [
        205,
        239
      ],
      "magnitude": 0.7795411348342896,
      "direction": [
        0.0036696207243949175,
        -0.9999932646751404
      ]
    },
    {
      "coordinates": [
        227,
        239
      ],
      "magnitude": 0.8670827150344849,
      "direction": [
        0.037876322865486145,
        -0.9992824196815491
      ]
    },
    {
      "coordinates": [
        250,
        239
      ],
      "magnitude": 0.7631276845932007,
      "direction": [
        0.174476757645607,
        -0.9846612811088562
      ]
    },
    {
      "coordinates": [
        273,
        239
      ],
      "magnitude": 0.6950054168701172,
      "direction": [
        0.4378458261489868,
        -0.8990500569343567
      ]
    },
    {
      "coordinates": [
        296,
        239
      ],
      "magnitude": 0.9642615914344788,
      "direction": [
        0.3690298795700073,
        -0.9294174909591675
      ]
    },
    {
      "coordinates": [
        319,
        239
      ],
      "magnitude": 0.867550790309906,
      "direction": [
        0.6487383246421814,
        -0.76101154088974
      ]
    }
  ]
}