{
  "recording_timestamp": 1756815988.9287422,
  "mean_fz": -1.9152,
  "peak_intensity": 0.723,
  "deformation_mesh": [
    {
      "coordinates": [
        0,
        0
      ],
      "magnitude": 3.043968677520752,
      "direction": [
        -0.7076572775840759,
        -0.7065559029579163
      ]
    },
    {
      "coordinates": [
        22,
        0
      ],
      "magnitude": 2.9692087173461914,
      "direction": [
        -0.6281600594520569,
        -0.7780840992927551
      ]
    },
    {
      "coordinates": [
        45,
        0
      ],
      "magnitude": 3.342329263687134,
      "direction": [
        -0.5785043239593506,
        -0.8156793713569641
      ]
    },
    {
      "coordinates": [
        68,
        0
      ],
      "magnitude": 3.114347457885742,
      "direction": [
        -0.5743623375892639,
        -0.8186012506484985
      ]
    },
    {
      "coordinates": [
        91,
        0
      ],
      "magnitude": 3.0621836185455322,
      "direction": [
        -0.37776610255241394,
        -0.9259010553359985
      ]
    },
    {
      "coordinates": [
        113,
        0
      ],
      "magnitude": 3.4739973545074463,
      "direction": [
        -0.16293570399284363,
        -0.9866366982460022
      ]
    },
    {
      "coordinates": [
        136,
        0
      ],
      "magnitude": 3.3391120433807373,
      "direction": [
        0.012225242331624031,
        -0.9999253153800964
      ]
    },
    {
      "coordinates": [
        159,
        0
      ],
      "magnitude": 3.2342073917388916,
      "direction": [
        0.1674402803182602,
        -0.9858822226524353
      ]
    },
    {
      "coordinates": [
        182,
        0
      ],
      "magnitude": 3.2498819828033447,
      "direction": [
        0.28200656175613403,
        -0.9594123959541321
      ]
    },
    {
      "coordinates": [
        205,
        0
      ],
      "magnitude": 2.9604077339172363,
      "direction": [
        0.44489818811416626,
        -0.895581066608429
      ]
    },
    {
      "coordinates": [
        227,
        0
      ],
      "magnitude": 2.9227755069732666,
      "direction": [
        0.4971347153186798,
        -0.867673397064209
      ]
    },
    {
      "coordinates": [
        250,
        0
      ],
      "magnitude": 2.9536147117614746,
      "direction": [
        0.3955680727958679,
        -0.9184366464614868
      ]
    },
    {
      "coordinates": [
        273,
        0
      ],
      "magnitude": 3.150420665740967,
      "direction": [
        0.4820858836174011,
        -0.8761239647865295
      ]
    },
    {
      "coordinates": [
        296,
        0
      ],
      "magnitude": 2.8915622234344482,
      "direction": [
        0.6725784540176392,
        -0.7400257587432861
      ]
    },
    {
      "coordinates": [
        319,
        0
      ],
      "magnitude": 3.133617639541626,
      "direction": [
        0.6963606476783752,
        -0.7176920175552368
      ]
    },
    {
      "coordinates": [
        0,
        17
      ],
      "magnitude": 2.9250118732452393,
      "direction": [
        -0.7083463072776794,
        -0.7058650255203247
      ]
    },
    {
      "coordinates": [
        22,
        17
      ],
      "magnitude": 3.0964667797088623,
      "direction": [
        -0.6374287009239197,
        -0.7705093622207642
      ]
    },
    {
      "coordinates": [
        45,
        17
      ],
      "magnitude": 3.235416889190674,
      "direction": [
        -0.5497563481330872,
        -0.8353251218795776
      ]
    },
    {
      "coordinates": [
        68,
        17
      ],
      "magnitude": 3.237799882888794,
      "direction": [
        -0.5124150514602661,
        -0.8587380051612854
      ]
    },
    {
      "coordinates": [
        91,
        17
      ],
      "magnitude": 3.343639373779297,
      "direction": [
        -0.3628755509853363,
        -0.9318376183509827
      ]
    },
    {
      "coordinates": [
        113,
        17
      ],
      "magnitude": 3.4662299156188965,
      "direction": [
        -0.22542184591293335,
        -0.9742612242698669
      ]
    },
    {
      "coordinates": [
        136,
        17
      ],
      "magnitude": 3.4199600219726562,
      "direction": [
        0.05138406902551651,
        -0.9986789226531982
      ]
    },
    {
      "coordinates": [
        159,
        17
      ],
      "magnitude": 3.2779734134674072,
      "direction": [
        0.19496668875217438,
        -0.9808098673820496
      ]
    },
    {
      "coordinates": [
        182,
        17
      ],
      "magnitude": 3.4582810401916504,
      "direction": [
        0.2821508049964905,
        -0.9593700170516968
      ]
    },
    {
      "coordinates": [
        205,
        17
      ],
      "magnitude": 3.095120906829834,
      "direction": [
        0.49501505494117737,
        -0.8688843846321106
      ]
    },
    {
      "coordinates": [
        227,
        17
      ],
      "magnitude": 2.93123722076416,
      "direction": [
        0.4881499409675598,
        -0.8727597594261169
      ]
    },
    {
      "coordinates": [
        250,
        17
      ],
      "magnitude": 2.686309337615967,
      "direction": [
        0.495181143283844,
        -0.8687897324562073
      ]
    },
    {
      "coordinates": [
        273,
        17
      ],
      "magnitude": 2.8138041496276855,
      "direction": [
        0.6237305998802185,
        -0.7816393971443176
      ]
    },
    {
      "coordinates": [
        296,
        17
      ],
      "magnitude": 2.979218006134033,
      "direction": [
        0.7060508728027344,
        -0.7081611752510071
      ]
    },
    {
      "coordinates": [
        319,
        17
      ],
      "magnitude": 3.158740282058716,
      "direction": [
        0.7389549016952515,
        -0.673754870891571
      ]
    },
    {
      "coordinates": [
        0,
        34
      ],
      "magnitude": 2.9692206382751465,
      "direction": [
        -0.7390168309211731,
        -0.6736869812011719
      ]
    },
    {
      "coordinates": [
        22,
        34
      ],
      "magnitude": 3.243345022201538,
      "direction": [
        -0.6561253070831299,
        -0.7546519041061401
      ]
    },
    {
      "coordinates": [
        45,
        34
      ],
      "magnitude": 3.1314029693603516,
      "direction": [
        -0.5855213403701782,
        -0.8106569647789001
      ]
    },
    {
      "coordinates": [
        68,
        34
      ],
      "magnitude": 3.119255781173706,
      "direction": [
        -0.4757850766181946,
        -0.8795616626739502
      ]
    },
    {
      "coordinates": [
        91,
        34
      ],
      "magnitude": 3.4583580493927,
      "direction": [
        -0.307622492313385,
        -0.9515084624290466
      ]
    },
    {
      "coordinates": [
        113,
        34
      ],
      "magnitude": 3.7898967266082764,
      "direction": [
        -0.14968128502368927,
        -0.988734245300293
      ]
    },
    {
      "coordinates": [
        136,
        34
      ],
      "magnitude": 3.685915470123291,
      "direction": [
        0.05550369620323181,
        -0.9984584450721741
      ]
    },
    {
      "coordinates": [
        159,
        34
      ],
      "magnitude": 3.5299570560455322,
      "direction": [
        0.23049142956733704,
        -0.9730743765830994
      ]
    },
    {
      "coordinates": [
        182,
        34
      ],
      "magnitude": 3.5790457725524902,
      "direction": [
        0.37201470136642456,
        -0.928226888179779
      ]
    },
    {
      "coordinates": [
        205,
        34
      ],
      "magnitude": 3.306400775909424,
      "direction": [
        0.4840605556964874,
        -0.875034511089325
      ]
    },
    {
      "coordinates": [
        227,
        34
      ],
      "magnitude": 2.938760995864868,
      "direction": [
        0.529875636100769,
        -0.8480753302574158
      ]
    },
    {
      "coordinates": [
        250,
        34
      ],
      "magnitude": 2.91164493560791,
      "direction": [
        0.5954286456108093,
        -0.8034082055091858
      ]
    },
    {
      "coordinates": [
        273,
        34
      ],
      "magnitude": 2.8547937870025635,
      "direction": [
        0.6942068338394165,
        -0.7197756171226501
      ]
    },
    {
      "coordinates": [
        296,
        34
      ],
      "magnitude": 2.884474754333496,
      "direction": [
        0.7119957804679871,
        -0.702183723449707
      ]
    },
    {
      "coordinates": [
        319,
        34
      ],
      "magnitude": 2.947497844696045,
      "direction": [
        0.7844566106796265,
        -0.6201837658882141
      ]
    },
    {
      "coordinates": [
        0,
        51
      ],
      "magnitude": 3.1980440616607666,
      "direction": [
        -0.8021697402000427,
        -0.5970960855484009
      ]
    },
    {
      "coordinates": [
        22,
        51
      ],
      "magnitude": 3.1197471618652344,
      "direction": [
        -0.7433485984802246,
        -0.668904185295105
      ]
    },
    {
      "coordinates": [
        45,
        51
      ],
      "magnitude": 3.0747230052948,
      "direction": [
        -0.652296245098114,
        -0.7579641938209534
      ]
    },
    {
      "coordinates": [
        68,
        51
      ],
      "magnitude": 3.278815746307373,
      "direction": [
        -0.5043966770172119,
        -0.863472044467926
      ]
    },
    {
      "coordinates": [
        91,
        51
      ],
      "magnitude": 3.8015565872192383,
      "direction": [
        -0.39368975162506104,
        -0.9192433953285217
      ]
    },
    {
      "coordinates": [
        113,
        51
      ],
      "magnitude": 4.002851486206055,
      "direction": [
        -0.20155131816864014,
        -0.9794779419898987
      ]
    },
    {
      "coordinates": [
        136,
        51
      ],
      "magnitude": 4.058888912200928,
      "direction": [
        0.02469707280397415,
        -0.9996950030326843
      ]
    },
    {
      "coordinates": [
        159,
        51
      ],
      "magnitude": 3.944511890411377,
      "direction": [
        0.3113821744918823,
        -0.9502847790718079
      ]
    },
    {
      "coordinates": [
        182,
        51
      ],
      "magnitude": 3.629390239715576,
      "direction": [
        0.43886125087738037,
        -0.8985548615455627
      ]
    },
    {
      "coordinates": [
        205,
        51
      ],
      "magnitude": 3.1064834594726562,
      "direction": [
        0.5801083445549011,
        -0.81453937292099
      ]
    },
    {
      "coordinates": [
        227,
        51
      ],
      "magnitude": 3.0256922245025635,
      "direction": [
        0.6445932388305664,
        -0.7645257115364075
      ]
    },
    {
      "coordinates": [
        250,
        51
      ],
      "magnitude": 2.801821231842041,
      "direction": [
        0.6528464555740356,
        -0.7574902176856995
      ]
    },
    {
      "coordinates": [
        273,
        51
      ],
      "magnitude": 2.50335693359375,
      "direction": [
        0.8086933493614197,
        -0.5882304906845093
      ]
    },
    {
      "coordinates": [
        296,
        51
      ],
      "magnitude": 2.874873638153076,
      "direction": [
        0.7347230911254883,
        -0.6783671379089355
      ]
    },
    {
      "coordinates": [
        319,
        51
      ],
      "magnitude": 2.8259694576263428,
      "direction": [
        0.7661853432655334,
        -0.6426196098327637
      ]
    },
    {
      "coordinates": [
        0,
        68
      ],
      "magnitude": 2.7625463008880615,
      "direction": [
        -0.8188169002532959,
        -0.5740546584129333
      ]
    },
    {
      "coordinates": [
        22,
        68
      ],
      "magnitude": 3.1476855278015137,
      "direction": [
        -0.8064720034599304,
        -0.5912721753120422
      ]
    },
    {
      "coordinates": [
        45,
        68
      ],
      "magnitude": 3.0864081382751465,
      "direction": [
        -0.7719478607177734,
        -0.6356858611106873
      ]
    },
    {
      "coordinates": [
        68,
        68
      ],
      "magnitude": 3.308318853378296,
      "direction": [
        -0.6715683341026306,
        -0.7409425377845764
      ]
    },
    {
      "coordinates": [
        91,
        68
      ],
      "magnitude": 3.994036912918091,
      "direction": [
        -0.49012234807014465,
        -0.87165367603302
      ]
    },
    {
      "coordinates": [
        113,
        68
      ],
      "magnitude": 4.911314964294434,
      "direction": [
        -0.3242454528808594,
        -0.9459729790687561
      ]
    },
    {
      "coordinates": [
        136,
        68
      ],
      "magnitude": 5.310047626495361,
      "direction": [
        0.09535068273544312,
        -0.9954437613487244
      ]
    },
    {
      "coordinates": [
        159,
        68
      ],
      "magnitude": 4.90053129196167,
      "direction": [
        0.43428996205329895,
        -0.9007730484008789
      ]
    },
    {
      "coordinates": [
        182,
        68
      ],
      "magnitude": 3.9093565940856934,
      "direction": [
        0.5915355682373047,
        -0.8062789440155029
      ]
    },
    {
      "coordinates": [
        205,
        68
      ],
      "magnitude": 3.0976128578186035,
      "direction": [
        0.7005019187927246,
        -0.7136505246162415
      ]
    },
    {
      "coordinates": [
        227,
        68
      ],
      "magnitude": 2.9712862968444824,
      "direction": [
        0.7283000946044922,
        -0.6852582693099976
      ]
    },
    {
      "coordinates": [
        250,
        68
      ],
      "magnitude": 2.7768733501434326,
      "direction": [
        0.717853844165802,
        -0.6961938738822937
      ]
    },
    {
      "coordinates": [
        273,
        68
      ],
      "magnitude": 2.5583102703094482,
      "direction": [
        0.8342466950416565,
        -0.5513913631439209
      ]
    },
    {
      "coordinates": [
        296,
        68
      ],
      "magnitude": 2.703730583190918,
      "direction": [
        0.8606567978858948,
        -0.5091855525970459
      ]
    },
    {
      "coordinates": [
        319,
        68
      ],
      "magnitude": 2.604844093322754,
      "direction": [
        0.8434296250343323,
        -0.537239670753479
      ]
    },
    {
      "coordinates": [
        0,
        85
      ],
      "magnitude": 2.7257750034332275,
      "direction": [
        -0.8682548999786377,
        -0.49611836671829224
      ]
    },
    {
      "coordinates": [
        22,
        85
      ],
      "magnitude": 3.0917227268218994,
      "direction": [
        -0.8614132404327393,
        -0.5079048275947571
      ]
    },
    {
      "coordinates": [
        45,
        85
      ],
      "magnitude": 2.981971025466919,
      "direction": [
        -0.846200704574585,
        -0.5328643918037415
      ]
    },
    {
      "coordinates": [
        68,
        85
      ],
      "magnitude": 3.583285093307495,
      "direction": [
        -0.772040843963623,
        -0.6355729103088379
      ]
    },
    {
      "coordinates": [
        91,
        85
      ],
      "magnitude": 4.5852789878845215,
      "direction": [
        -0.6398274302482605,
        -0.7685186266899109
      ]
    },
    {
      "coordinates": [
        113,
        85
      ],
      "magnitude": 6.528913497924805,
      "direction": [
        -0.39184725284576416,
        -0.9200302958488464
      ]
    },
    {
      "coordinates": [
        136,
        85
      ],
      "magnitude": 6.767327785491943,
      "direction": [
        0.0856897309422493,
        -0.9963218569755554
      ]
    },
    {
      "coordinates": [
        159,
        85
      ],
      "magnitude": 5.51589298248291,
      "direction": [
        0.6080012321472168,
        -0.7939361333847046
      ]
    },
    {
      "coordinates": [
        182,
        85
      ],
      "magnitude": 4.219537734985352,
      "direction": [
        0.7258217930793762,
        -0.6878827810287476
      ]
    },
    {
      "coordinates": [
        205,
        85
      ],
      "magnitude": 3.696009874343872,
      "direction": [
        0.8167570233345032,
        -0.5769817233085632
      ]
    },
    {
      "coordinates": [
        227,
        85
      ],
      "magnitude": 2.8311657905578613,
      "direction": [
        0.8134207129478455,
        -0.5816757082939148
      ]
    },
    {
      "coordinates": [
        250,
        85
      ],
      "magnitude": 2.760568857192993,
      "direction": [
        0.8437785506248474,
        -0.536691427230835
      ]
    },
    {
      "coordinates": [
        273,
        85
      ],
      "magnitude": 2.7737460136413574,
      "direction": [
        0.8866070508956909,
        -0.4625234305858612
      ]
    },
    {
      "coordinates": [
        296,
        85
      ],
      "magnitude": 2.522160530090332,
      "direction": [
        0.8741229772567749,
        -0.4857044816017151
      ]
    },
    {
      "coordinates": [
        319,
        85
      ],
      "magnitude": 2.6625640392303467,
      "direction": [
        0.8909131288528442,
        -0.45417365431785583
      ]
    },
    {
      "coordinates": [
        0,
        102
      ],
      "magnitude": 2.8007092475891113,
      "direction": [
        -0.9032844305038452,
        -0.429042249917984
      ]
    },
    {
      "coordinates": [
        22,
        102
      ],
      "magnitude": 2.6781318187713623,
      "direction": [
        -0.8662899732589722,
        -0.4995415210723877
      ]
    },
    {
      "coordinates": [
        45,
        102
      ],
      "magnitude": 2.915743827819824,
      "direction": [
        -0.9216865301132202,
        -0.3879355490207672
      ]
    },
    {
      "coordinates": [
        68,
        102
      ],
      "magnitude": 3.692974090576172,
      "direction": [
        -0.916293740272522,
        -0.4005068242549896
      ]
    },
    {
      "coordinates": [
        91,
        102
      ],
      "magnitude": 4.5882158279418945,
      "direction": [
        -0.8252195119857788,
        -0.564812183380127
      ]
    },
    {
      "coordinates": [
        113,
        102
      ],
      "magnitude": 6.1275200843811035,
      "direction": [
        -0.6092377305030823,
        -0.7929876446723938
      ]
    },
    {
      "coordinates": [
        136,
        102
      ],
      "magnitude": 7.222461223602295,
      "direction": [
        0.5013486742973328,
        -0.8652453422546387
      ]
    },
    {
      "coordinates": [
        159,
        102
      ],
      "magnitude": 7.42081880569458,
      "direction": [
        0.8012087345123291,
        -0.5983849167823792
      ]
    },
    {
      "coordinates": [
        182,
        102
      ],
      "magnitude": 4.56992769241333,
      "direction": [
        0.8839693069458008,
        -0.4675449728965759
      ]
    },
    {
      "coordinates": [
        205,
        102
      ],
      "magnitude": 3.6069908142089844,
      "direction": [
        0.9425439238548279,
        -0.3340822160243988
      ]
    },
    {
      "coordinates": [
        227,
        102
      ],
      "magnitude": 2.799326181411743,
      "direction": [
        0.9382153749465942,
        -0.34605178236961365
      ]
    },
    {
      "coordinates": [
        250,
        102
      ],
      "magnitude": 2.7050323486328125,
      "direction": [
        0.9026364088058472,
        -0.4304039478302002
      ]
    },
    {
      "coordinates": [
        273,
        102
      ],
      "magnitude": 2.66186261177063,
      "direction": [
        0.9372488856315613,
        -0.34866124391555786
      ]
    },
    {
      "coordinates": [
        296,
        102
      ],
      "magnitude": 2.4502904415130615,
      "direction": [
        0.9203401803970337,
        -0.3911189138889313
      ]
    },
    {
      "coordinates": [
        319,
        102
      ],
      "magnitude": 2.5899641513824463,
      "direction": [
        0.9144089221954346,
        -0.4047917127609253
      ]
    },
    {
      "coordinates": [
        0,
        119
      ],
      "magnitude": 2.5351195335388184,
      "direction": [
        -0.9502108693122864,
        -0.31160756945610046
      ]
    },
    {
      "coordinates": [
        22,
        119
      ],
      "magnitude": 2.539102792739868,
      "direction": [
        -0.9343236684799194,
        -0.35642558336257935
      ]
    },
    {
      "coordinates": [
        45,
        119
      ],
      "magnitude": 2.7355141639709473,
      "direction": [
        -0.9791689515113831,
        -0.20304742455482483
      ]
    },
    {
      "coordinates": [
        68,
        119
      ],
      "magnitude": 3.3053557872772217,
      "direction": [
        -0.9746209979057312,
        -0.22386133670806885
      ]
    },
    {
      "coordinates": [
        91,
        119
      ],
      "magnitude": 4.597592830657959,
      "direction": [
        -0.9799171090126038,
        -0.19940514862537384
      ]
    },
    {
      "coordinates": [
        113,
        119
      ],
      "magnitude": 5.250454902648926,
      "direction": [
        -0.9893960356712341,
        -0.145242840051651
      ]
    },
    {
      "coordinates": [
        136,
        119
      ],
      "magnitude": 3.7903239727020264,
      "direction": [
        0.9959726333618164,
        -0.08965767920017242
      ]
    },
    {
      "coordinates": [
        159,
        119
      ],
      "magnitude": 6.891849040985107,
      "direction": [
        0.9999019503593445,
        -0.014002052135765553
      ]
    },
    {
      "coordinates": [
        182,
        119
      ],
      "magnitude": 4.002013683319092,
      "direction": [
        0.9936054944992065,
        -0.1129072979092598
      ]
    },
    {
      "coordinates": [
        205,
        119
      ],
      "magnitude": 3.360447406768799,
      "direction": [
        0.9764251112937927,
        -0.2158563733100891
      ]
    },
    {
      "coordinates": [
        227,
        119
      ],
      "magnitude": 2.7462635040283203,
      "direction": [
        0.9735668301582336,
        -0.228402242064476
      ]
    },
    {
      "coordinates": [
        250,
        119
      ],
      "magnitude": 2.4086732864379883,
      "direction": [
        0.9671111106872559,
        -0.25435441732406616
      ]
    },
    {
      "coordinates": [
        273,
        119
      ],
      "magnitude": 2.5770647525787354,
      "direction": [
        0.9889634251594543,
        -0.14815954864025116
      ]
    },
    {
      "coordinates": [
        296,
        119
      ],
      "magnitude": 2.366870164871216,
      "direction": [
        0.9605423212051392,
        -0.27813369035720825
      ]
    },
    {
      "coordinates": [
        319,
        119
      ],
      "magnitude": 2.4163591861724854,
      "direction": [
        0.9568321108818054,
        -0.2906409800052643
      ]
    },
    {
      "coordinates": [
        0,
        136
      ],
      "magnitude": 2.5927042961120605,
      "direction": [
        -0.9856902956962585,
        -0.16856646537780762
      ]
    },
    {
      "coordinates": [
        22,
        136
      ],
      "magnitude": 2.3607163429260254,
      "direction": [
        -0.9824768900871277,
        -0.186384379863739
      ]
    },
    {
      "coordinates": [
        45,
        136
      ],
      "magnitude": 2.292295455932617,
      "direction": [
        -0.9994820356369019,
        0.03218130022287369
      ]
    },
    {
      "coordinates": [
        68,
        136
      ],
      "magnitude": 2.8154139518737793,
      "direction": [
        -0.9962638020515442,
        0.08636237680912018
      ]
    },
    {
      "coordinates": [
        91,
        136
      ],
      "magnitude": 4.006914138793945,
      "direction": [
        -0.969146728515625,
        0.24648475646972656
      ]
    },
    {
      "coordinates": [
        113,
        136
      ],
      "magnitude": 4.8975090980529785,
      "direction": [
        -0.7333142757415771,
        0.6798898577690125
      ]
    },
    {
      "coordinates": [
        136,
        136
      ],
      "magnitude": 5.167579174041748,
      "direction": [
        0.35998186469078064,
        0.9329593181610107
      ]
    },
    {
      "coordinates": [
        159,
        136
      ],
      "magnitude": 4.63373327255249,
      "direction": [
        0.901372492313385,
        0.4330446720123291
      ]
    },
    {
      "coordinates": [
        182,
        136
      ],
      "magnitude": 3.5240530967712402,
      "direction": [
        0.9926010370254517,
        0.12142187356948853
      ]
    },
    {
      "coordinates": [
        205,
        136
      ],
      "magnitude": 2.91367244720459,
      "direction": [
        0.9958304166793823,
        -0.09122415632009506
      ]
    },
    {
      "coordinates": [
        227,
        136
      ],
      "magnitude": 2.5685200691223145,
      "direction": [
        0.9936246275901794,
        -0.11273886263370514
      ]
    },
    {
      "coordinates": [
        250,
        136
      ],
      "magnitude": 2.4419054985046387,
      "direction": [
        0.993910014629364,
        -0.110195092856884
      ]
    },
    {
      "coordinates": [
        273,
        136
      ],
      "magnitude": 2.544921636581421,
      "direction": [
        0.9925184845924377,
        -0.1220942959189415
      ]
    },
    {
      "coordinates": [
        296,
        136
      ],
      "magnitude": 2.421318531036377,
      "direction": [
        0.9834433794021606,
        -0.18121568858623505
      ]
    },
    {
      "coordinates": [
        319,
        136
      ],
      "magnitude": 2.353672742843628,
      "direction": [
        0.9947771430015564,
        -0.10206981003284454
      ]
    },
    {
      "coordinates": [
        0,
        153
      ],
      "magnitude": 2.123558521270752,
      "direction": [
        -0.9948214888572693,
        -0.10163714736700058
      ]
    },
    {
      "coordinates": [
        22,
        153
      ],
      "magnitude": 2.127805709838867,
      "direction": [
        -0.9983331561088562,
        -0.05771392211318016
      ]
    },
    {
      "coordinates": [
        45,
        153
      ],
      "magnitude": 2.2021665573120117,
      "direction": [
        -0.9960564374923706,
        0.08872232586145401
      ]
    },
    {
      "coordinates": [
        68,
        153
      ],
      "magnitude": 2.6030678749084473,
      "direction": [
        -0.9837198257446289,
        0.17970925569534302
      ]
    },
    {
      "coordinates": [
        91,
        153
      ],
      "magnitude": 2.6735565662384033,
      "direction": [
        -0.8855674862861633,
        0.4645107090473175
      ]
    },
    {
      "coordinates": [
        113,
        153
      ],
      "magnitude": 3.3164596557617188,
      "direction": [
        -0.4489159882068634,
        0.8935739994049072
      ]
    },
    {
      "coordinates": [
        136,
        153
      ],
      "magnitude": 3.867722272872925,
      "direction": [
        0.2882165014743805,
        0.9575653076171875
      ]
    },
    {
      "coordinates": [
        159,
        153
      ],
      "magnitude": 3.9041285514831543,
      "direction": [
        0.7182410359382629,
        0.695794403553009
      ]
    },
    {
      "coordinates": [
        182,
        153
      ],
      "magnitude": 2.918992757797241,
      "direction": [
        0.9309258460998535,
        0.36520838737487793
      ]
    },
    {
      "coordinates": [
        205,
        153
      ],
      "magnitude": 2.2958381175994873,
      "direction": [
        0.9549005031585693,
        0.2969260811805725
      ]
    },
    {
      "coordinates": [
        227,
        153
      ],
      "magnitude": 2.2910044193267822,
      "direction": [
        0.9999218583106995,
        0.012504860758781433
      ]
    },
    {
      "coordinates": [
        250,
        153
      ],
      "magnitude": 2.3391427993774414,
      "direction": [
        0.9996725916862488,
        0.02558826468884945
      ]
    },
    {
      "coordinates": [
        273,
        153
      ],
      "magnitude": 2.1749508380889893,
      "direction": [
        0.9963100552558899,
        -0.08582702279090881
      ]
    },
    {
      "coordinates": [
        296,
        153
      ],
      "magnitude": 2.3495709896087646,
      "direction": [
        0.9962775707244873,
        -0.08620348572731018
      ]
    },
    {
      "coordinates": [
        319,
        153
      ],
      "magnitude": 2.403371572494507,
      "direction": [
        0.9875084161758423,
        -0.1575661152601242
      ]
    },
    {
      "coordinates": [
        0,
        170
      ],
      "magnitude": 1.920409917831421,
      "direction": [
        -0.9920633435249329,
        -0.12573881447315216
      ]
    },
    {
      "coordinates": [
        22,
        170
      ],
      "magnitude": 1.9367995262145996,
      "direction": [
        -0.9980190992355347,
        0.0629119724035263
      ]
    },
    {
      "coordinates": [
        45,
        170
      ],
      "magnitude": 2.009556293487549,
      "direction": [
        -0.9748921990394592,
        0.22267718613147736
      ]
    },
    {
      "coordinates": [
        68,
        170
      ],
      "magnitude": 2.191382646560669,
      "direction": [
        -0.9182751178741455,
        0.3959430754184723
      ]
    },
    {
      "coordinates": [
        91,
        170
      ],
      "magnitude": 2.2791895866394043,
      "direction": [
        -0.7024467587471008,
        0.711736261844635
      ]
    },
    {
      "coordinates": [
        113,
        170
      ],
      "magnitude": 2.4907193183898926,
      "direction": [
        -0.3644844591617584,
        0.9312095046043396
      ]
    },
    {
      "coordinates": [
        136,
        170
      ],
      "magnitude": 2.5864951610565186,
      "direction": [
        0.19065259397029877,
        0.9816575646400452
      ]
    },
    {
      "coordinates": [
        159,
        170
      ],
      "magnitude": 2.3614673614501953,
      "direction": [
        0.6189390420913696,
        0.7854390144348145
      ]
    },
    {
      "coordinates": [
        182,
        170
      ],
      "magnitude": 2.215592384338379,
      "direction": [
        0.817105770111084,
        0.5764877200126648
      ]
    },
    {
      "coordinates": [
        205,
        170
      ],
      "magnitude": 2.0719716548919678,
      "direction": [
        0.896432638168335,
        0.44317999482154846
      ]
    },
    {
      "coordinates": [
        227,
        170
      ],
      "magnitude": 2.1079185009002686,
      "direction": [
        0.9799283146858215,
        0.19935040175914764
      ]
    },
    {
      "coordinates": [
        250,
        170
      ],
      "magnitude": 2.268263578414917,
      "direction": [
        0.9856800436973572,
        0.16862653195858002
      ]
    },
    {
      "coordinates": [
        273,
        170
      ],
      "magnitude": 2.036437749862671,
      "direction": [
        0.9883135557174683,
        0.15243478119373322
      ]
    },
    {
      "coordinates": [
        296,
        170
      ],
      "magnitude": 2.2092368602752686,
      "direction": [
        0.997146725654602,
        -0.07548755407333374
      ]
    },
    {
      "coordinates": [
        319,
        170
      ],
      "magnitude": 2.3975350856781006,
      "direction": [
        0.9980196952819824,
        -0.06290224939584732
      ]
    },
    {
      "coordinates": [
        0,
        187
      ],
      "magnitude": 2.0084621906280518,
      "direction": [
        -0.9968816637992859,
        0.07891156524419785
      ]
    },
    {
      "coordinates": [
        22,
        187
      ],
      "magnitude": 1.795217514038086,
      "direction": [
        -0.9937832355499268,
        0.11133226752281189
      ]
    },
    {
      "coordinates": [
        45,
        187
      ],
      "magnitude": 1.967849850654602,
      "direction": [
        -0.9514108300209045,
        0.30792436003685
      ]
    },
    {
      "coordinates": [
        68,
        187
      ],
      "magnitude": 2.0080513954162598,
      "direction": [
        -0.8823777437210083,
        0.47054171562194824
      ]
    },
    {
      "coordinates": [
        91,
        187
      ],
      "magnitude": 2.1000115871429443,
      "direction": [
        -0.6932953000068665,
        0.7206536531448364
      ]
    },
    {
      "coordinates": [
        113,
        187
      ],
      "magnitude": 1.7681587934494019,
      "direction": [
        -0.4247716963291168,
        0.905300498008728
      ]
    },
    {
      "coordinates": [
        136,
        187
      ],
      "magnitude": 1.873733639717102,
      "direction": [
        0.1976901739835739,
        0.9802645444869995
      ]
    },
    {
      "coordinates": [
        159,
        187
      ],
      "magnitude": 1.9462546110153198,
      "direction": [
        0.3593839406967163,
        0.9331898093223572
      ]
    },
    {
      "coordinates": [
        182,
        187
      ],
      "magnitude": 1.9202322959899902,
      "direction": [
        0.7073237299919128,
        0.7068897485733032
      ]
    },
    {
      "coordinates": [
        205,
        187
      ],
      "magnitude": 1.7687703371047974,
      "direction": [
        0.8464190363883972,
        0.5325174927711487
      ]
    },
    {
      "coordinates": [
        227,
        187
      ],
      "magnitude": 1.8982493877410889,
      "direction": [
        0.9187386631965637,
        0.3948662579059601
      ]
    },
    {
      "coordinates": [
        250,
        187
      ],
      "magnitude": 1.7594555616378784,
      "direction": [
        0.9810698628425598,
        0.1936539113521576
      ]
    },
    {
      "coordinates": [
        273,
        187
      ],
      "magnitude": 1.8730772733688354,
      "direction": [
        0.9863534569740295,
        0.16464141011238098
      ]
    },
    {
      "coordinates": [
        296,
        187
      ],
      "magnitude": 1.7601230144500732,
      "direction": [
        0.9923750758171082,
        0.12325450032949448
      ]
    },
    {
      "coordinates": [
        319,
        187
      ],
      "magnitude": 1.9425231218338013,
      "direction": [
        0.9926632046699524,
        0.12091226130723953
      ]
    },
    {
      "coordinates": [
        0,
        204
      ],
      "magnitude": 2.252164363861084,
      "direction": [
        -0.9814578294754028,
        0.19167809188365936
      ]
    },
    {
      "coordinates": [
        22,
        204
      ],
      "magnitude": 1.9251829385757446,
      "direction": [
        -0.9598956108093262,
        0.28035759925842285
      ]
    },
    {
      "coordinates": [
        45,
        204
      ],
      "magnitude": 1.7272766828536987,
      "direction": [
        -0.9130935072898865,
        0.4077501595020294
      ]
    },
    {
      "coordinates": [
        68,
        204
      ],
      "magnitude": 1.810577392578125,
      "direction": [
        -0.7283598184585571,
        0.6851948499679565
      ]
    },
    {
      "coordinates": [
        91,
        204
      ],
      "magnitude": 1.797611951828003,
      "direction": [
        -0.6660916805267334,
        0.7458698749542236
      ]
    },
    {
      "coordinates": [
        113,
        204
      ],
      "magnitude": 1.569861650466919,
      "direction": [
        -0.5571544766426086,
        0.8304088711738586
      ]
    },
    {
      "coordinates": [
        136,
        204
      ],
      "magnitude": 1.6343094110488892,
      "direction": [
        -0.055046770721673965,
        0.9984837770462036
      ]
    },
    {
      "coordinates": [
        159,
        204
      ],
      "magnitude": 1.7456108331680298,
      "direction": [
        0.3558656573295593,
        0.9345371127128601
      ]
    },
    {
      "coordinates": [
        182,
        204
      ],
      "magnitude": 1.6234949827194214,
      "direction": [
        0.5877615809440613,
        0.8090342283248901
      ]
    },
    {
      "coordinates": [
        205,
        204
      ],
      "magnitude": 1.6546040773391724,
      "direction": [
        0.8252615332603455,
        0.5647506713867188
      ]
    },
    {
      "coordinates": [
        227,
        204
      ],
      "magnitude": 1.7366068363189697,
      "direction": [
        0.9177072048187256,
        0.3972574472427368
      ]
    },
    {
      "coordinates": [
        250,
        204
      ],
      "magnitude": 1.6808021068572998,
      "direction": [
        0.9164198637008667,
        0.4002183675765991
      ]
    },
    {
      "coordinates": [
        273,
        204
      ],
      "magnitude": 1.640656590461731,
      "direction": [
        0.965976893901825,
        0.25862836837768555
      ]
    },
    {
      "coordinates": [
        296,
        204
      ],
      "magnitude": 1.8465977907180786,
      "direction": [
        0.9722812175750732,
        0.23381464183330536
      ]
    },
    {
      "coordinates": [
        319,
        204
      ],
      "magnitude": 1.8420681953430176,
      "direction": [
        0.9936991333961487,
        0.11208008974790573
      ]
    },
    {
      "coordinates": [
        0,
        221
      ],
      "magnitude": 1.856412649154663,
      "direction": [
        -0.9529009461402893,
        0.3032817840576172
      ]
    },
    {
      "coordinates": [
        22,
        221
      ],
      "magnitude": 1.7747677564620972,
      "direction": [
        -0.8889750242233276,
        0.4579556882381439
      ]
    },
    {
      "coordinates": [
        45,
        221
      ],
      "magnitude": 1.8128715753555298,
      "direction": [
        -0.8389341831207275,
        0.5442328453063965
      ]
    },
    {
      "coordinates": [
        68,
        221
      ],
      "magnitude": 1.884727120399475,
      "direction": [
        -0.6969685554504395,
        0.7171016931533813
      ]
    },
    {
      "coordinates": [
        91,
        221
      ],
      "magnitude": 1.779723048210144,
      "direction": [
        -0.6634380221366882,
        0.7482311725616455
      ]
    },
    {
      "coordinates": [
        113,
        221
      ],
      "magnitude": 1.4496735334396362,
      "direction": [
        -0.5304022431373596,
        0.8477460741996765
      ]
    },
    {
      "coordinates": [
        136,
        221
      ],
      "magnitude": 1.6935871839523315,
      "direction": [
        -0.15068061649799347,
        0.9885824918746948
      ]
    },
    {
      "coordinates": [
        159,
        221
      ],
      "magnitude": 1.6311630010604858,
      "direction": [
        0.3395264148712158,
        0.9405965209007263
      ]
    },
    {
      "coordinates": [
        182,
        221
      ],
      "magnitude": 1.6370136737823486,
      "direction": [
        0.44938671588897705,
        0.8933372497558594
      ]
    },
    {
      "coordinates": [
        205,
        221
      ],
      "magnitude": 1.4778517484664917,
      "direction": [
        0.6672794818878174,
        0.7448074221611023
      ]
    },
    {
      "coordinates": [
        227,
        221
      ],
      "magnitude": 1.5578510761260986,
      "direction": [
        0.8928292989730835,
        0.45039525628089905
      ]
    },
    {
      "coordinates": [
        250,
        221
      ],
      "magnitude": 1.5871913433074951,
      "direction": [
        0.8759821057319641,
        0.4823436439037323
      ]
    },
    {
      "coordinates": [
        273,
        221
      ],
      "magnitude": 1.644148826599121,
      "direction": [
        0.95665043592453,
        0.29123860597610474
      ]
    },
    {
      "coordinates": [
        296,
        221
      ],
      "magnitude": 1.824120044708252,
      "direction": [
        0.9646762609481812,
        0.26343828439712524
      ]
    },
    {
      "coordinates": [
        319,
        221
      ],
      "magnitude": 2.022446632385254,
      "direction": [
        0.9878478646278381,
        0.15542365610599518
      ]
    },
    {
      "coordinates": [
        0,
        239
      ],
      "magnitude": 1.6951440572738647,
      "direction": [
        -0.9448675513267517,
        0.32745277881622314
      ]
    },
    {
      "coordinates": [
        22,
        239
      ],
      "magnitude": 1.6307048797607422,
      "direction": [
        -0.7541570663452148,
        0.6566940546035767
      ]
    },
    {
      "coordinates": [
        45,
        239
      ],
      "magnitude": 1.8024418354034424,
      "direction": [
        -0.7589753270149231,
        0.6511193513870239
      ]
    },
    {
      "coordinates": [
        68,
        239
      ],
      "magnitude": 1.9597346782684326,
      "direction": [
        -0.7065937519073486,
        0.7076194882392883
      ]
    },
    {
      "coordinates": [
        91,
        239
      ],
      "magnitude": 1.8925163745880127,
      "direction": [
        -0.6983723044395447,
        0.7157347202301025
      ]
    },
    {
      "coordinates": [
        113,
        239
      ],
      "magnitude": 1.7360167503356934,
      "direction": [
        -0.5928220152854919,
        0.8053334951400757
      ]
    },
    {
      "coordinates": [
        136,
        239
      ],
      "magnitude": 1.7179150581359863,
      "direction": [
        -0.2878051698207855,
        0.9576890468597412
      ]
    },
    {
      "coordinates": [
        159,
        239
      ],
      "magnitude": 1.6344363689422607,
      "direction": [
        0.24581699073314667,
        0.9693162441253662
      ]
    },
    {
      "coordinates": [
        182,
        239
      ],
      "magnitude": 1.6027095317840576,
      "direction": [
        0.3269701898097992,
        0.9450346231460571
      ]
    },
    {
      "coordinates": [
        205,
        239
      ],
      "magnitude": 1.3848496675491333,
      "direction": [
        0.5966790914535522,
        0.8024799227714539
      ]
    },
    {
      "coordinates": [
        227,
        239
      ],
      "magnitude": 1.3696439266204834,
      "direction": [
        0.7999118566513062,
        0.6001175045967102
      ]
    },
    {
      "coordinates": [
        250,
        239
      ],
      "magnitude": 1.626815915107727,
      "direction": [
        0.8133122324943542,
        0.5818274617195129
      ]
    },
    {
      "coordinates": [
        273,
        239
      ],
      "magnitude": 1.6110285520553589,
      "direction": [
        0.8393761515617371,
        0.5435510277748108
      ]
    },
    {
      "coordinates": [
        296,
        239
      ],
      "magnitude": 1.821740984916687,
      "direction": [
        0.9536586403846741,
        0.30089071393013
      ]
    },
    {
      "coordinates": [
        319,
        239
      ],
      "magnitude": 2.1575183868408203,
      "direction": [
        0.9823858141899109,
        0.18686357140541077
      ]
    }
  ],
  "shear_mesh": [
    {
      "coordinates": [
        0,
        0
      ],
      "magnitude": 0.8261933326721191,
      "direction": [
        -0.8176012635231018,
        -0.5757848620414734
      ]
    },
    {
      "coordinates": [
        22,
        0
      ],
      "magnitude": 0.8278777003288269,
      "direction": [
        -0.7950870394706726,
        -0.6064952611923218
      ]
    },
    {
      "coordinates": [
        45,
        0
      ],
      "magnitude": 0.8490633964538574,
      "direction": [
        -0.7717157602310181,
        -0.6359675526618958
      ]
    },
    {
      "coordinates": [
        68,
        0
      ],
      "magnitude": 0.7125439643859863,
      "direction": [
        -0.8978192806243896,
        -0.44036415219306946
      ]
    },
    {
      "coordinates": [
        91,
        0
      ],
      "magnitude": 0.555181086063385,
      "direction": [
        -0.5509206056594849,
        -0.8345576524734497
      ]
    },
    {
      "coordinates": [
        113,
        0
      ],
      "magnitude": 0.8239519000053406,
      "direction": [
        0.023244285956025124,
        -0.9997298121452332
      ]
    },
    {
      "coordinates": [
        136,
        0
      ],
      "magnitude": 0.7522873282432556,
      "direction": [
        -0.04698387160897255,
        -0.9988957047462463
      ]
    },
    {
      "coordinates": [
        159,
        0
      ],
      "magnitude": 0.7094663977622986,
      "direction": [
        0.07037292420864105,
        -0.9975207448005676
      ]
    },
    {
      "coordinates": [
        182,
        0
      ],
      "magnitude": 0.8947997093200684,
      "direction": [
        0.2135985940694809,
        -0.9769214987754822
      ]
    },
    {
      "coordinates": [
        205,
        0
      ],
      "magnitude": 0.5919156074523926,
      "direction": [
        0.45107659697532654,
        -0.8924852013587952
      ]
    },
    {
      "coordinates": [
        227,
        0
      ],
      "magnitude": 0.7459143996238708,
      "direction": [
        0.47276127338409424,
        -0.8811905384063721
      ]
    },
    {
      "coordinates": [
        250,
        0
      ],
      "magnitude": 0.7947818040847778,
      "direction": [
        0.27826833724975586,
        -0.960503339767456
      ]
    },
    {
      "coordinates": [
        273,
        0
      ],
      "magnitude": 0.944679319858551,
      "direction": [
        0.24672222137451172,
        -0.969086229801178
      ]
    },
    {
      "coordinates": [
        296,
        0
      ],
      "magnitude": 0.7177640795707703,
      "direction": [
        0.3828067481517792,
        -0.9238284826278687
      ]
    },
    {
      "coordinates": [
        319,
        0
      ],
      "magnitude": 1.1095490455627441,
      "direction": [
        0.4091845750808716,
        -0.9124516248703003
      ]
    },
    {
      "coordinates": [
        0,
        17
      ],
      "magnitude": 0.8003539443016052,
      "direction": [
        -0.6804553866386414,
        -0.7327895164489746
      ]
    },
    {
      "coordinates": [
        22,
        17
      ],
      "magnitude": 0.672566831111908,
      "direction": [
        -0.5749255418777466,
        -0.818205714225769
      ]
    },
    {
      "coordinates": [
        45,
        17
      ],
      "magnitude": 0.6420232653617859,
      "direction": [
        -0.5106229186058044,
        -0.8598047494888306
      ]
    },
    {
      "coordinates": [
        68,
        17
      ],
      "magnitude": 0.5403227210044861,
      "direction": [
        -0.6740545034408569,
        -0.7386815547943115
      ]
    },
    {
      "coordinates": [
        91,
        17
      ],
      "magnitude": 0.6703327298164368,
      "direction": [
        -0.3644581735134125,
        -0.9312198162078857
      ]
    },
    {
      "coordinates": [
        113,
        17
      ],
      "magnitude": 0.9017264246940613,
      "direction": [
        -0.08038515597581863,
        -0.9967638850212097
      ]
    },
    {
      "coordinates": [
        136,
        17
      ],
      "magnitude": 0.8099109530448914,
      "direction": [
        0.008904028683900833,
        -0.9999603033065796
      ]
    },
    {
      "coordinates": [
        159,
        17
      ],
      "magnitude": 0.7070708274841309,
      "direction": [
        0.13849635422229767,
        -0.9903629422187805
      ]
    },
    {
      "coordinates": [
        182,
        17
      ],
      "magnitude": 0.9285054206848145,
      "direction": [
        0.03330189734697342,
        -0.999445378780365
      ]
    },
    {
      "coordinates": [
        205,
        17
      ],
      "magnitude": 0.6757201552391052,
      "direction": [
        0.44916534423828125,
        -0.8934486508369446
      ]
    },
    {
      "coordinates": [
        227,
        17
      ],
      "magnitude": 0.7518790364265442,
      "direction": [
        0.40910303592681885,
        -0.9124881029129028
      ]
    },
    {
      "coordinates": [
        250,
        17
      ],
      "magnitude": 0.7474544048309326,
      "direction": [
        0.33563095331192017,
        -0.9419935941696167
      ]
    },
    {
      "coordinates": [
        273,
        17
      ],
      "magnitude": 0.9283221960067749,
      "direction": [
        0.26881691813468933,
        -0.9631913304328918
      ]
    },
    {
      "coordinates": [
        296,
        17
      ],
      "magnitude": 0.9209423065185547,
      "direction": [
        0.3254389762878418,
        -0.9455630779266357
      ]
    },
    {
      "coordinates": [
        319,
        17
      ],
      "magnitude": 1.042851448059082,
      "direction": [
        0.34576237201690674,
        -0.938322126865387
      ]
    },
    {
      "coordinates": [
        0,
        34
      ],
      "magnitude": 0.8077104091644287,
      "direction": [
        -0.46255382895469666,
        -0.8865911960601807
      ]
    },
    {
      "coordinates": [
        22,
        34
      ],
      "magnitude": 0.7068945169448853,
      "direction": [
        -0.35113319754600525,
        -0.9363254904747009
      ]
    },
    {
      "coordinates": [
        45,
        34
      ],
      "magnitude": 0.5642994046211243,
      "direction": [
        -0.28415948152542114,
        -0.9587770700454712
      ]
    },
    {
      "coordinates": [
        68,
        34
      ],
      "magnitude": 0.47174519300460815,
      "direction": [
        -0.15751832723617554,
        -0.9875160455703735
      ]
    },
    {
      "coordinates": [
        91,
        34
      ],
      "magnitude": 0.8042612671852112,
      "direction": [
        0.0927860289812088,
        -0.9956860542297363
      ]
    },
    {
      "coordinates": [
        113,
        34
      ],
      "magnitude": 0.992590069770813,
      "direction": [
        0.09692427515983582,
        -0.9952917695045471
      ]
    },
    {
      "coordinates": [
        136,
        34
      ],
      "magnitude": 0.8019700050354004,
      "direction": [
        0.0866772010922432,
        -0.9962364435195923
      ]
    },
    {
      "coordinates": [
        159,
        34
      ],
      "magnitude": 0.7216119766235352,
      "direction": [
        0.1507384479045868,
        -0.9885737299919128
      ]
    },
    {
      "coordinates": [
        182,
        34
      ],
      "magnitude": 1.0319044589996338,
      "direction": [
        0.18235187232494354,
        -0.9832332730293274
      ]
    },
    {
      "coordinates": [
        205,
        34
      ],
      "magnitude": 0.7984960675239563,
      "direction": [
        0.18497876822948456,
        -0.9827425479888916
      ]
    },
    {
      "coordinates": [
        227,
        34
      ],
      "magnitude": 0.7157392501831055,
      "direction": [
        0.36755868792533875,
        -0.9300003051757812
      ]
    },
    {
      "coordinates": [
        250,
        34
      ],
      "magnitude": 0.9383057355880737,
      "direction": [
        0.42894622683525085,
        -0.9033300280570984
      ]
    },
    {
      "coordinates": [
        273,
        34
      ],
      "magnitude": 0.7604930400848389,
      "direction": [
        0.3416626751422882,
        -0.9398226737976074
      ]
    },
    {
      "coordinates": [
        296,
        34
      ],
      "magnitude": 0.9667018055915833,
      "direction": [
        0.19613492488861084,
        -0.9805769324302673
      ]
    },
    {
      "coordinates": [
        319,
        34
      ],
      "magnitude": 0.8815633058547974,
      "direction": [
        0.2192184329032898,
        -0.9756758213043213
      ]
    },
    {
      "coordinates": [
        0,
        51
      ],
      "magnitude": 0.9016469717025757,
      "direction": [
        -0.42066675424575806,
        -0.9072152376174927
      ]
    },
    {
      "coordinates": [
        22,
        51
      ],
      "magnitude": 0.8001520037651062,
      "direction": [
        -0.2413461059331894,
        -0.970439076423645
      ]
    },
    {
      "coordinates": [
        45,
        51
      ],
      "magnitude": 0.5808811783790588,
      "direction": [
        0.009431862272322178,
        -0.9999555945396423
      ]
    },
    {
      "coordinates": [
        68,
        51
      ],
      "magnitude": 0.6015205383300781,
      "direction": [
        -0.05563125014305115,
        -0.9984514117240906
      ]
    },
    {
      "coordinates": [
        91,
        51
      ],
      "magnitude": 0.7197203040122986,
      "direction": [
        -0.147593691945076,
        -0.9890481233596802
      ]
    },
    {
      "coordinates": [
        113,
        51
      ],
      "magnitude": 0.863664448261261,
      "direction": [
        -0.027297016233205795,
        -0.9996273517608643
      ]
    },
    {
      "coordinates": [
        136,
        51
      ],
      "magnitude": 0.8536756634712219,
      "direction": [
        -0.16354385018348694,
        -0.9865360260009766
      ]
    },
    {
      "coordinates": [
        159,
        51
      ],
      "magnitude": 0.8309846520423889,
      "direction": [
        0.2652880549430847,
        -0.9641692042350769
      ]
    },
    {
      "coordinates": [
        182,
        51
      ],
      "magnitude": 0.9730770587921143,
      "direction": [
        0.24120114743709564,
        -0.9704751372337341
      ]
    },
    {
      "coordinates": [
        205,
        51
      ],
      "magnitude": 0.7004768252372742,
      "direction": [
        0.2747045159339905,
        -0.9615286588668823
      ]
    },
    {
      "coordinates": [
        227,
        51
      ],
      "magnitude": 0.8000466823577881,
      "direction": [
        0.3100925385951996,
        -0.950706422328949
      ]
    },
    {
      "coordinates": [
        250,
        51
      ],
      "magnitude": 0.93605637550354,
      "direction": [
        0.37827610969543457,
        -0.9256928563117981
      ]
    },
    {
      "coordinates": [
        273,
        51
      ],
      "magnitude": 0.6052548885345459,
      "direction": [
        0.32856184244155884,
        -0.9444823861122131
      ]
    },
    {
      "coordinates": [
        296,
        51
      ],
      "magnitude": 0.8994989395141602,
      "direction": [
        0.2886229157447815,
        -0.9574428200721741
      ]
    },
    {
      "coordinates": [
        319,
        51
      ],
      "magnitude": 0.7871962785720825,
      "direction": [
        0.14731229841709137,
        -0.989090085029602
      ]
    },
    {
      "coordinates": [
        0,
        68
      ],
      "magnitude": 0.7647691369056702,
      "direction": [
        -0.019655613228678703,
        -0.9998067617416382
      ]
    },
    {
      "coordinates": [
        22,
        68
      ],
      "magnitude": 0.8576822876930237,
      "direction": [
        -0.11058489978313446,
        -0.9938667416572571
      ]
    },
    {
      "coordinates": [
        45,
        68
      ],
      "magnitude": 0.6515169143676758,
      "direction": [
        -0.28996050357818604,
        -0.9570385813713074
      ]
    },
    {
      "coordinates": [
        68,
        68
      ],
      "magnitude": 0.5535603165626526,
      "direction": [
        -0.16910415887832642,
        -0.9855981469154358
      ]
    },
    {
      "coordinates": [
        91,
        68
      ],
      "magnitude": 0.7087348699569702,
      "direction": [
        0.03500811755657196,
        -0.9993869662284851
      ]
    },
    {
      "coordinates": [
        113,
        68
      ],
      "magnitude": 0.7708412408828735,
      "direction": [
        -0.24362286925315857,
        -0.9698700308799744
      ]
    },
    {
      "coordinates": [
        136,
        68
      ],
      "magnitude": 0.9759453535079956,
      "direction": [
        0.3298873007297516,
        -0.9440202713012695
      ]
    },
    {
      "coordinates": [
        159,
        68
      ],
      "magnitude": 1.036472201347351,
      "direction": [
        0.2661657929420471,
        -0.9639272689819336
      ]
    },
    {
      "coordinates": [
        182,
        68
      ],
      "magnitude": 0.9885110259056091,
      "direction": [
        0.3693975508213043,
        -0.9292714595794678
      ]
    },
    {
      "coordinates": [
        205,
        68
      ],
      "magnitude": 0.7274169325828552,
      "direction": [
        0.2973155081272125,
        -0.9547792673110962
      ]
    },
    {
      "coordinates": [
        227,
        68
      ],
      "magnitude": 0.9237955808639526,
      "direction": [
        0.4054088294506073,
        -0.9141354560852051
      ]
    },
    {
      "coordinates": [
        250,
        68
      ],
      "magnitude": 0.8354490995407104,
      "direction": [
        0.21429087221622467,
        -0.9767699241638184
      ]
    },
    {
      "coordinates": [
        273,
        68
      ],
      "magnitude": 0.6859166622161865,
      "direction": [
        0.46908146142959595,
        -0.8831549882888794
      ]
    },
    {
      "coordinates": [
        296,
        68
      ],
      "magnitude": 0.851746141910553,
      "direction": [
        0.36542993783950806,
        -0.9308388233184814
      ]
    },
    {
      "coordinates": [
        319,
        68
      ],
      "magnitude": 0.7055506706237793,
      "direction": [
        0.1563878059387207,
        -0.9876956939697266
      ]
    },
    {
      "coordinates": [
        0,
        85
      ],
      "magnitude": 0.6785054206848145,
      "direction": [
        -0.16274721920490265,
        -0.986667811870575
      ]
    },
    {
      "coordinates": [
        22,
        85
      ],
      "magnitude": 0.8220653533935547,
      "direction": [
        -0.10834590345621109,
        -0.9941132664680481
      ]
    },
    {
      "coordinates": [
        45,
        85
      ],
      "magnitude": 0.6730008721351624,
      "direction": [
        -0.012523750774562359,
        -0.9999216198921204
      ]
    },
    {
      "coordinates": [
        68,
        85
      ],
      "magnitude": 0.742285966873169,
      "direction": [
        0.0711151659488678,
        -0.997468113899231
      ]
    },
    {
      "coordinates": [
        91,
        85
      ],
      "magnitude": 0.5955561399459839,
      "direction": [
        0.10874459147453308,
        -0.9940696954727173
      ]
    },
    {
      "coordinates": [
        113,
        85
      ],
      "magnitude": 1.0824204683303833,
      "direction": [
        0.07171164453029633,
        -0.9974254369735718
      ]
    },
    {
      "coordinates": [
        136,
        85
      ],
      "magnitude": 1.0797522068023682,
      "direction": [
        -0.11053629219532013,
        -0.9938721060752869
      ]
    },
    {
      "coordinates": [
        159,
        85
      ],
      "magnitude": 1.2342473268508911,
      "direction": [
        0.2268512099981308,
        -0.9739294052124023
      ]
    },
    {
      "coordinates": [
        182,
        85
      ],
      "magnitude": 1.0635801553726196,
      "direction": [
        0.5301322340965271,
        -0.84791499376297
      ]
    },
    {
      "coordinates": [
        205,
        85
      ],
      "magnitude": 1.0173301696777344,
      "direction": [
        0.6085098385810852,
        -0.7935463786125183
      ]
    },
    {
      "coordinates": [
        227,
        85
      ],
      "magnitude": 0.8372231721878052,
      "direction": [
        0.44821035861968994,
        -0.8939281105995178
      ]
    },
    {
      "coordinates": [
        250,
        85
      ],
      "magnitude": 0.9544471502304077,
      "direction": [
        0.41939204931259155,
        -0.9078052043914795
      ]
    },
    {
      "coordinates": [
        273,
        85
      ],
      "magnitude": 0.8282211422920227,
      "direction": [
        0.5021354556083679,
        -0.8647890090942383
      ]
    },
    {
      "coordinates": [
        296,
        85
      ],
      "magnitude": 0.7951672077178955,
      "direction": [
        0.40939465165138245,
        -0.9123573899269104
      ]
    },
    {
      "coordinates": [
        319,
        85
      ],
      "magnitude": 0.8200868368148804,
      "direction": [
        0.4115689992904663,
        -0.9113785624504089
      ]
    },
    {
      "coordinates": [
        0,
        102
      ],
      "magnitude": 0.7657789587974548,
      "direction": [
        -0.11193045228719711,
        -0.9937160611152649
      ]
    },
    {
      "coordinates": [
        22,
        102
      ],
      "magnitude": 0.8790736198425293,
      "direction": [
        0.07815081626176834,
        -0.9969415664672852
      ]
    },
    {
      "coordinates": [
        45,
        102
      ],
      "magnitude": 0.6861953735351562,
      "direction": [
        0.12275559455156326,
        -0.9924368858337402
      ]
    },
    {
      "coordinates": [
        68,
        102
      ],
      "magnitude": 0.7586541175842285,
      "direction": [
        0.03334330394864082,
        -0.9994438886642456
      ]
    },
    {
      "coordinates": [
        91,
        102
      ],
      "magnitude": 0.9847725629806519,
      "direction": [
        0.4137558341026306,
        -0.9103878736495972
      ]
    },
    {
      "coordinates": [
        113,
        102
      ],
      "magnitude": 1.2332236766815186,
      "direction": [
        0.5580978393554688,
        -0.8297751545906067
      ]
    },
    {
      "coordinates": [
        136,
        102
      ],
      "magnitude": 1.7365809679031372,
      "direction": [
        0.6773898005485535,
        -0.7356242537498474
      ]
    },
    {
      "coordinates": [
        159,
        102
      ],
      "magnitude": 1.696800947189331,
      "direction": [
        0.5873540639877319,
        -0.8093301057815552
      ]
    },
    {
      "coordinates": [
        182,
        102
      ],
      "magnitude": 1.1797833442687988,
      "direction": [
        0.5850582718849182,
        -0.8109912872314453
      ]
    },
    {
      "coordinates": [
        205,
        102
      ],
      "magnitude": 0.9497821927070618,
      "direction": [
        0.5830541849136353,
        -0.8124333024024963
      ]
    },
    {
      "coordinates": [
        227,
        102
      ],
      "magnitude": 0.8535046577453613,
      "direction": [
        0.7118897438049316,
        -0.7022911906242371
      ]
    },
    {
      "coordinates": [
        250,
        102
      ],
      "magnitude": 0.9905527234077454,
      "direction": [
        0.4382069408893585,
        -0.8988741636276245
      ]
    },
    {
      "coordinates": [
        273,
        102
      ],
      "magnitude": 0.7335433959960938,
      "direction": [
        0.5240406394004822,
        -0.8516932129859924
      ]
    },
    {
      "coordinates": [
        296,
        102
      ],
      "magnitude": 0.8504566550254822,
      "direction": [
        0.3768649697303772,
        -0.9262682199478149
      ]
    },
    {
      "coordinates": [
        319,
        102
      ],
      "magnitude": 0.820577085018158,
      "direction": [
        0.42792069911956787,
        -0.903816282749176
      ]
    },
    {
      "coordinates": [
        0,
        119
      ],
      "magnitude": 0.7931507229804993,
      "direction": [
        0.07417503744363785,
        -0.9972452521324158
      ]
    },
    {
      "coordinates": [
        22,
        119
      ],
      "magnitude": 0.9298456907272339,
      "direction": [
        0.012975907884538174,
        -0.9999158382415771
      ]
    },
    {
      "coordinates": [
        45,
        119
      ],
      "magnitude": 0.6034711599349976,
      "direction": [
        0.07242724299430847,
        -0.9973737001419067
      ]
    },
    {
      "coordinates": [
        68,
        119
      ],
      "magnitude": 0.8788130879402161,
      "direction": [
        0.25302451848983765,
        -0.9674598574638367
      ]
    },
    {
      "coordinates": [
        91,
        119
      ],
      "magnitude": 1.1426005363464355,
      "direction": [
        0.42475971579551697,
        -0.9053061008453369
      ]
    },
    {
      "coordinates": [
        113,
        119
      ],
      "magnitude": 1.2185484170913696,
      "direction": [
        0.3949550688266754,
        -0.9187004566192627
      ]
    },
    {
      "coordinates": [
        136,
        119
      ],
      "magnitude": 1.826306700706482,
      "direction": [
        0.28455960750579834,
        -0.9586583375930786
      ]
    },
    {
      "coordinates": [
        159,
        119
      ],
      "magnitude": 1.3463621139526367,
      "direction": [
        0.5811935663223267,
        -0.8137654066085815
      ]
    },
    {
      "coordinates": [
        182,
        119
      ],
      "magnitude": 0.9204199314117432,
      "direction": [
        0.4964888095855713,
        -0.8680431246757507
      ]
    },
    {
      "coordinates": [
        205,
        119
      ],
      "magnitude": 0.9276906847953796,
      "direction": [
        0.49596041440963745,
        -0.8683451414108276
      ]
    },
    {
      "coordinates": [
        227,
        119
      ],
      "magnitude": 0.8344041705131531,
      "direction": [
        0.5754196047782898,
        -0.8178583383560181
      ]
    },
    {
      "coordinates": [
        250,
        119
      ],
      "magnitude": 0.7530457973480225,
      "direction": [
        0.44493046402931213,
        -0.8955650925636292
      ]
    },
    {
      "coordinates": [
        273,
        119
      ],
      "magnitude": 0.7356282472610474,
      "direction": [
        0.6031523942947388,
        -0.7976260185241699
      ]
    },
    {
      "coordinates": [
        296,
        119
      ],
      "magnitude": 0.7956083416938782,
      "direction": [
        0.4674640893936157,
        -0.8840120434761047
      ]
    },
    {
      "coordinates": [
        319,
        119
      ],
      "magnitude": 0.8319772481918335,
      "direction": [
        0.5117810964584351,
        -0.8591158390045166
      ]
    },
    {
      "coordinates": [
        0,
        136
      ],
      "magnitude": 0.8263246417045593,
      "direction": [
        -0.020114360377192497,
        -0.9997976422309875
      ]
    },
    {
      "coordinates": [
        22,
        136
      ],
      "magnitude": 0.9605211019515991,
      "direction": [
        0.08016066998243332,
        -0.9967819452285767
      ]
    },
    {
      "coordinates": [
        45,
        136
      ],
      "magnitude": 0.7859119176864624,
      "direction": [
        0.2872075140476227,
        -0.9578683972358704
      ]
    },
    {
      "coordinates": [
        68,
        136
      ],
      "magnitude": 0.8502160310745239,
      "direction": [
        0.3706600069999695,
        -0.9287685751914978
      ]
    },
    {
      "coordinates": [
        91,
        136
      ],
      "magnitude": 1.1491986513137817,
      "direction": [
        0.1826745569705963,
        -0.9831734299659729
      ]
    },
    {
      "coordinates": [
        113,
        136
      ],
      "magnitude": 1.1476155519485474,
      "direction": [
        0.3689497113227844,
        -0.9294493198394775
      ]
    },
    {
      "coordinates": [
        136,
        136
      ],
      "magnitude": 1.4094940423965454,
      "direction": [
        0.1467641443014145,
        -0.98917156457901
      ]
    },
    {
      "coordinates": [
        159,
        136
      ],
      "magnitude": 1.0028990507125854,
      "direction": [
        -0.04582539200782776,
        -0.9989494681358337
      ]
    },
    {
      "coordinates": [
        182,
        136
      ],
      "magnitude": 1.0372825860977173,
      "direction": [
        0.5147005319595337,
        -0.8573700785636902
      ]
    },
    {
      "coordinates": [
        205,
        136
      ],
      "magnitude": 0.8832948803901672,
      "direction": [
        0.3252519369125366,
        -0.9456273913383484
      ]
    },
    {
      "coordinates": [
        227,
        136
      ],
      "magnitude": 0.7972255349159241,
      "direction": [
        0.5144811272621155,
        -0.8575016856193542
      ]
    },
    {
      "coordinates": [
        250,
        136
      ],
      "magnitude": 0.785172164440155,
      "direction": [
        0.49034059047698975,
        -0.8715309500694275
      ]
    },
    {
      "coordinates": [
        273,
        136
      ],
      "magnitude": 0.8369240164756775,
      "direction": [
        0.6179915070533752,
        -0.7861847877502441
      ]
    },
    {
      "coordinates": [
        296,
        136
      ],
      "magnitude": 0.8625302314758301,
      "direction": [
        0.559685230255127,
        -0.8287052512168884
      ]
    },
    {
      "coordinates": [
        319,
        136
      ],
      "magnitude": 0.7777272462844849,
      "direction": [
        0.6024799942970276,
        -0.7981340289115906
      ]
    },
    {
      "coordinates": [
        0,
        153
      ],
      "magnitude": 0.9106756448745728,
      "direction": [
        0.24067088961601257,
        -0.9706067442893982
      ]
    },
    {
      "coordinates": [
        22,
        153
      ],
      "magnitude": 1.0317797660827637,
      "direction": [
        0.13922524452209473,
        -0.9902607798576355
      ]
    },
    {
      "coordinates": [
        45,
        153
      ],
      "magnitude": 0.9495213627815247,
      "direction": [
        0.14781296253204346,
        -0.9890153408050537
      ]
    },
    {
      "coordinates": [
        68,
        153
      ],
      "magnitude": 0.9540278911590576,
      "direction": [
        0.3015440106391907,
        -0.9534522294998169
      ]
    },
    {
      "coordinates": [
        91,
        153
      ],
      "magnitude": 1.3507795333862305,
      "direction": [
        0.2572777271270752,
        -0.9663375020027161
      ]
    },
    {
      "coordinates": [
        113,
        153
      ],
      "magnitude": 1.3248615264892578,
      "direction": [
        0.29914140701293945,
        -0.9542087912559509
      ]
    },
    {
      "coordinates": [
        136,
        153
      ],
      "magnitude": 1.30238938331604,
      "direction": [
        0.316412091255188,
        -0.9486218690872192
      ]
    },
    {
      "coordinates": [
        159,
        153
      ],
      "magnitude": 0.7763442993164062,
      "direction": [
        0.3167184889316559,
        -0.9485195875167847
      ]
    },
    {
      "coordinates": [
        182,
        153
      ],
      "magnitude": 0.954531192779541,
      "direction": [
        0.33599117398262024,
        -0.941865086555481
      ]
    },
    {
      "coordinates": [
        205,
        153
      ],
      "magnitude": 0.6623978018760681,
      "direction": [
        0.30848416686058044,
        -0.9512295126914978
      ]
    },
    {
      "coordinates": [
        227,
        153
      ],
      "magnitude": 0.7946822643280029,
      "direction": [
        0.2667134404182434,
        -0.9637758731842041
      ]
    },
    {
      "coordinates": [
        250,
        153
      ],
      "magnitude": 0.783059298992157,
      "direction": [
        0.46712207794189453,
        -0.8841928243637085
      ]
    },
    {
      "coordinates": [
        273,
        153
      ],
      "magnitude": 0.7649450898170471,
      "direction": [
        0.4015534818172455,
        -0.9158355593681335
      ]
    },
    {
      "coordinates": [
        296,
        153
      ],
      "magnitude": 0.8004069328308105,
      "direction": [
        0.5292588472366333,
        -0.8484603762626648
      ]
    },
    {
      "coordinates": [
        319,
        153
      ],
      "magnitude": 0.846204936504364,
      "direction": [
        0.5654093623161316,
        -0.8248105049133301
      ]
    },
    {
      "coordinates": [
        0,
        170
      ],
      "magnitude": 1.0534721612930298,
      "direction": [
        0.08134830743074417,
        -0.996685802936554
      ]
    },
    {
      "coordinates": [
        22,
        170
      ],
      "magnitude": 0.893800675868988,
      "direction": [
        0.1567118614912033,
        -0.987644374370575
      ]
    },
    {
      "coordinates": [
        45,
        170
      ],
      "magnitude": 0.9126661419868469,
      "direction": [
        0.25892361998558044,
        -0.965897798538208
      ]
    },
    {
      "coordinates": [
        68,
        170
      ],
      "magnitude": 1.0685805082321167,
      "direction": [
        0.24320022761821747,
        -0.9699761271476746
      ]
    },
    {
      "coordinates": [
        91,
        170
      ],
      "magnitude": 1.1175223588943481,
      "direction": [
        0.1822730302810669,
        -0.9832479953765869
      ]
    },
    {
      "coordinates": [
        113,
        170
      ],
      "magnitude": 1.1818212270736694,
      "direction": [
        0.1375451683998108,
        -0.990495502948761
      ]
    },
    {
      "coordinates": [
        136,
        170
      ],
      "magnitude": 1.1133449077606201,
      "direction": [
        0.094622902572155,
        -0.9955132007598877
      ]
    },
    {
      "coordinates": [
        159,
        170
      ],
      "magnitude": 0.954694390296936,
      "direction": [
        0.07627390325069427,
        -0.9970869421958923
      ]
    },
    {
      "coordinates": [
        182,
        170
      ],
      "magnitude": 0.7749188542366028,
      "direction": [
        -0.04886562004685402,
        -0.9988054037094116
      ]
    },
    {
      "coordinates": [
        205,
        170
      ],
      "magnitude": 0.7284905910491943,
      "direction": [
        0.09698732942342758,
        -0.9952856302261353
      ]
    },
    {
      "coordinates": [
        227,
        170
      ],
      "magnitude": 0.8772645592689514,
      "direction": [
        0.19706882536411285,
        -0.9803895950317383
      ]
    },
    {
      "coordinates": [
        250,
        170
      ],
      "magnitude": 0.8144044280052185,
      "direction": [
        0.4050890803337097,
        -0.914277195930481
      ]
    },
    {
      "coordinates": [
        273,
        170
      ],
      "magnitude": 0.7399839758872986,
      "direction": [
        0.41601693630218506,
        -0.9093568325042725
      ]
    },
    {
      "coordinates": [
        296,
        170
      ],
      "magnitude": 0.9131857752799988,
      "direction": [
        0.4706944525241852,
        -0.8822962641716003
      ]
    },
    {
      "coordinates": [
        319,
        170
      ],
      "magnitude": 0.8772765398025513,
      "direction": [
        0.5769108533859253,
        -0.8168071508407593
      ]
    },
    {
      "coordinates": [
        0,
        187
      ],
      "magnitude": 0.9512983560562134,
      "direction": [
        0.023419853299856186,
        -0.9997256994247437
      ]
    },
    {
      "coordinates": [
        22,
        187
      ],
      "magnitude": 0.9548982977867126,
      "direction": [
        0.01979854330420494,
        -0.9998039603233337
      ]
    },
    {
      "coordinates": [
        45,
        187
      ],
      "magnitude": 0.8919958472251892,
      "direction": [
        0.011217325925827026,
        -0.9999370574951172
      ]
    },
    {
      "coordinates": [
        68,
        187
      ],
      "magnitude": 1.0264986753463745,
      "direction": [
        0.008004679344594479,
        -0.9999679327011108
      ]
    },
    {
      "coordinates": [
        91,
        187
      ],
      "magnitude": 1.0267480611801147,
      "direction": [
        -0.10887745767831802,
        -0.9940551519393921
      ]
    },
    {
      "coordinates": [
        113,
        187
      ],
      "magnitude": 1.3424830436706543,
      "direction": [
        0.06400926411151886,
        -0.9979493021965027
      ]
    },
    {
      "coordinates": [
        136,
        187
      ],
      "magnitude": 1.0489963293075562,
      "direction": [
        0.06063886731863022,
        -0.9981598258018494
      ]
    },
    {
      "coordinates": [
        159,
        187
      ],
      "magnitude": 0.8873636722564697,
      "direction": [
        -0.19726049900054932,
        -0.9803510904312134
      ]
    },
    {
      "coordinates": [
        182,
        187
      ],
      "magnitude": 0.8503457307815552,
      "direction": [
        -0.14465603232383728,
        -0.989482045173645
      ]
    },
    {
      "coordinates": [
        205,
        187
      ],
      "magnitude": 0.811445951461792,
      "direction": [
        -0.0018706019036471844,
        -0.9999982118606567
      ]
    },
    {
      "coordinates": [
        227,
        187
      ],
      "magnitude": 0.7811635136604309,
      "direction": [
        0.09510952234268188,
        -0.9954668283462524
      ]
    },
    {
      "coordinates": [
        250,
        187
      ],
      "magnitude": 0.9129438400268555,
      "direction": [
        -0.005559982731938362,
        -0.9999845027923584
      ]
    },
    {
      "coordinates": [
        273,
        187
      ],
      "magnitude": 0.7888308763504028,
      "direction": [
        0.312103271484375,
        -0.9500482082366943
      ]
    },
    {
      "coordinates": [
        296,
        187
      ],
      "magnitude": 0.845564067363739,
      "direction": [
        0.12016811966896057,
        -0.9927536249160767
      ]
    },
    {
      "coordinates": [
        319,
        187
      ],
      "magnitude": 0.7886707186698914,
      "direction": [
        0.026277370750904083,
        -0.9996547102928162
      ]
    },
    {
      "coordinates": [
        0,
        204
      ],
      "magnitude": 0.9655839204788208,
      "direction": [
        -0.17029544711112976,
        -0.9853931069374084
      ]
    },
    {
      "coordinates": [
        22,
        204
      ],
      "magnitude": 0.9883939623832703,
      "direction": [
        -0.09314357489347458,
        -0.9956527352333069
      ]
    },
    {
      "coordinates": [
        45,
        204
      ],
      "magnitude": 0.9309006929397583,
      "direction": [
        0.03950962796807289,
        -0.9992192387580872
      ]
    },
    {
      "coordinates": [
        68,
        204
      ],
      "magnitude": 0.9454427361488342,
      "direction": [
        -0.005032598040997982,
        -0.9999873042106628
      ]
    },
    {
      "coordinates": [
        91,
        204
      ],
      "magnitude": 1.0405768156051636,
      "direction": [
        -0.07429543137550354,
        -0.9972363114356995
      ]
    },
    {
      "coordinates": [
        113,
        204
      ],
      "magnitude": 1.4389190673828125,
      "direction": [
        -0.10334175080060959,
        -0.994645893573761
      ]
    },
    {
      "coordinates": [
        136,
        204
      ],
      "magnitude": 1.0269734859466553,
      "direction": [
        -0.25262153148651123,
        -0.96756511926651
      ]
    },
    {
      "coordinates": [
        159,
        204
      ],
      "magnitude": 0.85005784034729,
      "direction": [
        -0.17722180485725403,
        -0.9841709136962891
      ]
    },
    {
      "coordinates": [
        182,
        204
      ],
      "magnitude": 0.9529814124107361,
      "direction": [
        -0.11356157809495926,
        -0.9935309886932373
      ]
    },
    {
      "coordinates": [
        205,
        204
      ],
      "magnitude": 0.8958595395088196,
      "direction": [
        -0.002238303190097213,
        -0.9999974966049194
      ]
    },
    {
      "coordinates": [
        227,
        204
      ],
      "magnitude": 0.9801737666130066,
      "direction": [
        0.1092919185757637,
        -0.9940096735954285
      ]
    },
    {
      "coordinates": [
        250,
        204
      ],
      "magnitude": 0.8120238780975342,
      "direction": [
        0.16472096741199493,
        -0.9863402247428894
      ]
    },
    {
      "coordinates": [
        273,
        204
      ],
      "magnitude": 0.8185048699378967,
      "direction": [
        0.02655196562409401,
        -0.9996473789215088
      ]
    },
    {
      "coordinates": [
        296,
        204
      ],
      "magnitude": 0.6878963708877563,
      "direction": [
        0.19968077540397644,
        -0.9798610210418701
      ]
    },
    {
      "coordinates": [
        319,
        204
      ],
      "magnitude": 0.7779161930084229,
      "direction": [
        0.037871066480875015,
        -0.9992825984954834
      ]
    },
    {
      "coordinates": [
        0,
        221
      ],
      "magnitude": 0.9290642738342285,
      "direction": [
        0.07004754990339279,
        -0.9975436925888062
      ]
    },
    {
      "coordinates": [
        22,
        221
      ],
      "magnitude": 0.9372328519821167,
      "direction": [
        -0.01197497732937336,
        -0.99992835521698
      ]
    },
    {
      "coordinates": [
        45,
        221
      ],
      "magnitude": 1.0268994569778442,
      "direction": [
        -0.1588919460773468,
        -0.987295925617218
      ]
    },
    {
      "coordinates": [
        68,
        221
      ],
      "magnitude": 0.9265004396438599,
      "direction": [
        -0.18335473537445068,
        -0.98304682970047
      ]
    },
    {
      "coordinates": [
        91,
        221
      ],
      "magnitude": 1.093881607055664,
      "direction": [
        -0.18497706949710846,
        -0.9827428460121155
      ]
    },
    {
      "coordinates": [
        113,
        221
      ],
      "magnitude": 1.4046679735183716,
      "direction": [
        -0.142449751496315,
        -0.9898020029067993
      ]
    },
    {
      "coordinates": [
        136,
        221
      ],
      "magnitude": 0.9628275632858276,
      "direction": [
        -0.30299296975135803,
        -0.9529927968978882
      ]
    },
    {
      "coordinates": [
        159,
        221
      ],
      "magnitude": 0.8841912150382996,
      "direction": [
        -0.09240513294935226,
        -0.9957214593887329
      ]
    },
    {
      "coordinates": [
        182,
        221
      ],
      "magnitude": 0.9260857701301575,
      "direction": [
        -0.06521144509315491,
        -0.997871458530426
      ]
    },
    {
      "coordinates": [
        205,
        221
      ],
      "magnitude": 0.9744870662689209,
      "direction": [
        -0.08541961759328842,
        -0.9963451027870178
      ]
    },
    {
      "coordinates": [
        227,
        221
      ],
      "magnitude": 1.0526007413864136,
      "direction": [
        0.009764607064425945,
        -0.9999523162841797
      ]
    },
    {
      "coordinates": [
        250,
        221
      ],
      "magnitude": 0.7548587918281555,
      "direction": [
        0.02546609751880169,
        -0.9996756315231323
      ]
    },
    {
      "coordinates": [
        273,
        221
      ],
      "magnitude": 0.9009014964103699,
      "direction": [
        0.17976704239845276,
        -0.9837092161178589
      ]
    },
    {
      "coordinates": [
        296,
        221
      ],
      "magnitude": 0.7573131322860718,
      "direction": [
        0.26944321393966675,
        -0.9630163311958313
      ]
    },
    {
      "coordinates": [
        319,
        221
      ],
      "magnitude": 0.9383150339126587,
      "direction": [
        0.4054214656352997,
        -0.914129912853241
      ]
    },
    {
      "coordinates": [
        0,
        239
      ],
      "magnitude": 1.0359504222869873,
      "direction": [
        0.14028239250183105,
        -0.9901115894317627
      ]
    },
    {
      "coordinates": [
        22,
        239
      ],
      "magnitude": 0.8226392269134521,
      "direction": [
        0.22843274474143982,
        -0.9735597372055054
      ]
    },
    {
      "coordinates": [
        45,
        239
      ],
      "magnitude": 0.9333359003067017,
      "direction": [
        -0.13477583229541779,
        -0.9908760786056519
      ]
    },
    {
      "coordinates": [
        68,
        239
      ],
      "magnitude": 0.9004245400428772,
      "direction": [
        -0.35618868470191956,
        -0.9344140291213989
      ]
    },
    {
      "coordinates": [
        91,
        239
      ],
      "magnitude": 1.2269269227981567,
      "direction": [
        -0.34438973665237427,
        -0.9388267397880554
      ]
    },
    {
      "coordinates": [
        113,
        239
      ],
      "magnitude": 1.3971879482269287,
      "direction": [
        -0.421808123588562,
        -0.9066850543022156
      ]
    },
    {
      "coordinates": [
        136,
        239
      ],
      "magnitude": 1.0916227102279663,
      "direction": [
        -0.3395180404186249,
        -0.9405996203422546
      ]
    },
    {
      "coordinates": [
        159,
        239
      ],
      "magnitude": 1.072830080986023,
      "direction": [
        -0.004606226459145546,
        -0.9999893307685852
      ]
    },
    {
      "coordinates": [
        182,
        239
      ],
      "magnitude": 0.8805875778198242,
      "direction": [
        -0.24354061484336853,
        -0.9698907136917114
      ]
    },
    {
      "coordinates": [
        205,
        239
      ],
      "magnitude": 1.0920075178146362,
      "direction": [
        -0.03469109162688255,
        -0.9993980526924133
      ]
    },
    {
      "coordinates": [
        227,
        239
      ],
      "magnitude": 1.1265863180160522,
      "direction": [
        -0.025097964331507683,
        -0.9996849894523621
      ]
    },
    {
      "coordinates": [
        250,
        239
      ],
      "magnitude": 0.7965000867843628,
      "direction": [
        0.05192048102617264,
        -0.9986512064933777
      ]
    },
    {
      "coordinates": [
        273,
        239
      ],
      "magnitude": 0.8477463722229004,
      "direction": [
        0.18819044530391693,
        -0.9821324944496155
      ]
    },
    {
      "coordinates": [
        296,
        239
      ],
      "magnitude": 0.9890950322151184,
      "direction": [
        0.2691512405872345,
        -0.9630979299545288
      ]
    },
    {
      "coordinates": [
        319,
        239
      ],
      "magnitude": 1.0700254440307617,
      "direction": [
        0.5636982321739197,
        -0.8259807229042053
      ]
    }
  ]
}