{
  "recording_timestamp": 1756815368.2396307,
  "mean_fz": -0.2861,
  "peak_intensity": 0.106,
  "deformation_mesh": [
    {
      "coordinates": [
        0,
        0
      ],
      "magnitude": 0.8072025775909424,
      "direction": [
        -0.6100838780403137,
        -0.7923368215560913
      ]
    },
    {
      "coordinates": [
        22,
        0
      ],
      "magnitude": 0.9331117272377014,
      "direction": [
        -0.6247537732124329,
        -0.7808218002319336
      ]
    },
    {
      "coordinates": [
        45,
        0
      ],
      "magnitude": 0.6388688087463379,
      "direction": [
        -0.027179639786481857,
        -0.9996305704116821
      ]
    },
    {
      "coordinates": [
        68,
        0
      ],
      "magnitude": 0.7221558690071106,
      "direction": [
        -0.738766074180603,
        -0.6739619374275208
      ]
    },
    {
      "coordinates": [
        91,
        0
      ],
      "magnitude": 0.7541131377220154,
      "direction": [
        -0.47798821330070496,
        -0.8783662915229797
      ]
    },
    {
      "coordinates": [
        113,
        0
      ],
      "magnitude": 0.6764271259307861,
      "direction": [
        -0.1829545497894287,
        -0.983121395111084
      ]
    },
    {
      "coordinates": [
        136,
        0
      ],
      "magnitude": 0.4918619990348816,
      "direction": [
        0.07485058903694153,
        -0.997194766998291
      ]
    },
    {
      "coordinates": [
        159,
        0
      ],
      "magnitude": 0.6183505058288574,
      "direction": [
        0.2007443904876709,
        -0.9796436429023743
      ]
    },
    {
      "coordinates": [
        182,
        0
      ],
      "magnitude": 0.8491632342338562,
      "direction": [
        -0.06722772866487503,
        -0.9977376461029053
      ]
    },
    {
      "coordinates": [
        205,
        0
      ],
      "magnitude": 0.6558470726013184,
      "direction": [
        0.41111165285110474,
        -0.9115849733352661
      ]
    },
    {
      "coordinates": [
        227,
        0
      ],
      "magnitude": 1.0239083766937256,
      "direction": [
        0.6543214321136475,
        -0.7562166452407837
      ]
    },
    {
      "coordinates": [
        250,
        0
      ],
      "magnitude": 0.8688001036643982,
      "direction": [
        0.5486569404602051,
        -0.8360476493835449
      ]
    },
    {
      "coordinates": [
        273,
        0
      ],
      "magnitude": 0.9366546273231506,
      "direction": [
        0.7091156840324402,
        -0.7050921320915222
      ]
    },
    {
      "coordinates": [
        296,
        0
      ],
      "magnitude": 0.8302726745605469,
      "direction": [
        0.8759135603904724,
        -0.4824681282043457
      ]
    },
    {
      "coordinates": [
        319,
        0
      ],
      "magnitude": 1.1097567081451416,
      "direction": [
        0.6065456867218018,
        -0.795048713684082
      ]
    },
    {
      "coordinates": [
        0,
        17
      ],
      "magnitude": 0.7815497517585754,
      "direction": [
        -0.5091195106506348,
        -0.8606958389282227
      ]
    },
    {
      "coordinates": [
        22,
        17
      ],
      "magnitude": 0.8248090744018555,
      "direction": [
        -0.6590373516082764,
        -0.7521101832389832
      ]
    },
    {
      "coordinates": [
        45,
        17
      ],
      "magnitude": 0.6360090970993042,
      "direction": [
        -0.15661311149597168,
        -0.9876600503921509
      ]
    },
    {
      "coordinates": [
        68,
        17
      ],
      "magnitude": 0.28918224573135376,
      "direction": [
        -0.34077468514442444,
        -0.940144956111908
      ]
    },
    {
      "coordinates": [
        91,
        17
      ],
      "magnitude": 0.6940578818321228,
      "direction": [
        -0.43251582980155945,
        -0.9016263484954834
      ]
    },
    {
      "coordinates": [
        113,
        17
      ],
      "magnitude": 0.6377346515655518,
      "direction": [
        -0.07904220372438431,
        -0.9968712329864502
      ]
    },
    {
      "coordinates": [
        136,
        17
      ],
      "magnitude": 0.641947865486145,
      "direction": [
        0.2174396812915802,
        -0.9760737419128418
      ]
    },
    {
      "coordinates": [
        159,
        17
      ],
      "magnitude": 0.5259766578674316,
      "direction": [
        0.2821776866912842,
        -0.9593622088432312
      ]
    },
    {
      "coordinates": [
        182,
        17
      ],
      "magnitude": 0.8957722187042236,
      "direction": [
        0.2586733102798462,
        -0.9659648537635803
      ]
    },
    {
      "coordinates": [
        205,
        17
      ],
      "magnitude": 0.85054612159729,
      "direction": [
        0.7640659809112549,
        -0.6451380252838135
      ]
    },
    {
      "coordinates": [
        227,
        17
      ],
      "magnitude": 0.7516508102416992,
      "direction": [
        0.8076589703559875,
        -0.5896498560905457
      ]
    },
    {
      "coordinates": [
        250,
        17
      ],
      "magnitude": 0.6503076553344727,
      "direction": [
        0.7384191155433655,
        -0.6743420958518982
      ]
    },
    {
      "coordinates": [
        273,
        17
      ],
      "magnitude": 0.799228310585022,
      "direction": [
        0.8237335085868835,
        -0.5669772028923035
      ]
    },
    {
      "coordinates": [
        296,
        17
      ],
      "magnitude": 1.0056623220443726,
      "direction": [
        0.8310367465019226,
        -0.5562173128128052
      ]
    },
    {
      "coordinates": [
        319,
        17
      ],
      "magnitude": 1.0292998552322388,
      "direction": [
        0.8994051814079285,
        -0.4371158480644226
      ]
    },
    {
      "coordinates": [
        0,
        34
      ],
      "magnitude": 0.8211326599121094,
      "direction": [
        -0.3640689551830292,
        -0.9313720464706421
      ]
    },
    {
      "coordinates": [
        22,
        34
      ],
      "magnitude": 0.7079814076423645,
      "direction": [
        -0.5503518581390381,
        -0.834932804107666
      ]
    },
    {
      "coordinates": [
        45,
        34
      ],
      "magnitude": 0.7296944856643677,
      "direction": [
        -0.7588630318641663,
        -0.6512501835823059
      ]
    },
    {
      "coordinates": [
        68,
        34
      ],
      "magnitude": 0.37220650911331177,
      "direction": [
        -0.1208786591887474,
        -0.9926673173904419
      ]
    },
    {
      "coordinates": [
        91,
        34
      ],
      "magnitude": 0.641995370388031,
      "direction": [
        0.0944582149386406,
        -0.9955287575721741
      ]
    },
    {
      "coordinates": [
        113,
        34
      ],
      "magnitude": 0.7395870685577393,
      "direction": [
        -0.11002319306135178,
        -0.9939290285110474
      ]
    },
    {
      "coordinates": [
        136,
        34
      ],
      "magnitude": 0.6613967418670654,
      "direction": [
        0.066604845225811,
        -0.9977794885635376
      ]
    },
    {
      "coordinates": [
        159,
        34
      ],
      "magnitude": 0.8196650743484497,
      "direction": [
        0.24840284883975983,
        -0.9686568379402161
      ]
    },
    {
      "coordinates": [
        182,
        34
      ],
      "magnitude": 0.9766201972961426,
      "direction": [
        0.6138147115707397,
        -0.7894501090049744
      ]
    },
    {
      "coordinates": [
        205,
        34
      ],
      "magnitude": 0.9306749105453491,
      "direction": [
        0.6008129715919495,
        -0.7993896007537842
      ]
    },
    {
      "coordinates": [
        227,
        34
      ],
      "magnitude": 0.5461933612823486,
      "direction": [
        0.6954423189163208,
        -0.7185819149017334
      ]
    },
    {
      "coordinates": [
        250,
        34
      ],
      "magnitude": 0.6151995658874512,
      "direction": [
        0.6840764284133911,
        -0.7294104099273682
      ]
    },
    {
      "coordinates": [
        273,
        34
      ],
      "magnitude": 0.621415376663208,
      "direction": [
        0.8220541477203369,
        -0.5694093704223633
      ]
    },
    {
      "coordinates": [
        296,
        34
      ],
      "magnitude": 0.7490738034248352,
      "direction": [
        0.9173363447189331,
        -0.39811310172080994
      ]
    },
    {
      "coordinates": [
        319,
        34
      ],
      "magnitude": 0.9057046175003052,
      "direction": [
        0.9921339154243469,
        -0.12518134713172913
      ]
    },
    {
      "coordinates": [
        0,
        51
      ],
      "magnitude": 0.8901962637901306,
      "direction": [
        -0.6849650740623474,
        -0.7285758852958679
      ]
    },
    {
      "coordinates": [
        22,
        51
      ],
      "magnitude": 0.6914753317832947,
      "direction": [
        -0.7235381007194519,
        -0.6902844309806824
      ]
    },
    {
      "coordinates": [
        45,
        51
      ],
      "magnitude": 0.48520100116729736,
      "direction": [
        -0.8404431939125061,
        -0.5418997406959534
      ]
    },
    {
      "coordinates": [
        68,
        51
      ],
      "magnitude": 0.6118425726890564,
      "direction": [
        0.002297822153195739,
        -0.9999973773956299
      ]
    },
    {
      "coordinates": [
        91,
        51
      ],
      "magnitude": 0.6333105564117432,
      "direction": [
        -0.027220241725444794,
        -0.9996294379234314
      ]
    },
    {
      "coordinates": [
        113,
        51
      ],
      "magnitude": 0.5891324281692505,
      "direction": [
        -0.29638418555259705,
        -0.955068826675415
      ]
    },
    {
      "coordinates": [
        136,
        51
      ],
      "magnitude": 0.6809670925140381,
      "direction": [
        -0.09237975627183914,
        -0.9957238435745239
      ]
    },
    {
      "coordinates": [
        159,
        51
      ],
      "magnitude": 0.728219211101532,
      "direction": [
        0.05559269338846207,
        -0.9984534382820129
      ]
    },
    {
      "coordinates": [
        182,
        51
      ],
      "magnitude": 0.6319092512130737,
      "direction": [
        0.3459503948688507,
        -0.9382528066635132
      ]
    },
    {
      "coordinates": [
        205,
        51
      ],
      "magnitude": 0.7767620086669922,
      "direction": [
        0.45192238688468933,
        -0.8920572996139526
      ]
    },
    {
      "coordinates": [
        227,
        51
      ],
      "magnitude": 0.5392638444900513,
      "direction": [
        0.8379887342453003,
        -0.5456876158714294
      ]
    },
    {
      "coordinates": [
        250,
        51
      ],
      "magnitude": 0.4898886978626251,
      "direction": [
        0.6798439621925354,
        -0.7333568930625916
      ]
    },
    {
      "coordinates": [
        273,
        51
      ],
      "magnitude": 0.42101186513900757,
      "direction": [
        0.9998169541358948,
        -0.019133232533931732
      ]
    },
    {
      "coordinates": [
        296,
        51
      ],
      "magnitude": 0.6859718561172485,
      "direction": [
        0.8662576675415039,
        -0.499597430229187
      ]
    },
    {
      "coordinates": [
        319,
        51
      ],
      "magnitude": 0.898036777973175,
      "direction": [
        0.8750913739204407,
        -0.48395776748657227
      ]
    },
    {
      "coordinates": [
        0,
        68
      ],
      "magnitude": 0.8865576386451721,
      "direction": [
        -0.7338644862174988,
        -0.6792958974838257
      ]
    },
    {
      "coordinates": [
        22,
        68
      ],
      "magnitude": 0.3489929139614105,
      "direction": [
        -0.949984610080719,
        -0.31229665875434875
      ]
    },
    {
      "coordinates": [
        45,
        68
      ],
      "magnitude": 0.622585117816925,
      "direction": [
        -0.8951285481452942,
        -0.445808082818985
      ]
    },
    {
      "coordinates": [
        68,
        68
      ],
      "magnitude": 0.6648251414299011,
      "direction": [
        -0.39755305647850037,
        -0.917579174041748
      ]
    },
    {
      "coordinates": [
        91,
        68
      ],
      "magnitude": 0.6554247736930847,
      "direction": [
        -0.13035328686237335,
        -0.9914675951004028
      ]
    },
    {
      "coordinates": [
        113,
        68
      ],
      "magnitude": 0.818185567855835,
      "direction": [
        -0.7296057939529419,
        -0.6838679909706116
      ]
    },
    {
      "coordinates": [
        136,
        68
      ],
      "magnitude": 0.9168629050254822,
      "direction": [
        -0.16586631536483765,
        -0.9861482381820679
      ]
    },
    {
      "coordinates": [
        159,
        68
      ],
      "magnitude": 0.7581557631492615,
      "direction": [
        0.18781258165836334,
        -0.9822049140930176
      ]
    },
    {
      "coordinates": [
        182,
        68
      ],
      "magnitude": 0.4813826382160187,
      "direction": [
        0.643954336643219,
        -0.7650639414787292
      ]
    },
    {
      "coordinates": [
        205,
        68
      ],
      "magnitude": 0.7111809849739075,
      "direction": [
        0.609563410282135,
        -0.7927374243736267
      ]
    },
    {
      "coordinates": [
        227,
        68
      ],
      "magnitude": 0.713767409324646,
      "direction": [
        0.7350387573242188,
        -0.6780250668525696
      ]
    },
    {
      "coordinates": [
        250,
        68
      ],
      "magnitude": 0.7504846453666687,
      "direction": [
        0.6203247308731079,
        -0.7843450903892517
      ]
    },
    {
      "coordinates": [
        273,
        68
      ],
      "magnitude": 0.3805015981197357,
      "direction": [
        0.9413285255432129,
        -0.33749163150787354
      ]
    },
    {
      "coordinates": [
        296,
        68
      ],
      "magnitude": 0.48704129457473755,
      "direction": [
        0.7191786170005798,
        -0.694825291633606
      ]
    },
    {
      "coordinates": [
        319,
        68
      ],
      "magnitude": 0.6548006534576416,
      "direction": [
        0.8375621438026428,
        -0.5463420152664185
      ]
    },
    {
      "coordinates": [
        0,
        85
      ],
      "magnitude": 0.7391595244407654,
      "direction": [
        -0.9558857083320618,
        -0.29373881220817566
      ]
    },
    {
      "coordinates": [
        22,
        85
      ],
      "magnitude": 0.5110812783241272,
      "direction": [
        -0.9417884349822998,
        -0.33620622754096985
      ]
    },
    {
      "coordinates": [
        45,
        85
      ],
      "magnitude": 0.9659712314605713,
      "direction": [
        -0.9340495467185974,
        -0.35714349150657654
      ]
    },
    {
      "coordinates": [
        68,
        85
      ],
      "magnitude": 0.6927759647369385,
      "direction": [
        -0.7095380425453186,
        -0.7046670317649841
      ]
    },
    {
      "coordinates": [
        91,
        85
      ],
      "magnitude": 0.7890267372131348,
      "direction": [
        -0.2616980969905853,
        -0.9651497602462769
      ]
    },
    {
      "coordinates": [
        113,
        85
      ],
      "magnitude": 1.1663868427276611,
      "direction": [
        -0.23485057055950165,
        -0.9720314741134644
      ]
    },
    {
      "coordinates": [
        136,
        85
      ],
      "magnitude": 1.1053215265274048,
      "direction": [
        0.018981801345944405,
        -0.9998197555541992
      ]
    },
    {
      "coordinates": [
        159,
        85
      ],
      "magnitude": 0.7325357794761658,
      "direction": [
        0.5018740296363831,
        -0.8649407029151917
      ]
    },
    {
      "coordinates": [
        182,
        85
      ],
      "magnitude": 0.47457355260849,
      "direction": [
        0.7550840973854065,
        -0.655627965927124
      ]
    },
    {
      "coordinates": [
        205,
        85
      ],
      "magnitude": 0.6898639798164368,
      "direction": [
        0.9362627267837524,
        -0.35130059719085693
      ]
    },
    {
      "coordinates": [
        227,
        85
      ],
      "magnitude": 0.4909549057483673,
      "direction": [
        0.8625292778015137,
        -0.506007194519043
      ]
    },
    {
      "coordinates": [
        250,
        85
      ],
      "magnitude": 0.6098352074623108,
      "direction": [
        0.9126678109169006,
        -0.40870219469070435
      ]
    },
    {
      "coordinates": [
        273,
        85
      ],
      "magnitude": 0.5614416003227234,
      "direction": [
        0.7508842945098877,
        -0.6604337096214294
      ]
    },
    {
      "coordinates": [
        296,
        85
      ],
      "magnitude": 0.6111482381820679,
      "direction": [
        0.5651354193687439,
        -0.8249980807304382
      ]
    },
    {
      "coordinates": [
        319,
        85
      ],
      "magnitude": 0.6557726860046387,
      "direction": [
        0.8356533050537109,
        -0.5492572784423828
      ]
    },
    {
      "coordinates": [
        0,
        102
      ],
      "magnitude": 0.5757039189338684,
      "direction": [
        -0.9975500702857971,
        -0.06995578110218048
      ]
    },
    {
      "coordinates": [
        22,
        102
      ],
      "magnitude": 0.6035903096199036,
      "direction": [
        -0.9049390554428101,
        -0.4255411922931671
      ]
    },
    {
      "coordinates": [
        45,
        102
      ],
      "magnitude": 0.765045702457428,
      "direction": [
        -0.9896795153617859,
        -0.14329871535301208
      ]
    },
    {
      "coordinates": [
        68,
        102
      ],
      "magnitude": 0.7948419451713562,
      "direction": [
        -0.8881309032440186,
        -0.4595905542373657
      ]
    },
    {
      "coordinates": [
        91,
        102
      ],
      "magnitude": 0.7197943329811096,
      "direction": [
        -0.8389436602592468,
        -0.5442183613777161
      ]
    },
    {
      "coordinates": [
        113,
        102
      ],
      "magnitude": 1.1152329444885254,
      "direction": [
        -0.45949622988700867,
        -0.8881797790527344
      ]
    },
    {
      "coordinates": [
        136,
        102
      ],
      "magnitude": 0.8831276297569275,
      "direction": [
        0.32803890109062195,
        -0.9446642398834229
      ]
    },
    {
      "coordinates": [
        159,
        102
      ],
      "magnitude": 0.8071051239967346,
      "direction": [
        0.826569676399231,
        -0.5628344416618347
      ]
    },
    {
      "coordinates": [
        182,
        102
      ],
      "magnitude": 0.7867845892906189,
      "direction": [
        0.929680585861206,
        -0.3683667480945587
      ]
    },
    {
      "coordinates": [
        205,
        102
      ],
      "magnitude": 0.7847070693969727,
      "direction": [
        0.9774898290634155,
        -0.21098263561725616
      ]
    },
    {
      "coordinates": [
        227,
        102
      ],
      "magnitude": 0.37991318106651306,
      "direction": [
        0.9770681262016296,
        -0.21292664110660553
      ]
    },
    {
      "coordinates": [
        250,
        102
      ],
      "magnitude": 0.5279062986373901,
      "direction": [
        0.9762934446334839,
        -0.2164509892463684
      ]
    },
    {
      "coordinates": [
        273,
        102
      ],
      "magnitude": 0.5806528925895691,
      "direction": [
        0.8756789565086365,
        -0.48289382457733154
      ]
    },
    {
      "coordinates": [
        296,
        102
      ],
      "magnitude": 0.8051510453224182,
      "direction": [
        0.7869157791137695,
        -0.6170604825019836
      ]
    },
    {
      "coordinates": [
        319,
        102
      ],
      "magnitude": 0.6097566485404968,
      "direction": [
        0.9872126579284668,
        -0.1594090610742569
      ]
    },
    {
      "coordinates": [
        0,
        119
      ],
      "magnitude": 0.6683727502822876,
      "direction": [
        -0.9997919201850891,
        -0.02039692923426628
      ]
    },
    {
      "coordinates": [
        22,
        119
      ],
      "magnitude": 0.6610954403877258,
      "direction": [
        -0.9977328181266785,
        -0.0672999694943428
      ]
    },
    {
      "coordinates": [
        45,
        119
      ],
      "magnitude": 0.729186475276947,
      "direction": [
        -0.9572122693061829,
        -0.28938668966293335
      ]
    },
    {
      "coordinates": [
        68,
        119
      ],
      "magnitude": 0.7690471410751343,
      "direction": [
        -0.9330728054046631,
        -0.359687477350235
      ]
    },
    {
      "coordinates": [
        91,
        119
      ],
      "magnitude": 0.9355193972587585,
      "direction": [
        -0.9987284541130066,
        0.050412923097610474
      ]
    },
    {
      "coordinates": [
        113,
        119
      ],
      "magnitude": 0.9614695906639099,
      "direction": [
        -0.9954366087913513,
        0.09542478621006012
      ]
    },
    {
      "coordinates": [
        136,
        119
      ],
      "magnitude": 0.41403359174728394,
      "direction": [
        0.9896154999732971,
        -0.1437397599220276
      ]
    },
    {
      "coordinates": [
        159,
        119
      ],
      "magnitude": 1.114439845085144,
      "direction": [
        0.9756978750228882,
        -0.21912012994289398
      ]
    },
    {
      "coordinates": [
        182,
        119
      ],
      "magnitude": 0.8273208141326904,
      "direction": [
        0.9387831687927246,
        -0.34450840950012207
      ]
    },
    {
      "coordinates": [
        205,
        119
      ],
      "magnitude": 0.6096850037574768,
      "direction": [
        0.9909031391143799,
        -0.13457658886909485
      ]
    },
    {
      "coordinates": [
        227,
        119
      ],
      "magnitude": 0.34870076179504395,
      "direction": [
        0.9860593676567078,
        -0.1663942188024521
      ]
    },
    {
      "coordinates": [
        250,
        119
      ],
      "magnitude": 0.5121661424636841,
      "direction": [
        0.9996275901794434,
        0.02728937193751335
      ]
    },
    {
      "coordinates": [
        273,
        119
      ],
      "magnitude": 0.6709337830543518,
      "direction": [
        0.9361225962638855,
        -0.3516739308834076
      ]
    },
    {
      "coordinates": [
        296,
        119
      ],
      "magnitude": 0.7941473126411438,
      "direction": [
        0.9382057189941406,
        -0.346078097820282
      ]
    },
    {
      "coordinates": [
        319,
        119
      ],
      "magnitude": 0.6793574690818787,
      "direction": [
        0.9959458708763123,
        -0.08995529264211655
      ]
    },
    {
      "coordinates": [
        0,
        136
      ],
      "magnitude": 0.6999002695083618,
      "direction": [
        -0.9990400671958923,
        0.043806470930576324
      ]
    },
    {
      "coordinates": [
        22,
        136
      ],
      "magnitude": 0.6631457805633545,
      "direction": [
        -0.9999962449073792,
        0.0027272275183349848
      ]
    },
    {
      "coordinates": [
        45,
        136
      ],
      "magnitude": 0.6113868355751038,
      "direction": [
        -0.9906813502311707,
        -0.13620004057884216
      ]
    },
    {
      "coordinates": [
        68,
        136
      ],
      "magnitude": 0.6746835708618164,
      "direction": [
        -0.9879123568534851,
        0.1550137847661972
      ]
    },
    {
      "coordinates": [
        91,
        136
      ],
      "magnitude": 0.8213810920715332,
      "direction": [
        -0.8986572623252869,
        0.438651442527771
      ]
    },
    {
      "coordinates": [
        113,
        136
      ],
      "magnitude": 1.0647923946380615,
      "direction": [
        -0.5306426882743835,
        0.8475956320762634
      ]
    },
    {
      "coordinates": [
        136,
        136
      ],
      "magnitude": 0.8199695944786072,
      "direction": [
        0.24452312290668488,
        0.9696434736251831
      ]
    },
    {
      "coordinates": [
        159,
        136
      ],
      "magnitude": 0.5895150303840637,
      "direction": [
        0.8969340920448303,
        0.44216418266296387
      ]
    },
    {
      "coordinates": [
        182,
        136
      ],
      "magnitude": 0.556920051574707,
      "direction": [
        0.997191309928894,
        0.07489632070064545
      ]
    },
    {
      "coordinates": [
        205,
        136
      ],
      "magnitude": 0.5763434171676636,
      "direction": [
        0.9930009245872498,
        0.11810679733753204
      ]
    },
    {
      "coordinates": [
        227,
        136
      ],
      "magnitude": 0.37520405650138855,
      "direction": [
        0.9494090676307678,
        0.3140421211719513
      ]
    },
    {
      "coordinates": [
        250,
        136
      ],
      "magnitude": 0.748457133769989,
      "direction": [
        0.9926435351371765,
        0.12107345461845398
      ]
    },
    {
      "coordinates": [
        273,
        136
      ],
      "magnitude": 0.7563206553459167,
      "direction": [
        0.9929723143577576,
        -0.11834735423326492
      ]
    },
    {
      "coordinates": [
        296,
        136
      ],
      "magnitude": 0.7772698998451233,
      "direction": [
        0.9984007477760315,
        -0.05653277039527893
      ]
    },
    {
      "coordinates": [
        319,
        136
      ],
      "magnitude": 0.6448870897293091,
      "direction": [
        0.9923558831214905,
        -0.12340877205133438
      ]
    },
    {
      "coordinates": [
        0,
        153
      ],
      "magnitude": 0.5455620884895325,
      "direction": [
        -0.9965599179267883,
        0.08287510275840759
      ]
    },
    {
      "coordinates": [
        22,
        153
      ],
      "magnitude": 0.6994689702987671,
      "direction": [
        -0.9915953278541565,
        0.12937819957733154
      ]
    },
    {
      "coordinates": [
        45,
        153
      ],
      "magnitude": 0.5621311068534851,
      "direction": [
        -0.99854975938797,
        0.05383549630641937
      ]
    },
    {
      "coordinates": [
        68,
        153
      ],
      "magnitude": 0.6211218237876892,
      "direction": [
        -0.9728419184684753,
        0.23147059977054596
      ]
    },
    {
      "coordinates": [
        91,
        153
      ],
      "magnitude": 0.5390517711639404,
      "direction": [
        -0.7736650109291077,
        0.6335948705673218
      ]
    },
    {
      "coordinates": [
        113,
        153
      ],
      "magnitude": 0.5975198745727539,
      "direction": [
        -0.24688021838665009,
        0.9690459966659546
      ]
    },
    {
      "coordinates": [
        136,
        153
      ],
      "magnitude": 0.8322887420654297,
      "direction": [
        0.36520296335220337,
        0.9309279322624207
      ]
    },
    {
      "coordinates": [
        159,
        153
      ],
      "magnitude": 0.7140004634857178,
      "direction": [
        0.6700955629348755,
        0.7422748804092407
      ]
    },
    {
      "coordinates": [
        182,
        153
      ],
      "magnitude": 0.5452749729156494,
      "direction": [
        0.8331929445266724,
        0.5529823303222656
      ]
    },
    {
      "coordinates": [
        205,
        153
      ],
      "magnitude": 0.5163375735282898,
      "direction": [
        0.8693284392356873,
        0.49423477053642273
      ]
    },
    {
      "coordinates": [
        227,
        153
      ],
      "magnitude": 0.4328712522983551,
      "direction": [
        0.9944133758544922,
        0.10555609315633774
      ]
    },
    {
      "coordinates": [
        250,
        153
      ],
      "magnitude": 0.31075817346572876,
      "direction": [
        0.9981626868247986,
        0.0605902336537838
      ]
    },
    {
      "coordinates": [
        273,
        153
      ],
      "magnitude": 0.5182613730430603,
      "direction": [
        0.9587862491607666,
        0.2841285467147827
      ]
    },
    {
      "coordinates": [
        296,
        153
      ],
      "magnitude": 0.8037684559822083,
      "direction": [
        0.9722575545310974,
        -0.23391327261924744
      ]
    },
    {
      "coordinates": [
        319,
        153
      ],
      "magnitude": 0.7839348912239075,
      "direction": [
        0.9731242060661316,
        -0.23028092086315155
      ]
    },
    {
      "coordinates": [
        0,
        170
      ],
      "magnitude": 0.40804630517959595,
      "direction": [
        -0.9811148643493652,
        0.19342589378356934
      ]
    },
    {
      "coordinates": [
        22,
        170
      ],
      "magnitude": 0.5980539321899414,
      "direction": [
        -1.0,
        -3.1596969165548217e-06
      ]
    },
    {
      "coordinates": [
        45,
        170
      ],
      "magnitude": 0.4406608045101166,
      "direction": [
        -0.8390187621116638,
        0.5441024303436279
      ]
    },
    {
      "coordinates": [
        68,
        170
      ],
      "magnitude": 0.5930446982383728,
      "direction": [
        -0.9918169975280762,
        0.12766790390014648
      ]
    },
    {
      "coordinates": [
        91,
        170
      ],
      "magnitude": 0.4612727165222168,
      "direction": [
        -0.4032391905784607,
        0.9150946140289307
      ]
    },
    {
      "coordinates": [
        113,
        170
      ],
      "magnitude": 0.47834455966949463,
      "direction": [
        -0.22251279652118683,
        0.9749298095703125
      ]
    },
    {
      "coordinates": [
        136,
        170
      ],
      "magnitude": 0.447308212518692,
      "direction": [
        0.07546945661306381,
        0.9971480965614319
      ]
    },
    {
      "coordinates": [
        159,
        170
      ],
      "magnitude": 0.6074237823486328,
      "direction": [
        0.46668702363967896,
        0.8844225406646729
      ]
    },
    {
      "coordinates": [
        182,
        170
      ],
      "magnitude": 0.4253964424133301,
      "direction": [
        0.70897376537323,
        0.7052348852157593
      ]
    },
    {
      "coordinates": [
        205,
        170
      ],
      "magnitude": 0.36444729566574097,
      "direction": [
        0.6223626732826233,
        0.7827289700508118
      ]
    },
    {
      "coordinates": [
        227,
        170
      ],
      "magnitude": 0.3374137580394745,
      "direction": [
        0.9656496047973633,
        0.25984784960746765
      ]
    },
    {
      "coordinates": [
        250,
        170
      ],
      "magnitude": 0.5345911383628845,
      "direction": [
        0.9998294115066528,
        -0.018468018621206284
      ]
    },
    {
      "coordinates": [
        273,
        170
      ],
      "magnitude": 0.4830630123615265,
      "direction": [
        0.921977698802948,
        0.3872429430484772
      ]
    },
    {
      "coordinates": [
        296,
        170
      ],
      "magnitude": 0.6432048678398132,
      "direction": [
        0.9529281854629517,
        -0.3031960427761078
      ]
    },
    {
      "coordinates": [
        319,
        170
      ],
      "magnitude": 0.8185864686965942,
      "direction": [
        0.9830117225646973,
        -0.18354259431362152
      ]
    },
    {
      "coordinates": [
        0,
        187
      ],
      "magnitude": 0.5276719331741333,
      "direction": [
        -0.9734771847724915,
        0.22878426313400269
      ]
    },
    {
      "coordinates": [
        22,
        187
      ],
      "magnitude": 0.5488514304161072,
      "direction": [
        -0.9994693994522095,
        -0.03257288038730621
      ]
    },
    {
      "coordinates": [
        45,
        187
      ],
      "magnitude": 0.4036882519721985,
      "direction": [
        -0.8719443082809448,
        0.4896050989627838
      ]
    },
    {
      "coordinates": [
        68,
        187
      ],
      "magnitude": 0.5206223130226135,
      "direction": [
        -0.8013551235198975,
        0.5981889367103577
      ]
    },
    {
      "coordinates": [
        91,
        187
      ],
      "magnitude": 0.4342881441116333,
      "direction": [
        -0.7714029550552368,
        0.6363470554351807
      ]
    },
    {
      "coordinates": [
        113,
        187
      ],
      "magnitude": 0.317160964012146,
      "direction": [
        -0.7581250667572021,
        0.6521091461181641
      ]
    },
    {
      "coordinates": [
        136,
        187
      ],
      "magnitude": 0.26425355672836304,
      "direction": [
        0.17616628110408783,
        0.9843604564666748
      ]
    },
    {
      "coordinates": [
        159,
        187
      ],
      "magnitude": 0.5089480876922607,
      "direction": [
        0.03844671696424484,
        0.999260663986206
      ]
    },
    {
      "coordinates": [
        182,
        187
      ],
      "magnitude": 0.5241599678993225,
      "direction": [
        0.5762675404548645,
        0.8172611594200134
      ]
    },
    {
      "coordinates": [
        205,
        187
      ],
      "magnitude": 0.3549640476703644,
      "direction": [
        0.5482667088508606,
        0.8363035321235657
      ]
    },
    {
      "coordinates": [
        227,
        187
      ],
      "magnitude": 0.3192630410194397,
      "direction": [
        0.7924653887748718,
        0.6099168658256531
      ]
    },
    {
      "coordinates": [
        250,
        187
      ],
      "magnitude": 0.44587013125419617,
      "direction": [
        0.9734107851982117,
        0.22906647622585297
      ]
    },
    {
      "coordinates": [
        273,
        187
      ],
      "magnitude": 0.4297240376472473,
      "direction": [
        0.9992437958717346,
        -0.038881946355104446
      ]
    },
    {
      "coordinates": [
        296,
        187
      ],
      "magnitude": 0.4823828637599945,
      "direction": [
        0.9432127475738525,
        0.3321892023086548
      ]
    },
    {
      "coordinates": [
        319,
        187
      ],
      "magnitude": 0.6172637343406677,
      "direction": [
        0.9954283237457275,
        -0.09551117569208145
      ]
    },
    {
      "coordinates": [
        0,
        204
      ],
      "magnitude": 0.5783121585845947,
      "direction": [
        -0.987774670124054,
        0.15588855743408203
      ]
    },
    {
      "coordinates": [
        22,
        204
      ],
      "magnitude": 0.5065387487411499,
      "direction": [
        -0.9959856867790222,
        0.0895133912563324
      ]
    },
    {
      "coordinates": [
        45,
        204
      ],
      "magnitude": 0.2530876100063324,
      "direction": [
        -0.7977063059806824,
        0.6030460000038147
      ]
    },
    {
      "coordinates": [
        68,
        204
      ],
      "magnitude": 0.2747347056865692,
      "direction": [
        -0.2990875840187073,
        0.9542256593704224
      ]
    },
    {
      "coordinates": [
        91,
        204
      ],
      "magnitude": 0.37036237120628357,
      "direction": [
        -0.61834716796875,
        0.7859050631523132
      ]
    },
    {
      "coordinates": [
        113,
        204
      ],
      "magnitude": 0.21633508801460266,
      "direction": [
        -0.5468465685844421,
        0.8372328281402588
      ]
    },
    {
      "coordinates": [
        136,
        204
      ],
      "magnitude": 0.3515465557575226,
      "direction": [
        -0.19304542243480682,
        0.9811897873878479
      ]
    },
    {
      "coordinates": [
        159,
        204
      ],
      "magnitude": 0.5040780305862427,
      "direction": [
        0.2059948593378067,
        0.9785531163215637
      ]
    },
    {
      "coordinates": [
        182,
        204
      ],
      "magnitude": 0.27505189180374146,
      "direction": [
        0.8745841383934021,
        0.48487380146980286
      ]
    },
    {
      "coordinates": [
        205,
        204
      ],
      "magnitude": 0.37872228026390076,
      "direction": [
        0.8203174471855164,
        0.5719084739685059
      ]
    },
    {
      "coordinates": [
        227,
        204
      ],
      "magnitude": 0.5663691759109497,
      "direction": [
        0.8048688769340515,
        0.5934526324272156
      ]
    },
    {
      "coordinates": [
        250,
        204
      ],
      "magnitude": 0.4033754765987396,
      "direction": [
        0.899083137512207,
        0.4377778172492981
      ]
    },
    {
      "coordinates": [
        273,
        204
      ],
      "magnitude": 0.4294178783893585,
      "direction": [
        0.9413536787033081,
        0.3374215066432953
      ]
    },
    {
      "coordinates": [
        296,
        204
      ],
      "magnitude": 0.5281291007995605,
      "direction": [
        0.947195291519165,
        0.32065707445144653
      ]
    },
    {
      "coordinates": [
        319,
        204
      ],
      "magnitude": 0.5028100609779358,
      "direction": [
        0.9994064569473267,
        -0.03444887325167656
      ]
    },
    {
      "coordinates": [
        0,
        221
      ],
      "magnitude": 0.21235494315624237,
      "direction": [
        -0.2511221170425415,
        0.9679554104804993
      ]
    },
    {
      "coordinates": [
        22,
        221
      ],
      "magnitude": 0.5319333672523499,
      "direction": [
        -0.673453688621521,
        0.7392293214797974
      ]
    },
    {
      "coordinates": [
        45,
        221
      ],
      "magnitude": 0.47751662135124207,
      "direction": [
        -0.8804767727851868,
        0.47408926486968994
      ]
    },
    {
      "coordinates": [
        68,
        221
      ],
      "magnitude": 0.42272865772247314,
      "direction": [
        -0.6216973066329956,
        0.7832575440406799
      ]
    },
    {
      "coordinates": [
        91,
        221
      ],
      "magnitude": 0.30684226751327515,
      "direction": [
        -0.7146424651145935,
        0.699489951133728
      ]
    },
    {
      "coordinates": [
        113,
        221
      ],
      "magnitude": 0.2466234564781189,
      "direction": [
        -0.03435118868947029,
        0.9994097948074341
      ]
    },
    {
      "coordinates": [
        136,
        221
      ],
      "magnitude": 0.42908820509910583,
      "direction": [
        0.1678614765405655,
        0.9858106374740601
      ]
    },
    {
      "coordinates": [
        159,
        221
      ],
      "magnitude": 0.4916415214538574,
      "direction": [
        0.1289341151714325,
        0.9916531443595886
      ]
    },
    {
      "coordinates": [
        182,
        221
      ],
      "magnitude": 0.2990785241127014,
      "direction": [
        0.24394969642162323,
        0.9697878956794739
      ]
    },
    {
      "coordinates": [
        205,
        221
      ],
      "magnitude": 0.28726905584335327,
      "direction": [
        0.7926384806632996,
        0.6096919178962708
      ]
    },
    {
      "coordinates": [
        227,
        221
      ],
      "magnitude": 0.4742377698421478,
      "direction": [
        0.9210583567619324,
        0.38942456245422363
      ]
    },
    {
      "coordinates": [
        250,
        221
      ],
      "magnitude": 0.34250083565711975,
      "direction": [
        0.9319470524787903,
        0.3625943660736084
      ]
    },
    {
      "coordinates": [
        273,
        221
      ],
      "magnitude": 0.5185792446136475,
      "direction": [
        0.9718723893165588,
        0.23550797998905182
      ]
    },
    {
      "coordinates": [
        296,
        221
      ],
      "magnitude": 0.725153923034668,
      "direction": [
        0.9933792352676392,
        0.11488144099712372
      ]
    },
    {
      "coordinates": [
        319,
        221
      ],
      "magnitude": 0.40003257989883423,
      "direction": [
        0.9969075322151184,
        -0.07858408987522125
      ]
    },
    {
      "coordinates": [
        0,
        239
      ],
      "magnitude": 0.22483602166175842,
      "direction": [
        0.9967126846313477,
        0.08101786673069
      ]
    },
    {
      "coordinates": [
        22,
        239
      ],
      "magnitude": 0.46252578496932983,
      "direction": [
        -0.045481856912374496,
        0.9989652037620544
      ]
    },
    {
      "coordinates": [
        45,
        239
      ],
      "magnitude": 0.351126104593277,
      "direction": [
        -0.7768107056617737,
        0.6297341585159302
      ]
    },
    {
      "coordinates": [
        68,
        239
      ],
      "magnitude": 0.3645501434803009,
      "direction": [
        -0.659741997718811,
        0.7514922022819519
      ]
    },
    {
      "coordinates": [
        91,
        239
      ],
      "magnitude": 0.4981600344181061,
      "direction": [
        -0.9394000172615051,
        0.3428231179714203
      ]
    },
    {
      "coordinates": [
        113,
        239
      ],
      "magnitude": 0.4022722542285919,
      "direction": [
        -0.14413055777549744,
        0.9895586967468262
      ]
    },
    {
      "coordinates": [
        136,
        239
      ],
      "magnitude": 0.34176886081695557,
      "direction": [
        0.0847535952925682,
        0.9964019656181335
      ]
    },
    {
      "coordinates": [
        159,
        239
      ],
      "magnitude": 0.42371007800102234,
      "direction": [
        0.17542901635169983,
        0.9844920635223389
      ]
    },
    {
      "coordinates": [
        182,
        239
      ],
      "magnitude": 0.60235196352005,
      "direction": [
        0.06463226675987244,
        0.9979091286659241
      ]
    },
    {
      "coordinates": [
        205,
        239
      ],
      "magnitude": 0.41435566544532776,
      "direction": [
        0.6734731197357178,
        0.7392116785049438
      ]
    },
    {
      "coordinates": [
        227,
        239
      ],
      "magnitude": 0.17511042952537537,
      "direction": [
        0.8887914419174194,
        0.45831191539764404
      ]
    },
    {
      "coordinates": [
        250,
        239
      ],
      "magnitude": 0.6133413314819336,
      "direction": [
        0.9911174178123474,
        -0.13298985362052917
      ]
    },
    {
      "coordinates": [
        273,
        239
      ],
      "magnitude": 0.44010812044143677,
      "direction": [
        0.9473006129264832,
        0.32034581899642944
      ]
    },
    {
      "coordinates": [
        296,
        239
      ],
      "magnitude": 0.6529536843299866,
      "direction": [
        0.9956938028335571,
        0.09270226955413818
      ]
    },
    {
      "coordinates": [
        319,
        239
      ],
      "magnitude": 0.7430160045623779,
      "direction": [
        0.88092041015625,
        0.47326457500457764
      ]
    }
  ],
  "shear_mesh": [
    {
      "coordinates": [
        0,
        0
      ],
      "magnitude": 0.19093264639377594,
      "direction": [
        -0.8033106923103333,
        -0.5955602526664734
      ]
    },
    {
      "coordinates": [
        22,
        0
      ],
      "magnitude": 0.24558323621749878,
      "direction": [
        -0.6421374082565308,
        -0.7665895223617554
      ]
    },
    {
      "coordinates": [
        45,
        0
      ],
      "magnitude": 0.07048569619655609,
      "direction": [
        0.6158753633499146,
        -0.787843644618988
      ]
    },
    {
      "coordinates": [
        68,
        0
      ],
      "magnitude": 0.2058112770318985,
      "direction": [
        -0.9766123294830322,
        0.21500790119171143
      ]
    },
    {
      "coordinates": [
        91,
        0
      ],
      "magnitude": 0.2678361237049103,
      "direction": [
        -0.796689510345459,
        -0.6043888330459595
      ]
    },
    {
      "coordinates": [
        113,
        0
      ],
      "magnitude": 0.0941077396273613,
      "direction": [
        0.13886159658432007,
        -0.9903118014335632
      ]
    },
    {
      "coordinates": [
        136,
        0
      ],
      "magnitude": 0.04899260774254799,
      "direction": [
        0.8615302443504333,
        0.5077064037322998
      ]
    },
    {
      "coordinates": [
        159,
        0
      ],
      "magnitude": 0.1718689650297165,
      "direction": [
        0.48740658164024353,
        -0.8731750845909119
      ]
    },
    {
      "coordinates": [
        182,
        0
      ],
      "magnitude": 0.1822340488433838,
      "direction": [
        0.1427929550409317,
        -0.9897525906562805
      ]
    },
    {
      "coordinates": [
        205,
        0
      ],
      "magnitude": 0.05595219135284424,
      "direction": [
        0.9596693515777588,
        0.28113114833831787
      ]
    },
    {
      "coordinates": [
        227,
        0
      ],
      "magnitude": 0.44900888204574585,
      "direction": [
        0.8200482726097107,
        -0.5722943544387817
      ]
    },
    {
      "coordinates": [
        250,
        0
      ],
      "magnitude": 0.31169751286506653,
      "direction": [
        0.8110551834106445,
        -0.5849695801734924
      ]
    },
    {
      "coordinates": [
        273,
        0
      ],
      "magnitude": 0.30513253808021545,
      "direction": [
        0.9399519562721252,
        -0.3413068652153015
      ]
    },
    {
      "coordinates": [
        296,
        0
      ],
      "magnitude": 0.4116576611995697,
      "direction": [
        0.9988550543785095,
        -0.04783886298537254
      ]
    },
    {
      "coordinates": [
        319,
        0
      ],
      "magnitude": 0.653356671333313,
      "direction": [
        0.604570746421814,
        -0.7965514659881592
      ]
    },
    {
      "coordinates": [
        0,
        17
      ],
      "magnitude": 0.32428425550460815,
      "direction": [
        -0.5898451805114746,
        -0.80751633644104
      ]
    },
    {
      "coordinates": [
        22,
        17
      ],
      "magnitude": 0.189376100897789,
      "direction": [
        0.08717426657676697,
        -0.9961931109428406
      ]
    },
    {
      "coordinates": [
        45,
        17
      ],
      "magnitude": 0.12160888314247131,
      "direction": [
        0.46102118492126465,
        -0.8873891234397888
      ]
    },
    {
      "coordinates": [
        68,
        17
      ],
      "magnitude": 0.24809469282627106,
      "direction": [
        0.19287866353988647,
        0.9812226295471191
      ]
    },
    {
      "coordinates": [
        91,
        17
      ],
      "magnitude": 0.14771024882793427,
      "direction": [
        -0.45560988783836365,
        -0.8901795148849487
      ]
    },
    {
      "coordinates": [
        113,
        17
      ],
      "magnitude": 0.20278942584991455,
      "direction": [
        0.26535260677337646,
        -0.9641514420509338
      ]
    },
    {
      "coordinates": [
        136,
        17
      ],
      "magnitude": 0.1509530395269394,
      "direction": [
        0.8445151448249817,
        -0.5355316996574402
      ]
    },
    {
      "coordinates": [
        159,
        17
      ],
      "magnitude": 0.2358073592185974,
      "direction": [
        0.9681810140609741,
        0.250250905752182
      ]
    },
    {
      "coordinates": [
        182,
        17
      ],
      "magnitude": 0.3043091297149658,
      "direction": [
        0.4204005002975464,
        -0.9073386192321777
      ]
    },
    {
      "coordinates": [
        205,
        17
      ],
      "magnitude": 0.4677668809890747,
      "direction": [
        0.8580471873283386,
        -0.5135709047317505
      ]
    },
    {
      "coordinates": [
        227,
        17
      ],
      "magnitude": 0.3602716028690338,
      "direction": [
        0.8720365166664124,
        -0.48944079875946045
      ]
    },
    {
      "coordinates": [
        250,
        17
      ],
      "magnitude": 0.28159233927726746,
      "direction": [
        0.9091692566871643,
        -0.41642695665359497
      ]
    },
    {
      "coordinates": [
        273,
        17
      ],
      "magnitude": 0.33224210143089294,
      "direction": [
        0.8391373753547668,
        -0.5439195036888123
      ]
    },
    {
      "coordinates": [
        296,
        17
      ],
      "magnitude": 0.4816102087497711,
      "direction": [
        0.9503157734870911,
        -0.3112875819206238
      ]
    },
    {
      "coordinates": [
        319,
        17
      ],
      "magnitude": 0.41702526807785034,
      "direction": [
        0.9160529375076294,
        -0.4010574519634247
      ]
    },
    {
      "coordinates": [
        0,
        34
      ],
      "magnitude": 0.37888282537460327,
      "direction": [
        0.36819082498550415,
        -0.9297502636909485
      ]
    },
    {
      "coordinates": [
        22,
        34
      ],
      "magnitude": 0.1779152750968933,
      "direction": [
        0.3673292100429535,
        -0.9300910234451294
      ]
    },
    {
      "coordinates": [
        45,
        34
      ],
      "magnitude": 0.18512630462646484,
      "direction": [
        -0.9736983776092529,
        -0.2278410792350769
      ]
    },
    {
      "coordinates": [
        68,
        34
      ],
      "magnitude": 0.1782928705215454,
      "direction": [
        -0.276913583278656,
        0.9608948826789856
      ]
    },
    {
      "coordinates": [
        91,
        34
      ],
      "magnitude": 0.34224486351013184,
      "direction": [
        0.7427852749824524,
        -0.6695297360420227
      ]
    },
    {
      "coordinates": [
        113,
        34
      ],
      "magnitude": 0.28141549229621887,
      "direction": [
        0.36440783739089966,
        -0.9312394261360168
      ]
    },
    {
      "coordinates": [
        136,
        34
      ],
      "magnitude": 0.11944438517093658,
      "direction": [
        0.8314793109893799,
        -0.5555557012557983
      ]
    },
    {
      "coordinates": [
        159,
        34
      ],
      "magnitude": 0.2726673483848572,
      "direction": [
        0.974284827709198,
        -0.2253199964761734
      ]
    },
    {
      "coordinates": [
        182,
        34
      ],
      "magnitude": 0.49709352850914,
      "direction": [
        0.6989300847053528,
        -0.7151899933815002
      ]
    },
    {
      "coordinates": [
        205,
        34
      ],
      "magnitude": 0.40532320737838745,
      "direction": [
        0.5740589499473572,
        -0.8188139200210571
      ]
    },
    {
      "coordinates": [
        227,
        34
      ],
      "magnitude": 0.11192384362220764,
      "direction": [
        0.9677391648292542,
        -0.2519541382789612
      ]
    },
    {
      "coordinates": [
        250,
        34
      ],
      "magnitude": 0.24706821143627167,
      "direction": [
        0.534419596195221,
        -0.8452193140983582
      ]
    },
    {
      "coordinates": [
        273,
        34
      ],
      "magnitude": 0.15519408881664276,
      "direction": [
        0.813254177570343,
        -0.581908643245697
      ]
    },
    {
      "coordinates": [
        296,
        34
      ],
      "magnitude": 0.22632041573524475,
      "direction": [
        0.75318443775177,
        -0.6578094363212585
      ]
    },
    {
      "coordinates": [
        319,
        34
      ],
      "magnitude": 0.20025669038295746,
      "direction": [
        0.9522729516029358,
        -0.30524778366088867
      ]
    },
    {
      "coordinates": [
        0,
        51
      ],
      "magnitude": 0.3462226688861847,
      "direction": [
        -0.30373457074165344,
        -0.9527567028999329
      ]
    },
    {
      "coordinates": [
        22,
        51
      ],
      "magnitude": 0.18140454590320587,
      "direction": [
        -0.5442630052566528,
        -0.838914692401886
      ]
    },
    {
      "coordinates": [
        45,
        51
      ],
      "magnitude": 0.026906082406640053,
      "direction": [
        -0.4007948935031891,
        0.9161678552627563
      ]
    },
    {
      "coordinates": [
        68,
        51
      ],
      "magnitude": 0.19837142527103424,
      "direction": [
        0.6635113954544067,
        -0.7481662034988403
      ]
    },
    {
      "coordinates": [
        91,
        51
      ],
      "magnitude": 0.20579339563846588,
      "direction": [
        0.6703700423240662,
        -0.7420269846916199
      ]
    },
    {
      "coordinates": [
        113,
        51
      ],
      "magnitude": 0.17239215970039368,
      "direction": [
        0.5292998552322388,
        -0.8484348058700562
      ]
    },
    {
      "coordinates": [
        136,
        51
      ],
      "magnitude": 0.14271162450313568,
      "direction": [
        0.2624789774417877,
        -0.9649377465248108
      ]
    },
    {
      "coordinates": [
        159,
        51
      ],
      "magnitude": 0.21043647825717926,
      "direction": [
        0.7209113836288452,
        -0.6930272579193115
      ]
    },
    {
      "coordinates": [
        182,
        51
      ],
      "magnitude": 0.11118286848068237,
      "direction": [
        -0.010062763467431068,
        -0.9999493360519409
      ]
    },
    {
      "coordinates": [
        205,
        51
      ],
      "magnitude": 0.21536792814731598,
      "direction": [
        -0.5279366970062256,
        -0.8492836952209473
      ]
    },
    {
      "coordinates": [
        227,
        51
      ],
      "magnitude": 0.0780227929353714,
      "direction": [
        0.16668379306793213,
        -0.9860103726387024
      ]
    },
    {
      "coordinates": [
        250,
        51
      ],
      "magnitude": 0.2722681760787964,
      "direction": [
        0.0467660166323185,
        -0.9989058375358582
      ]
    },
    {
      "coordinates": [
        273,
        51
      ],
      "magnitude": 0.0836104303598404,
      "direction": [
        -0.10202165693044662,
        -0.9947822093963623
      ]
    },
    {
      "coordinates": [
        296,
        51
      ],
      "magnitude": 0.25662246346473694,
      "direction": [
        0.5567273497581482,
        -0.8306952118873596
      ]
    },
    {
      "coordinates": [
        319,
        51
      ],
      "magnitude": 0.22825077176094055,
      "direction": [
        0.7667831778526306,
        -0.6419062614440918
      ]
    },
    {
      "coordinates": [
        0,
        68
      ],
      "magnitude": 0.45274338126182556,
      "direction": [
        -0.21052223443984985,
        -0.9775890707969666
      ]
    },
    {
      "coordinates": [
        22,
        68
      ],
      "magnitude": 0.08628860861063004,
      "direction": [
        -0.33863431215286255,
        -0.9409180879592896
      ]
    },
    {
      "coordinates": [
        45,
        68
      ],
      "magnitude": 0.13201013207435608,
      "direction": [
        0.015032237395644188,
        -0.9998869895935059
      ]
    },
    {
      "coordinates": [
        68,
        68
      ],
      "magnitude": 0.11021214723587036,
      "direction": [
        0.5090215802192688,
        -0.8607537150382996
      ]
    },
    {
      "coordinates": [
        91,
        68
      ],
      "magnitude": 0.08754344284534454,
      "direction": [
        -0.4995844066143036,
        -0.8662652373313904
      ]
    },
    {
      "coordinates": [
        113,
        68
      ],
      "magnitude": 0.17633292078971863,
      "direction": [
        -0.9925301671028137,
        0.12199919670820236
      ]
    },
    {
      "coordinates": [
        136,
        68
      ],
      "magnitude": 0.23741009831428528,
      "direction": [
        0.08835024386644363,
        -0.9960894584655762
      ]
    },
    {
      "coordinates": [
        159,
        68
      ],
      "magnitude": 0.2239495813846588,
      "direction": [
        0.08566579222679138,
        -0.9963238835334778
      ]
    },
    {
      "coordinates": [
        182,
        68
      ],
      "magnitude": 0.03737832233309746,
      "direction": [
        0.7245819568634033,
        -0.6891886591911316
      ]
    },
    {
      "coordinates": [
        205,
        68
      ],
      "magnitude": 0.2541700005531311,
      "direction": [
        -0.2550569772720337,
        -0.9669259786605835
      ]
    },
    {
      "coordinates": [
        227,
        68
      ],
      "magnitude": 0.14263558387756348,
      "direction": [
        0.388804167509079,
        -0.921320378780365
      ]
    },
    {
      "coordinates": [
        250,
        68
      ],
      "magnitude": 0.2635159492492676,
      "direction": [
        -0.027592960745096207,
        -0.9996193051338196
      ]
    },
    {
      "coordinates": [
        273,
        68
      ],
      "magnitude": 0.054481539875268936,
      "direction": [
        -0.6715205311775208,
        -0.7409859299659729
      ]
    },
    {
      "coordinates": [
        296,
        68
      ],
      "magnitude": 0.2800616919994354,
      "direction": [
        -0.15817475318908691,
        -0.9874112010002136
      ]
    },
    {
      "coordinates": [
        319,
        68
      ],
      "magnitude": 0.19840705394744873,
      "direction": [
        -0.007153995800763369,
        -0.9999743700027466
      ]
    },
    {
      "coordinates": [
        0,
        85
      ],
      "magnitude": 0.32136523723602295,
      "direction": [
        -0.6577667593955994,
        -0.7532216310501099
      ]
    },
    {
      "coordinates": [
        22,
        85
      ],
      "magnitude": 0.25020280480384827,
      "direction": [
        -0.6789014339447021,
        -0.7342293858528137
      ]
    },
    {
      "coordinates": [
        45,
        85
      ],
      "magnitude": 0.22494961321353912,
      "direction": [
        -0.5457202196121216,
        -0.8379675149917603
      ]
    },
    {
      "coordinates": [
        68,
        85
      ],
      "magnitude": 0.2036287784576416,
      "direction": [
        -0.02439434453845024,
        -0.9997023940086365
      ]
    },
    {
      "coordinates": [
        91,
        85
      ],
      "magnitude": 0.12359071522951126,
      "direction": [
        0.8604192137718201,
        -0.5095868110656738
      ]
    },
    {
      "coordinates": [
        113,
        85
      ],
      "magnitude": 0.1980910748243332,
      "direction": [
        0.9331590533256531,
        -0.35946375131607056
      ]
    },
    {
      "coordinates": [
        136,
        85
      ],
      "magnitude": 0.24019579589366913,
      "direction": [
        0.17309050261974335,
        -0.9849058985710144
      ]
    },
    {
      "coordinates": [
        159,
        85
      ],
      "magnitude": 0.1473524570465088,
      "direction": [
        0.3037731945514679,
        -0.9527444243431091
      ]
    },
    {
      "coordinates": [
        182,
        85
      ],
      "magnitude": 0.07288233190774918,
      "direction": [
        0.5699899792671204,
        -0.8216516971588135
      ]
    },
    {
      "coordinates": [
        205,
        85
      ],
      "magnitude": 0.26612505316734314,
      "direction": [
        0.5957340002059937,
        -0.8031818866729736
      ]
    },
    {
      "coordinates": [
        227,
        85
      ],
      "magnitude": 0.2153327614068985,
      "direction": [
        0.32919102907180786,
        -0.9442633390426636
      ]
    },
    {
      "coordinates": [
        250,
        85
      ],
      "magnitude": 0.09635801613330841,
      "direction": [
        0.15257135033607483,
        -0.9882924556732178
      ]
    },
    {
      "coordinates": [
        273,
        85
      ],
      "magnitude": 0.14957065880298615,
      "direction": [
        -0.4249352216720581,
        -0.9052237868309021
      ]
    },
    {
      "coordinates": [
        296,
        85
      ],
      "magnitude": 0.3931732475757599,
      "direction": [
        -0.07855141162872314,
        -0.9969100952148438
      ]
    },
    {
      "coordinates": [
        319,
        85
      ],
      "magnitude": 0.2423105388879776,
      "direction": [
        0.29333919286727905,
        -0.9560084342956543
      ]
    },
    {
      "coordinates": [
        0,
        102
      ],
      "magnitude": 0.19026437401771545,
      "direction": [
        -0.4623286724090576,
        -0.886708676815033
      ]
    },
    {
      "coordinates": [
        22,
        102
      ],
      "magnitude": 0.2948545217514038,
      "direction": [
        -0.5833207964897156,
        -0.8122418522834778
      ]
    },
    {
      "coordinates": [
        45,
        102
      ],
      "magnitude": 0.11893302202224731,
      "direction": [
        -0.5745609402656555,
        -0.8184617757797241
      ]
    },
    {
      "coordinates": [
        68,
        102
      ],
      "magnitude": 0.39249175786972046,
      "direction": [
        -0.129281148314476,
        -0.9916079640388489
      ]
    },
    {
      "coordinates": [
        91,
        102
      ],
      "magnitude": 0.14233632385730743,
      "direction": [
        0.5065407156944275,
        -0.862216055393219
      ]
    },
    {
      "coordinates": [
        113,
        102
      ],
      "magnitude": 0.12022390216588974,
      "direction": [
        0.41505303978919983,
        -0.9097972512245178
      ]
    },
    {
      "coordinates": [
        136,
        102
      ],
      "magnitude": 0.09838207066059113,
      "direction": [
        -0.16924187541007996,
        -0.9855746030807495
      ]
    },
    {
      "coordinates": [
        159,
        102
      ],
      "magnitude": 0.19224491715431213,
      "direction": [
        -0.004117182455956936,
        -0.9999915361404419
      ]
    },
    {
      "coordinates": [
        182,
        102
      ],
      "magnitude": 0.3361210525035858,
      "direction": [
        0.6186774969100952,
        -0.785645067691803
      ]
    },
    {
      "coordinates": [
        205,
        102
      ],
      "magnitude": 0.26674917340278625,
      "direction": [
        0.708713173866272,
        -0.7054967284202576
      ]
    },
    {
      "coordinates": [
        227,
        102
      ],
      "magnitude": 0.13182757794857025,
      "direction": [
        0.895869255065918,
        -0.4443178176879883
      ]
    },
    {
      "coordinates": [
        250,
        102
      ],
      "magnitude": 0.0656270757317543,
      "direction": [
        -0.026903485879302025,
        -0.9996380805969238
      ]
    },
    {
      "coordinates": [
        273,
        102
      ],
      "magnitude": 0.13820329308509827,
      "direction": [
        0.21143828332424164,
        -0.9773913025856018
      ]
    },
    {
      "coordinates": [
        296,
        102
      ],
      "magnitude": 0.4605211317539215,
      "direction": [
        0.35601043701171875,
        -0.9344819784164429
      ]
    },
    {
      "coordinates": [
        319,
        102
      ],
      "magnitude": 0.17831256985664368,
      "direction": [
        0.29191726446151733,
        -0.9564435482025146
      ]
    },
    {
      "coordinates": [
        0,
        119
      ],
      "magnitude": 0.17822617292404175,
      "direction": [
        -0.7024039030075073,
        -0.7117785215377808
      ]
    },
    {
      "coordinates": [
        22,
        119
      ],
      "magnitude": 0.20531533658504486,
      "direction": [
        -0.6010990738868713,
        -0.7991744875907898
      ]
    },
    {
      "coordinates": [
        45,
        119
      ],
      "magnitude": 0.21900878846645355,
      "direction": [
        -0.2699460983276367,
        -0.9628754258155823
      ]
    },
    {
      "coordinates": [
        68,
        119
      ],
      "magnitude": 0.37582841515541077,
      "direction": [
        -0.24355150759220123,
        -0.969887912273407
      ]
    },
    {
      "coordinates": [
        91,
        119
      ],
      "magnitude": 0.11164917051792145,
      "direction": [
        -0.8106525540351868,
        -0.5855274796485901
      ]
    },
    {
      "coordinates": [
        113,
        119
      ],
      "magnitude": 0.16806326806545258,
      "direction": [
        -0.1350117176771164,
        -0.9908440113067627
      ]
    },
    {
      "coordinates": [
        136,
        119
      ],
      "magnitude": 0.1547790765762329,
      "direction": [
        -0.07385969161987305,
        -0.9972686171531677
      ]
    },
    {
      "coordinates": [
        159,
        119
      ],
      "magnitude": 0.2995662987232208,
      "direction": [
        0.3834790587425232,
        -0.9235495328903198
      ]
    },
    {
      "coordinates": [
        182,
        119
      ],
      "magnitude": 0.3859682083129883,
      "direction": [
        0.5489471554756165,
        -0.8358570337295532
      ]
    },
    {
      "coordinates": [
        205,
        119
      ],
      "magnitude": 0.16443923115730286,
      "direction": [
        0.7163289189338684,
        -0.6977628469467163
      ]
    },
    {
      "coordinates": [
        227,
        119
      ],
      "magnitude": 0.11688657104969025,
      "direction": [
        0.6195696592330933,
        -0.7849416732788086
      ]
    },
    {
      "coordinates": [
        250,
        119
      ],
      "magnitude": 0.042328380048274994,
      "direction": [
        0.9971728920936584,
        -0.07514134049415588
      ]
    },
    {
      "coordinates": [
        273,
        119
      ],
      "magnitude": 0.28261107206344604,
      "direction": [
        0.6206140518188477,
        -0.7841162085533142
      ]
    },
    {
      "coordinates": [
        296,
        119
      ],
      "magnitude": 0.3709726333618164,
      "direction": [
        0.4266224801540375,
        -0.9044298529624939
      ]
    },
    {
      "coordinates": [
        319,
        119
      ],
      "magnitude": 0.14345303177833557,
      "direction": [
        0.5346914529800415,
        -0.8450473546981812
      ]
    },
    {
      "coordinates": [
        0,
        136
      ],
      "magnitude": 0.2887078523635864,
      "direction": [
        -0.6539061665534973,
        -0.7565756440162659
      ]
    },
    {
      "coordinates": [
        22,
        136
      ],
      "magnitude": 0.22417448461055756,
      "direction": [
        -0.3410733640193939,
        -0.9400366544723511
      ]
    },
    {
      "coordinates": [
        45,
        136
      ],
      "magnitude": 0.3243936598300934,
      "direction": [
        -0.11296723783016205,
        -0.9935986995697021
      ]
    },
    {
      "coordinates": [
        68,
        136
      ],
      "magnitude": 0.19079440832138062,
      "direction": [
        -0.05395398661494255,
        -0.9985434412956238
      ]
    },
    {
      "coordinates": [
        91,
        136
      ],
      "magnitude": 0.17133967578411102,
      "direction": [
        -0.4791707694530487,
        -0.8777217268943787
      ]
    },
    {
      "coordinates": [
        113,
        136
      ],
      "magnitude": 0.15095800161361694,
      "direction": [
        -0.367173969745636,
        -0.9301522374153137
      ]
    },
    {
      "coordinates": [
        136,
        136
      ],
      "magnitude": 0.21618136763572693,
      "direction": [
        -0.12184593081474304,
        -0.9925490617752075
      ]
    },
    {
      "coordinates": [
        159,
        136
      ],
      "magnitude": 0.31460481882095337,
      "direction": [
        0.05532790720462799,
        -0.9984682202339172
      ]
    },
    {
      "coordinates": [
        182,
        136
      ],
      "magnitude": 0.32180431485176086,
      "direction": [
        0.17906558513641357,
        -0.9838371276855469
      ]
    },
    {
      "coordinates": [
        205,
        136
      ],
      "magnitude": 0.08732602745294571,
      "direction": [
        0.5812389254570007,
        -0.8137329816818237
      ]
    },
    {
      "coordinates": [
        227,
        136
      ],
      "magnitude": 0.1630069464445114,
      "direction": [
        0.5699823498725891,
        -0.8216570019721985
      ]
    },
    {
      "coordinates": [
        250,
        136
      ],
      "magnitude": 0.30930256843566895,
      "direction": [
        0.950171172618866,
        -0.31172865629196167
      ]
    },
    {
      "coordinates": [
        273,
        136
      ],
      "magnitude": 0.39224642515182495,
      "direction": [
        0.7889734506607056,
        -0.6144272685050964
      ]
    },
    {
      "coordinates": [
        296,
        136
      ],
      "magnitude": 0.2782619893550873,
      "direction": [
        0.5381284356117249,
        -0.8428627848625183
      ]
    },
    {
      "coordinates": [
        319,
        136
      ],
      "magnitude": 0.1885061413049698,
      "direction": [
        0.6276445388793945,
        -0.7785000801086426
      ]
    },
    {
      "coordinates": [
        0,
        153
      ],
      "magnitude": 0.3196529746055603,
      "direction": [
        0.07366971671581268,
        -0.9972826242446899
      ]
    },
    {
      "coordinates": [
        22,
        153
      ],
      "magnitude": 0.26521435379981995,
      "direction": [
        -0.12545515596866608,
        -0.9920993447303772
      ]
    },
    {
      "coordinates": [
        45,
        153
      ],
      "magnitude": 0.36625435948371887,
      "direction": [
        -0.28995880484580994,
        -0.9570391178131104
      ]
    },
    {
      "coordinates": [
        68,
        153
      ],
      "magnitude": 0.2083541601896286,
      "direction": [
        -0.182346910238266,
        -0.9832342267036438
      ]
    },
    {
      "coordinates": [
        91,
        153
      ],
      "magnitude": 0.21432875096797943,
      "direction": [
        0.09670291841030121,
        -0.9953133463859558
      ]
    },
    {
      "coordinates": [
        113,
        153
      ],
      "magnitude": 0.27780595421791077,
      "direction": [
        0.40678492188453674,
        -0.9135239720344543
      ]
    },
    {
      "coordinates": [
        136,
        153
      ],
      "magnitude": 0.4204546809196472,
      "direction": [
        0.825706422328949,
        -0.5641000866889954
      ]
    },
    {
      "coordinates": [
        159,
        153
      ],
      "magnitude": 0.3074616491794586,
      "direction": [
        0.6435904502868652,
        -0.7653701305389404
      ]
    },
    {
      "coordinates": [
        182,
        153
      ],
      "magnitude": 0.2292831838130951,
      "direction": [
        0.10475949198007584,
        -0.9944975972175598
      ]
    },
    {
      "coordinates": [
        205,
        153
      ],
      "magnitude": 0.16814760863780975,
      "direction": [
        0.6739009022712708,
        -0.738821804523468
      ]
    },
    {
      "coordinates": [
        227,
        153
      ],
      "magnitude": 0.16429629921913147,
      "direction": [
        0.6425737738609314,
        -0.7662237882614136
      ]
    },
    {
      "coordinates": [
        250,
        153
      ],
      "magnitude": 0.2781357765197754,
      "direction": [
        -0.010245637968182564,
        -0.9999474883079529
      ]
    },
    {
      "coordinates": [
        273,
        153
      ],
      "magnitude": 0.19747300446033478,
      "direction": [
        0.5790750980377197,
        -0.8152742385864258
      ]
    },
    {
      "coordinates": [
        296,
        153
      ],
      "magnitude": 0.30247190594673157,
      "direction": [
        0.8177478313446045,
        -0.575576663017273
      ]
    },
    {
      "coordinates": [
        319,
        153
      ],
      "magnitude": 0.31244149804115295,
      "direction": [
        0.7870213985443115,
        -0.6169257760047913
      ]
    },
    {
      "coordinates": [
        0,
        170
      ],
      "magnitude": 0.272863507270813,
      "direction": [
        -0.35842958092689514,
        -0.933556854724884
      ]
    },
    {
      "coordinates": [
        22,
        170
      ],
      "magnitude": 0.3011522591114044,
      "direction": [
        -0.045875221490859985,
        -0.9989471435546875
      ]
    },
    {
      "coordinates": [
        45,
        170
      ],
      "magnitude": 0.17648117244243622,
      "direction": [
        0.14882105588912964,
        -0.9888641238212585
      ]
    },
    {
      "coordinates": [
        68,
        170
      ],
      "magnitude": 0.34021779894828796,
      "direction": [
        -0.1865379959344864,
        -0.9824477434158325
      ]
    },
    {
      "coordinates": [
        91,
        170
      ],
      "magnitude": 0.23272711038589478,
      "direction": [
        -0.043026912957429886,
        -0.9990739822387695
      ]
    },
    {
      "coordinates": [
        113,
        170
      ],
      "magnitude": 0.29402193427085876,
      "direction": [
        0.3143998682498932,
        -0.9492906928062439
      ]
    },
    {
      "coordinates": [
        136,
        170
      ],
      "magnitude": 0.3383321166038513,
      "direction": [
        0.4046489894390106,
        -0.9144721031188965
      ]
    },
    {
      "coordinates": [
        159,
        170
      ],
      "magnitude": 0.18619365990161896,
      "direction": [
        0.7453747391700745,
        -0.6666456460952759
      ]
    },
    {
      "coordinates": [
        182,
        170
      ],
      "magnitude": 0.15940900146961212,
      "direction": [
        0.2350509762763977,
        -0.971983015537262
      ]
    },
    {
      "coordinates": [
        205,
        170
      ],
      "magnitude": 0.19975382089614868,
      "direction": [
        -0.32233425974845886,
        -0.9466260075569153
      ]
    },
    {
      "coordinates": [
        227,
        170
      ],
      "magnitude": 0.22144122421741486,
      "direction": [
        0.2053588628768921,
        -0.9786867499351501
      ]
    },
    {
      "coordinates": [
        250,
        170
      ],
      "magnitude": 0.30831244587898254,
      "direction": [
        0.5312300324440002,
        -0.8472276329994202
      ]
    },
    {
      "coordinates": [
        273,
        170
      ],
      "magnitude": 0.2153359353542328,
      "direction": [
        0.756386935710907,
        -0.65412437915802
      ]
    },
    {
      "coordinates": [
        296,
        170
      ],
      "magnitude": 0.3835570812225342,
      "direction": [
        0.5133394598960876,
        -0.8581856489181519
      ]
    },
    {
      "coordinates": [
        319,
        170
      ],
      "magnitude": 0.3928680419921875,
      "direction": [
        0.7333126664161682,
        -0.6798915863037109
      ]
    },
    {
      "coordinates": [
        0,
        187
      ],
      "magnitude": 0.20387579500675201,
      "direction": [
        -0.07733751833438873,
        -0.9970049262046814
      ]
    },
    {
      "coordinates": [
        22,
        187
      ],
      "magnitude": 0.2907043993473053,
      "direction": [
        0.09295737743377686,
        -0.9956700801849365
      ]
    },
    {
      "coordinates": [
        45,
        187
      ],
      "magnitude": 0.24734662473201752,
      "direction": [
        -0.03050967864692211,
        -0.9995344877243042
      ]
    },
    {
      "coordinates": [
        68,
        187
      ],
      "magnitude": 0.23861786723136902,
      "direction": [
        -0.21457932889461517,
        -0.9767066240310669
      ]
    },
    {
      "coordinates": [
        91,
        187
      ],
      "magnitude": 0.29124143719673157,
      "direction": [
        -0.4105030596256256,
        -0.9118592739105225
      ]
    },
    {
      "coordinates": [
        113,
        187
      ],
      "magnitude": 0.3516274392604828,
      "direction": [
        -0.10677026212215424,
        -0.9942837357521057
      ]
    },
    {
      "coordinates": [
        136,
        187
      ],
      "magnitude": 0.2874917984008789,
      "direction": [
        0.10076536238193512,
        -0.9949101209640503
      ]
    },
    {
      "coordinates": [
        159,
        187
      ],
      "magnitude": 0.06388609856367111,
      "direction": [
        -0.1504947394132614,
        -0.9886108636856079
      ]
    },
    {
      "coordinates": [
        182,
        187
      ],
      "magnitude": 0.1527470499277115,
      "direction": [
        0.1234927698969841,
        -0.9923455119132996
      ]
    },
    {
      "coordinates": [
        205,
        187
      ],
      "magnitude": 0.12612919509410858,
      "direction": [
        0.17764751613140106,
        -0.9840942025184631
      ]
    },
    {
      "coordinates": [
        227,
        187
      ],
      "magnitude": 0.2027362883090973,
      "direction": [
        0.10532151162624359,
        -0.9944382309913635
      ]
    },
    {
      "coordinates": [
        250,
        187
      ],
      "magnitude": 0.30303755402565,
      "direction": [
        0.1234005019068718,
        -0.9923568964004517
      ]
    },
    {
      "coordinates": [
        273,
        187
      ],
      "magnitude": 0.2844853103160858,
      "direction": [
        0.2639259696006775,
        -0.9645429253578186
      ]
    },
    {
      "coordinates": [
        296,
        187
      ],
      "magnitude": 0.2557850778102875,
      "direction": [
        0.2867421805858612,
        -0.9580077528953552
      ]
    },
    {
      "coordinates": [
        319,
        187
      ],
      "magnitude": 0.4397026300430298,
      "direction": [
        0.2984308898448944,
        -0.9544312357902527
      ]
    },
    {
      "coordinates": [
        0,
        204
      ],
      "magnitude": 0.2927330732345581,
      "direction": [
        0.05669571831822395,
        -0.9983915686607361
      ]
    },
    {
      "coordinates": [
        22,
        204
      ],
      "magnitude": 0.4230726957321167,
      "direction": [
        -0.03159894421696663,
        -0.9995006322860718
      ]
    },
    {
      "coordinates": [
        45,
        204
      ],
      "magnitude": 0.3350071310997009,
      "direction": [
        0.5063522458076477,
        -0.8623266816139221
      ]
    },
    {
      "coordinates": [
        68,
        204
      ],
      "magnitude": 0.3180461823940277,
      "direction": [
        0.5706555247306824,
        -0.8211895227432251
      ]
    },
    {
      "coordinates": [
        91,
        204
      ],
      "magnitude": 0.27758076786994934,
      "direction": [
        0.23414969444274902,
        -0.9722005128860474
      ]
    },
    {
      "coordinates": [
        113,
        204
      ],
      "magnitude": 0.372086763381958,
      "direction": [
        0.1489069163799286,
        -0.9888512492179871
      ]
    },
    {
      "coordinates": [
        136,
        204
      ],
      "magnitude": 0.26536521315574646,
      "direction": [
        -0.22665514051914215,
        -0.9739751219749451
      ]
    },
    {
      "coordinates": [
        159,
        204
      ],
      "magnitude": 0.07418747246265411,
      "direction": [
        -0.4016072452068329,
        -0.9158120155334473
      ]
    },
    {
      "coordinates": [
        182,
        204
      ],
      "magnitude": 0.2568052113056183,
      "direction": [
        0.11160749942064285,
        -0.9937523007392883
      ]
    },
    {
      "coordinates": [
        205,
        204
      ],
      "magnitude": 0.2595576047897339,
      "direction": [
        0.5072396993637085,
        -0.8618050217628479
      ]
    },
    {
      "coordinates": [
        227,
        204
      ],
      "magnitude": 0.24609705805778503,
      "direction": [
        0.5842546224594116,
        -0.811570405960083
      ]
    },
    {
      "coordinates": [
        250,
        204
      ],
      "magnitude": 0.34194639325141907,
      "direction": [
        0.3505082130432129,
        -0.9365596175193787
      ]
    },
    {
      "coordinates": [
        273,
        204
      ],
      "magnitude": 0.27393409609794617,
      "direction": [
        0.30669304728507996,
        -0.951808512210846
      ]
    },
    {
      "coordinates": [
        296,
        204
      ],
      "magnitude": 0.21058042347431183,
      "direction": [
        0.29937198758125305,
        -0.9541364312171936
      ]
    },
    {
      "coordinates": [
        319,
        204
      ],
      "magnitude": 0.3468764126300812,
      "direction": [
        0.17915472388267517,
        -0.983820915222168
      ]
    },
    {
      "coordinates": [
        0,
        221
      ],
      "magnitude": 0.3469602167606354,
      "direction": [
        0.5900094509124756,
        -0.807396411895752
      ]
    },
    {
      "coordinates": [
        22,
        221
      ],
      "magnitude": 0.2616210877895355,
      "direction": [
        0.2983187735080719,
        -0.9544662833213806
      ]
    },
    {
      "coordinates": [
        45,
        221
      ],
      "magnitude": 0.3545821011066437,
      "direction": [
        -0.4104975461959839,
        -0.9118617177009583
      ]
    },
    {
      "coordinates": [
        68,
        221
      ],
      "magnitude": 0.29973429441452026,
      "direction": [
        -0.23262374103069305,
        -0.9725667834281921
      ]
    },
    {
      "coordinates": [
        91,
        221
      ],
      "magnitude": 0.35845309495925903,
      "direction": [
        0.14634276926517487,
        -0.9892340302467346
      ]
    },
    {
      "coordinates": [
        113,
        221
      ],
      "magnitude": 0.3366718888282776,
      "direction": [
        0.34315210580825806,
        -0.9392799139022827
      ]
    },
    {
      "coordinates": [
        136,
        221
      ],
      "magnitude": 0.20667338371276855,
      "direction": [
        -0.044398266822099686,
        -0.9990139007568359
      ]
    },
    {
      "coordinates": [
        159,
        221
      ],
      "magnitude": 0.11439323425292969,
      "direction": [
        0.4495566189289093,
        -0.893251895904541
      ]
    },
    {
      "coordinates": [
        182,
        221
      ],
      "magnitude": 0.16293825209140778,
      "direction": [
        0.29797735810279846,
        -0.9545729160308838
      ]
    },
    {
      "coordinates": [
        205,
        221
      ],
      "magnitude": 0.21598570048809052,
      "direction": [
        -0.26030853390693665,
        -0.9655254483222961
      ]
    },
    {
      "coordinates": [
        227,
        221
      ],
      "magnitude": 0.2980448305606842,
      "direction": [
        0.26582351326942444,
        -0.9640216827392578
      ]
    },
    {
      "coordinates": [
        250,
        221
      ],
      "magnitude": 0.2976745069026947,
      "direction": [
        0.13473354279994965,
        -0.9908819198608398
      ]
    },
    {
      "coordinates": [
        273,
        221
      ],
      "magnitude": 0.3531250059604645,
      "direction": [
        0.772243082523346,
        -0.635327160358429
      ]
    },
    {
      "coordinates": [
        296,
        221
      ],
      "magnitude": 0.36680153012275696,
      "direction": [
        0.7274667024612427,
        -0.6861429810523987
      ]
    },
    {
      "coordinates": [
        319,
        221
      ],
      "magnitude": 0.2593837380409241,
      "direction": [
        0.5638131499290466,
        -0.8259024024009705
      ]
    },
    {
      "coordinates": [
        0,
        239
      ],
      "magnitude": 0.594795286655426,
      "direction": [
        0.8164640665054321,
        -0.5773962140083313
      ]
    },
    {
      "coordinates": [
        22,
        239
      ],
      "magnitude": 0.3526534140110016,
      "direction": [
        0.9999772906303406,
        -0.0067426832392811775
      ]
    },
    {
      "coordinates": [
        45,
        239
      ],
      "magnitude": 0.35143688321113586,
      "direction": [
        0.2633340060710907,
        -0.9647047519683838
      ]
    },
    {
      "coordinates": [
        68,
        239
      ],
      "magnitude": 0.30659347772598267,
      "direction": [
        0.03962359577417374,
        -0.9992147088050842
      ]
    },
    {
      "coordinates": [
        91,
        239
      ],
      "magnitude": 0.391621470451355,
      "direction": [
        -0.2337588518857956,
        -0.9722946286201477
      ]
    },
    {
      "coordinates": [
        113,
        239
      ],
      "magnitude": 0.24609118700027466,
      "direction": [
        -0.1708584427833557,
        -0.9852955937385559
      ]
    },
    {
      "coordinates": [
        136,
        239
      ],
      "magnitude": 0.22775410115718842,
      "direction": [
        0.0392562597990036,
        -0.9992291927337646
      ]
    },
    {
      "coordinates": [
        159,
        239
      ],
      "magnitude": 0.25221917033195496,
      "direction": [
        0.6910341382026672,
        -0.7228221297264099
      ]
    },
    {
      "coordinates": [
        182,
        239
      ],
      "magnitude": 0.06934002041816711,
      "direction": [
        -0.07142452895641327,
        -0.9974460005760193
      ]
    },
    {
      "coordinates": [
        205,
        239
      ],
      "magnitude": 0.2840005159378052,
      "direction": [
        0.13952794671058655,
        -0.9902181625366211
      ]
    },
    {
      "coordinates": [
        227,
        239
      ],
      "magnitude": 0.36133652925491333,
      "direction": [
        0.043820820748806,
        -0.9990394711494446
      ]
    },
    {
      "coordinates": [
        250,
        239
      ],
      "magnitude": 0.5123931765556335,
      "direction": [
        0.5643505454063416,
        -0.8255352973937988
      ]
    },
    {
      "coordinates": [
        273,
        239
      ],
      "magnitude": 0.3850351572036743,
      "direction": [
        0.6584680080413818,
        -0.7526087164878845
      ]
    },
    {
      "coordinates": [
        296,
        239
      ],
      "magnitude": 0.43908676505088806,
      "direction": [
        0.7200362682342529,
        -0.6939364671707153
      ]
    },
    {
      "coordinates": [
        319,
        239
      ],
      "magnitude": 0.369976282119751,
      "direction": [
        0.9980957508087158,
        -0.06168331205844879
      ]
    }
  ]
}