{
  "recording_timestamp": 1756815481.99882,
  "mean_fz": -2.4588,
  "peak_intensity": 0.885,
  "deformation_mesh": [
    {
      "coordinates": [
        0,
        0
      ],
      "magnitude": 1.8906584978103638,
      "direction": [
        -0.6813417077064514,
        -0.7319655418395996
      ]
    },
    {
      "coordinates": [
        22,
        0
      ],
      "magnitude": 1.958290934562683,
      "direction": [
        -0.644732654094696,
        -0.7644081711769104
      ]
    },
    {
      "coordinates": [
        45,
        0
      ],
      "magnitude": 2.2220826148986816,
      "direction": [
        -0.513844907283783,
        -0.8578831553459167
      ]
    },
    {
      "coordinates": [
        68,
        0
      ],
      "magnitude": 2.179081916809082,
      "direction": [
        -0.5734569430351257,
        -0.8192357420921326
      ]
    },
    {
      "coordinates": [
        91,
        0
      ],
      "magnitude": 2.5973763465881348,
      "direction": [
        -0.24589328467845917,
        -0.969296932220459
      ]
    },
    {
      "coordinates": [
        113,
        0
      ],
      "magnitude": 2.761680841445923,
      "direction": [
        -0.13840381801128387,
        -0.9903759360313416
      ]
    },
    {
      "coordinates": [
        136,
        0
      ],
      "magnitude": 2.918367624282837,
      "direction": [
        0.20998112857341766,
        -0.9777054190635681
      ]
    },
    {
      "coordinates": [
        159,
        0
      ],
      "magnitude": 3.0614187717437744,
      "direction": [
        0.39443331956863403,
        -0.9189245700836182
      ]
    },
    {
      "coordinates": [
        182,
        0
      ],
      "magnitude": 2.790497064590454,
      "direction": [
        0.5068295001983643,
        -0.8620463013648987
      ]
    },
    {
      "coordinates": [
        205,
        0
      ],
      "magnitude": 2.4059031009674072,
      "direction": [
        0.5195595622062683,
        -0.8544342517852783
      ]
    },
    {
      "coordinates": [
        227,
        0
      ],
      "magnitude": 2.4242472648620605,
      "direction": [
        0.6664770841598511,
        -0.7455254793167114
      ]
    },
    {
      "coordinates": [
        250,
        0
      ],
      "magnitude": 2.1593291759490967,
      "direction": [
        0.5313452482223511,
        -0.8471553921699524
      ]
    },
    {
      "coordinates": [
        273,
        0
      ],
      "magnitude": 2.520432949066162,
      "direction": [
        0.7440409064292908,
        -0.6681341528892517
      ]
    },
    {
      "coordinates": [
        296,
        0
      ],
      "magnitude": 1.9791841506958008,
      "direction": [
        0.8503125905990601,
        -0.5262779593467712
      ]
    },
    {
      "coordinates": [
        319,
        0
      ],
      "magnitude": 2.077042818069458,
      "direction": [
        0.6339277029037476,
        -0.7733922600746155
      ]
    },
    {
      "coordinates": [
        0,
        17
      ],
      "magnitude": 1.651371717453003,
      "direction": [
        -0.763657808303833,
        -0.6456211805343628
      ]
    },
    {
      "coordinates": [
        22,
        17
      ],
      "magnitude": 2.0275168418884277,
      "direction": [
        -0.6397485136985779,
        -0.7685843110084534
      ]
    },
    {
      "coordinates": [
        45,
        17
      ],
      "magnitude": 2.272677421569824,
      "direction": [
        -0.344298392534256,
        -0.938860297203064
      ]
    },
    {
      "coordinates": [
        68,
        17
      ],
      "magnitude": 2.164093255996704,
      "direction": [
        -0.2974410653114319,
        -0.9547402262687683
      ]
    },
    {
      "coordinates": [
        91,
        17
      ],
      "magnitude": 2.7347285747528076,
      "direction": [
        -0.17046582698822021,
        -0.9853635430335999
      ]
    },
    {
      "coordinates": [
        113,
        17
      ],
      "magnitude": 2.876000165939331,
      "direction": [
        -0.1535874307155609,
        -0.9881350994110107
      ]
    },
    {
      "coordinates": [
        136,
        17
      ],
      "magnitude": 3.069533586502075,
      "direction": [
        0.16390304267406464,
        -0.986476480960846
      ]
    },
    {
      "coordinates": [
        159,
        17
      ],
      "magnitude": 3.078892707824707,
      "direction": [
        0.39725157618522644,
        -0.9177097082138062
      ]
    },
    {
      "coordinates": [
        182,
        17
      ],
      "magnitude": 3.1105995178222656,
      "direction": [
        0.5150906443595886,
        -0.8571357131004333
      ]
    },
    {
      "coordinates": [
        205,
        17
      ],
      "magnitude": 2.778826951980591,
      "direction": [
        0.6883885264396667,
        -0.7253422141075134
      ]
    },
    {
      "coordinates": [
        227,
        17
      ],
      "magnitude": 2.4423534870147705,
      "direction": [
        0.701911985874176,
        -0.7122636437416077
      ]
    },
    {
      "coordinates": [
        250,
        17
      ],
      "magnitude": 2.1630849838256836,
      "direction": [
        0.638429582118988,
        -0.7696803212165833
      ]
    },
    {
      "coordinates": [
        273,
        17
      ],
      "magnitude": 2.2182669639587402,
      "direction": [
        0.7723216414451599,
        -0.6352316737174988
      ]
    },
    {
      "coordinates": [
        296,
        17
      ],
      "magnitude": 2.117705821990967,
      "direction": [
        0.8406814932823181,
        -0.5415300130844116
      ]
    },
    {
      "coordinates": [
        319,
        17
      ],
      "magnitude": 2.3503806591033936,
      "direction": [
        0.8284797072410583,
        -0.5600191354751587
      ]
    },
    {
      "coordinates": [
        0,
        34
      ],
      "magnitude": 2.2220492362976074,
      "direction": [
        -0.6774097681045532,
        -0.7356058955192566
      ]
    },
    {
      "coordinates": [
        22,
        34
      ],
      "magnitude": 2.246598720550537,
      "direction": [
        -0.6660901308059692,
        -0.7458713054656982
      ]
    },
    {
      "coordinates": [
        45,
        34
      ],
      "magnitude": 2.3578531742095947,
      "direction": [
        -0.566827654838562,
        -0.8238363265991211
      ]
    },
    {
      "coordinates": [
        68,
        34
      ],
      "magnitude": 2.2560274600982666,
      "direction": [
        -0.38348910212516785,
        -0.9235454201698303
      ]
    },
    {
      "coordinates": [
        91,
        34
      ],
      "magnitude": 2.919886350631714,
      "direction": [
        -0.2072562575340271,
        -0.978286623954773
      ]
    },
    {
      "coordinates": [
        113,
        34
      ],
      "magnitude": 3.3895668983459473,
      "direction": [
        -0.09224758297204971,
        -0.9957360625267029
      ]
    },
    {
      "coordinates": [
        136,
        34
      ],
      "magnitude": 3.5652031898498535,
      "direction": [
        0.16516803205013275,
        -0.9862654805183411
      ]
    },
    {
      "coordinates": [
        159,
        34
      ],
      "magnitude": 3.527190923690796,
      "direction": [
        0.3905792534351349,
        -0.9205693006515503
      ]
    },
    {
      "coordinates": [
        182,
        34
      ],
      "magnitude": 3.347104072570801,
      "direction": [
        0.5520442724227905,
        -0.8338147401809692
      ]
    },
    {
      "coordinates": [
        205,
        34
      ],
      "magnitude": 3.0796327590942383,
      "direction": [
        0.6575992107391357,
        -0.7533679604530334
      ]
    },
    {
      "coordinates": [
        227,
        34
      ],
      "magnitude": 2.644666910171509,
      "direction": [
        0.7311086654663086,
        -0.6822609901428223
      ]
    },
    {
      "coordinates": [
        250,
        34
      ],
      "magnitude": 2.4194421768188477,
      "direction": [
        0.686407208442688,
        -0.7272173762321472
      ]
    },
    {
      "coordinates": [
        273,
        34
      ],
      "magnitude": 2.313426971435547,
      "direction": [
        0.8186601400375366,
        -0.5742783546447754
      ]
    },
    {
      "coordinates": [
        296,
        34
      ],
      "magnitude": 1.9955487251281738,
      "direction": [
        0.8204585313796997,
        -0.5717061161994934
      ]
    },
    {
      "coordinates": [
        319,
        34
      ],
      "magnitude": 2.2315170764923096,
      "direction": [
        0.9161226153373718,
        -0.40089818835258484
      ]
    },
    {
      "coordinates": [
        0,
        51
      ],
      "magnitude": 2.3153884410858154,
      "direction": [
        -0.7520436644554138,
        -0.6591132879257202
      ]
    },
    {
      "coordinates": [
        22,
        51
      ],
      "magnitude": 2.2942590713500977,
      "direction": [
        -0.7476495504379272,
        -0.6640933752059937
      ]
    },
    {
      "coordinates": [
        45,
        51
      ],
      "magnitude": 2.373295783996582,
      "direction": [
        -0.67277991771698,
        -0.7398427128791809
      ]
    },
    {
      "coordinates": [
        68,
        51
      ],
      "magnitude": 2.582386016845703,
      "direction": [
        -0.49924057722091675,
        -0.8664634823799133
      ]
    },
    {
      "coordinates": [
        91,
        51
      ],
      "magnitude": 3.2325761318206787,
      "direction": [
        -0.3472081422805786,
        -0.9377880692481995
      ]
    },
    {
      "coordinates": [
        113,
        51
      ],
      "magnitude": 3.8835957050323486,
      "direction": [
        -0.0771445706486702,
        -0.9970199465751648
      ]
    },
    {
      "coordinates": [
        136,
        51
      ],
      "magnitude": 4.078112602233887,
      "direction": [
        0.1359698474407196,
        -0.9907130599021912
      ]
    },
    {
      "coordinates": [
        159,
        51
      ],
      "magnitude": 4.090639114379883,
      "direction": [
        0.4233244061470032,
        -0.9059782028198242
      ]
    },
    {
      "coordinates": [
        182,
        51
      ],
      "magnitude": 3.581993579864502,
      "direction": [
        0.5800629258155823,
        -0.8145716190338135
      ]
    },
    {
      "coordinates": [
        205,
        51
      ],
      "magnitude": 3.212200164794922,
      "direction": [
        0.7042561769485474,
        -0.7099459767341614
      ]
    },
    {
      "coordinates": [
        227,
        51
      ],
      "magnitude": 2.8081257343292236,
      "direction": [
        0.7933958768844604,
        -0.6087059378623962
      ]
    },
    {
      "coordinates": [
        250,
        51
      ],
      "magnitude": 2.407449960708618,
      "direction": [
        0.7786049246788025,
        -0.6275144815444946
      ]
    },
    {
      "coordinates": [
        273,
        51
      ],
      "magnitude": 2.166890859603882,
      "direction": [
        0.8377371430397034,
        -0.5460736751556396
      ]
    },
    {
      "coordinates": [
        296,
        51
      ],
      "magnitude": 2.1515393257141113,
      "direction": [
        0.8183318972587585,
        -0.5747460722923279
      ]
    },
    {
      "coordinates": [
        319,
        51
      ],
      "magnitude": 2.0225977897644043,
      "direction": [
        0.8255879878997803,
        -0.5642733573913574
      ]
    },
    {
      "coordinates": [
        0,
        68
      ],
      "magnitude": 2.0136466026306152,
      "direction": [
        -0.8059698939323425,
        -0.5919564366340637
      ]
    },
    {
      "coordinates": [
        22,
        68
      ],
      "magnitude": 2.128436326980591,
      "direction": [
        -0.7944397330284119,
        -0.6073429584503174
      ]
    },
    {
      "coordinates": [
        45,
        68
      ],
      "magnitude": 2.5179402828216553,
      "direction": [
        -0.728868842124939,
        -0.6846533417701721
      ]
    },
    {
      "coordinates": [
        68,
        68
      ],
      "magnitude": 2.8650600910186768,
      "direction": [
        -0.6735114455223083,
        -0.7391768097877502
      ]
    },
    {
      "coordinates": [
        91,
        68
      ],
      "magnitude": 3.568406581878662,
      "direction": [
        -0.44509971141815186,
        -0.8954809904098511
      ]
    },
    {
      "coordinates": [
        113,
        68
      ],
      "magnitude": 4.538947582244873,
      "direction": [
        -0.20469500124454498,
        -0.9788258075714111
      ]
    },
    {
      "coordinates": [
        136,
        68
      ],
      "magnitude": 5.493433952331543,
      "direction": [
        0.23610569536685944,
        -0.9717274308204651
      ]
    },
    {
      "coordinates": [
        159,
        68
      ],
      "magnitude": 5.439046382904053,
      "direction": [
        0.5023641586303711,
        -0.8646560907363892
      ]
    },
    {
      "coordinates": [
        182,
        68
      ],
      "magnitude": 4.07601261138916,
      "direction": [
        0.7254173159599304,
        -0.6883093118667603
      ]
    },
    {
      "coordinates": [
        205,
        68
      ],
      "magnitude": 3.2557218074798584,
      "direction": [
        0.8187697529792786,
        -0.5741220116615295
      ]
    },
    {
      "coordinates": [
        227,
        68
      ],
      "magnitude": 3.021911382675171,
      "direction": [
        0.8683415651321411,
        -0.4959666430950165
      ]
    },
    {
      "coordinates": [
        250,
        68
      ],
      "magnitude": 2.792003631591797,
      "direction": [
        0.8182121515274048,
        -0.574916422367096
      ]
    },
    {
      "coordinates": [
        273,
        68
      ],
      "magnitude": 2.2718780040740967,
      "direction": [
        0.8841596841812134,
        -0.46718472242355347
      ]
    },
    {
      "coordinates": [
        296,
        68
      ],
      "magnitude": 2.3593077659606934,
      "direction": [
        0.906059980392456,
        -0.42314934730529785
      ]
    },
    {
      "coordinates": [
        319,
        68
      ],
      "magnitude": 1.7965106964111328,
      "direction": [
        0.8486654758453369,
        -0.5289300084114075
      ]
    },
    {
      "coordinates": [
        0,
        85
      ],
      "magnitude": 1.8477277755737305,
      "direction": [
        -0.9083112478256226,
        -0.4182949960231781
      ]
    },
    {
      "coordinates": [
        22,
        85
      ],
      "magnitude": 2.09078049659729,
      "direction": [
        -0.9324615597724915,
        -0.3612692654132843
      ]
    },
    {
      "coordinates": [
        45,
        85
      ],
      "magnitude": 2.5987706184387207,
      "direction": [
        -0.8778647780418396,
        -0.4789085388183594
      ]
    },
    {
      "coordinates": [
        68,
        85
      ],
      "magnitude": 3.2231333255767822,
      "direction": [
        -0.8062431812286377,
        -0.5915842056274414
      ]
    },
    {
      "coordinates": [
        91,
        85
      ],
      "magnitude": 4.213856220245361,
      "direction": [
        -0.6148384809494019,
        -0.7886531352996826
      ]
    },
    {
      "coordinates": [
        113,
        85
      ],
      "magnitude": 6.703997611999512,
      "direction": [
        -0.3578762710094452,
        -0.9337690472602844
      ]
    },
    {
      "coordinates": [
        136,
        85
      ],
      "magnitude": 8.294410705566406,
      "direction": [
        0.20983071625232697,
        -0.9777377247810364
      ]
    },
    {
      "coordinates": [
        159,
        85
      ],
      "magnitude": 6.910384654998779,
      "direction": [
        0.6902794241905212,
        -0.7235428690910339
      ]
    },
    {
      "coordinates": [
        182,
        85
      ],
      "magnitude": 4.802954196929932,
      "direction": [
        0.8472882509231567,
        -0.5311334729194641
      ]
    },
    {
      "coordinates": [
        205,
        85
      ],
      "magnitude": 3.896851062774658,
      "direction": [
        0.9112711548805237,
        -0.4118069112300873
      ]
    },
    {
      "coordinates": [
        227,
        85
      ],
      "magnitude": 2.9880120754241943,
      "direction": [
        0.9305397272109985,
        -0.36619091033935547
      ]
    },
    {
      "coordinates": [
        250,
        85
      ],
      "magnitude": 2.738426685333252,
      "direction": [
        0.9195033311843872,
        -0.3930821418762207
      ]
    },
    {
      "coordinates": [
        273,
        85
      ],
      "magnitude": 2.4325993061065674,
      "direction": [
        0.9261296391487122,
        -0.3772054612636566
      ]
    },
    {
      "coordinates": [
        296,
        85
      ],
      "magnitude": 1.8600895404815674,
      "direction": [
        0.9359036087989807,
        -0.35225623846054077
      ]
    },
    {
      "coordinates": [
        319,
        85
      ],
      "magnitude": 1.7283122539520264,
      "direction": [
        0.9240278005599976,
        -0.3823252320289612
      ]
    },
    {
      "coordinates": [
        0,
        102
      ],
      "magnitude": 1.8468997478485107,
      "direction": [
        -0.9499878883361816,
        -0.3122868239879608
      ]
    },
    {
      "coordinates": [
        22,
        102
      ],
      "magnitude": 2.0114948749542236,
      "direction": [
        -0.9538150429725647,
        -0.30039456486701965
      ]
    },
    {
      "coordinates": [
        45,
        102
      ],
      "magnitude": 2.278644561767578,
      "direction": [
        -0.9416414499282837,
        -0.3366175591945648
      ]
    },
    {
      "coordinates": [
        68,
        102
      ],
      "magnitude": 3.2280259132385254,
      "direction": [
        -0.9064727425575256,
        -0.4222642779350281
      ]
    },
    {
      "coordinates": [
        91,
        102
      ],
      "magnitude": 4.22160005569458,
      "direction": [
        -0.8501453399658203,
        -0.5265482664108276
      ]
    },
    {
      "coordinates": [
        113,
        102
      ],
      "magnitude": 6.454654216766357,
      "direction": [
        -0.6093714833259583,
        -0.7928848266601562
      ]
    },
    {
      "coordinates": [
        136,
        102
      ],
      "magnitude": 8.79991340637207,
      "direction": [
        0.5180219411849976,
        -0.8553673028945923
      ]
    },
    {
      "coordinates": [
        159,
        102
      ],
      "magnitude": 9.365983963012695,
      "direction": [
        0.903263509273529,
        -0.42908626794815063
      ]
    },
    {
      "coordinates": [
        182,
        102
      ],
      "magnitude": 5.298580646514893,
      "direction": [
        0.944463849067688,
        -0.32861536741256714
      ]
    },
    {
      "coordinates": [
        205,
        102
      ],
      "magnitude": 3.992676258087158,
      "direction": [
        0.9889987707138062,
        -0.1479237675666809
      ]
    },
    {
      "coordinates": [
        227,
        102
      ],
      "magnitude": 3.066465377807617,
      "direction": [
        0.9820889830589294,
        -0.18841764330863953
      ]
    },
    {
      "coordinates": [
        250,
        102
      ],
      "magnitude": 2.707683563232422,
      "direction": [
        0.983930766582489,
        -0.17855070531368256
      ]
    },
    {
      "coordinates": [
        273,
        102
      ],
      "magnitude": 2.3061962127685547,
      "direction": [
        0.9788220524787903,
        -0.20471300184726715
      ]
    },
    {
      "coordinates": [
        296,
        102
      ],
      "magnitude": 2.027831792831421,
      "direction": [
        0.9725716710090637,
        -0.23260362446308136
      ]
    },
    {
      "coordinates": [
        319,
        102
      ],
      "magnitude": 1.9015369415283203,
      "direction": [
        0.9857520461082458,
        -0.16820508241653442
      ]
    },
    {
      "coordinates": [
        0,
        119
      ],
      "magnitude": 1.474380612373352,
      "direction": [
        -0.9925801157951355,
        -0.12159261107444763
      ]
    },
    {
      "coordinates": [
        22,
        119
      ],
      "magnitude": 1.9262672662734985,
      "direction": [
        -0.9872118234634399,
        -0.15941397845745087
      ]
    },
    {
      "coordinates": [
        45,
        119
      ],
      "magnitude": 2.1773409843444824,
      "direction": [
        -0.990921139717102,
        -0.13444417715072632
      ]
    },
    {
      "coordinates": [
        68,
        119
      ],
      "magnitude": 2.7934255599975586,
      "direction": [
        -0.9706174731254578,
        -0.24062776565551758
      ]
    },
    {
      "coordinates": [
        91,
        119
      ],
      "magnitude": 4.307435035705566,
      "direction": [
        -0.9996242523193359,
        -0.027409473434090614
      ]
    },
    {
      "coordinates": [
        113,
        119
      ],
      "magnitude": 5.582483291625977,
      "direction": [
        -0.9986439347267151,
        -0.052061211317777634
      ]
    },
    {
      "coordinates": [
        136,
        119
      ],
      "magnitude": 5.5439629554748535,
      "direction": [
        0.9961599111557007,
        0.08755231648683548
      ]
    },
    {
      "coordinates": [
        159,
        119
      ],
      "magnitude": 9.90494441986084,
      "direction": [
        0.9976719617843628,
        0.06819570064544678
      ]
    },
    {
      "coordinates": [
        182,
        119
      ],
      "magnitude": 5.161899089813232,
      "direction": [
        0.9993042349815369,
        -0.037297412753105164
      ]
    },
    {
      "coordinates": [
        205,
        119
      ],
      "magnitude": 3.9822540283203125,
      "direction": [
        0.9996536374092102,
        -0.026316460222005844
      ]
    },
    {
      "coordinates": [
        227,
        119
      ],
      "magnitude": 3.021111249923706,
      "direction": [
        0.9989280104637146,
        -0.04629214480519295
      ]
    },
    {
      "coordinates": [
        250,
        119
      ],
      "magnitude": 2.454317331314087,
      "direction": [
        0.9992756247520447,
        -0.038055919110774994
      ]
    },
    {
      "coordinates": [
        273,
        119
      ],
      "magnitude": 2.5009045600891113,
      "direction": [
        0.9952424168586731,
        -0.09742925316095352
      ]
    },
    {
      "coordinates": [
        296,
        119
      ],
      "magnitude": 1.9316176176071167,
      "direction": [
        0.9999719858169556,
        -0.007489998359233141
      ]
    },
    {
      "coordinates": [
        319,
        119
      ],
      "magnitude": 1.8307733535766602,
      "direction": [
        0.9942200779914856,
        -0.10736139118671417
      ]
    },
    {
      "coordinates": [
        0,
        136
      ],
      "magnitude": 1.610640287399292,
      "direction": [
        -0.9996421933174133,
        0.026746144518256187
      ]
    },
    {
      "coordinates": [
        22,
        136
      ],
      "magnitude": 1.9564862251281738,
      "direction": [
        -0.9984299540519714,
        -0.05601371079683304
      ]
    },
    {
      "coordinates": [
        45,
        136
      ],
      "magnitude": 1.8946807384490967,
      "direction": [
        -0.9948983788490295,
        0.10088227689266205
      ]
    },
    {
      "coordinates": [
        68,
        136
      ],
      "magnitude": 2.7104480266571045,
      "direction": [
        -0.9601245522499084,
        0.2795727849006653
      ]
    },
    {
      "coordinates": [
        91,
        136
      ],
      "magnitude": 3.9325616359710693,
      "direction": [
        -0.9244107007980347,
        0.3813985288143158
      ]
    },
    {
      "coordinates": [
        113,
        136
      ],
      "magnitude": 5.720359802246094,
      "direction": [
        -0.6234744787216187,
        0.7818437814712524
      ]
    },
    {
      "coordinates": [
        136,
        136
      ],
      "magnitude": 6.873255252838135,
      "direction": [
        0.44273844361305237,
        0.8966508507728577
      ]
    },
    {
      "coordinates": [
        159,
        136
      ],
      "magnitude": 6.435825824737549,
      "direction": [
        0.8940101265907288,
        0.44804686307907104
      ]
    },
    {
      "coordinates": [
        182,
        136
      ],
      "magnitude": 4.684311866760254,
      "direction": [
        0.9658326506614685,
        0.25916633009910583
      ]
    },
    {
      "coordinates": [
        205,
        136
      ],
      "magnitude": 3.708550214767456,
      "direction": [
        0.9832369685173035,
        0.18233200907707214
      ]
    },
    {
      "coordinates": [
        227,
        136
      ],
      "magnitude": 2.7275986671447754,
      "direction": [
        0.9981247782707214,
        0.06121203303337097
      ]
    },
    {
      "coordinates": [
        250,
        136
      ],
      "magnitude": 2.6113929748535156,
      "direction": [
        0.9879975914955139,
        0.15446899831295013
      ]
    },
    {
      "coordinates": [
        273,
        136
      ],
      "magnitude": 2.269749879837036,
      "direction": [
        0.998547375202179,
        -0.05387997627258301
      ]
    },
    {
      "coordinates": [
        296,
        136
      ],
      "magnitude": 2.0610597133636475,
      "direction": [
        0.999248206615448,
        0.03876861557364464
      ]
    },
    {
      "coordinates": [
        319,
        136
      ],
      "magnitude": 1.8541518449783325,
      "direction": [
        0.9975962042808533,
        -0.06929496675729752
      ]
    },
    {
      "coordinates": [
        0,
        153
      ],
      "magnitude": 1.603908658027649,
      "direction": [
        -0.9914993047714233,
        0.13011227548122406
      ]
    },
    {
      "coordinates": [
        22,
        153
      ],
      "magnitude": 1.8337035179138184,
      "direction": [
        -0.9962253570556641,
        0.08680415153503418
      ]
    },
    {
      "coordinates": [
        45,
        153
      ],
      "magnitude": 1.832278847694397,
      "direction": [
        -0.9215124249458313,
        0.3883489668369293
      ]
    },
    {
      "coordinates": [
        68,
        153
      ],
      "magnitude": 2.5373246669769287,
      "direction": [
        -0.8779116868972778,
        0.47882258892059326
      ]
    },
    {
      "coordinates": [
        91,
        153
      ],
      "magnitude": 3.279331922531128,
      "direction": [
        -0.7103900909423828,
        0.7038081884384155
      ]
    },
    {
      "coordinates": [
        113,
        153
      ],
      "magnitude": 4.193746089935303,
      "direction": [
        -0.20785127580165863,
        0.9781604409217834
      ]
    },
    {
      "coordinates": [
        136,
        153
      ],
      "magnitude": 5.1310811042785645,
      "direction": [
        0.3863496780395508,
        0.9223524332046509
      ]
    },
    {
      "coordinates": [
        159,
        153
      ],
      "magnitude": 4.777909278869629,
      "direction": [
        0.6738537549972534,
        0.7388646602630615
      ]
    },
    {
      "coordinates": [
        182,
        153
      ],
      "magnitude": 3.907287836074829,
      "direction": [
        0.90791255235672,
        0.41915974020957947
      ]
    },
    {
      "coordinates": [
        205,
        153
      ],
      "magnitude": 3.1898293495178223,
      "direction": [
        0.9212292432785034,
        0.3890202045440674
      ]
    },
    {
      "coordinates": [
        227,
        153
      ],
      "magnitude": 2.4682326316833496,
      "direction": [
        0.9766669273376465,
        0.2147597074508667
      ]
    },
    {
      "coordinates": [
        250,
        153
      ],
      "magnitude": 2.5779621601104736,
      "direction": [
        0.9559608101844788,
        0.29349419474601746
      ]
    },
    {
      "coordinates": [
        273,
        153
      ],
      "magnitude": 2.0486764907836914,
      "direction": [
        0.9765644669532776,
        0.2152252197265625
      ]
    },
    {
      "coordinates": [
        296,
        153
      ],
      "magnitude": 1.9415063858032227,
      "direction": [
        0.9999986290931702,
        -0.0016240541590377688
      ]
    },
    {
      "coordinates": [
        319,
        153
      ],
      "magnitude": 1.8402780294418335,
      "direction": [
        0.9905591607093811,
        -0.1370861679315567
      ]
    },
    {
      "coordinates": [
        0,
        170
      ],
      "magnitude": 1.6095823049545288,
      "direction": [
        -0.9957796335220337,
        0.09177646785974503
      ]
    },
    {
      "coordinates": [
        22,
        170
      ],
      "magnitude": 1.3648412227630615,
      "direction": [
        -0.9661575555801392,
        0.257952481508255
      ]
    },
    {
      "coordinates": [
        45,
        170
      ],
      "magnitude": 1.7286101579666138,
      "direction": [
        -0.8786443471908569,
        0.4774768650531769
      ]
    },
    {
      "coordinates": [
        68,
        170
      ],
      "magnitude": 2.366007089614868,
      "direction": [
        -0.81147700548172,
        0.5843842625617981
      ]
    },
    {
      "coordinates": [
        91,
        170
      ],
      "magnitude": 2.5601351261138916,
      "direction": [
        -0.41690322756767273,
        0.9089508652687073
      ]
    },
    {
      "coordinates": [
        113,
        170
      ],
      "magnitude": 3.007312536239624,
      "direction": [
        -0.012638574466109276,
        0.9999201893806458
      ]
    },
    {
      "coordinates": [
        136,
        170
      ],
      "magnitude": 3.435316801071167,
      "direction": [
        0.35834577679634094,
        0.933588981628418
      ]
    },
    {
      "coordinates": [
        159,
        170
      ],
      "magnitude": 3.3331804275512695,
      "direction": [
        0.6348370313644409,
        0.7726460099220276
      ]
    },
    {
      "coordinates": [
        182,
        170
      ],
      "magnitude": 3.0601274967193604,
      "direction": [
        0.7864550948143005,
        0.6176474690437317
      ]
    },
    {
      "coordinates": [
        205,
        170
      ],
      "magnitude": 2.8427252769470215,
      "direction": [
        0.8629080653190613,
        0.505361020565033
      ]
    },
    {
      "coordinates": [
        227,
        170
      ],
      "magnitude": 2.5014288425445557,
      "direction": [
        0.9220610857009888,
        0.3870444893836975
      ]
    },
    {
      "coordinates": [
        250,
        170
      ],
      "magnitude": 2.324321746826172,
      "direction": [
        0.9410364031791687,
        0.3383053243160248
      ]
    },
    {
      "coordinates": [
        273,
        170
      ],
      "magnitude": 2.131014347076416,
      "direction": [
        0.9414523839950562,
        0.33714619278907776
      ]
    },
    {
      "coordinates": [
        296,
        170
      ],
      "magnitude": 1.7917611598968506,
      "direction": [
        0.9839668869972229,
        0.1783512532711029
      ]
    },
    {
      "coordinates": [
        319,
        170
      ],
      "magnitude": 1.8801591396331787,
      "direction": [
        0.9997297525405884,
        -0.023244675248861313
      ]
    },
    {
      "coordinates": [
        0,
        187
      ],
      "magnitude": 1.548578143119812,
      "direction": [
        -0.9916700124740601,
        0.12880411744117737
      ]
    },
    {
      "coordinates": [
        22,
        187
      ],
      "magnitude": 1.509904384613037,
      "direction": [
        -0.967860221862793,
        0.25148847699165344
      ]
    },
    {
      "coordinates": [
        45,
        187
      ],
      "magnitude": 1.7692596912384033,
      "direction": [
        -0.8460320830345154,
        0.5331319570541382
      ]
    },
    {
      "coordinates": [
        68,
        187
      ],
      "magnitude": 2.023496389389038,
      "direction": [
        -0.703218936920166,
        0.7109734416007996
      ]
    },
    {
      "coordinates": [
        91,
        187
      ],
      "magnitude": 2.269960403442383,
      "direction": [
        -0.4194806218147278,
        0.9077643156051636
      ]
    },
    {
      "coordinates": [
        113,
        187
      ],
      "magnitude": 2.396927833557129,
      "direction": [
        -0.0962027832865715,
        0.9953618049621582
      ]
    },
    {
      "coordinates": [
        136,
        187
      ],
      "magnitude": 2.6172356605529785,
      "direction": [
        0.3172626197338104,
        0.9483376741409302
      ]
    },
    {
      "coordinates": [
        159,
        187
      ],
      "magnitude": 2.9404497146606445,
      "direction": [
        0.42330387234687805,
        0.9059877991676331
      ]
    },
    {
      "coordinates": [
        182,
        187
      ],
      "magnitude": 2.6569221019744873,
      "direction": [
        0.6965534090995789,
        0.7175048589706421
      ]
    },
    {
      "coordinates": [
        205,
        187
      ],
      "magnitude": 2.5366103649139404,
      "direction": [
        0.8406510353088379,
        0.5415772795677185
      ]
    },
    {
      "coordinates": [
        227,
        187
      ],
      "magnitude": 2.3599538803100586,
      "direction": [
        0.8693733811378479,
        0.4941558539867401
      ]
    },
    {
      "coordinates": [
        250,
        187
      ],
      "magnitude": 1.921883463859558,
      "direction": [
        0.9242416024208069,
        0.3818080723285675
      ]
    },
    {
      "coordinates": [
        273,
        187
      ],
      "magnitude": 1.8374581336975098,
      "direction": [
        0.9090710878372192,
        0.4166409969329834
      ]
    },
    {
      "coordinates": [
        296,
        187
      ],
      "magnitude": 1.7394639253616333,
      "direction": [
        0.9704748392105103,
        0.2412024885416031
      ]
    },
    {
      "coordinates": [
        319,
        187
      ],
      "magnitude": 1.6681151390075684,
      "direction": [
        0.9792377352714539,
        0.20271526277065277
      ]
    },
    {
      "coordinates": [
        0,
        204
      ],
      "magnitude": 1.490914225578308,
      "direction": [
        -0.9851397275924683,
        0.17175446450710297
      ]
    },
    {
      "coordinates": [
        22,
        204
      ],
      "magnitude": 1.6853376626968384,
      "direction": [
        -0.9211715459823608,
        0.3891568183898926
      ]
    },
    {
      "coordinates": [
        45,
        204
      ],
      "magnitude": 1.6516133546829224,
      "direction": [
        -0.7809548377990723,
        0.6245875358581543
      ]
    },
    {
      "coordinates": [
        68,
        204
      ],
      "magnitude": 1.7154146432876587,
      "direction": [
        -0.5582590103149414,
        0.829666793346405
      ]
    },
    {
      "coordinates": [
        91,
        204
      ],
      "magnitude": 1.779556393623352,
      "direction": [
        -0.45189139246940613,
        0.8920729756355286
      ]
    },
    {
      "coordinates": [
        113,
        204
      ],
      "magnitude": 1.9660073518753052,
      "direction": [
        -0.07080922275781631,
        0.997489869594574
      ]
    },
    {
      "coordinates": [
        136,
        204
      ],
      "magnitude": 2.223745346069336,
      "direction": [
        0.18263201415538788,
        0.9831812977790833
      ]
    },
    {
      "coordinates": [
        159,
        204
      ],
      "magnitude": 2.3449394702911377,
      "direction": [
        0.4523944556713104,
        0.8918179273605347
      ]
    },
    {
      "coordinates": [
        182,
        204
      ],
      "magnitude": 2.086026668548584,
      "direction": [
        0.6400204300880432,
        0.7683578133583069
      ]
    },
    {
      "coordinates": [
        205,
        204
      ],
      "magnitude": 2.274383544921875,
      "direction": [
        0.8252503871917725,
        0.5647669434547424
      ]
    },
    {
      "coordinates": [
        227,
        204
      ],
      "magnitude": 1.9230250120162964,
      "direction": [
        0.8727025985717773,
        0.48825207352638245
      ]
    },
    {
      "coordinates": [
        250,
        204
      ],
      "magnitude": 1.6628936529159546,
      "direction": [
        0.8726022839546204,
        0.4884313941001892
      ]
    },
    {
      "coordinates": [
        273,
        204
      ],
      "magnitude": 1.4305392503738403,
      "direction": [
        0.8350973725318909,
        0.550102174282074
      ]
    },
    {
      "coordinates": [
        296,
        204
      ],
      "magnitude": 1.5566563606262207,
      "direction": [
        0.9437625408172607,
        0.33062389492988586
      ]
    },
    {
      "coordinates": [
        319,
        204
      ],
      "magnitude": 1.6582578420639038,
      "direction": [
        0.951692521572113,
        0.3070526123046875
      ]
    },
    {
      "coordinates": [
        0,
        221
      ],
      "magnitude": 1.1920114755630493,
      "direction": [
        -0.9143432378768921,
        0.40494009852409363
      ]
    },
    {
      "coordinates": [
        22,
        221
      ],
      "magnitude": 1.4755949974060059,
      "direction": [
        -0.7767477035522461,
        0.6298119425773621
      ]
    },
    {
      "coordinates": [
        45,
        221
      ],
      "magnitude": 1.4876031875610352,
      "direction": [
        -0.7580077648162842,
        0.6522455215454102
      ]
    },
    {
      "coordinates": [
        68,
        221
      ],
      "magnitude": 1.6835241317749023,
      "direction": [
        -0.5175358057022095,
        0.8556615114212036
      ]
    },
    {
      "coordinates": [
        91,
        221
      ],
      "magnitude": 1.7888232469558716,
      "direction": [
        -0.30979132652282715,
        0.950804591178894
      ]
    },
    {
      "coordinates": [
        113,
        221
      ],
      "magnitude": 1.6885673999786377,
      "direction": [
        -0.08910278230905533,
        0.9960224032402039
      ]
    },
    {
      "coordinates": [
        136,
        221
      ],
      "magnitude": 2.004415988922119,
      "direction": [
        0.11415477097034454,
        0.9934629797935486
      ]
    },
    {
      "coordinates": [
        159,
        221
      ],
      "magnitude": 2.0627405643463135,
      "direction": [
        0.4966937303543091,
        0.8679259419441223
      ]
    },
    {
      "coordinates": [
        182,
        221
      ],
      "magnitude": 2.0997154712677,
      "direction": [
        0.5678898096084595,
        0.8231045007705688
      ]
    },
    {
      "coordinates": [
        205,
        221
      ],
      "magnitude": 1.8325631618499756,
      "direction": [
        0.6874028444290161,
        0.7262763381004333
      ]
    },
    {
      "coordinates": [
        227,
        221
      ],
      "magnitude": 1.5392099618911743,
      "direction": [
        0.8613400459289551,
        0.5080288648605347
      ]
    },
    {
      "coordinates": [
        250,
        221
      ],
      "magnitude": 1.4727922677993774,
      "direction": [
        0.7803432941436768,
        0.6253513693809509
      ]
    },
    {
      "coordinates": [
        273,
        221
      ],
      "magnitude": 1.4315857887268066,
      "direction": [
        0.903080940246582,
        0.4294704794883728
      ]
    },
    {
      "coordinates": [
        296,
        221
      ],
      "magnitude": 1.5565261840820312,
      "direction": [
        0.9429686665534973,
        0.3328814208507538
      ]
    },
    {
      "coordinates": [
        319,
        221
      ],
      "magnitude": 1.6244239807128906,
      "direction": [
        0.9560055136680603,
        0.2933487594127655
      ]
    },
    {
      "coordinates": [
        0,
        239
      ],
      "magnitude": 1.0017708539962769,
      "direction": [
        -0.5006792545318604,
        0.8656328916549683
      ]
    },
    {
      "coordinates": [
        22,
        239
      ],
      "magnitude": 1.4205182790756226,
      "direction": [
        -0.4750576317310333,
        0.8799547553062439
      ]
    },
    {
      "coordinates": [
        45,
        239
      ],
      "magnitude": 1.4327046871185303,
      "direction": [
        -0.7291194796562195,
        0.6843864917755127
      ]
    },
    {
      "coordinates": [
        68,
        239
      ],
      "magnitude": 1.7021098136901855,
      "direction": [
        -0.5503965616226196,
        0.8349034190177917
      ]
    },
    {
      "coordinates": [
        91,
        239
      ],
      "magnitude": 1.743967890739441,
      "direction": [
        -0.41834962368011475,
        0.9082860946655273
      ]
    },
    {
      "coordinates": [
        113,
        239
      ],
      "magnitude": 1.7150757312774658,
      "direction": [
        -0.2327415496110916,
        0.9725386500358582
      ]
    },
    {
      "coordinates": [
        136,
        239
      ],
      "magnitude": 1.8716434240341187,
      "direction": [
        0.1781071275472641,
        0.9840110540390015
      ]
    },
    {
      "coordinates": [
        159,
        239
      ],
      "magnitude": 2.0409164428710938,
      "direction": [
        0.40074604749679565,
        0.9161891341209412
      ]
    },
    {
      "coordinates": [
        182,
        239
      ],
      "magnitude": 1.9159189462661743,
      "direction": [
        0.5338716506958008,
        0.8455655574798584
      ]
    },
    {
      "coordinates": [
        205,
        239
      ],
      "magnitude": 1.6151814460754395,
      "direction": [
        0.6522577404975891,
        0.7579972743988037
      ]
    },
    {
      "coordinates": [
        227,
        239
      ],
      "magnitude": 1.39082932472229,
      "direction": [
        0.7134045362472534,
        0.7007524371147156
      ]
    },
    {
      "coordinates": [
        250,
        239
      ],
      "magnitude": 1.526119589805603,
      "direction": [
        0.6941317319869995,
        0.7198480367660522
      ]
    },
    {
      "coordinates": [
        273,
        239
      ],
      "magnitude": 1.6690495014190674,
      "direction": [
        0.8232524394989014,
        0.5676754713058472
      ]
    },
    {
      "coordinates": [
        296,
        239
      ],
      "magnitude": 1.6536661386489868,
      "direction": [
        0.9575966596603394,
        0.2881120443344116
      ]
    },
    {
      "coordinates": [
        319,
        239
      ],
      "magnitude": 1.6632474660873413,
      "direction": [
        0.9236608743667603,
        0.3832109570503235
      ]
    }
  ],
  "shear_mesh": [
    {
      "coordinates": [
        0,
        0
      ],
      "magnitude": 0.10287588834762573,
      "direction": [
        -0.8846217393875122,
        -0.46630942821502686
      ]
    },
    {
      "coordinates": [
        22,
        0
      ],
      "magnitude": 0.20470605790615082,
      "direction": [
        -0.9921589493751526,
        0.12498263269662857
      ]
    },
    {
      "coordinates": [
        45,
        0
      ],
      "magnitude": 0.1421649008989334,
      "direction": [
        -0.8301827907562256,
        -0.5574913024902344
      ]
    },
    {
      "coordinates": [
        68,
        0
      ],
      "magnitude": 0.2627565562725067,
      "direction": [
        -0.881074845790863,
        0.4729768633842468
      ]
    },
    {
      "coordinates": [
        91,
        0
      ],
      "magnitude": 0.5190008282661438,
      "direction": [
        0.15913404524326324,
        -0.9872570037841797
      ]
    },
    {
      "coordinates": [
        113,
        0
      ],
      "magnitude": 0.576585590839386,
      "direction": [
        0.4369635283946991,
        -0.8994792103767395
      ]
    },
    {
      "coordinates": [
        136,
        0
      ],
      "magnitude": 0.7418654561042786,
      "direction": [
        0.55396968126297,
        -0.8325368762016296
      ]
    },
    {
      "coordinates": [
        159,
        0
      ],
      "magnitude": 0.8245093822479248,
      "direction": [
        0.5696473717689514,
        -0.8218891620635986
      ]
    },
    {
      "coordinates": [
        182,
        0
      ],
      "magnitude": 0.7532487511634827,
      "direction": [
        0.5823838710784912,
        -0.8129138946533203
      ]
    },
    {
      "coordinates": [
        205,
        0
      ],
      "magnitude": 0.5325477719306946,
      "direction": [
        0.42311304807662964,
        -0.9060769081115723
      ]
    },
    {
      "coordinates": [
        227,
        0
      ],
      "magnitude": 0.5695095062255859,
      "direction": [
        0.5551724433898926,
        -0.8317352533340454
      ]
    },
    {
      "coordinates": [
        250,
        0
      ],
      "magnitude": 0.6553711891174316,
      "direction": [
        0.4815721809864044,
        -0.8764064311981201
      ]
    },
    {
      "coordinates": [
        273,
        0
      ],
      "magnitude": 0.6829321980476379,
      "direction": [
        0.616690456867218,
        -0.7872057557106018
      ]
    },
    {
      "coordinates": [
        296,
        0
      ],
      "magnitude": 0.4509201645851135,
      "direction": [
        0.9717137813568115,
        -0.23616154491901398
      ]
    },
    {
      "coordinates": [
        319,
        0
      ],
      "magnitude": 0.8297193646430969,
      "direction": [
        0.18309195339679718,
        -0.9830957651138306
      ]
    },
    {
      "coordinates": [
        0,
        17
      ],
      "magnitude": 0.041769687086343765,
      "direction": [
        0.9092544913291931,
        -0.4162408113479614
      ]
    },
    {
      "coordinates": [
        22,
        17
      ],
      "magnitude": 0.25125962495803833,
      "direction": [
        0.995469868183136,
        0.09507714211940765
      ]
    },
    {
      "coordinates": [
        45,
        17
      ],
      "magnitude": 0.4035026729106903,
      "direction": [
        0.9656738638877869,
        -0.2597576677799225
      ]
    },
    {
      "coordinates": [
        68,
        17
      ],
      "magnitude": 0.4939673840999603,
      "direction": [
        0.953793466091156,
        0.30046308040618896
      ]
    },
    {
      "coordinates": [
        91,
        17
      ],
      "magnitude": 0.49457868933677673,
      "direction": [
        0.5592761039733887,
        -0.8289813995361328
      ]
    },
    {
      "coordinates": [
        113,
        17
      ],
      "magnitude": 0.584256112575531,
      "direction": [
        0.35790467262268066,
        -0.9337580800056458
      ]
    },
    {
      "coordinates": [
        136,
        17
      ],
      "magnitude": 0.7545165419578552,
      "direction": [
        0.27218538522720337,
        -0.9622448086738586
      ]
    },
    {
      "coordinates": [
        159,
        17
      ],
      "magnitude": 0.6986292004585266,
      "direction": [
        0.49753737449645996,
        -0.8674425482749939
      ]
    },
    {
      "coordinates": [
        182,
        17
      ],
      "magnitude": 0.7307689785957336,
      "direction": [
        0.5559666752815247,
        -0.8312045335769653
      ]
    },
    {
      "coordinates": [
        205,
        17
      ],
      "magnitude": 0.7213044762611389,
      "direction": [
        0.8164196610450745,
        -0.5774589776992798
      ]
    },
    {
      "coordinates": [
        227,
        17
      ],
      "magnitude": 0.6133623719215393,
      "direction": [
        0.6377094388008118,
        -0.7702769637107849
      ]
    },
    {
      "coordinates": [
        250,
        17
      ],
      "magnitude": 0.6800514459609985,
      "direction": [
        0.4773911237716675,
        -0.8786908388137817
      ]
    },
    {
      "coordinates": [
        273,
        17
      ],
      "magnitude": 0.536927342414856,
      "direction": [
        0.49123749136924744,
        -0.8710256218910217
      ]
    },
    {
      "coordinates": [
        296,
        17
      ],
      "magnitude": 0.5388616919517517,
      "direction": [
        0.8668568134307861,
        -0.4985571801662445
      ]
    },
    {
      "coordinates": [
        319,
        17
      ],
      "magnitude": 0.6940575242042542,
      "direction": [
        0.7378058433532715,
        -0.6750129461288452
      ]
    },
    {
      "coordinates": [
        0,
        34
      ],
      "magnitude": 0.32383808493614197,
      "direction": [
        0.26379597187042236,
        -0.9645785093307495
      ]
    },
    {
      "coordinates": [
        22,
        34
      ],
      "magnitude": 0.30594292283058167,
      "direction": [
        0.9173084497451782,
        -0.3981773555278778
      ]
    },
    {
      "coordinates": [
        45,
        34
      ],
      "magnitude": 0.30691367387771606,
      "direction": [
        0.6061692237854004,
        -0.7953357100486755
      ]
    },
    {
      "coordinates": [
        68,
        34
      ],
      "magnitude": 0.33997154235839844,
      "direction": [
        0.9425144195556641,
        0.3341656029224396
      ]
    },
    {
      "coordinates": [
        91,
        34
      ],
      "magnitude": 0.47266995906829834,
      "direction": [
        0.7772864103317261,
        -0.629146933555603
      ]
    },
    {
      "coordinates": [
        113,
        34
      ],
      "magnitude": 0.6715688705444336,
      "direction": [
        0.3297194838523865,
        -0.9440789222717285
      ]
    },
    {
      "coordinates": [
        136,
        34
      ],
      "magnitude": 0.7815672159194946,
      "direction": [
        0.3341861665248871,
        -0.9425070881843567
      ]
    },
    {
      "coordinates": [
        159,
        34
      ],
      "magnitude": 0.7570109963417053,
      "direction": [
        0.4461616575717926,
        -0.8949524164199829
      ]
    },
    {
      "coordinates": [
        182,
        34
      ],
      "magnitude": 0.8159925937652588,
      "direction": [
        0.5438680648803711,
        -0.8391707539558411
      ]
    },
    {
      "coordinates": [
        205,
        34
      ],
      "magnitude": 0.6111535429954529,
      "direction": [
        0.6113418340682983,
        -0.7913666367530823
      ]
    },
    {
      "coordinates": [
        227,
        34
      ],
      "magnitude": 0.5456880331039429,
      "direction": [
        0.7720642685890198,
        -0.63554447889328
      ]
    },
    {
      "coordinates": [
        250,
        34
      ],
      "magnitude": 0.6860827207565308,
      "direction": [
        0.4409516155719757,
        -0.8975308537483215
      ]
    },
    {
      "coordinates": [
        273,
        34
      ],
      "magnitude": 0.4990781545639038,
      "direction": [
        0.6162844896316528,
        -0.787523627281189
      ]
    },
    {
      "coordinates": [
        296,
        34
      ],
      "magnitude": 0.45309320092201233,
      "direction": [
        0.47049275040626526,
        -0.8824039101600647
      ]
    },
    {
      "coordinates": [
        319,
        34
      ],
      "magnitude": 0.4945434033870697,
      "direction": [
        0.8175395131111145,
        -0.575872540473938
      ]
    },
    {
      "coordinates": [
        0,
        51
      ],
      "magnitude": 0.35405319929122925,
      "direction": [
        0.22721925377845764,
        -0.9738436341285706
      ]
    },
    {
      "coordinates": [
        22,
        51
      ],
      "magnitude": 0.22847622632980347,
      "direction": [
        0.43184471130371094,
        -0.9019479155540466
      ]
    },
    {
      "coordinates": [
        45,
        51
      ],
      "magnitude": 0.3311906158924103,
      "direction": [
        0.8084475994110107,
        -0.5885682106018066
      ]
    },
    {
      "coordinates": [
        68,
        51
      ],
      "magnitude": 0.3075239956378937,
      "direction": [
        0.9711827635765076,
        -0.2383359968662262
      ]
    },
    {
      "coordinates": [
        91,
        51
      ],
      "magnitude": 0.2848842442035675,
      "direction": [
        0.9387057423591614,
        -0.34471938014030457
      ]
    },
    {
      "coordinates": [
        113,
        51
      ],
      "magnitude": 0.6258068680763245,
      "direction": [
        0.5361265540122986,
        -0.8441376686096191
      ]
    },
    {
      "coordinates": [
        136,
        51
      ],
      "magnitude": 0.7499059438705444,
      "direction": [
        0.03157932311296463,
        -0.9995012283325195
      ]
    },
    {
      "coordinates": [
        159,
        51
      ],
      "magnitude": 0.8871580362319946,
      "direction": [
        0.3414187431335449,
        -0.9399113655090332
      ]
    },
    {
      "coordinates": [
        182,
        51
      ],
      "magnitude": 0.7031167149543762,
      "direction": [
        0.534519374370575,
        -0.8451562523841858
      ]
    },
    {
      "coordinates": [
        205,
        51
      ],
      "magnitude": 0.6010434627532959,
      "direction": [
        0.6190221905708313,
        -0.7853735089302063
      ]
    },
    {
      "coordinates": [
        227,
        51
      ],
      "magnitude": 0.423693984746933,
      "direction": [
        0.7782737612724304,
        -0.6279250383377075
      ]
    },
    {
      "coordinates": [
        250,
        51
      ],
      "magnitude": 0.5928611755371094,
      "direction": [
        0.5133320689201355,
        -0.8581900596618652
      ]
    },
    {
      "coordinates": [
        273,
        51
      ],
      "magnitude": 0.43876564502716064,
      "direction": [
        0.4957599639892578,
        -0.8684595823287964
      ]
    },
    {
      "coordinates": [
        296,
        51
      ],
      "magnitude": 0.45664626359939575,
      "direction": [
        0.4745495319366455,
        -0.8802288174629211
      ]
    },
    {
      "coordinates": [
        319,
        51
      ],
      "magnitude": 0.3348826467990875,
      "direction": [
        0.4339718818664551,
        -0.900926411151886
      ]
    },
    {
      "coordinates": [
        0,
        68
      ],
      "magnitude": 0.5009813904762268,
      "direction": [
        0.6912056803703308,
        -0.722658097743988
      ]
    },
    {
      "coordinates": [
        22,
        68
      ],
      "magnitude": 0.3960108458995819,
      "direction": [
        0.8621518611907959,
        -0.506649911403656
      ]
    },
    {
      "coordinates": [
        45,
        68
      ],
      "magnitude": 0.3713383972644806,
      "direction": [
        0.649936854839325,
        -0.7599881887435913
      ]
    },
    {
      "coordinates": [
        68,
        68
      ],
      "magnitude": 0.29598045349121094,
      "direction": [
        0.9534645080566406,
        -0.3015052378177643
      ]
    },
    {
      "coordinates": [
        91,
        68
      ],
      "magnitude": 0.45631590485572815,
      "direction": [
        0.8716958165168762,
        -0.49004724621772766
      ]
    },
    {
      "coordinates": [
        113,
        68
      ],
      "magnitude": 0.32063519954681396,
      "direction": [
        0.9489830136299133,
        -0.3153270184993744
      ]
    },
    {
      "coordinates": [
        136,
        68
      ],
      "magnitude": 1.0051865577697754,
      "direction": [
        0.6182488799095154,
        -0.7859823107719421
      ]
    },
    {
      "coordinates": [
        159,
        68
      ],
      "magnitude": 1.178605079650879,
      "direction": [
        0.4666283130645752,
        -0.8844534754753113
      ]
    },
    {
      "coordinates": [
        182,
        68
      ],
      "magnitude": 0.8238868117332458,
      "direction": [
        0.6745324730873108,
        -0.7382451891899109
      ]
    },
    {
      "coordinates": [
        205,
        68
      ],
      "magnitude": 0.6172329187393188,
      "direction": [
        0.6971715092658997,
        -0.71690434217453
      ]
    },
    {
      "coordinates": [
        227,
        68
      ],
      "magnitude": 0.6441612839698792,
      "direction": [
        0.8749321699142456,
        -0.48424553871154785
      ]
    },
    {
      "coordinates": [
        250,
        68
      ],
      "magnitude": 0.752017617225647,
      "direction": [
        0.6078906059265137,
        -0.7940207719802856
      ]
    },
    {
      "coordinates": [
        273,
        68
      ],
      "magnitude": 0.5523962378501892,
      "direction": [
        0.764564573764801,
        -0.644547164440155
      ]
    },
    {
      "coordinates": [
        296,
        68
      ],
      "magnitude": 0.5570563673973083,
      "direction": [
        0.7907434105873108,
        -0.6121477484703064
      ]
    },
    {
      "coordinates": [
        319,
        68
      ],
      "magnitude": 0.22598226368427277,
      "direction": [
        0.4954656958580017,
        -0.8686274886131287
      ]
    },
    {
      "coordinates": [
        0,
        85
      ],
      "magnitude": 0.4492027163505554,
      "direction": [
        0.7677454352378845,
        -0.6407549381256104
      ]
    },
    {
      "coordinates": [
        22,
        85
      ],
      "magnitude": 0.33051759004592896,
      "direction": [
        0.7925097942352295,
        -0.6098591089248657
      ]
    },
    {
      "coordinates": [
        45,
        85
      ],
      "magnitude": 0.32384926080703735,
      "direction": [
        0.7230095863342285,
        -0.6908379793167114
      ]
    },
    {
      "coordinates": [
        68,
        85
      ],
      "magnitude": 0.3915594220161438,
      "direction": [
        0.8970556259155273,
        -0.44191765785217285
      ]
    },
    {
      "coordinates": [
        91,
        85
      ],
      "magnitude": 0.5965476632118225,
      "direction": [
        0.9780838489532471,
        -0.2082114964723587
      ]
    },
    {
      "coordinates": [
        113,
        85
      ],
      "magnitude": 0.711642324924469,
      "direction": [
        0.8968609571456909,
        -0.44231265783309937
      ]
    },
    {
      "coordinates": [
        136,
        85
      ],
      "magnitude": 1.190032958984375,
      "direction": [
        0.3747263252735138,
        -0.9271354675292969
      ]
    },
    {
      "coordinates": [
        159,
        85
      ],
      "magnitude": 1.406152367591858,
      "direction": [
        0.6126523613929749,
        -0.7903525829315186
      ]
    },
    {
      "coordinates": [
        182,
        85
      ],
      "magnitude": 1.1628435850143433,
      "direction": [
        0.860294759273529,
        -0.5097968578338623
      ]
    },
    {
      "coordinates": [
        205,
        85
      ],
      "magnitude": 0.933790922164917,
      "direction": [
        0.9324353337287903,
        -0.36133700609207153
      ]
    },
    {
      "coordinates": [
        227,
        85
      ],
      "magnitude": 0.6872509717941284,
      "direction": [
        0.8746179938316345,
        -0.4848126173019409
      ]
    },
    {
      "coordinates": [
        250,
        85
      ],
      "magnitude": 0.7370094656944275,
      "direction": [
        0.7575801610946655,
        -0.6527420282363892
      ]
    },
    {
      "coordinates": [
        273,
        85
      ],
      "magnitude": 0.5293267965316772,
      "direction": [
        0.7666429877281189,
        -0.6420735716819763
      ]
    },
    {
      "coordinates": [
        296,
        85
      ],
      "magnitude": 0.3715677559375763,
      "direction": [
        0.7157723307609558,
        -0.6983336806297302
      ]
    },
    {
      "coordinates": [
        319,
        85
      ],
      "magnitude": 0.30399930477142334,
      "direction": [
        0.708119809627533,
        -0.7060924172401428
      ]
    },
    {
      "coordinates": [
        0,
        102
      ],
      "magnitude": 0.4288824796676636,
      "direction": [
        0.6299964785575867,
        -0.7765979766845703
      ]
    },
    {
      "coordinates": [
        22,
        102
      ],
      "magnitude": 0.5066192746162415,
      "direction": [
        0.8874579668045044,
        -0.46088874340057373
      ]
    },
    {
      "coordinates": [
        45,
        102
      ],
      "magnitude": 0.5833562612533569,
      "direction": [
        0.9585770964622498,
        -0.28483346104621887
      ]
    },
    {
      "coordinates": [
        68,
        102
      ],
      "magnitude": 0.8350507616996765,
      "direction": [
        0.7890768647193909,
        -0.6142944693565369
      ]
    },
    {
      "coordinates": [
        91,
        102
      ],
      "magnitude": 1.0886802673339844,
      "direction": [
        0.9837181568145752,
        -0.17971818149089813
      ]
    },
    {
      "coordinates": [
        113,
        102
      ],
      "magnitude": 1.4883744716644287,
      "direction": [
        0.9043249487876892,
        -0.4268445670604706
      ]
    },
    {
      "coordinates": [
        136,
        102
      ],
      "magnitude": 1.7430657148361206,
      "direction": [
        0.8959079384803772,
        -0.4442397654056549
      ]
    },
    {
      "coordinates": [
        159,
        102
      ],
      "magnitude": 1.7052578926086426,
      "direction": [
        0.8621364831924438,
        -0.506676197052002
      ]
    },
    {
      "coordinates": [
        182,
        102
      ],
      "magnitude": 1.2474511861801147,
      "direction": [
        0.892042875289917,
        -0.45195069909095764
      ]
    },
    {
      "coordinates": [
        205,
        102
      ],
      "magnitude": 0.7810618281364441,
      "direction": [
        0.9751667976379395,
        -0.22147174179553986
      ]
    },
    {
      "coordinates": [
        227,
        102
      ],
      "magnitude": 0.8609520196914673,
      "direction": [
        0.9627602100372314,
        -0.2703569233417511
      ]
    },
    {
      "coordinates": [
        250,
        102
      ],
      "magnitude": 0.6825966238975525,
      "direction": [
        0.9246221780776978,
        -0.3808855712413788
      ]
    },
    {
      "coordinates": [
        273,
        102
      ],
      "magnitude": 0.4668949246406555,
      "direction": [
        0.8446633815765381,
        -0.5352979302406311
      ]
    },
    {
      "coordinates": [
        296,
        102
      ],
      "magnitude": 0.5422833561897278,
      "direction": [
        0.8504564166069031,
        -0.5260455012321472
      ]
    },
    {
      "coordinates": [
        319,
        102
      ],
      "magnitude": 0.5067387223243713,
      "direction": [
        0.8475289940834045,
        -0.5307491421699524
      ]
    },
    {
      "coordinates": [
        0,
        119
      ],
      "magnitude": 0.5975785255432129,
      "direction": [
        0.8773823976516724,
        -0.47979193925857544
      ]
    },
    {
      "coordinates": [
        22,
        119
      ],
      "magnitude": 0.6849026679992676,
      "direction": [
        0.8343966603279114,
        -0.5511643290519714
      ]
    },
    {
      "coordinates": [
        45,
        119
      ],
      "magnitude": 0.8493694067001343,
      "direction": [
        0.9334256649017334,
        -0.35877087712287903
      ]
    },
    {
      "coordinates": [
        68,
        119
      ],
      "magnitude": 0.9686627984046936,
      "direction": [
        0.8100298047065735,
        -0.5863887071609497
      ]
    },
    {
      "coordinates": [
        91,
        119
      ],
      "magnitude": 1.1460299491882324,
      "direction": [
        0.973042368888855,
        -0.23062652349472046
      ]
    },
    {
      "coordinates": [
        113,
        119
      ],
      "magnitude": 1.3518614768981934,
      "direction": [
        0.7312889695167542,
        -0.6820678114891052
      ]
    },
    {
      "coordinates": [
        136,
        119
      ],
      "magnitude": 2.2167038917541504,
      "direction": [
        0.6937976479530334,
        -0.7201699614524841
      ]
    },
    {
      "coordinates": [
        159,
        119
      ],
      "magnitude": 1.8575135469436646,
      "direction": [
        0.984127938747406,
        -0.17746029794216156
      ]
    },
    {
      "coordinates": [
        182,
        119
      ],
      "magnitude": 0.9972931742668152,
      "direction": [
        0.9349732398986816,
        -0.3547181487083435
      ]
    },
    {
      "coordinates": [
        205,
        119
      ],
      "magnitude": 0.7649868130683899,
      "direction": [
        0.9678188562393188,
        -0.25164762139320374
      ]
    },
    {
      "coordinates": [
        227,
        119
      ],
      "magnitude": 0.7251800298690796,
      "direction": [
        0.9435135126113892,
        -0.33133402466773987
      ]
    },
    {
      "coordinates": [
        250,
        119
      ],
      "magnitude": 0.48722219467163086,
      "direction": [
        0.9963957071304321,
        -0.08482684195041656
      ]
    },
    {
      "coordinates": [
        273,
        119
      ],
      "magnitude": 0.6367453336715698,
      "direction": [
        0.9077025055885315,
        -0.41961443424224854
      ]
    },
    {
      "coordinates": [
        296,
        119
      ],
      "magnitude": 0.4351065456867218,
      "direction": [
        0.9833155274391174,
        -0.1819082498550415
      ]
    },
    {
      "coordinates": [
        319,
        119
      ],
      "magnitude": 0.4932214319705963,
      "direction": [
        0.856008768081665,
        -0.5169612765312195
      ]
    },
    {
      "coordinates": [
        0,
        136
      ],
      "magnitude": 0.6291128396987915,
      "direction": [
        0.8029476404190063,
        -0.5960495471954346
      ]
    },
    {
      "coordinates": [
        22,
        136
      ],
      "magnitude": 0.7827881574630737,
      "direction": [
        0.7334780693054199,
        -0.6797131299972534
      ]
    },
    {
      "coordinates": [
        45,
        136
      ],
      "magnitude": 0.9662293195724487,
      "direction": [
        0.8559478521347046,
        -0.5170621275901794
      ]
    },
    {
      "coordinates": [
        68,
        136
      ],
      "magnitude": 0.8971025943756104,
      "direction": [
        0.8463804721832275,
        -0.5325787663459778
      ]
    },
    {
      "coordinates": [
        91,
        136
      ],
      "magnitude": 0.99684739112854,
      "direction": [
        0.6955568790435791,
        -0.7184709906578064
      ]
    },
    {
      "coordinates": [
        113,
        136
      ],
      "magnitude": 1.2181246280670166,
      "direction": [
        0.7234218120574951,
        -0.690406322479248
      ]
    },
    {
      "coordinates": [
        136,
        136
      ],
      "magnitude": 1.2792589664459229,
      "direction": [
        0.4595211148262024,
        -0.8881668448448181
      ]
    },
    {
      "coordinates": [
        159,
        136
      ],
      "magnitude": 0.6811097860336304,
      "direction": [
        0.38199111819267273,
        -0.9241660833358765
      ]
    },
    {
      "coordinates": [
        182,
        136
      ],
      "magnitude": 0.8803801536560059,
      "direction": [
        0.9535976052284241,
        -0.3010842502117157
      ]
    },
    {
      "coordinates": [
        205,
        136
      ],
      "magnitude": 0.5829652547836304,
      "direction": [
        0.9854274988174438,
        -0.17009641230106354
      ]
    },
    {
      "coordinates": [
        227,
        136
      ],
      "magnitude": 0.5727394223213196,
      "direction": [
        0.9277414679527283,
        -0.3732234239578247
      ]
    },
    {
      "coordinates": [
        250,
        136
      ],
      "magnitude": 0.561599612236023,
      "direction": [
        0.9956159591674805,
        0.09353576600551605
      ]
    },
    {
      "coordinates": [
        273,
        136
      ],
      "magnitude": 0.5096709132194519,
      "direction": [
        0.8335030674934387,
        -0.552514910697937
      ]
    },
    {
      "coordinates": [
        296,
        136
      ],
      "magnitude": 0.39011484384536743,
      "direction": [
        0.9926771521568298,
        -0.12079782783985138
      ]
    },
    {
      "coordinates": [
        319,
        136
      ],
      "magnitude": 0.549384593963623,
      "direction": [
        0.9121456742286682,
        -0.409866064786911
      ]
    },
    {
      "coordinates": [
        0,
        153
      ],
      "magnitude": 0.7090470790863037,
      "direction": [
        0.7744396328926086,
        -0.6326478123664856
      ]
    },
    {
      "coordinates": [
        22,
        153
      ],
      "magnitude": 0.9030348658561707,
      "direction": [
        0.6545628309249878,
        -0.7560076117515564
      ]
    },
    {
      "coordinates": [
        45,
        153
      ],
      "magnitude": 0.9336992502212524,
      "direction": [
        0.7435735464096069,
        -0.668654203414917
      ]
    },
    {
      "coordinates": [
        68,
        153
      ],
      "magnitude": 0.9065342545509338,
      "direction": [
        0.8469831347465515,
        -0.5316197276115417
      ]
    },
    {
      "coordinates": [
        91,
        153
      ],
      "magnitude": 0.8752052187919617,
      "direction": [
        0.6619167327880859,
        -0.7495773434638977
      ]
    },
    {
      "coordinates": [
        113,
        153
      ],
      "magnitude": 1.1034159660339355,
      "direction": [
        0.6561893224716187,
        -0.7545961737632751
      ]
    },
    {
      "coordinates": [
        136,
        153
      ],
      "magnitude": 1.2987746000289917,
      "direction": [
        0.5822684168815613,
        -0.8129966259002686
      ]
    },
    {
      "coordinates": [
        159,
        153
      ],
      "magnitude": 0.25045475363731384,
      "direction": [
        0.311866819858551,
        -0.9501258134841919
      ]
    },
    {
      "coordinates": [
        182,
        153
      ],
      "magnitude": 0.5404407382011414,
      "direction": [
        0.9279640913009644,
        -0.37266969680786133
      ]
    },
    {
      "coordinates": [
        205,
        153
      ],
      "magnitude": 0.49467912316322327,
      "direction": [
        0.9978454113006592,
        0.0656086876988411
      ]
    },
    {
      "coordinates": [
        227,
        153
      ],
      "magnitude": 0.38583487272262573,
      "direction": [
        0.8232954740524292,
        -0.5676130652427673
      ]
    },
    {
      "coordinates": [
        250,
        153
      ],
      "magnitude": 0.5720983743667603,
      "direction": [
        0.9994729161262512,
        0.032462842762470245
      ]
    },
    {
      "coordinates": [
        273,
        153
      ],
      "magnitude": 0.43736276030540466,
      "direction": [
        0.9469714164733887,
        -0.3213178813457489
      ]
    },
    {
      "coordinates": [
        296,
        153
      ],
      "magnitude": 0.41295963525772095,
      "direction": [
        0.9658925533294678,
        -0.2589430809020996
      ]
    },
    {
      "coordinates": [
        319,
        153
      ],
      "magnitude": 0.5531672239303589,
      "direction": [
        0.8139974474906921,
        -0.5808685421943665
      ]
    },
    {
      "coordinates": [
        0,
        170
      ],
      "magnitude": 0.7184383273124695,
      "direction": [
        0.5364442467689514,
        -0.8439357280731201
      ]
    },
    {
      "coordinates": [
        22,
        170
      ],
      "magnitude": 0.9570584893226624,
      "direction": [
        0.7050808668136597,
        -0.709126889705658
      ]
    },
    {
      "coordinates": [
        45,
        170
      ],
      "magnitude": 0.8349562287330627,
      "direction": [
        0.7561995387077332,
        -0.6543411016464233
      ]
    },
    {
      "coordinates": [
        68,
        170
      ],
      "magnitude": 0.8166388869285583,
      "direction": [
        0.7535092830657959,
        -0.657437264919281
      ]
    },
    {
      "coordinates": [
        91,
        170
      ],
      "magnitude": 0.9516392946243286,
      "direction": [
        0.7456192374229431,
        -0.6663722395896912
      ]
    },
    {
      "coordinates": [
        113,
        170
      ],
      "magnitude": 1.0422989130020142,
      "direction": [
        0.6241132020950317,
        -0.7813339233398438
      ]
    },
    {
      "coordinates": [
        136,
        170
      ],
      "magnitude": 0.9604203701019287,
      "direction": [
        0.4986245930194855,
        -0.8668180108070374
      ]
    },
    {
      "coordinates": [
        159,
        170
      ],
      "magnitude": 0.5433014035224915,
      "direction": [
        0.6347702741622925,
        -0.7727009057998657
      ]
    },
    {
      "coordinates": [
        182,
        170
      ],
      "magnitude": 0.2504405081272125,
      "direction": [
        0.3248900771141052,
        -0.9457518458366394
      ]
    },
    {
      "coordinates": [
        205,
        170
      ],
      "magnitude": 0.27268144488334656,
      "direction": [
        0.9946030974388123,
        -0.10375344008207321
      ]
    },
    {
      "coordinates": [
        227,
        170
      ],
      "magnitude": 0.43633323907852173,
      "direction": [
        0.8491564393043518,
        -0.5281413793563843
      ]
    },
    {
      "coordinates": [
        250,
        170
      ],
      "magnitude": 0.5015953779220581,
      "direction": [
        0.9702593684196472,
        -0.2420678734779358
      ]
    },
    {
      "coordinates": [
        273,
        170
      ],
      "magnitude": 0.5735457539558411,
      "direction": [
        0.9990246891975403,
        0.04415443539619446
      ]
    },
    {
      "coordinates": [
        296,
        170
      ],
      "magnitude": 0.4316246211528778,
      "direction": [
        0.9400553107261658,
        -0.34102195501327515
      ]
    },
    {
      "coordinates": [
        319,
        170
      ],
      "magnitude": 0.5754393339157104,
      "direction": [
        0.8146894574165344,
        -0.5798975229263306
      ]
    },
    {
      "coordinates": [
        0,
        187
      ],
      "magnitude": 0.7631630301475525,
      "direction": [
        0.38571614027023315,
        -0.922617495059967
      ]
    },
    {
      "coordinates": [
        22,
        187
      ],
      "magnitude": 0.774858832359314,
      "direction": [
        0.42931973934173584,
        -0.903152585029602
      ]
    },
    {
      "coordinates": [
        45,
        187
      ],
      "magnitude": 0.5407642722129822,
      "direction": [
        0.5310966372489929,
        -0.8473113179206848
      ]
    },
    {
      "coordinates": [
        68,
        187
      ],
      "magnitude": 0.680377721786499,
      "direction": [
        0.4950491786003113,
        -0.8688649535179138
      ]
    },
    {
      "coordinates": [
        91,
        187
      ],
      "magnitude": 0.723287045955658,
      "direction": [
        0.48410478234291077,
        -0.875010073184967
      ]
    },
    {
      "coordinates": [
        113,
        187
      ],
      "magnitude": 0.9041064977645874,
      "direction": [
        0.33893564343452454,
        -0.9408095479011536
      ]
    },
    {
      "coordinates": [
        136,
        187
      ],
      "magnitude": 0.5779345631599426,
      "direction": [
        0.34590983390808105,
        -0.9382677674293518
      ]
    },
    {
      "coordinates": [
        159,
        187
      ],
      "magnitude": 0.22478564083576202,
      "direction": [
        0.06168189272284508,
        -0.9980958700180054
      ]
    },
    {
      "coordinates": [
        182,
        187
      ],
      "magnitude": 0.2984881103038788,
      "direction": [
        0.12301859259605408,
        -0.9924043416976929
      ]
    },
    {
      "coordinates": [
        205,
        187
      ],
      "magnitude": 0.2879159152507782,
      "direction": [
        0.7277629375457764,
        -0.6858288645744324
      ]
    },
    {
      "coordinates": [
        227,
        187
      ],
      "magnitude": 0.3986162543296814,
      "direction": [
        0.8617721796035767,
        -0.5072954297065735
      ]
    },
    {
      "coordinates": [
        250,
        187
      ],
      "magnitude": 0.4311911165714264,
      "direction": [
        0.7032515406608582,
        -0.7109410762786865
      ]
    },
    {
      "coordinates": [
        273,
        187
      ],
      "magnitude": 0.35065925121307373,
      "direction": [
        0.9904720783233643,
        0.13771341741085052
      ]
    },
    {
      "coordinates": [
        296,
        187
      ],
      "magnitude": 0.5332576632499695,
      "direction": [
        0.894029974937439,
        -0.44800710678100586
      ]
    },
    {
      "coordinates": [
        319,
        187
      ],
      "magnitude": 0.4225638806819916,
      "direction": [
        0.7708423137664795,
        -0.6370260119438171
      ]
    },
    {
      "coordinates": [
        0,
        204
      ],
      "magnitude": 0.7468398809432983,
      "direction": [
        0.31020766496658325,
        -0.9506688714027405
      ]
    },
    {
      "coordinates": [
        22,
        204
      ],
      "magnitude": 0.6850385665893555,
      "direction": [
        0.2698890268802643,
        -0.9628914594650269
      ]
    },
    {
      "coordinates": [
        45,
        204
      ],
      "magnitude": 0.6316101551055908,
      "direction": [
        0.33761414885520935,
        -0.9412845969200134
      ]
    },
    {
      "coordinates": [
        68,
        204
      ],
      "magnitude": 0.7028883695602417,
      "direction": [
        0.46780022978782654,
        -0.8838342428207397
      ]
    },
    {
      "coordinates": [
        91,
        204
      ],
      "magnitude": 0.6980894804000854,
      "direction": [
        0.27172258496284485,
        -0.9623755812644958
      ]
    },
    {
      "coordinates": [
        113,
        204
      ],
      "magnitude": 0.7620714902877808,
      "direction": [
        0.25502169132232666,
        -0.9669353365898132
      ]
    },
    {
      "coordinates": [
        136,
        204
      ],
      "magnitude": 0.4394338130950928,
      "direction": [
        -8.776367758400738e-05,
        -1.0
      ]
    },
    {
      "coordinates": [
        159,
        204
      ],
      "magnitude": 0.23614920675754547,
      "direction": [
        0.0722026526927948,
        -0.9973899722099304
      ]
    },
    {
      "coordinates": [
        182,
        204
      ],
      "magnitude": 0.4541388750076294,
      "direction": [
        0.25460803508758545,
        -0.9670443534851074
      ]
    },
    {
      "coordinates": [
        205,
        204
      ],
      "magnitude": 0.41008707880973816,
      "direction": [
        0.48289644718170166,
        -0.8756774663925171
      ]
    },
    {
      "coordinates": [
        227,
        204
      ],
      "magnitude": 0.36790403723716736,
      "direction": [
        0.6464493274688721,
        -0.7629569172859192
      ]
    },
    {
      "coordinates": [
        250,
        204
      ],
      "magnitude": 0.29607710242271423,
      "direction": [
        0.8533140420913696,
        -0.5213973522186279
      ]
    },
    {
      "coordinates": [
        273,
        204
      ],
      "magnitude": 0.06767119467258453,
      "direction": [
        0.4871905446052551,
        -0.8732956051826477
      ]
    },
    {
      "coordinates": [
        296,
        204
      ],
      "magnitude": 0.31402787566185,
      "direction": [
        0.8353256583213806,
        -0.5497554540634155
      ]
    },
    {
      "coordinates": [
        319,
        204
      ],
      "magnitude": 0.3614424467086792,
      "direction": [
        0.8685627579689026,
        -0.4955790638923645
      ]
    },
    {
      "coordinates": [
        0,
        221
      ],
      "magnitude": 0.7345097064971924,
      "direction": [
        0.4877411723136902,
        -0.8729882836341858
      ]
    },
    {
      "coordinates": [
        22,
        221
      ],
      "magnitude": 0.560488224029541,
      "direction": [
        0.31479886174201965,
        -0.9491583704948425
      ]
    },
    {
      "coordinates": [
        45,
        221
      ],
      "magnitude": 0.7534117698669434,
      "direction": [
        0.184720978140831,
        -0.982791006565094
      ]
    },
    {
      "coordinates": [
        68,
        221
      ],
      "magnitude": 0.6209680438041687,
      "direction": [
        0.3030526340007782,
        -0.9529738426208496
      ]
    },
    {
      "coordinates": [
        91,
        221
      ],
      "magnitude": 0.6286947727203369,
      "direction": [
        0.2654816806316376,
        -0.9641158580780029
      ]
    },
    {
      "coordinates": [
        113,
        221
      ],
      "magnitude": 0.7485701441764832,
      "direction": [
        0.12527665495872498,
        -0.9921218752861023
      ]
    },
    {
      "coordinates": [
        136,
        221
      ],
      "magnitude": 0.36299318075180054,
      "direction": [
        -0.029787229374051094,
        -0.9995562434196472
      ]
    },
    {
      "coordinates": [
        159,
        221
      ],
      "magnitude": 0.3644449710845947,
      "direction": [
        0.43807053565979004,
        -0.8989406228065491
      ]
    },
    {
      "coordinates": [
        182,
        221
      ],
      "magnitude": 0.37377268075942993,
      "direction": [
        0.28176698088645935,
        -0.9594828486442566
      ]
    },
    {
      "coordinates": [
        205,
        221
      ],
      "magnitude": 0.3750438988208771,
      "direction": [
        0.009258776903152466,
        -0.9999570846557617
      ]
    },
    {
      "coordinates": [
        227,
        221
      ],
      "magnitude": 0.39016368985176086,
      "direction": [
        0.29091876745224,
        -0.9567477703094482
      ]
    },
    {
      "coordinates": [
        250,
        221
      ],
      "magnitude": 0.03684423491358757,
      "direction": [
        0.2677600085735321,
        -0.9634856581687927
      ]
    },
    {
      "coordinates": [
        273,
        221
      ],
      "magnitude": 0.17420034110546112,
      "direction": [
        0.730258047580719,
        -0.6831715106964111
      ]
    },
    {
      "coordinates": [
        296,
        221
      ],
      "magnitude": 0.4252364933490753,
      "direction": [
        0.6136753559112549,
        -0.7895584106445312
      ]
    },
    {
      "coordinates": [
        319,
        221
      ],
      "magnitude": 0.5250373482704163,
      "direction": [
        0.7530237436294556,
        -0.6579933762550354
      ]
    },
    {
      "coordinates": [
        0,
        239
      ],
      "magnitude": 0.8413448929786682,
      "direction": [
        0.8355318903923035,
        -0.5494418740272522
      ]
    },
    {
      "coordinates": [
        22,
        239
      ],
      "magnitude": 0.6724401116371155,
      "direction": [
        0.8543193936347961,
        -0.5197484493255615
      ]
    },
    {
      "coordinates": [
        45,
        239
      ],
      "magnitude": 0.7221071720123291,
      "direction": [
        0.06622182577848434,
        -0.9978049397468567
      ]
    },
    {
      "coordinates": [
        68,
        239
      ],
      "magnitude": 0.5359251499176025,
      "direction": [
        -0.06335072219371796,
        -0.9979912638664246
      ]
    },
    {
      "coordinates": [
        91,
        239
      ],
      "magnitude": 0.6383100152015686,
      "direction": [
        -0.14020110666751862,
        -0.9901230335235596
      ]
    },
    {
      "coordinates": [
        113,
        239
      ],
      "magnitude": 0.7702825665473938,
      "direction": [
        -0.2978430688381195,
        -0.9546148777008057
      ]
    },
    {
      "coordinates": [
        136,
        239
      ],
      "magnitude": 0.5780489444732666,
      "direction": [
        0.18799684941768646,
        -0.9821696281433105
      ]
    },
    {
      "coordinates": [
        159,
        239
      ],
      "magnitude": 0.4320237338542938,
      "direction": [
        0.5766779184341431,
        -0.8169716000556946
      ]
    },
    {
      "coordinates": [
        182,
        239
      ],
      "magnitude": 0.26760727167129517,
      "direction": [
        0.14049512147903442,
        -0.9900813102722168
      ]
    },
    {
      "coordinates": [
        205,
        239
      ],
      "magnitude": 0.3910547196865082,
      "direction": [
        0.25900954008102417,
        -0.9658747911453247
      ]
    },
    {
      "coordinates": [
        227,
        239
      ],
      "magnitude": 0.41983485221862793,
      "direction": [
        0.06589769572019577,
        -0.9978263974189758
      ]
    },
    {
      "coordinates": [
        250,
        239
      ],
      "magnitude": 0.08583693206310272,
      "direction": [
        0.9051679968833923,
        -0.42505401372909546
      ]
    },
    {
      "coordinates": [
        273,
        239
      ],
      "magnitude": 0.3232606053352356,
      "direction": [
        0.8308753371238708,
        -0.556458592414856
      ]
    },
    {
      "coordinates": [
        296,
        239
      ],
      "magnitude": 0.6146389245986938,
      "direction": [
        0.5904790163040161,
        -0.8070530295372009
      ]
    },
    {
      "coordinates": [
        319,
        239
      ],
      "magnitude": 0.517158567905426,
      "direction": [
        0.9018495678901672,
        -0.43205001950263977
      ]
    }
  ]
}