{
  "recording_timestamp": 1756815700.4158697,
  "mean_fz": -0.734,
  "peak_intensity": 0.258,
  "deformation_mesh": [
    {
      "coordinates": [
        0,
        0
      ],
      "magnitude": 1.9821975231170654,
      "direction": [
        -0.5972602367401123,
        -0.8020474910736084
      ]
    },
    {
      "coordinates": [
        22,
        0
      ],
      "magnitude": 1.9960711002349854,
      "direction": [
        -0.543438732624054,
        -0.839448869228363
      ]
    },
    {
      "coordinates": [
        45,
        0
      ],
      "magnitude": 1.9530831575393677,
      "direction": [
        -0.39226609468460083,
        -0.9198517799377441
      ]
    },
    {
      "coordinates": [
        68,
        0
      ],
      "magnitude": 1.71853768825531,
      "direction": [
        -0.4011495113372803,
        -0.9160125851631165
      ]
    },
    {
      "coordinates": [
        91,
        0
      ],
      "magnitude": 1.9007151126861572,
      "direction": [
        -0.2744152247905731,
        -0.9616113305091858
      ]
    },
    {
      "coordinates": [
        113,
        0
      ],
      "magnitude": 2.0790810585021973,
      "direction": [
        -0.20118068158626556,
        -0.9795541167259216
      ]
    },
    {
      "coordinates": [
        136,
        0
      ],
      "magnitude": 2.120143175125122,
      "direction": [
        0.16075648367404938,
        -0.9869941473007202
      ]
    },
    {
      "coordinates": [
        159,
        0
      ],
      "magnitude": 1.984500527381897,
      "direction": [
        0.2097664475440979,
        -0.9777514934539795
      ]
    },
    {
      "coordinates": [
        182,
        0
      ],
      "magnitude": 1.9476462602615356,
      "direction": [
        0.16218921542167664,
        -0.9867596626281738
      ]
    },
    {
      "coordinates": [
        205,
        0
      ],
      "magnitude": 1.8866552114486694,
      "direction": [
        0.4810997247695923,
        -0.8766658902168274
      ]
    },
    {
      "coordinates": [
        227,
        0
      ],
      "magnitude": 1.9290010929107666,
      "direction": [
        0.5186718702316284,
        -0.8549733757972717
      ]
    },
    {
      "coordinates": [
        250,
        0
      ],
      "magnitude": 1.840651273727417,
      "direction": [
        0.3171345591545105,
        -0.9483805894851685
      ]
    },
    {
      "coordinates": [
        273,
        0
      ],
      "magnitude": 2.218228816986084,
      "direction": [
        0.4768126308917999,
        -0.8790050148963928
      ]
    },
    {
      "coordinates": [
        296,
        0
      ],
      "magnitude": 1.9522945880889893,
      "direction": [
        0.5899539589881897,
        -0.8074369430541992
      ]
    },
    {
      "coordinates": [
        319,
        0
      ],
      "magnitude": 2.1285669803619385,
      "direction": [
        0.6581746339797974,
        -0.7528653144836426
      ]
    },
    {
      "coordinates": [
        0,
        17
      ],
      "magnitude": 1.820512056350708,
      "direction": [
        -0.6174988746643066,
        -0.7865718007087708
      ]
    },
    {
      "coordinates": [
        22,
        17
      ],
      "magnitude": 2.030456304550171,
      "direction": [
        -0.5845005512237549,
        -0.8113933205604553
      ]
    },
    {
      "coordinates": [
        45,
        17
      ],
      "magnitude": 1.9463695287704468,
      "direction": [
        -0.42821580171585083,
        -0.903676450252533
      ]
    },
    {
      "coordinates": [
        68,
        17
      ],
      "magnitude": 1.7174252271652222,
      "direction": [
        -0.35390985012054443,
        -0.9352795481681824
      ]
    },
    {
      "coordinates": [
        91,
        17
      ],
      "magnitude": 2.011582612991333,
      "direction": [
        -0.3354749083518982,
        -0.9420492053031921
      ]
    },
    {
      "coordinates": [
        113,
        17
      ],
      "magnitude": 2.100773334503174,
      "direction": [
        -0.29357171058654785,
        -0.9559370875358582
      ]
    },
    {
      "coordinates": [
        136,
        17
      ],
      "magnitude": 2.0225915908813477,
      "direction": [
        -0.015751434490084648,
        -0.9998759031295776
      ]
    },
    {
      "coordinates": [
        159,
        17
      ],
      "magnitude": 1.7512834072113037,
      "direction": [
        0.23035797476768494,
        -0.9731060266494751
      ]
    },
    {
      "coordinates": [
        182,
        17
      ],
      "magnitude": 2.0201892852783203,
      "direction": [
        0.16027969121932983,
        -0.987071692943573
      ]
    },
    {
      "coordinates": [
        205,
        17
      ],
      "magnitude": 1.8530551195144653,
      "direction": [
        0.48841920495033264,
        -0.8726090788841248
      ]
    },
    {
      "coordinates": [
        227,
        17
      ],
      "magnitude": 1.8967214822769165,
      "direction": [
        0.4936496913433075,
        -0.8696608543395996
      ]
    },
    {
      "coordinates": [
        250,
        17
      ],
      "magnitude": 1.5996321439743042,
      "direction": [
        0.46853578090667725,
        -0.8834445476531982
      ]
    },
    {
      "coordinates": [
        273,
        17
      ],
      "magnitude": 1.7548413276672363,
      "direction": [
        0.5403369665145874,
        -0.8414487242698669
      ]
    },
    {
      "coordinates": [
        296,
        17
      ],
      "magnitude": 2.1467223167419434,
      "direction": [
        0.6944174766540527,
        -0.7195723652839661
      ]
    },
    {
      "coordinates": [
        319,
        17
      ],
      "magnitude": 2.291044235229492,
      "direction": [
        0.7795384526252747,
        -0.6263543367385864
      ]
    },
    {
      "coordinates": [
        0,
        34
      ],
      "magnitude": 2.0662224292755127,
      "direction": [
        -0.571428120136261,
        -0.8206520676612854
      ]
    },
    {
      "coordinates": [
        22,
        34
      ],
      "magnitude": 2.1298460960388184,
      "direction": [
        -0.6329511404037476,
        -0.774191677570343
      ]
    },
    {
      "coordinates": [
        45,
        34
      ],
      "magnitude": 1.9921410083770752,
      "direction": [
        -0.5131560564041138,
        -0.8582953214645386
      ]
    },
    {
      "coordinates": [
        68,
        34
      ],
      "magnitude": 1.8676179647445679,
      "direction": [
        -0.4862618148326874,
        -0.8738131523132324
      ]
    },
    {
      "coordinates": [
        91,
        34
      ],
      "magnitude": 1.9958561658859253,
      "direction": [
        -0.27234920859336853,
        -0.9621984958648682
      ]
    },
    {
      "coordinates": [
        113,
        34
      ],
      "magnitude": 2.0483808517456055,
      "direction": [
        -0.14861920475959778,
        -0.988894522190094
      ]
    },
    {
      "coordinates": [
        136,
        34
      ],
      "magnitude": 2.0519814491271973,
      "direction": [
        -0.09038081765174866,
        -0.9959072470664978
      ]
    },
    {
      "coordinates": [
        159,
        34
      ],
      "magnitude": 1.8966312408447266,
      "direction": [
        0.1968916356563568,
        -0.980425238609314
      ]
    },
    {
      "coordinates": [
        182,
        34
      ],
      "magnitude": 2.1220762729644775,
      "direction": [
        0.31145933270454407,
        -0.9502593874931335
      ]
    },
    {
      "coordinates": [
        205,
        34
      ],
      "magnitude": 2.0159666538238525,
      "direction": [
        0.3535323739051819,
        -0.9354222416877747
      ]
    },
    {
      "coordinates": [
        227,
        34
      ],
      "magnitude": 1.809788465499878,
      "direction": [
        0.4673311710357666,
        -0.8840823769569397
      ]
    },
    {
      "coordinates": [
        250,
        34
      ],
      "magnitude": 1.859486699104309,
      "direction": [
        0.5333320498466492,
        -0.8459060192108154
      ]
    },
    {
      "coordinates": [
        273,
        34
      ],
      "magnitude": 1.7488619089126587,
      "direction": [
        0.5783281326293945,
        -0.8158042430877686
      ]
    },
    {
      "coordinates": [
        296,
        34
      ],
      "magnitude": 1.7508819103240967,
      "direction": [
        0.7309148907661438,
        -0.6824686527252197
      ]
    },
    {
      "coordinates": [
        319,
        34
      ],
      "magnitude": 2.140277862548828,
      "direction": [
        0.7755975127220154,
        -0.6312278509140015
      ]
    },
    {
      "coordinates": [
        0,
        51
      ],
      "magnitude": 2.163163185119629,
      "direction": [
        -0.7287296652793884,
        -0.6848015189170837
      ]
    },
    {
      "coordinates": [
        22,
        51
      ],
      "magnitude": 2.0555617809295654,
      "direction": [
        -0.729524552822113,
        -0.6839545965194702
      ]
    },
    {
      "coordinates": [
        45,
        51
      ],
      "magnitude": 1.8571124076843262,
      "direction": [
        -0.6870044469833374,
        -0.7266532182693481
      ]
    },
    {
      "coordinates": [
        68,
        51
      ],
      "magnitude": 1.8395400047302246,
      "direction": [
        -0.43261799216270447,
        -0.901577353477478
      ]
    },
    {
      "coordinates": [
        91,
        51
      ],
      "magnitude": 2.0378577709198,
      "direction": [
        -0.41366344690322876,
        -0.9104298949241638
      ]
    },
    {
      "coordinates": [
        113,
        51
      ],
      "magnitude": 2.1594247817993164,
      "direction": [
        -0.19583719968795776,
        -0.980636477470398
      ]
    },
    {
      "coordinates": [
        136,
        51
      ],
      "magnitude": 2.1823270320892334,
      "direction": [
        -0.06775510311126709,
        -0.9977019429206848
      ]
    },
    {
      "coordinates": [
        159,
        51
      ],
      "magnitude": 2.081850528717041,
      "direction": [
        0.21440187096595764,
        -0.9767455458641052
      ]
    },
    {
      "coordinates": [
        182,
        51
      ],
      "magnitude": 1.945626974105835,
      "direction": [
        0.2203950434923172,
        -0.9754106998443604
      ]
    },
    {
      "coordinates": [
        205,
        51
      ],
      "magnitude": 1.9087426662445068,
      "direction": [
        0.3746436834335327,
        -0.9271688461303711
      ]
    },
    {
      "coordinates": [
        227,
        51
      ],
      "magnitude": 1.7509816884994507,
      "direction": [
        0.5547511577606201,
        -0.8320163488388062
      ]
    },
    {
      "coordinates": [
        250,
        51
      ],
      "magnitude": 1.6908849477767944,
      "direction": [
        0.5567550659179688,
        -0.8306767344474792
      ]
    },
    {
      "coordinates": [
        273,
        51
      ],
      "magnitude": 1.3523213863372803,
      "direction": [
        0.7429043650627136,
        -0.6693974733352661
      ]
    },
    {
      "coordinates": [
        296,
        51
      ],
      "magnitude": 1.795017123222351,
      "direction": [
        0.7301608324050903,
        -0.6832752823829651
      ]
    },
    {
      "coordinates": [
        319,
        51
      ],
      "magnitude": 1.8401317596435547,
      "direction": [
        0.7497329115867615,
        -0.6617406010627747
      ]
    },
    {
      "coordinates": [
        0,
        68
      ],
      "magnitude": 1.8094968795776367,
      "direction": [
        -0.7384042143821716,
        -0.6743583083152771
      ]
    },
    {
      "coordinates": [
        22,
        68
      ],
      "magnitude": 1.9503037929534912,
      "direction": [
        -0.8070494532585144,
        -0.5904838442802429
      ]
    },
    {
      "coordinates": [
        45,
        68
      ],
      "magnitude": 1.9427286386489868,
      "direction": [
        -0.7962414026260376,
        -0.6049790382385254
      ]
    },
    {
      "coordinates": [
        68,
        68
      ],
      "magnitude": 1.7339074611663818,
      "direction": [
        -0.6275708079338074,
        -0.7785594463348389
      ]
    },
    {
      "coordinates": [
        91,
        68
      ],
      "magnitude": 2.105473279953003,
      "direction": [
        -0.4864443838596344,
        -0.8737116456031799
      ]
    },
    {
      "coordinates": [
        113,
        68
      ],
      "magnitude": 2.352921962738037,
      "direction": [
        -0.33577960729599,
        -0.9419405460357666
      ]
    },
    {
      "coordinates": [
        136,
        68
      ],
      "magnitude": 2.6379177570343018,
      "direction": [
        -0.03471905365586281,
        -0.9993970394134521
      ]
    },
    {
      "coordinates": [
        159,
        68
      ],
      "magnitude": 2.450007200241089,
      "direction": [
        0.23149393498897552,
        -0.972836434841156
      ]
    },
    {
      "coordinates": [
        182,
        68
      ],
      "magnitude": 1.8650171756744385,
      "direction": [
        0.3552728295326233,
        -0.9347626566886902
      ]
    },
    {
      "coordinates": [
        205,
        68
      ],
      "magnitude": 1.5035005807876587,
      "direction": [
        0.5576725602149963,
        -0.8300610780715942
      ]
    },
    {
      "coordinates": [
        227,
        68
      ],
      "magnitude": 1.701378345489502,
      "direction": [
        0.6986982226371765,
        -0.7154164910316467
      ]
    },
    {
      "coordinates": [
        250,
        68
      ],
      "magnitude": 1.7706046104431152,
      "direction": [
        0.5814289450645447,
        -0.8135972023010254
      ]
    },
    {
      "coordinates": [
        273,
        68
      ],
      "magnitude": 1.3202694654464722,
      "direction": [
        0.7741131782531738,
        -0.6330472826957703
      ]
    },
    {
      "coordinates": [
        296,
        68
      ],
      "magnitude": 1.6896634101867676,
      "direction": [
        0.8189860582351685,
        -0.5738134384155273
      ]
    },
    {
      "coordinates": [
        319,
        68
      ],
      "magnitude": 1.7793325185775757,
      "direction": [
        0.7471122741699219,
        -0.6646978855133057
      ]
    },
    {
      "coordinates": [
        0,
        85
      ],
      "magnitude": 1.6144261360168457,
      "direction": [
        -0.8662585616111755,
        -0.49959588050842285
      ]
    },
    {
      "coordinates": [
        22,
        85
      ],
      "magnitude": 1.8614188432693481,
      "direction": [
        -0.8848906755447388,
        -0.46579885482788086
      ]
    },
    {
      "coordinates": [
        45,
        85
      ],
      "magnitude": 1.9785261154174805,
      "direction": [
        -0.8043437600135803,
        -0.5941641926765442
      ]
    },
    {
      "coordinates": [
        68,
        85
      ],
      "magnitude": 1.9832924604415894,
      "direction": [
        -0.6987075209617615,
        -0.7154073715209961
      ]
    },
    {
      "coordinates": [
        91,
        85
      ],
      "magnitude": 2.5225841999053955,
      "direction": [
        -0.5828123688697815,
        -0.8126068115234375
      ]
    },
    {
      "coordinates": [
        113,
        85
      ],
      "magnitude": 3.264986753463745,
      "direction": [
        -0.34500089287757874,
        -0.9386023283004761
      ]
    },
    {
      "coordinates": [
        136,
        85
      ],
      "magnitude": 2.9531121253967285,
      "direction": [
        0.12615597248077393,
        -0.9920104146003723
      ]
    },
    {
      "coordinates": [
        159,
        85
      ],
      "magnitude": 2.531930923461914,
      "direction": [
        0.4494549632072449,
        -0.8933029770851135
      ]
    },
    {
      "coordinates": [
        182,
        85
      ],
      "magnitude": 1.8489514589309692,
      "direction": [
        0.6824715733528137,
        -0.7309121489524841
      ]
    },
    {
      "coordinates": [
        205,
        85
      ],
      "magnitude": 1.8410284519195557,
      "direction": [
        0.814242422580719,
        -0.5805250406265259
      ]
    },
    {
      "coordinates": [
        227,
        85
      ],
      "magnitude": 1.5250777006149292,
      "direction": [
        0.753117561340332,
        -0.6578859686851501
      ]
    },
    {
      "coordinates": [
        250,
        85
      ],
      "magnitude": 1.6029167175292969,
      "direction": [
        0.7839722633361816,
        -0.6207959055900574
      ]
    },
    {
      "coordinates": [
        273,
        85
      ],
      "magnitude": 1.5638267993927002,
      "direction": [
        0.7955502867698669,
        -0.6058876514434814
      ]
    },
    {
      "coordinates": [
        296,
        85
      ],
      "magnitude": 1.5211330652236938,
      "direction": [
        0.7297372817993164,
        -0.6837276220321655
      ]
    },
    {
      "coordinates": [
        319,
        85
      ],
      "magnitude": 1.6839238405227661,
      "direction": [
        0.7645718455314636,
        -0.6445384621620178
      ]
    },
    {
      "coordinates": [
        0,
        102
      ],
      "magnitude": 1.8962432146072388,
      "direction": [
        -0.937964677810669,
        -0.34673088788986206
      ]
    },
    {
      "coordinates": [
        22,
        102
      ],
      "magnitude": 1.8308812379837036,
      "direction": [
        -0.8593834042549133,
        -0.5113317966461182
      ]
    },
    {
      "coordinates": [
        45,
        102
      ],
      "magnitude": 1.9476815462112427,
      "direction": [
        -0.8721229434013367,
        -0.4892866909503937
      ]
    },
    {
      "coordinates": [
        68,
        102
      ],
      "magnitude": 2.138206958770752,
      "direction": [
        -0.8671644926071167,
        -0.4980219304561615
      ]
    },
    {
      "coordinates": [
        91,
        102
      ],
      "magnitude": 2.3338794708251953,
      "direction": [
        -0.8212788701057434,
        -0.5705268383026123
      ]
    },
    {
      "coordinates": [
        113,
        102
      ],
      "magnitude": 2.9432907104492188,
      "direction": [
        -0.5119726657867432,
        -0.8590016961097717
      ]
    },
    {
      "coordinates": [
        136,
        102
      ],
      "magnitude": 3.140859603881836,
      "direction": [
        0.3223998546600342,
        -0.9466035962104797
      ]
    },
    {
      "coordinates": [
        159,
        102
      ],
      "magnitude": 3.0949995517730713,
      "direction": [
        0.6956515312194824,
        -0.7183793783187866
      ]
    },
    {
      "coordinates": [
        182,
        102
      ],
      "magnitude": 1.9564869403839111,
      "direction": [
        0.8832084536552429,
        -0.4689805805683136
      ]
    },
    {
      "coordinates": [
        205,
        102
      ],
      "magnitude": 1.7835659980773926,
      "direction": [
        0.9405485391616821,
        -0.3396592438220978
      ]
    },
    {
      "coordinates": [
        227,
        102
      ],
      "magnitude": 1.3412598371505737,
      "direction": [
        0.8896132111549377,
        -0.45671460032463074
      ]
    },
    {
      "coordinates": [
        250,
        102
      ],
      "magnitude": 1.5724340677261353,
      "direction": [
        0.8904756903648376,
        -0.4550308287143707
      ]
    },
    {
      "coordinates": [
        273,
        102
      ],
      "magnitude": 1.4423545598983765,
      "direction": [
        0.9032393097877502,
        -0.4291371703147888
      ]
    },
    {
      "coordinates": [
        296,
        102
      ],
      "magnitude": 1.475429892539978,
      "direction": [
        0.7839754223823547,
        -0.6207917928695679
      ]
    },
    {
      "coordinates": [
        319,
        102
      ],
      "magnitude": 1.616797924041748,
      "direction": [
        0.8355545401573181,
        -0.5494075417518616
      ]
    },
    {
      "coordinates": [
        0,
        119
      ],
      "magnitude": 1.9233717918395996,
      "direction": [
        -0.9527895450592041,
        -0.30363142490386963
      ]
    },
    {
      "coordinates": [
        22,
        119
      ],
      "magnitude": 1.6782268285751343,
      "direction": [
        -0.8578400611877441,
        -0.5139166712760925
      ]
    },
    {
      "coordinates": [
        45,
        119
      ],
      "magnitude": 1.7626487016677856,
      "direction": [
        -0.8884457349777222,
        -0.45898160338401794
      ]
    },
    {
      "coordinates": [
        68,
        119
      ],
      "magnitude": 1.9100261926651,
      "direction": [
        -0.8955886960029602,
        -0.4448830187320709
      ]
    },
    {
      "coordinates": [
        91,
        119
      ],
      "magnitude": 2.3538706302642822,
      "direction": [
        -0.9694584608078003,
        -0.24525564908981323
      ]
    },
    {
      "coordinates": [
        113,
        119
      ],
      "magnitude": 2.1885242462158203,
      "direction": [
        -0.9512960314750671,
        -0.3082786202430725
      ]
    },
    {
      "coordinates": [
        136,
        119
      ],
      "magnitude": 1.404493808746338,
      "direction": [
        0.8125060200691223,
        -0.5829527974128723
      ]
    },
    {
      "coordinates": [
        159,
        119
      ],
      "magnitude": 2.6163597106933594,
      "direction": [
        0.9850231409072876,
        -0.17242203652858734
      ]
    },
    {
      "coordinates": [
        182,
        119
      ],
      "magnitude": 1.8340307474136353,
      "direction": [
        0.975163459777832,
        -0.22148633003234863
      ]
    },
    {
      "coordinates": [
        205,
        119
      ],
      "magnitude": 1.621328353881836,
      "direction": [
        0.9624730944633484,
        -0.27137699723243713
      ]
    },
    {
      "coordinates": [
        227,
        119
      ],
      "magnitude": 1.3713747262954712,
      "direction": [
        0.9408401250839233,
        -0.3388509452342987
      ]
    },
    {
      "coordinates": [
        250,
        119
      ],
      "magnitude": 1.4729212522506714,
      "direction": [
        0.9407773613929749,
        -0.3390251100063324
      ]
    },
    {
      "coordinates": [
        273,
        119
      ],
      "magnitude": 1.5358922481536865,
      "direction": [
        0.9526627659797668,
        -0.3040291666984558
      ]
    },
    {
      "coordinates": [
        296,
        119
      ],
      "magnitude": 1.3595036268234253,
      "direction": [
        0.9022294282913208,
        -0.431256502866745
      ]
    },
    {
      "coordinates": [
        319,
        119
      ],
      "magnitude": 1.4841217994689941,
      "direction": [
        0.9180002212524414,
        -0.3965798020362854
      ]
    },
    {
      "coordinates": [
        0,
        136
      ],
      "magnitude": 1.8104099035263062,
      "direction": [
        -0.9775215983390808,
        -0.2108350545167923
      ]
    },
    {
      "coordinates": [
        22,
        136
      ],
      "magnitude": 1.5782623291015625,
      "direction": [
        -0.9512701630592346,
        -0.308358758687973
      ]
    },
    {
      "coordinates": [
        45,
        136
      ],
      "magnitude": 1.3076088428497314,
      "direction": [
        -0.9872309565544128,
        -0.15929552912712097
      ]
    },
    {
      "coordinates": [
        68,
        136
      ],
      "magnitude": 1.644429326057434,
      "direction": [
        -0.9799851179122925,
        -0.19907085597515106
      ]
    },
    {
      "coordinates": [
        91,
        136
      ],
      "magnitude": 1.759071946144104,
      "direction": [
        -0.9979935884475708,
        0.06331530213356018
      ]
    },
    {
      "coordinates": [
        113,
        136
      ],
      "magnitude": 1.8378525972366333,
      "direction": [
        -0.6988638639450073,
        0.7152547240257263
      ]
    },
    {
      "coordinates": [
        136,
        136
      ],
      "magnitude": 1.5768797397613525,
      "direction": [
        0.258709192276001,
        0.9659552574157715
      ]
    },
    {
      "coordinates": [
        159,
        136
      ],
      "magnitude": 1.5583232641220093,
      "direction": [
        0.9595553278923035,
        0.2815200090408325
      ]
    },
    {
      "coordinates": [
        182,
        136
      ],
      "magnitude": 1.644814133644104,
      "direction": [
        0.9998723864555359,
        -0.01597416400909424
      ]
    },
    {
      "coordinates": [
        205,
        136
      ],
      "magnitude": 1.5841591358184814,
      "direction": [
        0.9849377274513245,
        -0.1729097068309784
      ]
    },
    {
      "coordinates": [
        227,
        136
      ],
      "magnitude": 1.2466912269592285,
      "direction": [
        0.9759812951087952,
        -0.2178545743227005
      ]
    },
    {
      "coordinates": [
        250,
        136
      ],
      "magnitude": 1.323422908782959,
      "direction": [
        0.9977681636810303,
        -0.06677328050136566
      ]
    },
    {
      "coordinates": [
        273,
        136
      ],
      "magnitude": 1.4762029647827148,
      "direction": [
        0.9665421843528748,
        -0.256507933139801
      ]
    },
    {
      "coordinates": [
        296,
        136
      ],
      "magnitude": 1.4951198101043701,
      "direction": [
        0.940726101398468,
        -0.3391672670841217
      ]
    },
    {
      "coordinates": [
        319,
        136
      ],
      "magnitude": 1.4118350744247437,
      "direction": [
        0.9647024869918823,
        -0.2633420526981354
      ]
    },
    {
      "coordinates": [
        0,
        153
      ],
      "magnitude": 1.558519959449768,
      "direction": [
        -0.9811120629310608,
        -0.1934400498867035
      ]
    },
    {
      "coordinates": [
        22,
        153
      ],
      "magnitude": 1.323243260383606,
      "direction": [
        -0.9678884148597717,
        -0.2513803243637085
      ]
    },
    {
      "coordinates": [
        45,
        153
      ],
      "magnitude": 1.2890204191207886,
      "direction": [
        -0.9997866749763489,
        0.02065640687942505
      ]
    },
    {
      "coordinates": [
        68,
        153
      ],
      "magnitude": 1.395249605178833,
      "direction": [
        -0.9995184540748596,
        0.031028717756271362
      ]
    },
    {
      "coordinates": [
        91,
        153
      ],
      "magnitude": 1.2283176183700562,
      "direction": [
        -0.9384322762489319,
        0.34546342492103577
      ]
    },
    {
      "coordinates": [
        113,
        153
      ],
      "magnitude": 1.4696420431137085,
      "direction": [
        -0.5987086296081543,
        0.8009669184684753
      ]
    },
    {
      "coordinates": [
        136,
        153
      ],
      "magnitude": 1.3490748405456543,
      "direction": [
        0.33520156145095825,
        0.9421464204788208
      ]
    },
    {
      "coordinates": [
        159,
        153
      ],
      "magnitude": 1.416894555091858,
      "direction": [
        0.6675527095794678,
        0.7445625066757202
      ]
    },
    {
      "coordinates": [
        182,
        153
      ],
      "magnitude": 1.206715703010559,
      "direction": [
        0.9788457155227661,
        0.20460012555122375
      ]
    },
    {
      "coordinates": [
        205,
        153
      ],
      "magnitude": 1.1809160709381104,
      "direction": [
        0.9876720309257507,
        0.15653766691684723
      ]
    },
    {
      "coordinates": [
        227,
        153
      ],
      "magnitude": 1.017785906791687,
      "direction": [
        0.9995840787887573,
        -0.028836917132139206
      ]
    },
    {
      "coordinates": [
        250,
        153
      ],
      "magnitude": 1.2354377508163452,
      "direction": [
        0.9983643889427185,
        0.05717147886753082
      ]
    },
    {
      "coordinates": [
        273,
        153
      ],
      "magnitude": 1.2361990213394165,
      "direction": [
        0.9966461062431335,
        -0.08183308690786362
      ]
    },
    {
      "coordinates": [
        296,
        153
      ],
      "magnitude": 1.3668383359909058,
      "direction": [
        0.9553639888763428,
        -0.29543131589889526
      ]
    },
    {
      "coordinates": [
        319,
        153
      ],
      "magnitude": 1.6168067455291748,
      "direction": [
        0.953228235244751,
        -0.3022514283657074
      ]
    },
    {
      "coordinates": [
        0,
        170
      ],
      "magnitude": 1.268317699432373,
      "direction": [
        -0.9988419413566589,
        -0.04811116307973862
      ]
    },
    {
      "coordinates": [
        22,
        170
      ],
      "magnitude": 1.3066112995147705,
      "direction": [
        -0.9942744374275208,
        -0.10685647279024124
      ]
    },
    {
      "coordinates": [
        45,
        170
      ],
      "magnitude": 1.3048782348632812,
      "direction": [
        -0.9987561106681824,
        0.04986216127872467
      ]
    },
    {
      "coordinates": [
        68,
        170
      ],
      "magnitude": 1.3622549772262573,
      "direction": [
        -0.9710943698883057,
        0.23869600892066956
      ]
    },
    {
      "coordinates": [
        91,
        170
      ],
      "magnitude": 1.1274528503417969,
      "direction": [
        -0.8383652567863464,
        0.5451089143753052
      ]
    },
    {
      "coordinates": [
        113,
        170
      ],
      "magnitude": 1.0684537887573242,
      "direction": [
        -0.611621081829071,
        0.7911508083343506
      ]
    },
    {
      "coordinates": [
        136,
        170
      ],
      "magnitude": 0.9942545294761658,
      "direction": [
        0.05789359658956528,
        0.9983227252960205
      ]
    },
    {
      "coordinates": [
        159,
        170
      ],
      "magnitude": 1.104344367980957,
      "direction": [
        0.5577611327171326,
        0.8300015330314636
      ]
    },
    {
      "coordinates": [
        182,
        170
      ],
      "magnitude": 1.1107218265533447,
      "direction": [
        0.7987104058265686,
        0.601715624332428
      ]
    },
    {
      "coordinates": [
        205,
        170
      ],
      "magnitude": 0.9706493020057678,
      "direction": [
        0.8836662173271179,
        0.46811747550964355
      ]
    },
    {
      "coordinates": [
        227,
        170
      ],
      "magnitude": 0.9163863062858582,
      "direction": [
        0.9920091032981873,
        0.12616631388664246
      ]
    },
    {
      "coordinates": [
        250,
        170
      ],
      "magnitude": 1.2877306938171387,
      "direction": [
        0.9907873868942261,
        0.13542692363262177
      ]
    },
    {
      "coordinates": [
        273,
        170
      ],
      "magnitude": 1.1899670362472534,
      "direction": [
        0.9920128583908081,
        0.126136913895607
      ]
    },
    {
      "coordinates": [
        296,
        170
      ],
      "magnitude": 1.0972137451171875,
      "direction": [
        0.9778504967689514,
        -0.20930422842502594
      ]
    },
    {
      "coordinates": [
        319,
        170
      ],
      "magnitude": 1.3664891719818115,
      "direction": [
        0.9785730242729187,
        -0.205900177359581
      ]
    },
    {
      "coordinates": [
        0,
        187
      ],
      "magnitude": 1.3652194738388062,
      "direction": [
        -0.9972847104072571,
        0.07364187389612198
      ]
    },
    {
      "coordinates": [
        22,
        187
      ],
      "magnitude": 1.416120171546936,
      "direction": [
        -0.9956541061401367,
        0.09312823414802551
      ]
    },
    {
      "coordinates": [
        45,
        187
      ],
      "magnitude": 1.4022060632705688,
      "direction": [
        -0.9854714274406433,
        0.1698409765958786
      ]
    },
    {
      "coordinates": [
        68,
        187
      ],
      "magnitude": 1.2184966802597046,
      "direction": [
        -0.9454885721206665,
        0.32565540075302124
      ]
    },
    {
      "coordinates": [
        91,
        187
      ],
      "magnitude": 0.8532870411872864,
      "direction": [
        -0.8779407739639282,
        0.4787692129611969
      ]
    },
    {
      "coordinates": [
        113,
        187
      ],
      "magnitude": 0.8920498490333557,
      "direction": [
        -0.7866932153701782,
        0.6173441410064697
      ]
    },
    {
      "coordinates": [
        136,
        187
      ],
      "magnitude": 0.764060914516449,
      "direction": [
        -0.033392131328582764,
        0.9994422793388367
      ]
    },
    {
      "coordinates": [
        159,
        187
      ],
      "magnitude": 0.99665766954422,
      "direction": [
        0.23678617179393768,
        0.9715617895126343
      ]
    },
    {
      "coordinates": [
        182,
        187
      ],
      "magnitude": 0.9237463474273682,
      "direction": [
        0.5894873738288879,
        0.8077775835990906
      ]
    },
    {
      "coordinates": [
        205,
        187
      ],
      "magnitude": 0.9481483697891235,
      "direction": [
        0.9075794816017151,
        0.41988033056259155
      ]
    },
    {
      "coordinates": [
        227,
        187
      ],
      "magnitude": 0.9439200758934021,
      "direction": [
        0.9452350735664368,
        0.32639050483703613
      ]
    },
    {
      "coordinates": [
        250,
        187
      ],
      "magnitude": 0.8997800350189209,
      "direction": [
        0.9883473515510559,
        0.15221528708934784
      ]
    },
    {
      "coordinates": [
        273,
        187
      ],
      "magnitude": 1.1818660497665405,
      "direction": [
        0.9999991059303284,
        0.0013280612183734775
      ]
    },
    {
      "coordinates": [
        296,
        187
      ],
      "magnitude": 1.166706919670105,
      "direction": [
        0.9925738573074341,
        0.12164346128702164
      ]
    },
    {
      "coordinates": [
        319,
        187
      ],
      "magnitude": 1.296038269996643,
      "direction": [
        0.997376024723053,
        -0.07239547371864319
      ]
    },
    {
      "coordinates": [
        0,
        204
      ],
      "magnitude": 1.4647753238677979,
      "direction": [
        -0.9833031892776489,
        0.18197481334209442
      ]
    },
    {
      "coordinates": [
        22,
        204
      ],
      "magnitude": 1.2861469984054565,
      "direction": [
        -0.9642717242240906,
        0.2649151682853699
      ]
    },
    {
      "coordinates": [
        45,
        204
      ],
      "magnitude": 1.0467560291290283,
      "direction": [
        -0.9630324244499207,
        0.26938557624816895
      ]
    },
    {
      "coordinates": [
        68,
        204
      ],
      "magnitude": 0.8471475839614868,
      "direction": [
        -0.873755693435669,
        0.4863649904727936
      ]
    },
    {
      "coordinates": [
        91,
        204
      ],
      "magnitude": 0.9223259687423706,
      "direction": [
        -0.7672303318977356,
        0.6413716673851013
      ]
    },
    {
      "coordinates": [
        113,
        204
      ],
      "magnitude": 0.8161249160766602,
      "direction": [
        -0.7627420425415039,
        0.6467028260231018
      ]
    },
    {
      "coordinates": [
        136,
        204
      ],
      "magnitude": 0.7217966318130493,
      "direction": [
        -0.28353583812713623,
        0.9589616060256958
      ]
    },
    {
      "coordinates": [
        159,
        204
      ],
      "magnitude": 0.7145692110061646,
      "direction": [
        0.27014437317848206,
        0.9628198146820068
      ]
    },
    {
      "coordinates": [
        182,
        204
      ],
      "magnitude": 0.5197778940200806,
      "direction": [
        0.6946807503700256,
        0.7193182706832886
      ]
    },
    {
      "coordinates": [
        205,
        204
      ],
      "magnitude": 0.7956777811050415,
      "direction": [
        0.8702840209007263,
        0.49255022406578064
      ]
    },
    {
      "coordinates": [
        227,
        204
      ],
      "magnitude": 0.8682408332824707,
      "direction": [
        0.9713270664215088,
        0.2377471625804901
      ]
    },
    {
      "coordinates": [
        250,
        204
      ],
      "magnitude": 0.8697786927223206,
      "direction": [
        0.9341197609901428,
        0.3569597005844116
      ]
    },
    {
      "coordinates": [
        273,
        204
      ],
      "magnitude": 0.928530216217041,
      "direction": [
        0.9981555938720703,
        0.060706958174705505
      ]
    },
    {
      "coordinates": [
        296,
        204
      ],
      "magnitude": 1.1201881170272827,
      "direction": [
        0.9927994608879089,
        0.11978857219219208
      ]
    },
    {
      "coordinates": [
        319,
        204
      ],
      "magnitude": 1.4564179182052612,
      "direction": [
        0.9967361688613892,
        0.08072783797979355
      ]
    },
    {
      "coordinates": [
        0,
        221
      ],
      "magnitude": 1.2884602546691895,
      "direction": [
        -0.9869514107704163,
        0.16101808845996857
      ]
    },
    {
      "coordinates": [
        22,
        221
      ],
      "magnitude": 1.081786036491394,
      "direction": [
        -0.9392397403717041,
        0.3432620167732239
      ]
    },
    {
      "coordinates": [
        45,
        221
      ],
      "magnitude": 1.077296495437622,
      "direction": [
        -0.9422184228897095,
        0.33499887585639954
      ]
    },
    {
      "coordinates": [
        68,
        221
      ],
      "magnitude": 1.0612642765045166,
      "direction": [
        -0.876314640045166,
        0.48173919320106506
      ]
    },
    {
      "coordinates": [
        91,
        221
      ],
      "magnitude": 1.0406520366668701,
      "direction": [
        -0.8497645258903503,
        0.527162492275238
      ]
    },
    {
      "coordinates": [
        113,
        221
      ],
      "magnitude": 0.5891465544700623,
      "direction": [
        -0.5746757984161377,
        0.818381130695343
      ]
    },
    {
      "coordinates": [
        136,
        221
      ],
      "magnitude": 0.80078125,
      "direction": [
        -0.0725967213511467,
        0.9973613619804382
      ]
    },
    {
      "coordinates": [
        159,
        221
      ],
      "magnitude": 0.607257068157196,
      "direction": [
        0.2572776675224304,
        0.9663375616073608
      ]
    },
    {
      "coordinates": [
        182,
        221
      ],
      "magnitude": 0.6551860570907593,
      "direction": [
        0.369860976934433,
        0.9290871620178223
      ]
    },
    {
      "coordinates": [
        205,
        221
      ],
      "magnitude": 0.6955233216285706,
      "direction": [
        0.5608229637145996,
        0.8279357552528381
      ]
    },
    {
      "coordinates": [
        227,
        221
      ],
      "magnitude": 0.7217245697975159,
      "direction": [
        0.9314156770706177,
        0.36395713686943054
      ]
    },
    {
      "coordinates": [
        250,
        221
      ],
      "magnitude": 0.7534874081611633,
      "direction": [
        0.9177302718162537,
        0.39720413088798523
      ]
    },
    {
      "coordinates": [
        273,
        221
      ],
      "magnitude": 1.0169641971588135,
      "direction": [
        0.9936827421188354,
        0.11222541332244873
      ]
    },
    {
      "coordinates": [
        296,
        221
      ],
      "magnitude": 1.4748992919921875,
      "direction": [
        0.9946286082267761,
        0.10350856930017471
      ]
    },
    {
      "coordinates": [
        319,
        221
      ],
      "magnitude": 1.636812686920166,
      "direction": [
        0.9970911741256714,
        0.07621757686138153
      ]
    },
    {
      "coordinates": [
        0,
        239
      ],
      "magnitude": 0.8196572065353394,
      "direction": [
        -0.7783132195472717,
        0.6278762221336365
      ]
    },
    {
      "coordinates": [
        22,
        239
      ],
      "magnitude": 1.0117902755737305,
      "direction": [
        -0.33453673124313354,
        0.9423827528953552
      ]
    },
    {
      "coordinates": [
        45,
        239
      ],
      "magnitude": 1.0631874799728394,
      "direction": [
        -0.8999987840652466,
        0.4358921945095062
      ]
    },
    {
      "coordinates": [
        68,
        239
      ],
      "magnitude": 1.057948350906372,
      "direction": [
        -0.8179054856300354,
        0.5753524899482727
      ]
    },
    {
      "coordinates": [
        91,
        239
      ],
      "magnitude": 1.087755560874939,
      "direction": [
        -0.7755392789840698,
        0.6312992572784424
      ]
    },
    {
      "coordinates": [
        113,
        239
      ],
      "magnitude": 0.6853691339492798,
      "direction": [
        -0.5233778357505798,
        0.852100670337677
      ]
    },
    {
      "coordinates": [
        136,
        239
      ],
      "magnitude": 0.7595356702804565,
      "direction": [
        0.013224159367382526,
        0.9999125003814697
      ]
    },
    {
      "coordinates": [
        159,
        239
      ],
      "magnitude": 0.7522730827331543,
      "direction": [
        0.1528908759355545,
        0.9882431030273438
      ]
    },
    {
      "coordinates": [
        182,
        239
      ],
      "magnitude": 0.9032321572303772,
      "direction": [
        0.15101103484630585,
        0.9885321259498596
      ]
    },
    {
      "coordinates": [
        205,
        239
      ],
      "magnitude": 0.8887856602668762,
      "direction": [
        0.5888973474502563,
        0.8082078099250793
      ]
    },
    {
      "coordinates": [
        227,
        239
      ],
      "magnitude": 0.7077770829200745,
      "direction": [
        0.8000702261924744,
        0.5999063849449158
      ]
    },
    {
      "coordinates": [
        250,
        239
      ],
      "magnitude": 0.8947051167488098,
      "direction": [
        0.7871178984642029,
        0.6168025732040405
      ]
    },
    {
      "coordinates": [
        273,
        239
      ],
      "magnitude": 1.2578949928283691,
      "direction": [
        0.8571159243583679,
        0.5151236057281494
      ]
    },
    {
      "coordinates": [
        296,
        239
      ],
      "magnitude": 1.5437337160110474,
      "direction": [
        0.9907042980194092,
        0.13603313267230988
      ]
    },
    {
      "coordinates": [
        319,
        239
      ],
      "magnitude": 1.8021843433380127,
      "direction": [
        0.997842013835907,
        0.06566088646650314
      ]
    }
  ],
  "shear_mesh": [
    {
      "coordinates": [
        0,
        0
      ],
      "magnitude": 0.6524764895439148,
      "direction": [
        -0.4618871510028839,
        -0.8869386315345764
      ]
    },
    {
      "coordinates": [
        22,
        0
      ],
      "magnitude": 0.6283426284790039,
      "direction": [
        -0.43232735991477966,
        -0.9017167687416077
      ]
    },
    {
      "coordinates": [
        45,
        0
      ],
      "magnitude": 0.391750305891037,
      "direction": [
        -0.23647338151931763,
        -0.971638023853302
      ]
    },
    {
      "coordinates": [
        68,
        0
      ],
      "magnitude": 0.3222782015800476,
      "direction": [
        -0.5881317257881165,
        -0.808765172958374
      ]
    },
    {
      "coordinates": [
        91,
        0
      ],
      "magnitude": 0.43315741419792175,
      "direction": [
        -0.05689360201358795,
        -0.9983802437782288
      ]
    },
    {
      "coordinates": [
        113,
        0
      ],
      "magnitude": 0.6013149619102478,
      "direction": [
        0.2339678406715393,
        -0.9722443222999573
      ]
    },
    {
      "coordinates": [
        136,
        0
      ],
      "magnitude": 0.6571168899536133,
      "direction": [
        0.4656316637992859,
        -0.884978711605072
      ]
    },
    {
      "coordinates": [
        159,
        0
      ],
      "magnitude": 0.5511499643325806,
      "direction": [
        0.20867004990577698,
        -0.9779861569404602
      ]
    },
    {
      "coordinates": [
        182,
        0
      ],
      "magnitude": 0.5855726003646851,
      "direction": [
        0.15200068056583405,
        -0.9883804321289062
      ]
    },
    {
      "coordinates": [
        205,
        0
      ],
      "magnitude": 0.40403562784194946,
      "direction": [
        0.6686158776283264,
        -0.7436079978942871
      ]
    },
    {
      "coordinates": [
        227,
        0
      ],
      "magnitude": 0.5502150654792786,
      "direction": [
        0.6141589879989624,
        -0.7891823649406433
      ]
    },
    {
      "coordinates": [
        250,
        0
      ],
      "magnitude": 0.5410366654396057,
      "direction": [
        0.39079612493515015,
        -0.9204773306846619
      ]
    },
    {
      "coordinates": [
        273,
        0
      ],
      "magnitude": 0.7284021377563477,
      "direction": [
        0.3497961163520813,
        -0.9368258118629456
      ]
    },
    {
      "coordinates": [
        296,
        0
      ],
      "magnitude": 0.6058216691017151,
      "direction": [
        0.21562205255031586,
        -0.9764769077301025
      ]
    },
    {
      "coordinates": [
        319,
        0
      ],
      "magnitude": 0.8380409479141235,
      "direction": [
        0.2772652208805084,
        -0.9607934355735779
      ]
    },
    {
      "coordinates": [
        0,
        17
      ],
      "magnitude": 0.6741722822189331,
      "direction": [
        -0.24295194447040558,
        -0.9700383543968201
      ]
    },
    {
      "coordinates": [
        22,
        17
      ],
      "magnitude": 0.5469892621040344,
      "direction": [
        -0.156965970993042,
        -0.9876039624214172
      ]
    },
    {
      "coordinates": [
        45,
        17
      ],
      "magnitude": 0.44399088621139526,
      "direction": [
        -0.12547969818115234,
        -0.9920961856842041
      ]
    },
    {
      "coordinates": [
        68,
        17
      ],
      "magnitude": 0.30503785610198975,
      "direction": [
        -0.05486401543021202,
        -0.9984938502311707
      ]
    },
    {
      "coordinates": [
        91,
        17
      ],
      "magnitude": 0.4093641936779022,
      "direction": [
        -0.27358996868133545,
        -0.9618464112281799
      ]
    },
    {
      "coordinates": [
        113,
        17
      ],
      "magnitude": 0.6471834182739258,
      "direction": [
        -0.16843067109584808,
        -0.9857134819030762
      ]
    },
    {
      "coordinates": [
        136,
        17
      ],
      "magnitude": 0.7082956433296204,
      "direction": [
        -0.031985070556402206,
        -0.999488353729248
      ]
    },
    {
      "coordinates": [
        159,
        17
      ],
      "magnitude": 0.2424507588148117,
      "direction": [
        0.4539754390716553,
        -0.8910141587257385
      ]
    },
    {
      "coordinates": [
        182,
        17
      ],
      "magnitude": 0.6124350428581238,
      "direction": [
        -0.0726628452539444,
        -0.9973565936088562
      ]
    },
    {
      "coordinates": [
        205,
        17
      ],
      "magnitude": 0.4506010413169861,
      "direction": [
        0.518979549407959,
        -0.8547866344451904
      ]
    },
    {
      "coordinates": [
        227,
        17
      ],
      "magnitude": 0.5211759805679321,
      "direction": [
        0.5655018091201782,
        -0.8247470259666443
      ]
    },
    {
      "coordinates": [
        250,
        17
      ],
      "magnitude": 0.46554678678512573,
      "direction": [
        0.3912629783153534,
        -0.9202789068222046
      ]
    },
    {
      "coordinates": [
        273,
        17
      ],
      "magnitude": 0.6736574172973633,
      "direction": [
        0.34388986229896545,
        -0.939009964466095
      ]
    },
    {
      "coordinates": [
        296,
        17
      ],
      "magnitude": 0.7938573360443115,
      "direction": [
        0.4324283301830292,
        -0.90166836977005
      ]
    },
    {
      "coordinates": [
        319,
        17
      ],
      "magnitude": 0.8599472641944885,
      "direction": [
        0.4219437837600708,
        -0.9066219925880432
      ]
    },
    {
      "coordinates": [
        0,
        34
      ],
      "magnitude": 0.7660724520683289,
      "direction": [
        -0.0921100527048111,
        -0.9957488775253296
      ]
    },
    {
      "coordinates": [
        22,
        34
      ],
      "magnitude": 0.5658501982688904,
      "direction": [
        -0.18391700088977814,
        -0.9829418063163757
      ]
    },
    {
      "coordinates": [
        45,
        34
      ],
      "magnitude": 0.523775041103363,
      "direction": [
        -0.31445011496543884,
        -0.949273943901062
      ]
    },
    {
      "coordinates": [
        68,
        34
      ],
      "magnitude": 0.32574301958084106,
      "direction": [
        -0.6799378991127014,
        -0.7332696914672852
      ]
    },
    {
      "coordinates": [
        91,
        34
      ],
      "magnitude": 0.5154336094856262,
      "direction": [
        0.14556144177913666,
        -0.9893492460250854
      ]
    },
    {
      "coordinates": [
        113,
        34
      ],
      "magnitude": 0.6335425972938538,
      "direction": [
        0.028376266360282898,
        -0.9995972514152527
      ]
    },
    {
      "coordinates": [
        136,
        34
      ],
      "magnitude": 0.6453412175178528,
      "direction": [
        -0.14862209558486938,
        -0.988893985748291
      ]
    },
    {
      "coordinates": [
        159,
        34
      ],
      "magnitude": 0.40968015789985657,
      "direction": [
        0.19899514317512512,
        -0.9800004959106445
      ]
    },
    {
      "coordinates": [
        182,
        34
      ],
      "magnitude": 0.7473791837692261,
      "direction": [
        0.26318836212158203,
        -0.9647444486618042
      ]
    },
    {
      "coordinates": [
        205,
        34
      ],
      "magnitude": 0.5111632347106934,
      "direction": [
        0.07523662596940994,
        -0.9971656799316406
      ]
    },
    {
      "coordinates": [
        227,
        34
      ],
      "magnitude": 0.44466066360473633,
      "direction": [
        0.23885945975780487,
        -0.9710541367530823
      ]
    },
    {
      "coordinates": [
        250,
        34
      ],
      "magnitude": 0.5789955258369446,
      "direction": [
        0.35047921538352966,
        -0.9365704655647278
      ]
    },
    {
      "coordinates": [
        273,
        34
      ],
      "magnitude": 0.5436892509460449,
      "direction": [
        0.29414764046669006,
        -0.9557600021362305
      ]
    },
    {
      "coordinates": [
        296,
        34
      ],
      "magnitude": 0.6634537577629089,
      "direction": [
        0.0387890599668026,
        -0.9992474317550659
      ]
    },
    {
      "coordinates": [
        319,
        34
      ],
      "magnitude": 0.7557064294815063,
      "direction": [
        0.1878046989440918,
        -0.982206404209137
      ]
    },
    {
      "coordinates": [
        0,
        51
      ],
      "magnitude": 0.7465522289276123,
      "direction": [
        -0.38195377588272095,
        -0.9241814613342285
      ]
    },
    {
      "coordinates": [
        22,
        51
      ],
      "magnitude": 0.6286769509315491,
      "direction": [
        -0.38460642099380493,
        -0.9230806231498718
      ]
    },
    {
      "coordinates": [
        45,
        51
      ],
      "magnitude": 0.4373539686203003,
      "direction": [
        -0.23507972061634064,
        -0.9719760417938232
      ]
    },
    {
      "coordinates": [
        68,
        51
      ],
      "magnitude": 0.40396320819854736,
      "direction": [
        -0.06431816518306732,
        -0.9979294538497925
      ]
    },
    {
      "coordinates": [
        91,
        51
      ],
      "magnitude": 0.5061467885971069,
      "direction": [
        -0.23399591445922852,
        -0.9722375869750977
      ]
    },
    {
      "coordinates": [
        113,
        51
      ],
      "magnitude": 0.5444937944412231,
      "direction": [
        -0.1977420449256897,
        -0.980254054069519
      ]
    },
    {
      "coordinates": [
        136,
        51
      ],
      "magnitude": 0.6260069012641907,
      "direction": [
        -0.1919478327035904,
        -0.9814050793647766
      ]
    },
    {
      "coordinates": [
        159,
        51
      ],
      "magnitude": 0.5281148552894592,
      "direction": [
        0.20841270685195923,
        -0.9780409336090088
      ]
    },
    {
      "coordinates": [
        182,
        51
      ],
      "magnitude": 0.5007312893867493,
      "direction": [
        0.01892775297164917,
        -0.9998208284378052
      ]
    },
    {
      "coordinates": [
        205,
        51
      ],
      "magnitude": 0.4526600241661072,
      "direction": [
        -0.08356783539056778,
        -0.9965021014213562
      ]
    },
    {
      "coordinates": [
        227,
        51
      ],
      "magnitude": 0.44752585887908936,
      "direction": [
        -0.21727541089057922,
        -0.9761103987693787
      ]
    },
    {
      "coordinates": [
        250,
        51
      ],
      "magnitude": 0.6404836177825928,
      "direction": [
        0.06061088293790817,
        -0.9981614947319031
      ]
    },
    {
      "coordinates": [
        273,
        51
      ],
      "magnitude": 0.445641428232193,
      "direction": [
        0.0543656200170517,
        -0.9985211491584778
      ]
    },
    {
      "coordinates": [
        296,
        51
      ],
      "magnitude": 0.630471408367157,
      "direction": [
        0.08476666361093521,
        -0.9964008927345276
      ]
    },
    {
      "coordinates": [
        319,
        51
      ],
      "magnitude": 0.6888706684112549,
      "direction": [
        -0.08970008045434952,
        -0.9959688186645508
      ]
    },
    {
      "coordinates": [
        0,
        68
      ],
      "magnitude": 0.6177051067352295,
      "direction": [
        -0.07027636468410492,
        -0.997527539730072
      ]
    },
    {
      "coordinates": [
        22,
        68
      ],
      "magnitude": 0.6123366355895996,
      "direction": [
        -0.37607359886169434,
        -0.926589846611023
      ]
    },
    {
      "coordinates": [
        45,
        68
      ],
      "magnitude": 0.5812174677848816,
      "direction": [
        -0.5561489462852478,
        -0.8310826420783997
      ]
    },
    {
      "coordinates": [
        68,
        68
      ],
      "magnitude": 0.4115772247314453,
      "direction": [
        -0.32209283113479614,
        -0.946708083152771
      ]
    },
    {
      "coordinates": [
        91,
        68
      ],
      "magnitude": 0.5107302665710449,
      "direction": [
        -0.2645420432090759,
        -0.9643741846084595
      ]
    },
    {
      "coordinates": [
        113,
        68
      ],
      "magnitude": 0.43452364206314087,
      "direction": [
        -0.34931766986846924,
        -0.9370043277740479
      ]
    },
    {
      "coordinates": [
        136,
        68
      ],
      "magnitude": 0.6060920357704163,
      "direction": [
        -0.1539427638053894,
        -0.9880797863006592
      ]
    },
    {
      "coordinates": [
        159,
        68
      ],
      "magnitude": 0.637061357498169,
      "direction": [
        -0.05468008294701576,
        -0.9985039234161377
      ]
    },
    {
      "coordinates": [
        182,
        68
      ],
      "magnitude": 0.4623972177505493,
      "direction": [
        -0.0426521934568882,
        -0.9990899562835693
      ]
    },
    {
      "coordinates": [
        205,
        68
      ],
      "magnitude": 0.4758526086807251,
      "direction": [
        -0.3733254373073578,
        -0.927700400352478
      ]
    },
    {
      "coordinates": [
        227,
        68
      ],
      "magnitude": 0.5273807644844055,
      "direction": [
        0.13510896265506744,
        -0.990830659866333
      ]
    },
    {
      "coordinates": [
        250,
        68
      ],
      "magnitude": 0.7563488483428955,
      "direction": [
        -0.052604980766773224,
        -0.9986154437065125
      ]
    },
    {
      "coordinates": [
        273,
        68
      ],
      "magnitude": 0.4024237096309662,
      "direction": [
        -0.12050724774599075,
        -0.9927124381065369
      ]
    },
    {
      "coordinates": [
        296,
        68
      ],
      "magnitude": 0.6285024285316467,
      "direction": [
        0.11214595288038254,
        -0.9936918020248413
      ]
    },
    {
      "coordinates": [
        319,
        68
      ],
      "magnitude": 0.6935579180717468,
      "direction": [
        -0.1282893419265747,
        -0.9917368292808533
      ]
    },
    {
      "coordinates": [
        0,
        85
      ],
      "magnitude": 0.5014591813087463,
      "direction": [
        -0.4267662465572357,
        -0.9043620228767395
      ]
    },
    {
      "coordinates": [
        22,
        85
      ],
      "magnitude": 0.4957331418991089,
      "direction": [
        -0.4438037574291229,
        -0.896124005317688
      ]
    },
    {
      "coordinates": [
        45,
        85
      ],
      "magnitude": 0.6788434982299805,
      "direction": [
        -0.3359300494194031,
        -0.9418869018554688
      ]
    },
    {
      "coordinates": [
        68,
        85
      ],
      "magnitude": 0.5235626697540283,
      "direction": [
        -0.14546628296375275,
        -0.9893631935119629
      ]
    },
    {
      "coordinates": [
        91,
        85
      ],
      "magnitude": 0.38175168633461,
      "direction": [
        -0.18030259013175964,
        -0.9836111664772034
      ]
    },
    {
      "coordinates": [
        113,
        85
      ],
      "magnitude": 0.6595591306686401,
      "direction": [
        -0.056823983788490295,
        -0.9983841776847839
      ]
    },
    {
      "coordinates": [
        136,
        85
      ],
      "magnitude": 0.5393860936164856,
      "direction": [
        -0.04502202942967415,
        -0.998986005783081
      ]
    },
    {
      "coordinates": [
        159,
        85
      ],
      "magnitude": 0.7728337049484253,
      "direction": [
        0.14496316015720367,
        -0.9894370436668396
      ]
    },
    {
      "coordinates": [
        182,
        85
      ],
      "magnitude": 0.39105165004730225,
      "direction": [
        0.5536862015724182,
        -0.8327254056930542
      ]
    },
    {
      "coordinates": [
        205,
        85
      ],
      "magnitude": 0.5688034296035767,
      "direction": [
        0.43460580706596375,
        -0.9006207585334778
      ]
    },
    {
      "coordinates": [
        227,
        85
      ],
      "magnitude": 0.5974345207214355,
      "direction": [
        0.1917157769203186,
        -0.9814504981040955
      ]
    },
    {
      "coordinates": [
        250,
        85
      ],
      "magnitude": 0.5879109501838684,
      "direction": [
        0.15821793675422668,
        -0.9874042868614197
      ]
    },
    {
      "coordinates": [
        273,
        85
      ],
      "magnitude": 0.5416543483734131,
      "direction": [
        0.0375293530523777,
        -0.9992955327033997
      ]
    },
    {
      "coordinates": [
        296,
        85
      ],
      "magnitude": 0.655510663986206,
      "direction": [
        0.011039813980460167,
        -0.9999390840530396
      ]
    },
    {
      "coordinates": [
        319,
        85
      ],
      "magnitude": 0.6181684732437134,
      "direction": [
        -0.03211846947669983,
        -0.9994840621948242
      ]
    },
    {
      "coordinates": [
        0,
        102
      ],
      "magnitude": 0.5448934435844421,
      "direction": [
        -0.6084553599357605,
        -0.7935881018638611
      ]
    },
    {
      "coordinates": [
        22,
        102
      ],
      "magnitude": 0.6110813021659851,
      "direction": [
        -0.456955224275589,
        -0.8894897699356079
      ]
    },
    {
      "coordinates": [
        45,
        102
      ],
      "magnitude": 0.5925376415252686,
      "direction": [
        -0.30179306864738464,
        -0.9533734321594238
      ]
    },
    {
      "coordinates": [
        68,
        102
      ],
      "magnitude": 0.6074415445327759,
      "direction": [
        -0.3138943910598755,
        -0.9494578838348389
      ]
    },
    {
      "coordinates": [
        91,
        102
      ],
      "magnitude": 0.43934759497642517,
      "direction": [
        0.024460358545184135,
        -0.9997007846832275
      ]
    },
    {
      "coordinates": [
        113,
        102
      ],
      "magnitude": 0.7306780815124512,
      "direction": [
        0.2016216516494751,
        -0.9794634580612183
      ]
    },
    {
      "coordinates": [
        136,
        102
      ],
      "magnitude": 0.7189820408821106,
      "direction": [
        0.30024197697639465,
        -0.9538630247116089
      ]
    },
    {
      "coordinates": [
        159,
        102
      ],
      "magnitude": 0.9081863760948181,
      "direction": [
        0.33881789445877075,
        -0.9408519864082336
      ]
    },
    {
      "coordinates": [
        182,
        102
      ],
      "magnitude": 0.561724841594696,
      "direction": [
        0.5182648301124573,
        -0.8552201986312866
      ]
    },
    {
      "coordinates": [
        205,
        102
      ],
      "magnitude": 0.5052549242973328,
      "direction": [
        0.5122916102409363,
        -0.8588115572929382
      ]
    },
    {
      "coordinates": [
        227,
        102
      ],
      "magnitude": 0.45946425199508667,
      "direction": [
        0.4902326464653015,
        -0.8715916275978088
      ]
    },
    {
      "coordinates": [
        250,
        102
      ],
      "magnitude": 0.555799663066864,
      "direction": [
        0.2299911230802536,
        -0.9731926918029785
      ]
    },
    {
      "coordinates": [
        273,
        102
      ],
      "magnitude": 0.47603076696395874,
      "direction": [
        0.3035277724266052,
        -0.9528225660324097
      ]
    },
    {
      "coordinates": [
        296,
        102
      ],
      "magnitude": 0.7762714624404907,
      "direction": [
        0.030697453767061234,
        -0.999528706073761
      ]
    },
    {
      "coordinates": [
        319,
        102
      ],
      "magnitude": 0.6156527400016785,
      "direction": [
        0.12373609095811844,
        -0.9923151135444641
      ]
    },
    {
      "coordinates": [
        0,
        119
      ],
      "magnitude": 0.42073673009872437,
      "direction": [
        -0.47145453095436096,
        -0.8818902969360352
      ]
    },
    {
      "coordinates": [
        22,
        119
      ],
      "magnitude": 0.6657660007476807,
      "direction": [
        -0.17149925231933594,
        -0.9851841926574707
      ]
    },
    {
      "coordinates": [
        45,
        119
      ],
      "magnitude": 0.555880069732666,
      "direction": [
        -0.21927212178707123,
        -0.9756637215614319
      ]
    },
    {
      "coordinates": [
        68,
        119
      ],
      "magnitude": 0.7467145919799805,
      "direction": [
        -0.2353350818157196,
        -0.9719142913818359
      ]
    },
    {
      "coordinates": [
        91,
        119
      ],
      "magnitude": 0.5214480757713318,
      "direction": [
        0.05792431905865669,
        -0.9983209371566772
      ]
    },
    {
      "coordinates": [
        113,
        119
      ],
      "magnitude": 0.7513396143913269,
      "direction": [
        0.1346813440322876,
        -0.9908888936042786
      ]
    },
    {
      "coordinates": [
        136,
        119
      ],
      "magnitude": 0.9671664237976074,
      "direction": [
        0.2638505697250366,
        -0.9645635485649109
      ]
    },
    {
      "coordinates": [
        159,
        119
      ],
      "magnitude": 0.7141499519348145,
      "direction": [
        0.24369379878044128,
        -0.9698522090911865
      ]
    },
    {
      "coordinates": [
        182,
        119
      ],
      "magnitude": 0.5290578603744507,
      "direction": [
        0.37189581990242004,
        -0.928274393081665
      ]
    },
    {
      "coordinates": [
        205,
        119
      ],
      "magnitude": 0.5084044337272644,
      "direction": [
        0.3515975773334503,
        -0.9361512660980225
      ]
    },
    {
      "coordinates": [
        227,
        119
      ],
      "magnitude": 0.5170926451683044,
      "direction": [
        0.562130868434906,
        -0.8270483613014221
      ]
    },
    {
      "coordinates": [
        250,
        119
      ],
      "magnitude": 0.452498197555542,
      "direction": [
        0.3610028624534607,
        -0.9325646758079529
      ]
    },
    {
      "coordinates": [
        273,
        119
      ],
      "magnitude": 0.49352529644966125,
      "direction": [
        0.38995322585105896,
        -0.9208346605300903
      ]
    },
    {
      "coordinates": [
        296,
        119
      ],
      "magnitude": 0.6314648389816284,
      "direction": [
        0.19513912498950958,
        -0.9807755351066589
      ]
    },
    {
      "coordinates": [
        319,
        119
      ],
      "magnitude": 0.5812553763389587,
      "direction": [
        0.19394607841968536,
        -0.981012225151062
      ]
    },
    {
      "coordinates": [
        0,
        136
      ],
      "magnitude": 0.39823219180107117,
      "direction": [
        -0.5609152913093567,
        -0.8278732299804688
      ]
    },
    {
      "coordinates": [
        22,
        136
      ],
      "magnitude": 0.7076843976974487,
      "direction": [
        -0.2539484202861786,
        -0.967217743396759
      ]
    },
    {
      "coordinates": [
        45,
        136
      ],
      "magnitude": 0.5560051202774048,
      "direction": [
        -0.08582145720720291,
        -0.9963105320930481
      ]
    },
    {
      "coordinates": [
        68,
        136
      ],
      "magnitude": 0.7315647602081299,
      "direction": [
        -0.06746333092451096,
        -0.997721791267395
      ]
    },
    {
      "coordinates": [
        91,
        136
      ],
      "magnitude": 0.7878360748291016,
      "direction": [
        0.06608686596155167,
        -0.9978139400482178
      ]
    },
    {
      "coordinates": [
        113,
        136
      ],
      "magnitude": 0.756657600402832,
      "direction": [
        0.13713613152503967,
        -0.9905521273612976
      ]
    },
    {
      "coordinates": [
        136,
        136
      ],
      "magnitude": 0.7934049963951111,
      "direction": [
        -0.13930489122867584,
        -0.9902495741844177
      ]
    },
    {
      "coordinates": [
        159,
        136
      ],
      "magnitude": 0.7189360857009888,
      "direction": [
        -0.19513829052448273,
        -0.980775773525238
      ]
    },
    {
      "coordinates": [
        182,
        136
      ],
      "magnitude": 0.6127051115036011,
      "direction": [
        0.3005113899707794,
        -0.9537782073020935
      ]
    },
    {
      "coordinates": [
        205,
        136
      ],
      "magnitude": 0.5371289849281311,
      "direction": [
        0.368819922208786,
        -0.9295008778572083
      ]
    },
    {
      "coordinates": [
        227,
        136
      ],
      "magnitude": 0.5565261840820312,
      "direction": [
        0.4206843972206116,
        -0.9072070717811584
      ]
    },
    {
      "coordinates": [
        250,
        136
      ],
      "magnitude": 0.3548250198364258,
      "direction": [
        0.5040298700332642,
        -0.8636861443519592
      ]
    },
    {
      "coordinates": [
        273,
        136
      ],
      "magnitude": 0.5108038783073425,
      "direction": [
        0.36832866072654724,
        -0.9296956062316895
      ]
    },
    {
      "coordinates": [
        296,
        136
      ],
      "magnitude": 0.6461134552955627,
      "direction": [
        0.34189045429229736,
        -0.9397397637367249
      ]
    },
    {
      "coordinates": [
        319,
        136
      ],
      "magnitude": 0.5401333570480347,
      "direction": [
        0.2691118121147156,
        -0.9631089568138123
      ]
    },
    {
      "coordinates": [
        0,
        153
      ],
      "magnitude": 0.633598268032074,
      "direction": [
        -0.3058583438396454,
        -0.9520770311355591
      ]
    },
    {
      "coordinates": [
        22,
        153
      ],
      "magnitude": 0.780135452747345,
      "direction": [
        -0.06532793492078781,
        -0.9978638291358948
      ]
    },
    {
      "coordinates": [
        45,
        153
      ],
      "magnitude": 0.6272326707839966,
      "direction": [
        -0.08331571519374847,
        -0.9965232014656067
      ]
    },
    {
      "coordinates": [
        68,
        153
      ],
      "magnitude": 0.692715585231781,
      "direction": [
        0.02241649106144905,
        -0.9997487664222717
      ]
    },
    {
      "coordinates": [
        91,
        153
      ],
      "magnitude": 0.855802059173584,
      "direction": [
        -0.006139075383543968,
        -0.9999812245368958
      ]
    },
    {
      "coordinates": [
        113,
        153
      ],
      "magnitude": 0.7200051546096802,
      "direction": [
        0.030397789552807808,
        -0.9995378851890564
      ]
    },
    {
      "coordinates": [
        136,
        153
      ],
      "magnitude": 0.9311750531196594,
      "direction": [
        0.21443499624729156,
        -0.9767382740974426
      ]
    },
    {
      "coordinates": [
        159,
        153
      ],
      "magnitude": 0.5235335826873779,
      "direction": [
        -0.03533923998475075,
        -0.9993752837181091
      ]
    },
    {
      "coordinates": [
        182,
        153
      ],
      "magnitude": 0.6703635454177856,
      "direction": [
        -0.021031485870480537,
        -0.9997788071632385
      ]
    },
    {
      "coordinates": [
        205,
        153
      ],
      "magnitude": 0.47502636909484863,
      "direction": [
        0.10160625725984573,
        -0.9948246479034424
      ]
    },
    {
      "coordinates": [
        227,
        153
      ],
      "magnitude": 0.4802890121936798,
      "direction": [
        0.062314897775650024,
        -0.9980565905570984
      ]
    },
    {
      "coordinates": [
        250,
        153
      ],
      "magnitude": 0.3780522644519806,
      "direction": [
        0.2309667319059372,
        -0.9729616641998291
      ]
    },
    {
      "coordinates": [
        273,
        153
      ],
      "magnitude": 0.5490584969520569,
      "direction": [
        0.24455679953098297,
        -0.9696349501609802
      ]
    },
    {
      "coordinates": [
        296,
        153
      ],
      "magnitude": 0.5398515462875366,
      "direction": [
        0.3806377053260803,
        -0.9247242212295532
      ]
    },
    {
      "coordinates": [
        319,
        153
      ],
      "magnitude": 0.699008584022522,
      "direction": [
        0.4075233042240143,
        -0.9131948947906494
      ]
    },
    {
      "coordinates": [
        0,
        170
      ],
      "magnitude": 0.7452486753463745,
      "direction": [
        -0.2784157693386078,
        -0.9604606628417969
      ]
    },
    {
      "coordinates": [
        22,
        170
      ],
      "magnitude": 0.7990795969963074,
      "direction": [
        -0.21571998298168182,
        -0.9764552116394043
      ]
    },
    {
      "coordinates": [
        45,
        170
      ],
      "magnitude": 0.6290168762207031,
      "direction": [
        -0.20453870296478271,
        -0.978858470916748
      ]
    },
    {
      "coordinates": [
        68,
        170
      ],
      "magnitude": 0.7000862956047058,
      "direction": [
        -0.24405133724212646,
        -0.9697622656822205
      ]
    },
    {
      "coordinates": [
        91,
        170
      ],
      "magnitude": 0.86166912317276,
      "direction": [
        -0.28837722539901733,
        -0.9575169086456299
      ]
    },
    {
      "coordinates": [
        113,
        170
      ],
      "magnitude": 0.792022705078125,
      "direction": [
        -0.019218651577830315,
        -0.9998153448104858
      ]
    },
    {
      "coordinates": [
        136,
        170
      ],
      "magnitude": 0.8167626857757568,
      "direction": [
        -0.08081018179655075,
        -0.9967294931411743
      ]
    },
    {
      "coordinates": [
        159,
        170
      ],
      "magnitude": 0.6344700455665588,
      "direction": [
        0.09897881746292114,
        -0.9950895309448242
      ]
    },
    {
      "coordinates": [
        182,
        170
      ],
      "magnitude": 0.5375807285308838,
      "direction": [
        -0.025532830506563187,
        -0.9996740221977234
      ]
    },
    {
      "coordinates": [
        205,
        170
      ],
      "magnitude": 0.4943738877773285,
      "direction": [
        -0.1888543963432312,
        -0.9820051193237305
      ]
    },
    {
      "coordinates": [
        227,
        170
      ],
      "magnitude": 0.6292554140090942,
      "direction": [
        0.05870957300066948,
        -0.998275101184845
      ]
    },
    {
      "coordinates": [
        250,
        170
      ],
      "magnitude": 0.5016660690307617,
      "direction": [
        0.4266817271709442,
        -0.9044018983840942
      ]
    },
    {
      "coordinates": [
        273,
        170
      ],
      "magnitude": 0.48280155658721924,
      "direction": [
        0.4952995479106903,
        -0.8687222599983215
      ]
    },
    {
      "coordinates": [
        296,
        170
      ],
      "magnitude": 0.6017123460769653,
      "direction": [
        0.07950901240110397,
        -0.9968340992927551
      ]
    },
    {
      "coordinates": [
        319,
        170
      ],
      "magnitude": 0.6390973925590515,
      "direction": [
        0.17147457599639893,
        -0.9851884841918945
      ]
    },
    {
      "coordinates": [
        0,
        187
      ],
      "magnitude": 0.6789782047271729,
      "direction": [
        -0.19399599730968475,
        -0.9810023903846741
      ]
    },
    {
      "coordinates": [
        22,
        187
      ],
      "magnitude": 0.6906532049179077,
      "direction": [
        -0.454105406999588,
        -0.8909479379653931
      ]
    },
    {
      "coordinates": [
        45,
        187
      ],
      "magnitude": 0.789713442325592,
      "direction": [
        -0.4426399767398834,
        -0.8966994285583496
      ]
    },
    {
      "coordinates": [
        68,
        187
      ],
      "magnitude": 0.7625498175621033,
      "direction": [
        -0.398857444524765,
        -0.9170129299163818
      ]
    },
    {
      "coordinates": [
        91,
        187
      ],
      "magnitude": 0.8732401132583618,
      "direction": [
        -0.19957397878170013,
        -0.9798827171325684
      ]
    },
    {
      "coordinates": [
        113,
        187
      ],
      "magnitude": 0.9396610856056213,
      "direction": [
        -0.2107725590467453,
        -0.9775351285934448
      ]
    },
    {
      "coordinates": [
        136,
        187
      ],
      "magnitude": 0.793535590171814,
      "direction": [
        -0.1923850029706955,
        -0.9813194870948792
      ]
    },
    {
      "coordinates": [
        159,
        187
      ],
      "magnitude": 0.6506609320640564,
      "direction": [
        -0.33397427201271057,
        -0.9425821900367737
      ]
    },
    {
      "coordinates": [
        182,
        187
      ],
      "magnitude": 0.5963783264160156,
      "direction": [
        -0.22963891923427582,
        -0.973275899887085
      ]
    },
    {
      "coordinates": [
        205,
        187
      ],
      "magnitude": 0.537592351436615,
      "direction": [
        0.14207425713539124,
        -0.9898560047149658
      ]
    },
    {
      "coordinates": [
        227,
        187
      ],
      "magnitude": 0.6006264090538025,
      "direction": [
        0.13270778954029083,
        -0.9911552667617798
      ]
    },
    {
      "coordinates": [
        250,
        187
      ],
      "magnitude": 0.5793400406837463,
      "direction": [
        0.021816233173012733,
        -0.9997620582580566
      ]
    },
    {
      "coordinates": [
        273,
        187
      ],
      "magnitude": 0.5750345587730408,
      "direction": [
        0.3091787099838257,
        -0.9510039687156677
      ]
    },
    {
      "coordinates": [
        296,
        187
      ],
      "magnitude": 0.5453479290008545,
      "direction": [
        0.4394325613975525,
        -0.89827561378479
      ]
    },
    {
      "coordinates": [
        319,
        187
      ],
      "magnitude": 0.5995039343833923,
      "direction": [
        0.0951705127954483,
        -0.9954610466957092
      ]
    },
    {
      "coordinates": [
        0,
        204
      ],
      "magnitude": 0.5256239175796509,
      "direction": [
        -0.3586897850036621,
        -0.9334568977355957
      ]
    },
    {
      "coordinates": [
        22,
        204
      ],
      "magnitude": 0.682275116443634,
      "direction": [
        -0.38880065083503723,
        -0.9213218688964844
      ]
    },
    {
      "coordinates": [
        45,
        204
      ],
      "magnitude": 0.7836642265319824,
      "direction": [
        -0.0892547070980072,
        -0.9960088133811951
      ]
    },
    {
      "coordinates": [
        68,
        204
      ],
      "magnitude": 0.8533402681350708,
      "direction": [
        -0.012511003762483597,
        -0.9999217987060547
      ]
    },
    {
      "coordinates": [
        91,
        204
      ],
      "magnitude": 0.7377505302429199,
      "direction": [
        -0.21576356887817383,
        -0.9764456152915955
      ]
    },
    {
      "coordinates": [
        113,
        204
      ],
      "magnitude": 0.9369351863861084,
      "direction": [
        -0.2765149176120758,
        -0.9610096216201782
      ]
    },
    {
      "coordinates": [
        136,
        204
      ],
      "magnitude": 0.7999424934387207,
      "direction": [
        -0.3559210002422333,
        -0.9345160126686096
      ]
    },
    {
      "coordinates": [
        159,
        204
      ],
      "magnitude": 0.7110956311225891,
      "direction": [
        -0.29736173152923584,
        -0.9547648429870605
      ]
    },
    {
      "coordinates": [
        182,
        204
      ],
      "magnitude": 0.7655059695243835,
      "direction": [
        -0.067017562687397,
        -0.997751772403717
      ]
    },
    {
      "coordinates": [
        205,
        204
      ],
      "magnitude": 0.6725043654441833,
      "direction": [
        0.018873417750000954,
        -0.9998218417167664
      ]
    },
    {
      "coordinates": [
        227,
        204
      ],
      "magnitude": 0.7041639089584351,
      "direction": [
        0.14711831510066986,
        -0.9891189336776733
      ]
    },
    {
      "coordinates": [
        250,
        204
      ],
      "magnitude": 0.5616379380226135,
      "direction": [
        0.24169813096523285,
        -0.9703515768051147
      ]
    },
    {
      "coordinates": [
        273,
        204
      ],
      "magnitude": 0.5542522668838501,
      "direction": [
        0.06989791244268417,
        -0.9975541234016418
      ]
    },
    {
      "coordinates": [
        296,
        204
      ],
      "magnitude": 0.4795396327972412,
      "direction": [
        0.24895930290222168,
        -0.9685139656066895
      ]
    },
    {
      "coordinates": [
        319,
        204
      ],
      "magnitude": 0.5880566239356995,
      "direction": [
        0.40451911091804504,
        -0.9145295023918152
      ]
    },
    {
      "coordinates": [
        0,
        221
      ],
      "magnitude": 0.5542654991149902,
      "direction": [
        -0.1664014607667923,
        -0.9860581159591675
      ]
    },
    {
      "coordinates": [
        22,
        221
      ],
      "magnitude": 0.7119611501693726,
      "direction": [
        -0.43937569856643677,
        -0.8983033895492554
      ]
    },
    {
      "coordinates": [
        45,
        221
      ],
      "magnitude": 0.8999274969100952,
      "direction": [
        -0.23286163806915283,
        -0.9725098609924316
      ]
    },
    {
      "coordinates": [
        68,
        221
      ],
      "magnitude": 0.8479553461074829,
      "direction": [
        -0.3139624297618866,
        -0.9494353532791138
      ]
    },
    {
      "coordinates": [
        91,
        221
      ],
      "magnitude": 0.7909428477287292,
      "direction": [
        -0.39748305082321167,
        -0.9176095128059387
      ]
    },
    {
      "coordinates": [
        113,
        221
      ],
      "magnitude": 0.9836059808731079,
      "direction": [
        -0.17663592100143433,
        -0.9842762351036072
      ]
    },
    {
      "coordinates": [
        136,
        221
      ],
      "magnitude": 0.7640535831451416,
      "direction": [
        -0.20490097999572754,
        -0.9787827134132385
      ]
    },
    {
      "coordinates": [
        159,
        221
      ],
      "magnitude": 0.7377496361732483,
      "direction": [
        -0.08533676713705063,
        -0.9963521361351013
      ]
    },
    {
      "coordinates": [
        182,
        221
      ],
      "magnitude": 0.6739416718482971,
      "direction": [
        -0.08002212643623352,
        -0.9967930912971497
      ]
    },
    {
      "coordinates": [
        205,
        221
      ],
      "magnitude": 0.6932206749916077,
      "direction": [
        -0.2668840289115906,
        -0.963728666305542
      ]
    },
    {
      "coordinates": [
        227,
        221
      ],
      "magnitude": 0.7864959836006165,
      "direction": [
        -0.0698816180229187,
        -0.9975553154945374
      ]
    },
    {
      "coordinates": [
        250,
        221
      ],
      "magnitude": 0.5881564021110535,
      "direction": [
        0.056972697377204895,
        -0.9983757138252258
      ]
    },
    {
      "coordinates": [
        273,
        221
      ],
      "magnitude": 0.5839830636978149,
      "direction": [
        0.3181176781654358,
        -0.9480512142181396
      ]
    },
    {
      "coordinates": [
        296,
        221
      ],
      "magnitude": 0.678671658039093,
      "direction": [
        0.4710234999656677,
        -0.882120668888092
      ]
    },
    {
      "coordinates": [
        319,
        221
      ],
      "magnitude": 0.9124367833137512,
      "direction": [
        0.5691807866096497,
        -0.8222123980522156
      ]
    },
    {
      "coordinates": [
        0,
        239
      ],
      "magnitude": 0.6805745959281921,
      "direction": [
        0.5471005439758301,
        -0.8370668888092041
      ]
    },
    {
      "coordinates": [
        22,
        239
      ],
      "magnitude": 0.48004499077796936,
      "direction": [
        0.5951296091079712,
        -0.8036296963691711
      ]
    },
    {
      "coordinates": [
        45,
        239
      ],
      "magnitude": 0.8585594296455383,
      "direction": [
        -0.18918712437152863,
        -0.9819411039352417
      ]
    },
    {
      "coordinates": [
        68,
        239
      ],
      "magnitude": 0.76021808385849,
      "direction": [
        -0.28242748975753784,
        -0.9592885971069336
      ]
    },
    {
      "coordinates": [
        91,
        239
      ],
      "magnitude": 0.8488974571228027,
      "direction": [
        -0.39416614174842834,
        -0.9190391898155212
      ]
    },
    {
      "coordinates": [
        113,
        239
      ],
      "magnitude": 1.0785458087921143,
      "direction": [
        -0.19280840456485748,
        -0.9812363386154175
      ]
    },
    {
      "coordinates": [
        136,
        239
      ],
      "magnitude": 0.8295040726661682,
      "direction": [
        -0.03799431771039963,
        -0.9992779493331909
      ]
    },
    {
      "coordinates": [
        159,
        239
      ],
      "magnitude": 0.8004602193832397,
      "direction": [
        0.03387581557035446,
        -0.9994260668754578
      ]
    },
    {
      "coordinates": [
        182,
        239
      ],
      "magnitude": 0.6803304553031921,
      "direction": [
        -0.2906526029109955,
        -0.9568286538124084
      ]
    },
    {
      "coordinates": [
        205,
        239
      ],
      "magnitude": 0.6973118782043457,
      "direction": [
        0.05047836899757385,
        -0.998725175857544
      ]
    },
    {
      "coordinates": [
        227,
        239
      ],
      "magnitude": 0.8688570857048035,
      "direction": [
        0.0847611278295517,
        -0.996401309967041
      ]
    },
    {
      "coordinates": [
        250,
        239
      ],
      "magnitude": 0.6097530722618103,
      "direction": [
        0.2411327362060547,
        -0.9704921841621399
      ]
    },
    {
      "coordinates": [
        273,
        239
      ],
      "magnitude": 0.6734954714775085,
      "direction": [
        0.5052576661109924,
        -0.8629685044288635
      ]
    },
    {
      "coordinates": [
        296,
        239
      ],
      "magnitude": 0.9871017336845398,
      "direction": [
        0.4515460729598999,
        -0.8922478556632996
      ]
    },
    {
      "coordinates": [
        319,
        239
      ],
      "magnitude": 1.0341109037399292,
      "direction": [
        0.6818042993545532,
        -0.7315345406532288
      ]
    }
  ]
}