{
  "recording_timestamp": 1756815751.23491,
  "mean_fz": -1.8517,
  "peak_intensity": 0.672,
  "deformation_mesh": [
    {
      "coordinates": [
        0,
        0
      ],
      "magnitude": 2.16023588180542,
      "direction": [
        -0.6771252751350403,
        -0.7358677983283997
      ]
    },
    {
      "coordinates": [
        22,
        0
      ],
      "magnitude": 2.625154972076416,
      "direction": [
        -0.674370288848877,
        -0.7383933067321777
      ]
    },
    {
      "coordinates": [
        45,
        0
      ],
      "magnitude": 2.7506048679351807,
      "direction": [
        -0.5503700375556946,
        -0.8349208831787109
      ]
    },
    {
      "coordinates": [
        68,
        0
      ],
      "magnitude": 2.760396718978882,
      "direction": [
        -0.5289489030838013,
        -0.8486536741256714
      ]
    },
    {
      "coordinates": [
        91,
        0
      ],
      "magnitude": 2.5796151161193848,
      "direction": [
        -0.3134321868419647,
        -0.9496105909347534
      ]
    },
    {
      "coordinates": [
        113,
        0
      ],
      "magnitude": 2.922140598297119,
      "direction": [
        -0.17069022357463837,
        -0.9853247404098511
      ]
    },
    {
      "coordinates": [
        136,
        0
      ],
      "magnitude": 3.1640877723693848,
      "direction": [
        0.1440180093050003,
        -0.9895750284194946
      ]
    },
    {
      "coordinates": [
        159,
        0
      ],
      "magnitude": 3.1584434509277344,
      "direction": [
        0.3098209500312805,
        -0.9507949352264404
      ]
    },
    {
      "coordinates": [
        182,
        0
      ],
      "magnitude": 2.9691238403320312,
      "direction": [
        0.3827936351299286,
        -0.9238338470458984
      ]
    },
    {
      "coordinates": [
        205,
        0
      ],
      "magnitude": 2.6775567531585693,
      "direction": [
        0.4808625876903534,
        -0.8767960071563721
      ]
    },
    {
      "coordinates": [
        227,
        0
      ],
      "magnitude": 2.5214486122131348,
      "direction": [
        0.5803532600402832,
        -0.8143648505210876
      ]
    },
    {
      "coordinates": [
        250,
        0
      ],
      "magnitude": 2.1213042736053467,
      "direction": [
        0.5758281946182251,
        -0.8175708055496216
      ]
    },
    {
      "coordinates": [
        273,
        0
      ],
      "magnitude": 2.124351739883423,
      "direction": [
        0.548322319984436,
        -0.8362669944763184
      ]
    },
    {
      "coordinates": [
        296,
        0
      ],
      "magnitude": 1.8917999267578125,
      "direction": [
        0.6901204586029053,
        -0.7236945033073425
      ]
    },
    {
      "coordinates": [
        319,
        0
      ],
      "magnitude": 2.350680112838745,
      "direction": [
        0.6927738785743713,
        -0.7211549282073975
      ]
    },
    {
      "coordinates": [
        0,
        17
      ],
      "magnitude": 2.250239610671997,
      "direction": [
        -0.7374773621559143,
        -0.6753719449043274
      ]
    },
    {
      "coordinates": [
        22,
        17
      ],
      "magnitude": 2.558276891708374,
      "direction": [
        -0.7022668719291687,
        -0.7119138240814209
      ]
    },
    {
      "coordinates": [
        45,
        17
      ],
      "magnitude": 2.6678786277770996,
      "direction": [
        -0.4965353012084961,
        -0.8680165410041809
      ]
    },
    {
      "coordinates": [
        68,
        17
      ],
      "magnitude": 2.755648374557495,
      "direction": [
        -0.4589654505252838,
        -0.8884540796279907
      ]
    },
    {
      "coordinates": [
        91,
        17
      ],
      "magnitude": 2.9885077476501465,
      "direction": [
        -0.24723884463310242,
        -0.9689546227455139
      ]
    },
    {
      "coordinates": [
        113,
        17
      ],
      "magnitude": 3.1263928413391113,
      "direction": [
        -0.19474881887435913,
        -0.9808530807495117
      ]
    },
    {
      "coordinates": [
        136,
        17
      ],
      "magnitude": 3.115481376647949,
      "direction": [
        0.09040956944227219,
        -0.9959046840667725
      ]
    },
    {
      "coordinates": [
        159,
        17
      ],
      "magnitude": 3.0470292568206787,
      "direction": [
        0.3223315477371216,
        -0.9466268420219421
      ]
    },
    {
      "coordinates": [
        182,
        17
      ],
      "magnitude": 3.0878684520721436,
      "direction": [
        0.3986741900444031,
        -0.9170926809310913
      ]
    },
    {
      "coordinates": [
        205,
        17
      ],
      "magnitude": 2.932849168777466,
      "direction": [
        0.48786893486976624,
        -0.8729169368743896
      ]
    },
    {
      "coordinates": [
        227,
        17
      ],
      "magnitude": 2.5705926418304443,
      "direction": [
        0.6009829044342041,
        -0.7992618680000305
      ]
    },
    {
      "coordinates": [
        250,
        17
      ],
      "magnitude": 2.184990882873535,
      "direction": [
        0.6218387484550476,
        -0.7831453680992126
      ]
    },
    {
      "coordinates": [
        273,
        17
      ],
      "magnitude": 2.1228911876678467,
      "direction": [
        0.6420493125915527,
        -0.7666633129119873
      ]
    },
    {
      "coordinates": [
        296,
        17
      ],
      "magnitude": 2.29195499420166,
      "direction": [
        0.7502042651176453,
        -0.6612061858177185
      ]
    },
    {
      "coordinates": [
        319,
        17
      ],
      "magnitude": 2.5239055156707764,
      "direction": [
        0.7744160294532776,
        -0.6326766610145569
      ]
    },
    {
      "coordinates": [
        0,
        34
      ],
      "magnitude": 2.530517578125,
      "direction": [
        -0.7321072220802307,
        -0.6811892986297607
      ]
    },
    {
      "coordinates": [
        22,
        34
      ],
      "magnitude": 2.5337374210357666,
      "direction": [
        -0.6852220296859741,
        -0.7283342480659485
      ]
    },
    {
      "coordinates": [
        45,
        34
      ],
      "magnitude": 2.5896811485290527,
      "direction": [
        -0.5822436213493347,
        -0.8130143880844116
      ]
    },
    {
      "coordinates": [
        68,
        34
      ],
      "magnitude": 2.787928342819214,
      "direction": [
        -0.4714800715446472,
        -0.8818767070770264
      ]
    },
    {
      "coordinates": [
        91,
        34
      ],
      "magnitude": 3.1019253730773926,
      "direction": [
        -0.2200104147195816,
        -0.9754974842071533
      ]
    },
    {
      "coordinates": [
        113,
        34
      ],
      "magnitude": 3.4471638202667236,
      "direction": [
        -0.12512710690498352,
        -0.9921407103538513
      ]
    },
    {
      "coordinates": [
        136,
        34
      ],
      "magnitude": 3.502413272857666,
      "direction": [
        0.09075813740491867,
        -0.995872974395752
      ]
    },
    {
      "coordinates": [
        159,
        34
      ],
      "magnitude": 3.317272901535034,
      "direction": [
        0.30686622858047485,
        -0.9517527222633362
      ]
    },
    {
      "coordinates": [
        182,
        34
      ],
      "magnitude": 3.244807481765747,
      "direction": [
        0.4519307613372803,
        -0.8920530080795288
      ]
    },
    {
      "coordinates": [
        205,
        34
      ],
      "magnitude": 3.0156514644622803,
      "direction": [
        0.49522414803504944,
        -0.8687652945518494
      ]
    },
    {
      "coordinates": [
        227,
        34
      ],
      "magnitude": 2.660877227783203,
      "direction": [
        0.6003345251083374,
        -0.7997490167617798
      ]
    },
    {
      "coordinates": [
        250,
        34
      ],
      "magnitude": 2.686988353729248,
      "direction": [
        0.6453841328620911,
        -0.7638581991195679
      ]
    },
    {
      "coordinates": [
        273,
        34
      ],
      "magnitude": 2.214888572692871,
      "direction": [
        0.7018727660179138,
        -0.7123023867607117
      ]
    },
    {
      "coordinates": [
        296,
        34
      ],
      "magnitude": 2.397282600402832,
      "direction": [
        0.7813302278518677,
        -0.6241178512573242
      ]
    },
    {
      "coordinates": [
        319,
        34
      ],
      "magnitude": 2.7374672889709473,
      "direction": [
        0.8151063919067383,
        -0.5793113112449646
      ]
    },
    {
      "coordinates": [
        0,
        51
      ],
      "magnitude": 2.6241209506988525,
      "direction": [
        -0.759625256061554,
        -0.6503610014915466
      ]
    },
    {
      "coordinates": [
        22,
        51
      ],
      "magnitude": 2.480093002319336,
      "direction": [
        -0.7329206466674805,
        -0.6803141832351685
      ]
    },
    {
      "coordinates": [
        45,
        51
      ],
      "magnitude": 2.6223196983337402,
      "direction": [
        -0.6635932326316833,
        -0.7480936646461487
      ]
    },
    {
      "coordinates": [
        68,
        51
      ],
      "magnitude": 2.9022397994995117,
      "direction": [
        -0.5141080617904663,
        -0.8577255010604858
      ]
    },
    {
      "coordinates": [
        91,
        51
      ],
      "magnitude": 3.3397653102874756,
      "direction": [
        -0.4097214639186859,
        -0.9122107028961182
      ]
    },
    {
      "coordinates": [
        113,
        51
      ],
      "magnitude": 3.8537235260009766,
      "direction": [
        -0.15203334391117096,
        -0.9883753657341003
      ]
    },
    {
      "coordinates": [
        136,
        51
      ],
      "magnitude": 3.83071231842041,
      "direction": [
        0.07772140949964523,
        -0.9969751238822937
      ]
    },
    {
      "coordinates": [
        159,
        51
      ],
      "magnitude": 3.8300282955169678,
      "direction": [
        0.3404744565486908,
        -0.940253734588623
      ]
    },
    {
      "coordinates": [
        182,
        51
      ],
      "magnitude": 3.262155532836914,
      "direction": [
        0.44465506076812744,
        -0.8957018852233887
      ]
    },
    {
      "coordinates": [
        205,
        51
      ],
      "magnitude": 2.902341842651367,
      "direction": [
        0.5283746123313904,
        -0.8490114212036133
      ]
    },
    {
      "coordinates": [
        227,
        51
      ],
      "magnitude": 2.6557788848876953,
      "direction": [
        0.6521860957145691,
        -0.7580589056015015
      ]
    },
    {
      "coordinates": [
        250,
        51
      ],
      "magnitude": 2.3542938232421875,
      "direction": [
        0.7095757722854614,
        -0.7046290636062622
      ]
    },
    {
      "coordinates": [
        273,
        51
      ],
      "magnitude": 2.118534803390503,
      "direction": [
        0.8218675255775452,
        -0.5696786046028137
      ]
    },
    {
      "coordinates": [
        296,
        51
      ],
      "magnitude": 2.4321162700653076,
      "direction": [
        0.7935739159584045,
        -0.6084737777709961
      ]
    },
    {
      "coordinates": [
        319,
        51
      ],
      "magnitude": 2.4730074405670166,
      "direction": [
        0.8132928013801575,
        -0.5818547010421753
      ]
    },
    {
      "coordinates": [
        0,
        68
      ],
      "magnitude": 2.3681092262268066,
      "direction": [
        -0.7873354554176331,
        -0.6165249347686768
      ]
    },
    {
      "coordinates": [
        22,
        68
      ],
      "magnitude": 2.5368833541870117,
      "direction": [
        -0.7934616804122925,
        -0.608620285987854
      ]
    },
    {
      "coordinates": [
        45,
        68
      ],
      "magnitude": 2.7083816528320312,
      "direction": [
        -0.7617165446281433,
        -0.6479104161262512
      ]
    },
    {
      "coordinates": [
        68,
        68
      ],
      "magnitude": 2.933060884475708,
      "direction": [
        -0.698989987373352,
        -0.7151314616203308
      ]
    },
    {
      "coordinates": [
        91,
        68
      ],
      "magnitude": 3.6911849975585938,
      "direction": [
        -0.47971034049987793,
        -0.8774269819259644
      ]
    },
    {
      "coordinates": [
        113,
        68
      ],
      "magnitude": 4.684526443481445,
      "direction": [
        -0.3124726712703705,
        -0.9499267339706421
      ]
    },
    {
      "coordinates": [
        136,
        68
      ],
      "magnitude": 4.8977789878845215,
      "direction": [
        0.15606535971164703,
        -0.9877467155456543
      ]
    },
    {
      "coordinates": [
        159,
        68
      ],
      "magnitude": 4.552580833435059,
      "direction": [
        0.4342329800128937,
        -0.9008005857467651
      ]
    },
    {
      "coordinates": [
        182,
        68
      ],
      "magnitude": 3.5079100131988525,
      "direction": [
        0.6361576914787292,
        -0.7715591192245483
      ]
    },
    {
      "coordinates": [
        205,
        68
      ],
      "magnitude": 2.7828831672668457,
      "direction": [
        0.7277812957763672,
        -0.685809314250946
      ]
    },
    {
      "coordinates": [
        227,
        68
      ],
      "magnitude": 2.6599085330963135,
      "direction": [
        0.7877721786499023,
        -0.6159666776657104
      ]
    },
    {
      "coordinates": [
        250,
        68
      ],
      "magnitude": 2.3582558631896973,
      "direction": [
        0.7411011457443237,
        -0.6713934540748596
      ]
    },
    {
      "coordinates": [
        273,
        68
      ],
      "magnitude": 2.0765438079833984,
      "direction": [
        0.8465793132781982,
        -0.5322627425193787
      ]
    },
    {
      "coordinates": [
        296,
        68
      ],
      "magnitude": 2.1944260597229004,
      "direction": [
        0.8548235297203064,
        -0.5189188718795776
      ]
    },
    {
      "coordinates": [
        319,
        68
      ],
      "magnitude": 2.292854070663452,
      "direction": [
        0.8315972685813904,
        -0.5553791522979736
      ]
    },
    {
      "coordinates": [
        0,
        85
      ],
      "magnitude": 2.2987167835235596,
      "direction": [
        -0.8419147729873657,
        -0.5396104454994202
      ]
    },
    {
      "coordinates": [
        22,
        85
      ],
      "magnitude": 2.7122480869293213,
      "direction": [
        -0.8626053929328918,
        -0.5058773756027222
      ]
    },
    {
      "coordinates": [
        45,
        85
      ],
      "magnitude": 2.7834906578063965,
      "direction": [
        -0.8349732160568237,
        -0.550290584564209
      ]
    },
    {
      "coordinates": [
        68,
        85
      ],
      "magnitude": 3.166008234024048,
      "direction": [
        -0.7530764937400818,
        -0.6579329371452332
      ]
    },
    {
      "coordinates": [
        91,
        85
      ],
      "magnitude": 4.1372575759887695,
      "direction": [
        -0.6013714075088501,
        -0.798969566822052
      ]
    },
    {
      "coordinates": [
        113,
        85
      ],
      "magnitude": 6.029428958892822,
      "direction": [
        -0.38053956627845764,
        -0.9247646331787109
      ]
    },
    {
      "coordinates": [
        136,
        85
      ],
      "magnitude": 6.0838847160339355,
      "direction": [
        0.19423113763332367,
        -0.9809557795524597
      ]
    },
    {
      "coordinates": [
        159,
        85
      ],
      "magnitude": 5.296896457672119,
      "direction": [
        0.6252315044403076,
        -0.7804394364356995
      ]
    },
    {
      "coordinates": [
        182,
        85
      ],
      "magnitude": 3.9307608604431152,
      "direction": [
        0.7485690116882324,
        -0.6630568504333496
      ]
    },
    {
      "coordinates": [
        205,
        85
      ],
      "magnitude": 3.2272748947143555,
      "direction": [
        0.8297922015190125,
        -0.5580725073814392
      ]
    },
    {
      "coordinates": [
        227,
        85
      ],
      "magnitude": 2.576176166534424,
      "direction": [
        0.858299195766449,
        -0.513149619102478
      ]
    },
    {
      "coordinates": [
        250,
        85
      ],
      "magnitude": 2.4127156734466553,
      "direction": [
        0.8945262432098389,
        -0.4470154345035553
      ]
    },
    {
      "coordinates": [
        273,
        85
      ],
      "magnitude": 2.1792330741882324,
      "direction": [
        0.9074251055717468,
        -0.42021381855010986
      ]
    },
    {
      "coordinates": [
        296,
        85
      ],
      "magnitude": 1.9905285835266113,
      "direction": [
        0.9016159772872925,
        -0.4325374364852905
      ]
    },
    {
      "coordinates": [
        319,
        85
      ],
      "magnitude": 2.0924885272979736,
      "direction": [
        0.9111542701721191,
        -0.412065327167511
      ]
    },
    {
      "coordinates": [
        0,
        102
      ],
      "magnitude": 2.3487019538879395,
      "direction": [
        -0.9313517808914185,
        -0.3641207218170166
      ]
    },
    {
      "coordinates": [
        22,
        102
      ],
      "magnitude": 2.4986302852630615,
      "direction": [
        -0.8705527782440186,
        -0.492075115442276
      ]
    },
    {
      "coordinates": [
        45,
        102
      ],
      "magnitude": 2.5816991329193115,
      "direction": [
        -0.8899635672569275,
        -0.4560316205024719
      ]
    },
    {
      "coordinates": [
        68,
        102
      ],
      "magnitude": 3.3517234325408936,
      "direction": [
        -0.8753258585929871,
        -0.4835335314273834
      ]
    },
    {
      "coordinates": [
        91,
        102
      ],
      "magnitude": 4.1625590324401855,
      "direction": [
        -0.83342444896698,
        -0.5526332855224609
      ]
    },
    {
      "coordinates": [
        113,
        102
      ],
      "magnitude": 5.806604862213135,
      "direction": [
        -0.6157454252243042,
        -0.7879452109336853
      ]
    },
    {
      "coordinates": [
        136,
        102
      ],
      "magnitude": 6.925130367279053,
      "direction": [
        0.5046476721763611,
        -0.8633253574371338
      ]
    },
    {
      "coordinates": [
        159,
        102
      ],
      "magnitude": 7.066401958465576,
      "direction": [
        0.8236629962921143,
        -0.5670796632766724
      ]
    },
    {
      "coordinates": [
        182,
        102
      ],
      "magnitude": 4.312498569488525,
      "direction": [
        0.9071356058120728,
        -0.42083853483200073
      ]
    },
    {
      "coordinates": [
        205,
        102
      ],
      "magnitude": 3.2779276371002197,
      "direction": [
        0.9469212889671326,
        -0.32146546244621277
      ]
    },
    {
      "coordinates": [
        227,
        102
      ],
      "magnitude": 2.487405300140381,
      "direction": [
        0.9674028158187866,
        -0.25324252247810364
      ]
    },
    {
      "coordinates": [
        250,
        102
      ],
      "magnitude": 2.5060794353485107,
      "direction": [
        0.920283854007721,
        -0.39125147461891174
      ]
    },
    {
      "coordinates": [
        273,
        102
      ],
      "magnitude": 2.2722208499908447,
      "direction": [
        0.9465450644493103,
        -0.3225714862346649
      ]
    },
    {
      "coordinates": [
        296,
        102
      ],
      "magnitude": 2.1058647632598877,
      "direction": [
        0.9505084156990051,
        -0.3106985092163086
      ]
    },
    {
      "coordinates": [
        319,
        102
      ],
      "magnitude": 2.0290706157684326,
      "direction": [
        0.9525295495986938,
        -0.3044460713863373
      ]
    },
    {
      "coordinates": [
        0,
        119
      ],
      "magnitude": 2.338744640350342,
      "direction": [
        -0.9532150030136108,
        -0.302293062210083
      ]
    },
    {
      "coordinates": [
        22,
        119
      ],
      "magnitude": 2.3103950023651123,
      "direction": [
        -0.9346059560775757,
        -0.3556848466396332
      ]
    },
    {
      "coordinates": [
        45,
        119
      ],
      "magnitude": 2.4850971698760986,
      "direction": [
        -0.9659529328346252,
        -0.25871792435646057
      ]
    },
    {
      "coordinates": [
        68,
        119
      ],
      "magnitude": 2.9763917922973633,
      "direction": [
        -0.9557819962501526,
        -0.294076144695282
      ]
    },
    {
      "coordinates": [
        91,
        119
      ],
      "magnitude": 4.107985496520996,
      "direction": [
        -0.991218626499176,
        -0.13223318755626678
      ]
    },
    {
      "coordinates": [
        113,
        119
      ],
      "magnitude": 4.829303741455078,
      "direction": [
        -0.9846890568733215,
        -0.17432016134262085
      ]
    },
    {
      "coordinates": [
        136,
        119
      ],
      "magnitude": 3.4908864498138428,
      "direction": [
        0.9997180104255676,
        -0.023747121915221214
      ]
    },
    {
      "coordinates": [
        159,
        119
      ],
      "magnitude": 6.560599327087402,
      "direction": [
        0.9990835785865784,
        -0.04280296713113785
      ]
    },
    {
      "coordinates": [
        182,
        119
      ],
      "magnitude": 3.8679983615875244,
      "direction": [
        0.9899042248725891,
        -0.14173755049705505
      ]
    },
    {
      "coordinates": [
        205,
        119
      ],
      "magnitude": 3.1576735973358154,
      "direction": [
        0.9813358187675476,
        -0.19230186939239502
      ]
    },
    {
      "coordinates": [
        227,
        119
      ],
      "magnitude": 2.465938091278076,
      "direction": [
        0.9923904538154602,
        -0.12313056737184525
      ]
    },
    {
      "coordinates": [
        250,
        119
      ],
      "magnitude": 2.4257354736328125,
      "direction": [
        0.9837686419487,
        -0.17944127321243286
      ]
    },
    {
      "coordinates": [
        273,
        119
      ],
      "magnitude": 2.3122763633728027,
      "direction": [
        0.9893280267715454,
        -0.14570564031600952
      ]
    },
    {
      "coordinates": [
        296,
        119
      ],
      "magnitude": 2.1464545726776123,
      "direction": [
        0.9597585797309875,
        -0.2808263897895813
      ]
    },
    {
      "coordinates": [
        319,
        119
      ],
      "magnitude": 1.9546585083007812,
      "direction": [
        0.9523593187332153,
        -0.30497825145721436
      ]
    },
    {
      "coordinates": [
        0,
        136
      ],
      "magnitude": 2.2345449924468994,
      "direction": [
        -0.9770292639732361,
        -0.21310551464557648
      ]
    },
    {
      "coordinates": [
        22,
        136
      ],
      "magnitude": 2.181318521499634,
      "direction": [
        -0.9792928695678711,
        -0.20244893431663513
      ]
    },
    {
      "coordinates": [
        45,
        136
      ],
      "magnitude": 2.1546034812927246,
      "direction": [
        -0.996524453163147,
        -0.08330116420984268
      ]
    },
    {
      "coordinates": [
        68,
        136
      ],
      "magnitude": 2.563520908355713,
      "direction": [
        -0.9971418976783752,
        0.07555174082517624
      ]
    },
    {
      "coordinates": [
        91,
        136
      ],
      "magnitude": 3.521975040435791,
      "direction": [
        -0.9524509906768799,
        0.3046916723251343
      ]
    },
    {
      "coordinates": [
        113,
        136
      ],
      "magnitude": 4.383750915527344,
      "direction": [
        -0.7212772965431213,
        0.6926464438438416
      ]
    },
    {
      "coordinates": [
        136,
        136
      ],
      "magnitude": 4.726024150848389,
      "direction": [
        0.41148000955581665,
        0.9114187955856323
      ]
    },
    {
      "coordinates": [
        159,
        136
      ],
      "magnitude": 4.4129486083984375,
      "direction": [
        0.9065278172492981,
        0.42214611172676086
      ]
    },
    {
      "coordinates": [
        182,
        136
      ],
      "magnitude": 3.549912214279175,
      "direction": [
        0.9771554470062256,
        0.21252590417861938
      ]
    },
    {
      "coordinates": [
        205,
        136
      ],
      "magnitude": 2.7692112922668457,
      "direction": [
        0.9997121691703796,
        -0.023992350324988365
      ]
    },
    {
      "coordinates": [
        227,
        136
      ],
      "magnitude": 2.2773308753967285,
      "direction": [
        0.9997190237045288,
        -0.023705415427684784
      ]
    },
    {
      "coordinates": [
        250,
        136
      ],
      "magnitude": 2.3133230209350586,
      "direction": [
        0.9999643564224243,
        -0.008447397500276566
      ]
    },
    {
      "coordinates": [
        273,
        136
      ],
      "magnitude": 2.198969841003418,
      "direction": [
        0.9963712096214294,
        -0.08511511236429214
      ]
    },
    {
      "coordinates": [
        296,
        136
      ],
      "magnitude": 2.1413660049438477,
      "direction": [
        0.9814133048057556,
        -0.19190578162670135
      ]
    },
    {
      "coordinates": [
        319,
        136
      ],
      "magnitude": 2.148085832595825,
      "direction": [
        0.9947295784950256,
        -0.10253295302391052
      ]
    },
    {
      "coordinates": [
        0,
        153
      ],
      "magnitude": 1.811522364616394,
      "direction": [
        -0.9904186129570007,
        -0.13809756934642792
      ]
    },
    {
      "coordinates": [
        22,
        153
      ],
      "magnitude": 1.840362310409546,
      "direction": [
        -0.9983277320861816,
        -0.05780760943889618
      ]
    },
    {
      "coordinates": [
        45,
        153
      ],
      "magnitude": 1.6821227073669434,
      "direction": [
        -0.9922203421592712,
        0.124493807554245
      ]
    },
    {
      "coordinates": [
        68,
        153
      ],
      "magnitude": 2.2274303436279297,
      "direction": [
        -0.9702856540679932,
        0.2419625073671341
      ]
    },
    {
      "coordinates": [
        91,
        153
      ],
      "magnitude": 2.6189160346984863,
      "direction": [
        -0.8399026393890381,
        0.5427371263504028
      ]
    },
    {
      "coordinates": [
        113,
        153
      ],
      "magnitude": 3.0085692405700684,
      "direction": [
        -0.4123767614364624,
        0.9110133647918701
      ]
    },
    {
      "coordinates": [
        136,
        153
      ],
      "magnitude": 3.660273313522339,
      "direction": [
        0.37267744541168213,
        0.9279609322547913
      ]
    },
    {
      "coordinates": [
        159,
        153
      ],
      "magnitude": 3.71566104888916,
      "direction": [
        0.720922589302063,
        0.6930155754089355
      ]
    },
    {
      "coordinates": [
        182,
        153
      ],
      "magnitude": 2.813775062561035,
      "direction": [
        0.9308274388313293,
        0.3654591143131256
      ]
    },
    {
      "coordinates": [
        205,
        153
      ],
      "magnitude": 2.3097708225250244,
      "direction": [
        0.9339649081230164,
        0.35736480355262756
      ]
    },
    {
      "coordinates": [
        227,
        153
      ],
      "magnitude": 2.1287429332733154,
      "direction": [
        0.9982311725616455,
        0.05945225805044174
      ]
    },
    {
      "coordinates": [
        250,
        153
      ],
      "magnitude": 2.2213222980499268,
      "direction": [
        0.9913656711578369,
        0.1311265528202057
      ]
    },
    {
      "coordinates": [
        273,
        153
      ],
      "magnitude": 2.0075950622558594,
      "direction": [
        0.9999173283576965,
        0.01285149622708559
      ]
    },
    {
      "coordinates": [
        296,
        153
      ],
      "magnitude": 2.0330636501312256,
      "direction": [
        0.998221218585968,
        -0.059617821127176285
      ]
    },
    {
      "coordinates": [
        319,
        153
      ],
      "magnitude": 2.2040696144104004,
      "direction": [
        0.9980419874191284,
        -0.06254719942808151
      ]
    },
    {
      "coordinates": [
        0,
        170
      ],
      "magnitude": 1.7635539770126343,
      "direction": [
        -0.9987030625343323,
        -0.05091400817036629
      ]
    },
    {
      "coordinates": [
        22,
        170
      ],
      "magnitude": 1.6556280851364136,
      "direction": [
        -0.9957954287528992,
        0.09160488098859787
      ]
    },
    {
      "coordinates": [
        45,
        170
      ],
      "magnitude": 1.7044174671173096,
      "direction": [
        -0.9639451503753662,
        0.2661011219024658
      ]
    },
    {
      "coordinates": [
        68,
        170
      ],
      "magnitude": 1.9917117357254028,
      "direction": [
        -0.9386637210845947,
        0.3448339104652405
      ]
    },
    {
      "coordinates": [
        91,
        170
      ],
      "magnitude": 2.117945432662964,
      "direction": [
        -0.6471866369247437,
        0.7623316049575806
      ]
    },
    {
      "coordinates": [
        113,
        170
      ],
      "magnitude": 2.0074708461761475,
      "direction": [
        -0.34573882818222046,
        0.938330888748169
      ]
    },
    {
      "coordinates": [
        136,
        170
      ],
      "magnitude": 2.4308788776397705,
      "direction": [
        0.22435978055000305,
        0.9745063781738281
      ]
    },
    {
      "coordinates": [
        159,
        170
      ],
      "magnitude": 2.5761172771453857,
      "direction": [
        0.6881686449050903,
        0.7255507707595825
      ]
    },
    {
      "coordinates": [
        182,
        170
      ],
      "magnitude": 2.186086654663086,
      "direction": [
        0.838560938835144,
        0.5448078513145447
      ]
    },
    {
      "coordinates": [
        205,
        170
      ],
      "magnitude": 1.9163029193878174,
      "direction": [
        0.8557121157646179,
        0.5174521207809448
      ]
    },
    {
      "coordinates": [
        227,
        170
      ],
      "magnitude": 1.9790488481521606,
      "direction": [
        0.9654455780982971,
        0.2606049180030823
      ]
    },
    {
      "coordinates": [
        250,
        170
      ],
      "magnitude": 2.055943727493286,
      "direction": [
        0.9780466556549072,
        0.2083861529827118
      ]
    },
    {
      "coordinates": [
        273,
        170
      ],
      "magnitude": 1.9180693626403809,
      "direction": [
        0.9878413677215576,
        0.15546521544456482
      ]
    },
    {
      "coordinates": [
        296,
        170
      ],
      "magnitude": 1.8623526096343994,
      "direction": [
        0.9990315437316895,
        0.04399925470352173
      ]
    },
    {
      "coordinates": [
        319,
        170
      ],
      "magnitude": 2.085878610610962,
      "direction": [
        0.9959582090377808,
        -0.08981844782829285
      ]
    },
    {
      "coordinates": [
        0,
        187
      ],
      "magnitude": 1.7706856727600098,
      "direction": [
        -0.9912316203117371,
        0.13213595747947693
      ]
    },
    {
      "coordinates": [
        22,
        187
      ],
      "magnitude": 1.5530284643173218,
      "direction": [
        -0.992098331451416,
        0.1254628747701645
      ]
    },
    {
      "coordinates": [
        45,
        187
      ],
      "magnitude": 1.811458945274353,
      "direction": [
        -0.9355124235153198,
        0.3532938063144684
      ]
    },
    {
      "coordinates": [
        68,
        187
      ],
      "magnitude": 1.9049378633499146,
      "direction": [
        -0.8637974858283997,
        0.5038391947746277
      ]
    },
    {
      "coordinates": [
        91,
        187
      ],
      "magnitude": 1.866355061531067,
      "direction": [
        -0.701450765132904,
        0.7127178907394409
      ]
    },
    {
      "coordinates": [
        113,
        187
      ],
      "magnitude": 1.783798098564148,
      "direction": [
        -0.4207712709903717,
        0.9071667790412903
      ]
    },
    {
      "coordinates": [
        136,
        187
      ],
      "magnitude": 1.719185709953308,
      "direction": [
        0.14452163875102997,
        0.9895016551017761
      ]
    },
    {
      "coordinates": [
        159,
        187
      ],
      "magnitude": 2.2822816371917725,
      "direction": [
        0.41521239280700684,
        0.9097245931625366
      ]
    },
    {
      "coordinates": [
        182,
        187
      ],
      "magnitude": 1.92659592628479,
      "direction": [
        0.7234380841255188,
        0.6903893351554871
      ]
    },
    {
      "coordinates": [
        205,
        187
      ],
      "magnitude": 1.82205069065094,
      "direction": [
        0.8026644587516785,
        0.596430778503418
      ]
    },
    {
      "coordinates": [
        227,
        187
      ],
      "magnitude": 1.9553682804107666,
      "direction": [
        0.8691104650497437,
        0.4946180582046509
      ]
    },
    {
      "coordinates": [
        250,
        187
      ],
      "magnitude": 1.6125985383987427,
      "direction": [
        0.9739372134208679,
        0.2268178015947342
      ]
    },
    {
      "coordinates": [
        273,
        187
      ],
      "magnitude": 1.5441969633102417,
      "direction": [
        0.9802947640419006,
        0.19754037261009216
      ]
    },
    {
      "coordinates": [
        296,
        187
      ],
      "magnitude": 1.7169549465179443,
      "direction": [
        0.9868097305297852,
        0.16188476979732513
      ]
    },
    {
      "coordinates": [
        319,
        187
      ],
      "magnitude": 1.8465206623077393,
      "direction": [
        0.9992756247520447,
        0.03805490583181381
      ]
    },
    {
      "coordinates": [
        0,
        204
      ],
      "magnitude": 1.8112760782241821,
      "direction": [
        -0.9790787696838379,
        0.20348162949085236
      ]
    },
    {
      "coordinates": [
        22,
        204
      ],
      "magnitude": 1.80636465549469,
      "direction": [
        -0.9356650114059448,
        0.3528895676136017
      ]
    },
    {
      "coordinates": [
        45,
        204
      ],
      "magnitude": 1.5989848375320435,
      "direction": [
        -0.9359956979751587,
        0.35201141238212585
      ]
    },
    {
      "coordinates": [
        68,
        204
      ],
      "magnitude": 1.4406661987304688,
      "direction": [
        -0.6789745092391968,
        0.7341618537902832
      ]
    },
    {
      "coordinates": [
        91,
        204
      ],
      "magnitude": 1.5340688228607178,
      "direction": [
        -0.6202306747436523,
        0.7844195365905762
      ]
    },
    {
      "coordinates": [
        113,
        204
      ],
      "magnitude": 1.5028820037841797,
      "direction": [
        -0.47022536396980286,
        0.8825463652610779
      ]
    },
    {
      "coordinates": [
        136,
        204
      ],
      "magnitude": 1.5173382759094238,
      "direction": [
        0.01640254817903042,
        0.9998654723167419
      ]
    },
    {
      "coordinates": [
        159,
        204
      ],
      "magnitude": 1.8121147155761719,
      "direction": [
        0.40925437211990356,
        0.9124202728271484
      ]
    },
    {
      "coordinates": [
        182,
        204
      ],
      "magnitude": 1.5707765817642212,
      "direction": [
        0.7225317358970642,
        0.6913377642631531
      ]
    },
    {
      "coordinates": [
        205,
        204
      ],
      "magnitude": 1.645146131515503,
      "direction": [
        0.8019710779190063,
        0.5973628163337708
      ]
    },
    {
      "coordinates": [
        227,
        204
      ],
      "magnitude": 1.583127498626709,
      "direction": [
        0.889307975769043,
        0.457308828830719
      ]
    },
    {
      "coordinates": [
        250,
        204
      ],
      "magnitude": 1.5600470304489136,
      "direction": [
        0.9011595249176025,
        0.4334876239299774
      ]
    },
    {
      "coordinates": [
        273,
        204
      ],
      "magnitude": 1.2811648845672607,
      "direction": [
        0.9644570350646973,
        0.264239639043808
      ]
    },
    {
      "coordinates": [
        296,
        204
      ],
      "magnitude": 1.6130131483078003,
      "direction": [
        0.9690467119216919,
        0.2468775510787964
      ]
    },
    {
      "coordinates": [
        319,
        204
      ],
      "magnitude": 1.8213435411453247,
      "direction": [
        0.989963173866272,
        0.14132551848888397
      ]
    },
    {
      "coordinates": [
        0,
        221
      ],
      "magnitude": 1.3728386163711548,
      "direction": [
        -0.9260715842247009,
        0.3773479163646698
      ]
    },
    {
      "coordinates": [
        22,
        221
      ],
      "magnitude": 1.5852375030517578,
      "direction": [
        -0.8868421912193298,
        0.4620724320411682
      ]
    },
    {
      "coordinates": [
        45,
        221
      ],
      "magnitude": 1.5106353759765625,
      "direction": [
        -0.8503586649894714,
        0.5262035727500916
      ]
    },
    {
      "coordinates": [
        68,
        221
      ],
      "magnitude": 1.7749861478805542,
      "direction": [
        -0.7188077569007874,
        0.6952089071273804
      ]
    },
    {
      "coordinates": [
        91,
        221
      ],
      "magnitude": 1.5143883228302002,
      "direction": [
        -0.5079585909843445,
        0.861381471157074
      ]
    },
    {
      "coordinates": [
        113,
        221
      ],
      "magnitude": 1.3181871175765991,
      "direction": [
        -0.3071492612361908,
        0.9516613483428955
      ]
    },
    {
      "coordinates": [
        136,
        221
      ],
      "magnitude": 1.4896517992019653,
      "direction": [
        0.10229987651109695,
        0.9947535395622253
      ]
    },
    {
      "coordinates": [
        159,
        221
      ],
      "magnitude": 1.6074186563491821,
      "direction": [
        0.39697226881980896,
        0.9178305864334106
      ]
    },
    {
      "coordinates": [
        182,
        221
      ],
      "magnitude": 1.5627812147140503,
      "direction": [
        0.4772428274154663,
        0.8787714242935181
      ]
    },
    {
      "coordinates": [
        205,
        221
      ],
      "magnitude": 1.4731395244598389,
      "direction": [
        0.6700500845909119,
        0.7423158288002014
      ]
    },
    {
      "coordinates": [
        227,
        221
      ],
      "magnitude": 1.3420917987823486,
      "direction": [
        0.8457787036895752,
        0.5335338711738586
      ]
    },
    {
      "coordinates": [
        250,
        221
      ],
      "magnitude": 1.1525131464004517,
      "direction": [
        0.8808991312980652,
        0.47330421209335327
      ]
    },
    {
      "coordinates": [
        273,
        221
      ],
      "magnitude": 1.4473414421081543,
      "direction": [
        0.9837334752082825,
        0.17963413894176483
      ]
    },
    {
      "coordinates": [
        296,
        221
      ],
      "magnitude": 1.589495301246643,
      "direction": [
        0.9772464632987976,
        0.21210700273513794
      ]
    },
    {
      "coordinates": [
        319,
        221
      ],
      "magnitude": 1.7258760929107666,
      "direction": [
        0.9982580542564392,
        0.05899844318628311
      ]
    },
    {
      "coordinates": [
        0,
        239
      ],
      "magnitude": 1.2551815509796143,
      "direction": [
        -0.852982759475708,
        0.5219390988349915
      ]
    },
    {
      "coordinates": [
        22,
        239
      ],
      "magnitude": 1.4205021858215332,
      "direction": [
        -0.6897903680801392,
        0.7240091562271118
      ]
    },
    {
      "coordinates": [
        45,
        239
      ],
      "magnitude": 1.4807075262069702,
      "direction": [
        -0.8454344868659973,
        0.5340791940689087
      ]
    },
    {
      "coordinates": [
        68,
        239
      ],
      "magnitude": 1.7761787176132202,
      "direction": [
        -0.6704954504966736,
        0.7419136166572571
      ]
    },
    {
      "coordinates": [
        91,
        239
      ],
      "magnitude": 1.6995846033096313,
      "direction": [
        -0.5346172451972961,
        0.8450942635536194
      ]
    },
    {
      "coordinates": [
        113,
        239
      ],
      "magnitude": 1.4860219955444336,
      "direction": [
        -0.3034389913082123,
        0.952850878238678
      ]
    },
    {
      "coordinates": [
        136,
        239
      ],
      "magnitude": 1.672463297843933,
      "direction": [
        0.03038274310529232,
        0.9995383620262146
      ]
    },
    {
      "coordinates": [
        159,
        239
      ],
      "magnitude": 1.6704070568084717,
      "direction": [
        0.32852351665496826,
        0.9444958567619324
      ]
    },
    {
      "coordinates": [
        182,
        239
      ],
      "magnitude": 1.615262508392334,
      "direction": [
        0.32129353284835815,
        0.9469797015190125
      ]
    },
    {
      "coordinates": [
        205,
        239
      ],
      "magnitude": 1.4957793951034546,
      "direction": [
        0.5803363919258118,
        0.8143768310546875
      ]
    },
    {
      "coordinates": [
        227,
        239
      ],
      "magnitude": 1.2230831384658813,
      "direction": [
        0.8321292400360107,
        0.5545817017555237
      ]
    },
    {
      "coordinates": [
        250,
        239
      ],
      "magnitude": 1.3106966018676758,
      "direction": [
        0.7647902965545654,
        0.6442792415618896
      ]
    },
    {
      "coordinates": [
        273,
        239
      ],
      "magnitude": 1.510481357574463,
      "direction": [
        0.8858683109283447,
        0.46393683552742004
      ]
    },
    {
      "coordinates": [
        296,
        239
      ],
      "magnitude": 1.5973082780838013,
      "direction": [
        0.9954023361206055,
        0.0957820937037468
      ]
    },
    {
      "coordinates": [
        319,
        239
      ],
      "magnitude": 1.8434333801269531,
      "direction": [
        0.992898166179657,
        0.11896765977144241
      ]
    }
  ],
  "shear_mesh": [
    {
      "coordinates": [
        0,
        0
      ],
      "magnitude": 0.28666815161705017,
      "direction": [
        -0.6794686317443848,
        -0.7337045669555664
      ]
    },
    {
      "coordinates": [
        22,
        0
      ],
      "magnitude": 0.5933409333229065,
      "direction": [
        -0.8487889170646667,
        -0.5287318825721741
      ]
    },
    {
      "coordinates": [
        45,
        0
      ],
      "magnitude": 0.5719078779220581,
      "direction": [
        -0.6585932970046997,
        -0.7524991035461426
      ]
    },
    {
      "coordinates": [
        68,
        0
      ],
      "magnitude": 0.5397065281867981,
      "direction": [
        -0.8243833184242249,
        -0.5660319328308105
      ]
    },
    {
      "coordinates": [
        91,
        0
      ],
      "magnitude": 0.4835131764411926,
      "direction": [
        -0.3132728934288025,
        -0.9496631622314453
      ]
    },
    {
      "coordinates": [
        113,
        0
      ],
      "magnitude": 0.6564962863922119,
      "direction": [
        0.19039969146251678,
        -0.9817066788673401
      ]
    },
    {
      "coordinates": [
        136,
        0
      ],
      "magnitude": 0.8657168745994568,
      "direction": [
        0.31256330013275146,
        -0.9498969316482544
      ]
    },
    {
      "coordinates": [
        159,
        0
      ],
      "magnitude": 0.8577737212181091,
      "direction": [
        0.41831812262535095,
        -0.9083005785942078
      ]
    },
    {
      "coordinates": [
        182,
        0
      ],
      "magnitude": 0.912229597568512,
      "direction": [
        0.3346378207206726,
        -0.9423468112945557
      ]
    },
    {
      "coordinates": [
        205,
        0
      ],
      "magnitude": 0.6394660472869873,
      "direction": [
        0.37490764260292053,
        -0.9270621538162231
      ]
    },
    {
      "coordinates": [
        227,
        0
      ],
      "magnitude": 0.57433021068573,
      "direction": [
        0.4406134784221649,
        -0.8976969122886658
      ]
    },
    {
      "coordinates": [
        250,
        0
      ],
      "magnitude": 0.3406793475151062,
      "direction": [
        0.5066101551055908,
        -0.8621752858161926
      ]
    },
    {
      "coordinates": [
        273,
        0
      ],
      "magnitude": 0.4622960090637207,
      "direction": [
        0.2854357957839966,
        -0.9583978652954102
      ]
    },
    {
      "coordinates": [
        296,
        0
      ],
      "magnitude": 0.2862187325954437,
      "direction": [
        0.3966732621192932,
        -0.9179598689079285
      ]
    },
    {
      "coordinates": [
        319,
        0
      ],
      "magnitude": 0.8189242482185364,
      "direction": [
        0.313477098941803,
        -0.9495958089828491
      ]
    },
    {
      "coordinates": [
        0,
        17
      ],
      "magnitude": 0.3558465540409088,
      "direction": [
        -0.7849597334861755,
        -0.61954665184021
      ]
    },
    {
      "coordinates": [
        22,
        17
      ],
      "magnitude": 0.2509469985961914,
      "direction": [
        -0.6777467131614685,
        -0.7352955341339111
      ]
    },
    {
      "coordinates": [
        45,
        17
      ],
      "magnitude": 0.4376504719257355,
      "direction": [
        -0.14244191348552704,
        -0.98980313539505
      ]
    },
    {
      "coordinates": [
        68,
        17
      ],
      "magnitude": 0.4024389088153839,
      "direction": [
        -0.28513702750205994,
        -0.9584867358207703
      ]
    },
    {
      "coordinates": [
        91,
        17
      ],
      "magnitude": 0.5895974636077881,
      "direction": [
        -0.16541452705860138,
        -0.9862241744995117
      ]
    },
    {
      "coordinates": [
        113,
        17
      ],
      "magnitude": 0.8292121291160583,
      "direction": [
        0.043141789734363556,
        -0.9990689754486084
      ]
    },
    {
      "coordinates": [
        136,
        17
      ],
      "magnitude": 0.9112256169319153,
      "direction": [
        0.15841421484947205,
        -0.9873727560043335
      ]
    },
    {
      "coordinates": [
        159,
        17
      ],
      "magnitude": 0.7501232028007507,
      "direction": [
        0.3338984549045563,
        -0.9426090717315674
      ]
    },
    {
      "coordinates": [
        182,
        17
      ],
      "magnitude": 0.7685676217079163,
      "direction": [
        0.2093079388141632,
        -0.9778497219085693
      ]
    },
    {
      "coordinates": [
        205,
        17
      ],
      "magnitude": 0.7266828417778015,
      "direction": [
        0.3721347749233246,
        -0.9281786680221558
      ]
    },
    {
      "coordinates": [
        227,
        17
      ],
      "magnitude": 0.47042909264564514,
      "direction": [
        0.49885305762290955,
        -0.8666865825653076
      ]
    },
    {
      "coordinates": [
        250,
        17
      ],
      "magnitude": 0.3464725613594055,
      "direction": [
        0.4918765127658844,
        -0.8706649541854858
      ]
    },
    {
      "coordinates": [
        273,
        17
      ],
      "magnitude": 0.4294440448284149,
      "direction": [
        0.6094169020652771,
        -0.7928500175476074
      ]
    },
    {
      "coordinates": [
        296,
        17
      ],
      "magnitude": 0.5129854083061218,
      "direction": [
        0.4965498745441437,
        -0.8680082559585571
      ]
    },
    {
      "coordinates": [
        319,
        17
      ],
      "magnitude": 0.7604956030845642,
      "direction": [
        0.284311443567276,
        -0.9587319493293762
      ]
    },
    {
      "coordinates": [
        0,
        34
      ],
      "magnitude": 0.419825941324234,
      "direction": [
        -0.4784489870071411,
        -0.8781154155731201
      ]
    },
    {
      "coordinates": [
        22,
        34
      ],
      "magnitude": 0.3580237925052643,
      "direction": [
        0.005692033097147942,
        -0.9999837875366211
      ]
    },
    {
      "coordinates": [
        45,
        34
      ],
      "magnitude": 0.4551191031932831,
      "direction": [
        -0.005747197661548853,
        -0.9999834895133972
      ]
    },
    {
      "coordinates": [
        68,
        34
      ],
      "magnitude": 0.4141823351383209,
      "direction": [
        0.05824243649840355,
        -0.9983024597167969
      ]
    },
    {
      "coordinates": [
        91,
        34
      ],
      "magnitude": 0.7020965814590454,
      "direction": [
        0.2717150151729584,
        -0.9623777270317078
      ]
    },
    {
      "coordinates": [
        113,
        34
      ],
      "magnitude": 0.8602715730667114,
      "direction": [
        0.14295260608196259,
        -0.9897295236587524
      ]
    },
    {
      "coordinates": [
        136,
        34
      ],
      "magnitude": 0.8809677958488464,
      "direction": [
        0.151170015335083,
        -0.9885078072547913
      ]
    },
    {
      "coordinates": [
        159,
        34
      ],
      "magnitude": 0.821090817451477,
      "direction": [
        0.1646067202091217,
        -0.9863592386245728
      ]
    },
    {
      "coordinates": [
        182,
        34
      ],
      "magnitude": 0.8562408089637756,
      "direction": [
        0.306430846452713,
        -0.9518928527832031
      ]
    },
    {
      "coordinates": [
        205,
        34
      ],
      "magnitude": 0.7238627672195435,
      "direction": [
        0.21183481812477112,
        -0.9773054122924805
      ]
    },
    {
      "coordinates": [
        227,
        34
      ],
      "magnitude": 0.47986114025115967,
      "direction": [
        0.43845134973526,
        -0.8987549543380737
      ]
    },
    {
      "coordinates": [
        250,
        34
      ],
      "magnitude": 0.5378955006599426,
      "direction": [
        0.5843832492828369,
        -0.811477780342102
      ]
    },
    {
      "coordinates": [
        273,
        34
      ],
      "magnitude": 0.34735316038131714,
      "direction": [
        0.6545658111572266,
        -0.756005048751831
      ]
    },
    {
      "coordinates": [
        296,
        34
      ],
      "magnitude": 0.5495595932006836,
      "direction": [
        0.5676047205924988,
        -0.8233011364936829
      ]
    },
    {
      "coordinates": [
        319,
        34
      ],
      "magnitude": 0.6841967105865479,
      "direction": [
        0.5593045949935913,
        -0.8289622664451599
      ]
    },
    {
      "coordinates": [
        0,
        51
      ],
      "magnitude": 0.5970931053161621,
      "direction": [
        -0.40650391578674316,
        -0.9136490225791931
      ]
    },
    {
      "coordinates": [
        22,
        51
      ],
      "magnitude": 0.46698421239852905,
      "direction": [
        -0.11094360053539276,
        -0.993826687335968
      ]
    },
    {
      "coordinates": [
        45,
        51
      ],
      "magnitude": 0.48013386130332947,
      "direction": [
        0.1861056685447693,
        -0.9825296998023987
      ]
    },
    {
      "coordinates": [
        68,
        51
      ],
      "magnitude": 0.48158615827560425,
      "direction": [
        0.1771305948495865,
        -0.9841873645782471
      ]
    },
    {
      "coordinates": [
        91,
        51
      ],
      "magnitude": 0.6525294184684753,
      "direction": [
        -0.10700254142284393,
        -0.9942587614059448
      ]
    },
    {
      "coordinates": [
        113,
        51
      ],
      "magnitude": 0.8161196708679199,
      "direction": [
        0.07202378660440445,
        -0.9974029064178467
      ]
    },
    {
      "coordinates": [
        136,
        51
      ],
      "magnitude": 0.7604546546936035,
      "direction": [
        -0.008679748512804508,
        -0.9999622702598572
      ]
    },
    {
      "coordinates": [
        159,
        51
      ],
      "magnitude": 0.914750337600708,
      "direction": [
        0.15290462970733643,
        -0.9882409572601318
      ]
    },
    {
      "coordinates": [
        182,
        51
      ],
      "magnitude": 0.6853353381156921,
      "direction": [
        0.15809477865695953,
        -0.9874238967895508
      ]
    },
    {
      "coordinates": [
        205,
        51
      ],
      "magnitude": 0.6346670985221863,
      "direction": [
        0.0380994938313961,
        -0.999273955821991
      ]
    },
    {
      "coordinates": [
        227,
        51
      ],
      "magnitude": 0.4922052323818207,
      "direction": [
        0.10012322664260864,
        -0.9949750304222107
      ]
    },
    {
      "coordinates": [
        250,
        51
      ],
      "magnitude": 0.5188567042350769,
      "direction": [
        0.307786762714386,
        -0.9514554142951965
      ]
    },
    {
      "coordinates": [
        273,
        51
      ],
      "magnitude": 0.35099121928215027,
      "direction": [
        0.6544413566589355,
        -0.756112813949585
      ]
    },
    {
      "coordinates": [
        296,
        51
      ],
      "magnitude": 0.6082994937896729,
      "direction": [
        0.568181037902832,
        -0.8229036331176758
      ]
    },
    {
      "coordinates": [
        319,
        51
      ],
      "magnitude": 0.5061007142066956,
      "direction": [
        0.4643835127353668,
        -0.885634183883667
      ]
    },
    {
      "coordinates": [
        0,
        68
      ],
      "magnitude": 0.6918163299560547,
      "direction": [
        -0.03168448805809021,
        -0.9994978904724121
      ]
    },
    {
      "coordinates": [
        22,
        68
      ],
      "magnitude": 0.5949172973632812,
      "direction": [
        -0.051902882754802704,
        -0.9986521601676941
      ]
    },
    {
      "coordinates": [
        45,
        68
      ],
      "magnitude": 0.45940035581588745,
      "direction": [
        -0.1398136168718338,
        -0.9901778101921082
      ]
    },
    {
      "coordinates": [
        68,
        68
      ],
      "magnitude": 0.3647591769695282,
      "direction": [
        -0.03672347962856293,
        -0.9993254542350769
      ]
    },
    {
      "coordinates": [
        91,
        68
      ],
      "magnitude": 0.6237742900848389,
      "direction": [
        0.028710534796118736,
        -0.9995877742767334
      ]
    },
    {
      "coordinates": [
        113,
        68
      ],
      "magnitude": 0.7481901049613953,
      "direction": [
        -0.11074785888195038,
        -0.9938485026359558
      ]
    },
    {
      "coordinates": [
        136,
        68
      ],
      "magnitude": 0.9063102602958679,
      "direction": [
        0.3178620934486389,
        -0.9481369256973267
      ]
    },
    {
      "coordinates": [
        159,
        68
      ],
      "magnitude": 0.9595645070075989,
      "direction": [
        0.16470065712928772,
        -0.9863436222076416
      ]
    },
    {
      "coordinates": [
        182,
        68
      ],
      "magnitude": 0.7175704836845398,
      "direction": [
        0.42760205268859863,
        -0.9039671421051025
      ]
    },
    {
      "coordinates": [
        205,
        68
      ],
      "magnitude": 0.5969790816307068,
      "direction": [
        0.32241398096084595,
        -0.9465987682342529
      ]
    },
    {
      "coordinates": [
        227,
        68
      ],
      "magnitude": 0.624549388885498,
      "direction": [
        0.44233137369155884,
        -0.8968517780303955
      ]
    },
    {
      "coordinates": [
        250,
        68
      ],
      "magnitude": 0.6156124472618103,
      "direction": [
        0.21638129651546478,
        -0.9763088822364807
      ]
    },
    {
      "coordinates": [
        273,
        68
      ],
      "magnitude": 0.38326454162597656,
      "direction": [
        0.39552706480026245,
        -0.9184542894363403
      ]
    },
    {
      "coordinates": [
        296,
        68
      ],
      "magnitude": 0.5299834609031677,
      "direction": [
        0.49810031056404114,
        -0.8671193718910217
      ]
    },
    {
      "coordinates": [
        319,
        68
      ],
      "magnitude": 0.468124657869339,
      "direction": [
        0.2674645185470581,
        -0.9635677933692932
      ]
    },
    {
      "coordinates": [
        0,
        85
      ],
      "magnitude": 0.605165421962738,
      "direction": [
        -0.10348524153232574,
        -0.9946309328079224
      ]
    },
    {
      "coordinates": [
        22,
        85
      ],
      "magnitude": 0.5802450776100159,
      "direction": [
        -0.1955348253250122,
        -0.9806967377662659
      ]
    },
    {
      "coordinates": [
        45,
        85
      ],
      "magnitude": 0.5046946406364441,
      "direction": [
        -0.00915299542248249,
        -0.9999580979347229
      ]
    },
    {
      "coordinates": [
        68,
        85
      ],
      "magnitude": 0.6179534196853638,
      "direction": [
        0.38574156165122986,
        -0.9226067662239075
      ]
    },
    {
      "coordinates": [
        91,
        85
      ],
      "magnitude": 0.5678233504295349,
      "direction": [
        0.4578670859336853,
        -0.8890206813812256
      ]
    },
    {
      "coordinates": [
        113,
        85
      ],
      "magnitude": 1.031481385231018,
      "direction": [
        0.31396356225013733,
        -0.9494349956512451
      ]
    },
    {
      "coordinates": [
        136,
        85
      ],
      "magnitude": 0.8702681064605713,
      "direction": [
        0.12568886578083038,
        -0.9920697212219238
      ]
    },
    {
      "coordinates": [
        159,
        85
      ],
      "magnitude": 1.0521777868270874,
      "direction": [
        0.2927425503730774,
        -0.9561913013458252
      ]
    },
    {
      "coordinates": [
        182,
        85
      ],
      "magnitude": 0.8655092120170593,
      "direction": [
        0.5231413245201111,
        -0.8522458672523499
      ]
    },
    {
      "coordinates": [
        205,
        85
      ],
      "magnitude": 0.7776256203651428,
      "direction": [
        0.6132514476776123,
        -0.7898877263069153
      ]
    },
    {
      "coordinates": [
        227,
        85
      ],
      "magnitude": 0.5282677412033081,
      "direction": [
        0.5485715866088867,
        -0.8361035585403442
      ]
    },
    {
      "coordinates": [
        250,
        85
      ],
      "magnitude": 0.54813551902771,
      "direction": [
        0.4479852318763733,
        -0.8940408825874329
      ]
    },
    {
      "coordinates": [
        273,
        85
      ],
      "magnitude": 0.4692635238170624,
      "direction": [
        0.6198051571846008,
        -0.7847557067871094
      ]
    },
    {
      "coordinates": [
        296,
        85
      ],
      "magnitude": 0.507931113243103,
      "direction": [
        0.4238952100276947,
        -0.9057112336158752
      ]
    },
    {
      "coordinates": [
        319,
        85
      ],
      "magnitude": 0.5341981649398804,
      "direction": [
        0.4288480579853058,
        -0.9033766388893127
      ]
    },
    {
      "coordinates": [
        0,
        102
      ],
      "magnitude": 0.5827938914299011,
      "direction": [
        -0.11551511287689209,
        -0.9933057427406311
      ]
    },
    {
      "coordinates": [
        22,
        102
      ],
      "magnitude": 0.6934827566146851,
      "direction": [
        0.05161593481898308,
        -0.9986670017242432
      ]
    },
    {
      "coordinates": [
        45,
        102
      ],
      "magnitude": 0.5872463583946228,
      "direction": [
        0.27554240822792053,
        -0.9612889885902405
      ]
    },
    {
      "coordinates": [
        68,
        102
      ],
      "magnitude": 0.7899979948997498,
      "direction": [
        0.29216092824935913,
        -0.956369161605835
      ]
    },
    {
      "coordinates": [
        91,
        102
      ],
      "magnitude": 0.7506341338157654,
      "direction": [
        0.6031652092933655,
        -0.7976162433624268
      ]
    },
    {
      "coordinates": [
        113,
        102
      ],
      "magnitude": 1.1520496606826782,
      "direction": [
        0.4672948718070984,
        -0.8841015100479126
      ]
    },
    {
      "coordinates": [
        136,
        102
      ],
      "magnitude": 1.3005976676940918,
      "direction": [
        0.7001901865005493,
        -0.7139564156532288
      ]
    },
    {
      "coordinates": [
        159,
        102
      ],
      "magnitude": 1.60165274143219,
      "direction": [
        0.6571740508079529,
        -0.7537388205528259
      ]
    },
    {
      "coordinates": [
        182,
        102
      ],
      "magnitude": 0.9808549880981445,
      "direction": [
        0.6683810353279114,
        -0.7438190579414368
      ]
    },
    {
      "coordinates": [
        205,
        102
      ],
      "magnitude": 0.7418915033340454,
      "direction": [
        0.6480762958526611,
        -0.7615754008293152
      ]
    },
    {
      "coordinates": [
        227,
        102
      ],
      "magnitude": 0.49008944630622864,
      "direction": [
        0.9115681052207947,
        -0.411149263381958
      ]
    },
    {
      "coordinates": [
        250,
        102
      ],
      "magnitude": 0.5766879320144653,
      "direction": [
        0.4973510205745697,
        -0.8675493597984314
      ]
    },
    {
      "coordinates": [
        273,
        102
      ],
      "magnitude": 0.4630427956581116,
      "direction": [
        0.6077136397361755,
        -0.7941562533378601
      ]
    },
    {
      "coordinates": [
        296,
        102
      ],
      "magnitude": 0.6283832788467407,
      "direction": [
        0.4711373746395111,
        -0.8820599317550659
      ]
    },
    {
      "coordinates": [
        319,
        102
      ],
      "magnitude": 0.5899756550788879,
      "direction": [
        0.5759522318840027,
        -0.8174834251403809
      ]
    },
    {
      "coordinates": [
        0,
        119
      ],
      "magnitude": 0.5480585694313049,
      "direction": [
        0.1282052993774414,
        -0.9917476773262024
      ]
    },
    {
      "coordinates": [
        22,
        119
      ],
      "magnitude": 0.714754045009613,
      "direction": [
        0.13521604239940643,
        -0.9908161163330078
      ]
    },
    {
      "coordinates": [
        45,
        119
      ],
      "magnitude": 0.589882493019104,
      "direction": [
        0.20837418735027313,
        -0.9780492186546326
      ]
    },
    {
      "coordinates": [
        68,
        119
      ],
      "magnitude": 0.8507532477378845,
      "direction": [
        0.3165041208267212,
        -0.9485911726951599
      ]
    },
    {
      "coordinates": [
        91,
        119
      ],
      "magnitude": 0.8105777502059937,
      "direction": [
        0.48984259366989136,
        -0.8718109130859375
      ]
    },
    {
      "coordinates": [
        113,
        119
      ],
      "magnitude": 1.3191697597503662,
      "direction": [
        0.36933812499046326,
        -0.9292951226234436
      ]
    },
    {
      "coordinates": [
        136,
        119
      ],
      "magnitude": 1.4577568769454956,
      "direction": [
        0.26297569274902344,
        -0.9648024439811707
      ]
    },
    {
      "coordinates": [
        159,
        119
      ],
      "magnitude": 1.0045124292373657,
      "direction": [
        0.660804808139801,
        -0.7505577206611633
      ]
    },
    {
      "coordinates": [
        182,
        119
      ],
      "magnitude": 0.7073413133621216,
      "direction": [
        0.5462432503700256,
        -0.837626576423645
      ]
    },
    {
      "coordinates": [
        205,
        119
      ],
      "magnitude": 0.7793290615081787,
      "direction": [
        0.5451062917709351,
        -0.8383669853210449
      ]
    },
    {
      "coordinates": [
        227,
        119
      ],
      "magnitude": 0.5556384921073914,
      "direction": [
        0.7831615805625916,
        -0.6218181252479553
      ]
    },
    {
      "coordinates": [
        250,
        119
      ],
      "magnitude": 0.612886369228363,
      "direction": [
        0.7607677578926086,
        -0.6490241885185242
      ]
    },
    {
      "coordinates": [
        273,
        119
      ],
      "magnitude": 0.4923240840435028,
      "direction": [
        0.7740210294723511,
        -0.6331599354743958
      ]
    },
    {
      "coordinates": [
        296,
        119
      ],
      "magnitude": 0.624712347984314,
      "direction": [
        0.5924584865570068,
        -0.8056010007858276
      ]
    },
    {
      "coordinates": [
        319,
        119
      ],
      "magnitude": 0.5005824565887451,
      "direction": [
        0.5613543391227722,
        -0.8275755643844604
      ]
    },
    {
      "coordinates": [
        0,
        136
      ],
      "magnitude": 0.6886416077613831,
      "direction": [
        0.018038194626569748,
        -0.9998372793197632
      ]
    },
    {
      "coordinates": [
        22,
        136
      ],
      "magnitude": 0.7614389061927795,
      "direction": [
        0.1089698076248169,
        -0.994045078754425
      ]
    },
    {
      "coordinates": [
        45,
        136
      ],
      "magnitude": 0.8115000128746033,
      "direction": [
        0.2802130877971649,
        -0.9599378108978271
      ]
    },
    {
      "coordinates": [
        68,
        136
      ],
      "magnitude": 0.8162084221839905,
      "direction": [
        0.27643659710884094,
        -0.9610321521759033
      ]
    },
    {
      "coordinates": [
        91,
        136
      ],
      "magnitude": 0.909354567527771,
      "direction": [
        0.4444427192211151,
        -0.8958072662353516
      ]
    },
    {
      "coordinates": [
        113,
        136
      ],
      "magnitude": 1.1786580085754395,
      "direction": [
        0.3627230226993561,
        -0.931896984577179
      ]
    },
    {
      "coordinates": [
        136,
        136
      ],
      "magnitude": 1.121407389640808,
      "direction": [
        0.22101931273937225,
        -0.9752694964408875
      ]
    },
    {
      "coordinates": [
        159,
        136
      ],
      "magnitude": 0.8212210536003113,
      "direction": [
        -0.012815671041607857,
        -0.9999179244041443
      ]
    },
    {
      "coordinates": [
        182,
        136
      ],
      "magnitude": 0.8207240104675293,
      "direction": [
        0.6175288558006287,
        -0.7865482568740845
      ]
    },
    {
      "coordinates": [
        205,
        136
      ],
      "magnitude": 0.6210054159164429,
      "direction": [
        0.33375120162963867,
        -0.9426612257957458
      ]
    },
    {
      "coordinates": [
        227,
        136
      ],
      "magnitude": 0.4817027449607849,
      "direction": [
        0.5753529667854309,
        -0.8179051876068115
      ]
    },
    {
      "coordinates": [
        250,
        136
      ],
      "magnitude": 0.5167660117149353,
      "direction": [
        0.7617762088775635,
        -0.6478402614593506
      ]
    },
    {
      "coordinates": [
        273,
        136
      ],
      "magnitude": 0.6030043363571167,
      "direction": [
        0.7548816800117493,
        -0.655860960483551
      ]
    },
    {
      "coordinates": [
        296,
        136
      ],
      "magnitude": 0.6378385424613953,
      "direction": [
        0.6876651048660278,
        -0.7260279655456543
      ]
    },
    {
      "coordinates": [
        319,
        136
      ],
      "magnitude": 0.596498966217041,
      "direction": [
        0.8540413975715637,
        -0.5202049612998962
      ]
    },
    {
      "coordinates": [
        0,
        153
      ],
      "magnitude": 0.825454592704773,
      "direction": [
        0.3276224732398987,
        -0.9448087215423584
      ]
    },
    {
      "coordinates": [
        22,
        153
      ],
      "magnitude": 0.8916062712669373,
      "direction": [
        0.3237997889518738,
        -0.9461256265640259
      ]
    },
    {
      "coordinates": [
        45,
        153
      ],
      "magnitude": 0.9051773548126221,
      "direction": [
        0.42963743209838867,
        -0.9030014872550964
      ]
    },
    {
      "coordinates": [
        68,
        153
      ],
      "magnitude": 0.8989775776863098,
      "direction": [
        0.4560611844062805,
        -0.8899483680725098
      ]
    },
    {
      "coordinates": [
        91,
        153
      ],
      "magnitude": 0.9958146214485168,
      "direction": [
        0.35516229271888733,
        -0.9348046779632568
      ]
    },
    {
      "coordinates": [
        113,
        153
      ],
      "magnitude": 1.2674894332885742,
      "direction": [
        0.3660011887550354,
        -0.9306144714355469
      ]
    },
    {
      "coordinates": [
        136,
        153
      ],
      "magnitude": 1.1792312860488892,
      "direction": [
        0.43857669830322266,
        -0.8986936807632446
      ]
    },
    {
      "coordinates": [
        159,
        153
      ],
      "magnitude": 0.5754159092903137,
      "direction": [
        0.20417778193950653,
        -0.9789337515830994
      ]
    },
    {
      "coordinates": [
        182,
        153
      ],
      "magnitude": 0.7291170954704285,
      "direction": [
        0.3364521563053131,
        -0.9417005777359009
      ]
    },
    {
      "coordinates": [
        205,
        153
      ],
      "magnitude": 0.41702771186828613,
      "direction": [
        0.6173854470252991,
        -0.7866607904434204
      ]
    },
    {
      "coordinates": [
        227,
        153
      ],
      "magnitude": 0.53260338306427,
      "direction": [
        0.33302462100982666,
        -0.9429181218147278
      ]
    },
    {
      "coordinates": [
        250,
        153
      ],
      "magnitude": 0.46526333689689636,
      "direction": [
        0.6935441493988037,
        -0.7204141616821289
      ]
    },
    {
      "coordinates": [
        273,
        153
      ],
      "magnitude": 0.6252564787864685,
      "direction": [
        0.6464962363243103,
        -0.7629172205924988
      ]
    },
    {
      "coordinates": [
        296,
        153
      ],
      "magnitude": 0.6287103891372681,
      "direction": [
        0.7406051754951477,
        -0.6719405055046082
      ]
    },
    {
      "coordinates": [
        319,
        153
      ],
      "magnitude": 0.6514407992362976,
      "direction": [
        0.7881354093551636,
        -0.6155019402503967
      ]
    },
    {
      "coordinates": [
        0,
        170
      ],
      "magnitude": 0.8890272974967957,
      "direction": [
        0.08489938825368881,
        -0.9963895678520203
      ]
    },
    {
      "coordinates": [
        22,
        170
      ],
      "magnitude": 0.8947486281394958,
      "direction": [
        0.284107506275177,
        -0.9587924480438232
      ]
    },
    {
      "coordinates": [
        45,
        170
      ],
      "magnitude": 0.8160136938095093,
      "direction": [
        0.4012868404388428,
        -0.9159524440765381
      ]
    },
    {
      "coordinates": [
        68,
        170
      ],
      "magnitude": 0.917325496673584,
      "direction": [
        0.2995874583721161,
        -0.9540688395500183
      ]
    },
    {
      "coordinates": [
        91,
        170
      ],
      "magnitude": 0.8918622136116028,
      "direction": [
        0.26556143164634705,
        -0.9640939235687256
      ]
    },
    {
      "coordinates": [
        113,
        170
      ],
      "magnitude": 1.1840107440948486,
      "direction": [
        0.22524479031562805,
        -0.9743021726608276
      ]
    },
    {
      "coordinates": [
        136,
        170
      ],
      "magnitude": 1.0499027967453003,
      "direction": [
        0.11017580330371857,
        -0.9939121603965759
      ]
    },
    {
      "coordinates": [
        159,
        170
      ],
      "magnitude": 0.6688652038574219,
      "direction": [
        0.27598124742507935,
        -0.9611629843711853
      ]
    },
    {
      "coordinates": [
        182,
        170
      ],
      "magnitude": 0.6408260464668274,
      "direction": [
        -0.1316392868757248,
        -0.9912976622581482
      ]
    },
    {
      "coordinates": [
        205,
        170
      ],
      "magnitude": 0.42168092727661133,
      "direction": [
        -0.011460820212960243,
        -0.9999343156814575
      ]
    },
    {
      "coordinates": [
        227,
        170
      ],
      "magnitude": 0.6178703308105469,
      "direction": [
        0.16700659692287445,
        -0.9859557151794434
      ]
    },
    {
      "coordinates": [
        250,
        170
      ],
      "magnitude": 0.5694195628166199,
      "direction": [
        0.37668097019195557,
        -0.9263430833816528
      ]
    },
    {
      "coordinates": [
        273,
        170
      ],
      "magnitude": 0.6494334936141968,
      "direction": [
        0.685936689376831,
        -0.7276611328125
      ]
    },
    {
      "coordinates": [
        296,
        170
      ],
      "magnitude": 0.6509467959403992,
      "direction": [
        0.6538291573524475,
        -0.7566422820091248
      ]
    },
    {
      "coordinates": [
        319,
        170
      ],
      "magnitude": 0.7345399856567383,
      "direction": [
        0.6802492141723633,
        -0.7329808473587036
      ]
    },
    {
      "coordinates": [
        0,
        187
      ],
      "magnitude": 0.8749783635139465,
      "direction": [
        0.17156502604484558,
        -0.9851728081703186
      ]
    },
    {
      "coordinates": [
        22,
        187
      ],
      "magnitude": 0.9548648595809937,
      "direction": [
        0.10444480925798416,
        -0.9945306777954102
      ]
    },
    {
      "coordinates": [
        45,
        187
      ],
      "magnitude": 0.7448084950447083,
      "direction": [
        0.04563748091459274,
        -0.9989581108093262
      ]
    },
    {
      "coordinates": [
        68,
        187
      ],
      "magnitude": 0.7775141000747681,
      "direction": [
        0.00767138646915555,
        -0.999970555305481
      ]
    },
    {
      "coordinates": [
        91,
        187
      ],
      "magnitude": 0.9130245447158813,
      "direction": [
        -0.09574031829833984,
        -0.9954063892364502
      ]
    },
    {
      "coordinates": [
        113,
        187
      ],
      "magnitude": 1.0957002639770508,
      "direction": [
        0.009536778554320335,
        -0.9999545216560364
      ]
    },
    {
      "coordinates": [
        136,
        187
      ],
      "magnitude": 1.0239650011062622,
      "direction": [
        -0.1225166767835617,
        -0.9924665093421936
      ]
    },
    {
      "coordinates": [
        159,
        187
      ],
      "magnitude": 0.5247983932495117,
      "direction": [
        -0.35803040862083435,
        -0.9337099194526672
      ]
    },
    {
      "coordinates": [
        182,
        187
      ],
      "magnitude": 0.699060320854187,
      "direction": [
        -0.18783390522003174,
        -0.9822008013725281
      ]
    },
    {
      "coordinates": [
        205,
        187
      ],
      "magnitude": 0.5317927598953247,
      "direction": [
        0.04111471399664879,
        -0.9991544485092163
      ]
    },
    {
      "coordinates": [
        227,
        187
      ],
      "magnitude": 0.530363917350769,
      "direction": [
        0.20745757222175598,
        -0.9782440662384033
      ]
    },
    {
      "coordinates": [
        250,
        187
      ],
      "magnitude": 0.6802842020988464,
      "direction": [
        0.006670075468719006,
        -0.9999777674674988
      ]
    },
    {
      "coordinates": [
        273,
        187
      ],
      "magnitude": 0.5694804191589355,
      "direction": [
        0.22372004389762878,
        -0.9746534824371338
      ]
    },
    {
      "coordinates": [
        296,
        187
      ],
      "magnitude": 0.6377720236778259,
      "direction": [
        0.4848753809928894,
        -0.8745831847190857
      ]
    },
    {
      "coordinates": [
        319,
        187
      ],
      "magnitude": 0.8148006200790405,
      "direction": [
        0.5112002491950989,
        -0.8594616651535034
      ]
    },
    {
      "coordinates": [
        0,
        204
      ],
      "magnitude": 0.8643006682395935,
      "direction": [
        0.07529854774475098,
        -0.9971610307693481
      ]
    },
    {
      "coordinates": [
        22,
        204
      ],
      "magnitude": 0.7730523943901062,
      "direction": [
        -0.044573985040187836,
        -0.9990060925483704
      ]
    },
    {
      "coordinates": [
        45,
        204
      ],
      "magnitude": 0.9597751498222351,
      "direction": [
        0.03732343390583992,
        -0.9993032813072205
      ]
    },
    {
      "coordinates": [
        68,
        204
      ],
      "magnitude": 0.7936878800392151,
      "direction": [
        0.284704327583313,
        -0.9586154222488403
      ]
    },
    {
      "coordinates": [
        91,
        204
      ],
      "magnitude": 0.8147001266479492,
      "direction": [
        0.028822803869843483,
        -0.9995846152305603
      ]
    },
    {
      "coordinates": [
        113,
        204
      ],
      "magnitude": 1.0770963430404663,
      "direction": [
        -0.11623033881187439,
        -0.9932222962379456
      ]
    },
    {
      "coordinates": [
        136,
        204
      ],
      "magnitude": 0.9430844783782959,
      "direction": [
        -0.28170549869537354,
        -0.9595009088516235
      ]
    },
    {
      "coordinates": [
        159,
        204
      ],
      "magnitude": 0.6456349492073059,
      "direction": [
        -0.24418070912361145,
        -0.9697297811508179
      ]
    },
    {
      "coordinates": [
        182,
        204
      ],
      "magnitude": 0.7655328512191772,
      "direction": [
        -0.06657078862190247,
        -0.9977816939353943
      ]
    },
    {
      "coordinates": [
        205,
        204
      ],
      "magnitude": 0.6155825257301331,
      "direction": [
        -0.05933026596903801,
        -0.9982384443283081
      ]
    },
    {
      "coordinates": [
        227,
        204
      ],
      "magnitude": 0.6552658677101135,
      "direction": [
        0.057819392532110214,
        -0.9983270168304443
      ]
    },
    {
      "coordinates": [
        250,
        204
      ],
      "magnitude": 0.605894148349762,
      "direction": [
        0.2732096016407013,
        -0.9619544744491577
      ]
    },
    {
      "coordinates": [
        273,
        204
      ],
      "magnitude": 0.734259307384491,
      "direction": [
        -0.06348760426044464,
        -0.9979826211929321
      ]
    },
    {
      "coordinates": [
        296,
        204
      ],
      "magnitude": 0.5802481174468994,
      "direction": [
        0.3555958569049835,
        -0.9346398115158081
      ]
    },
    {
      "coordinates": [
        319,
        204
      ],
      "magnitude": 0.7934237718582153,
      "direction": [
        0.4163669943809509,
        -0.909196674823761
      ]
    },
    {
      "coordinates": [
        0,
        221
      ],
      "magnitude": 0.7482461929321289,
      "direction": [
        0.38644543290138245,
        -0.9223122596740723
      ]
    },
    {
      "coordinates": [
        22,
        221
      ],
      "magnitude": 0.773304283618927,
      "direction": [
        0.0855008214712143,
        -0.9963381290435791
      ]
    },
    {
      "coordinates": [
        45,
        221
      ],
      "magnitude": 1.001604437828064,
      "direction": [
        0.02460026927292347,
        -0.9996973276138306
      ]
    },
    {
      "coordinates": [
        68,
        221
      ],
      "magnitude": 0.7879032492637634,
      "direction": [
        -0.046487610787153244,
        -0.998918890953064
      ]
    },
    {
      "coordinates": [
        91,
        221
      ],
      "magnitude": 0.7393820285797119,
      "direction": [
        0.0040391916409134865,
        -0.9999918341636658
      ]
    },
    {
      "coordinates": [
        113,
        221
      ],
      "magnitude": 1.0290393829345703,
      "direction": [
        -0.06764876842498779,
        -0.9977092742919922
      ]
    },
    {
      "coordinates": [
        136,
        221
      ],
      "magnitude": 0.9057667255401611,
      "direction": [
        -0.13421359658241272,
        -0.9909524321556091
      ]
    },
    {
      "coordinates": [
        159,
        221
      ],
      "magnitude": 0.591210126876831,
      "direction": [
        -0.05169936642050743,
        -0.9986626505851746
      ]
    },
    {
      "coordinates": [
        182,
        221
      ],
      "magnitude": 0.718171238899231,
      "direction": [
        -0.14762090146541595,
        -0.9890440106391907
      ]
    },
    {
      "coordinates": [
        205,
        221
      ],
      "magnitude": 0.647647500038147,
      "direction": [
        -0.3115394413471222,
        -0.9502332210540771
      ]
    },
    {
      "coordinates": [
        227,
        221
      ],
      "magnitude": 0.7373122572898865,
      "direction": [
        -0.16020257771015167,
        -0.9870842099189758
      ]
    },
    {
      "coordinates": [
        250,
        221
      ],
      "magnitude": 0.6449036598205566,
      "direction": [
        -0.203682079911232,
        -0.9790371060371399
      ]
    },
    {
      "coordinates": [
        273,
        221
      ],
      "magnitude": 0.7158111929893494,
      "direction": [
        0.18948867917060852,
        -0.9818829298019409
      ]
    },
    {
      "coordinates": [
        296,
        221
      ],
      "magnitude": 0.7508806586265564,
      "direction": [
        0.2445395588874817,
        -0.969639241695404
      ]
    },
    {
      "coordinates": [
        319,
        221
      ],
      "magnitude": 0.9442377090454102,
      "direction": [
        0.3693445026874542,
        -0.9292925596237183
      ]
    },
    {
      "coordinates": [
        0,
        239
      ],
      "magnitude": 0.8136039972305298,
      "direction": [
        0.46060940623283386,
        -0.8876029253005981
      ]
    },
    {
      "coordinates": [
        22,
        239
      ],
      "magnitude": 0.689249575138092,
      "direction": [
        0.4831576347351074,
        -0.875533401966095
      ]
    },
    {
      "coordinates": [
        45,
        239
      ],
      "magnitude": 0.9834401607513428,
      "direction": [
        -0.062437236309051514,
        -0.9980489015579224
      ]
    },
    {
      "coordinates": [
        68,
        239
      ],
      "magnitude": 0.7179057598114014,
      "direction": [
        -0.19800910353660583,
        -0.9802001714706421
      ]
    },
    {
      "coordinates": [
        91,
        239
      ],
      "magnitude": 0.8564938306808472,
      "direction": [
        -0.2382563203573227,
        -0.9712023138999939
      ]
    },
    {
      "coordinates": [
        113,
        239
      ],
      "magnitude": 1.061046838760376,
      "direction": [
        -0.2103116810321808,
        -0.9776343703269958
      ]
    },
    {
      "coordinates": [
        136,
        239
      ],
      "magnitude": 0.7609243988990784,
      "direction": [
        -0.10338693112134933,
        -0.9946412444114685
      ]
    },
    {
      "coordinates": [
        159,
        239
      ],
      "magnitude": 0.7557846903800964,
      "direction": [
        0.05105030536651611,
        -0.9986961483955383
      ]
    },
    {
      "coordinates": [
        182,
        239
      ],
      "magnitude": 0.6055603623390198,
      "direction": [
        -0.3782414197921753,
        -0.9257069230079651
      ]
    },
    {
      "coordinates": [
        205,
        239
      ],
      "magnitude": 0.6355496644973755,
      "direction": [
        -0.053541433066129684,
        -0.998565673828125
      ]
    },
    {
      "coordinates": [
        227,
        239
      ],
      "magnitude": 0.9155073165893555,
      "direction": [
        -0.038495782762765884,
        -0.9992586970329285
      ]
    },
    {
      "coordinates": [
        250,
        239
      ],
      "magnitude": 0.5802243947982788,
      "direction": [
        0.05378067120909691,
        -0.9985527992248535
      ]
    },
    {
      "coordinates": [
        273,
        239
      ],
      "magnitude": 0.7470903396606445,
      "direction": [
        0.1473274976015091,
        -0.9890877604484558
      ]
    },
    {
      "coordinates": [
        296,
        239
      ],
      "magnitude": 1.0869462490081787,
      "direction": [
        0.27690401673316956,
        -0.9608976244926453
      ]
    },
    {
      "coordinates": [
        319,
        239
      ],
      "magnitude": 1.0134496688842773,
      "direction": [
        0.5492275953292847,
        -0.8356727957725525
      ]
    }
  ]
}