{
  "recording_timestamp": 1756816971.7678158,
  "mean_fz": -0.4707,
  "peak_intensity": 0.211,
  "deformation_mesh": [
    {
      "coordinates": [
        0,
        0
      ],
      "magnitude": 1.0005133152008057,
      "direction": [
        -0.41778430342674255,
        -0.9085462093353271
      ]
    },
    {
      "coordinates": [
        22,
        0
      ],
      "magnitude": 0.6433910131454468,
      "direction": [
        -0.639602780342102,
        -0.7687055468559265
      ]
    },
    {
      "coordinates": [
        45,
        0
      ],
      "magnitude": 0.8397354483604431,
      "direction": [
        0.07746925204992294,
        -0.9969947934150696
      ]
    },
    {
      "coordinates": [
        68,
        0
      ],
      "magnitude": 1.4124258756637573,
      "direction": [
        -0.35452064871788025,
        -0.9350481629371643
      ]
    },
    {
      "coordinates": [
        91,
        0
      ],
      "magnitude": 0.7191382646560669,
      "direction": [
        -0.22760701179504395,
        -0.973753035068512
      ]
    },
    {
      "coordinates": [
        113,
        0
      ],
      "magnitude": 0.9241222143173218,
      "direction": [
        -0.3812611401081085,
        -0.9244673848152161
      ]
    },
    {
      "coordinates": [
        136,
        0
      ],
      "magnitude": 0.8131502866744995,
      "direction": [
        0.18417036533355713,
        -0.9828943610191345
      ]
    },
    {
      "coordinates": [
        159,
        0
      ],
      "magnitude": 1.168607234954834,
      "direction": [
        0.41123446822166443,
        -0.9115296006202698
      ]
    },
    {
      "coordinates": [
        182,
        0
      ],
      "magnitude": 1.032682180404663,
      "direction": [
        0.30653685331344604,
        -0.9518588185310364
      ]
    },
    {
      "coordinates": [
        205,
        0
      ],
      "magnitude": 0.9623506665229797,
      "direction": [
        0.09326217323541641,
        -0.9956415891647339
      ]
    },
    {
      "coordinates": [
        227,
        0
      ],
      "magnitude": 0.8963557481765747,
      "direction": [
        0.20438222587108612,
        -0.9788911938667297
      ]
    },
    {
      "coordinates": [
        250,
        0
      ],
      "magnitude": 1.0539746284484863,
      "direction": [
        0.6793674230575562,
        -0.7337982654571533
      ]
    },
    {
      "coordinates": [
        273,
        0
      ],
      "magnitude": 0.7477474212646484,
      "direction": [
        0.4977415204048157,
        -0.8673253655433655
      ]
    },
    {
      "coordinates": [
        296,
        0
      ],
      "magnitude": 1.1082688570022583,
      "direction": [
        0.4479580819606781,
        -0.8940545916557312
      ]
    },
    {
      "coordinates": [
        319,
        0
      ],
      "magnitude": 1.0763118267059326,
      "direction": [
        0.6664347052574158,
        -0.7455635070800781
      ]
    },
    {
      "coordinates": [
        0,
        17
      ],
      "magnitude": 0.8420580625534058,
      "direction": [
        -0.33399030566215515,
        -0.9425764679908752
      ]
    },
    {
      "coordinates": [
        22,
        17
      ],
      "magnitude": 0.8899720907211304,
      "direction": [
        -0.38872307538986206,
        -0.9213546514511108
      ]
    },
    {
      "coordinates": [
        45,
        17
      ],
      "magnitude": 1.0455206632614136,
      "direction": [
        -0.46239233016967773,
        -0.8866754770278931
      ]
    },
    {
      "coordinates": [
        68,
        17
      ],
      "magnitude": 1.1140345335006714,
      "direction": [
        -0.5466600060462952,
        -0.8373546004295349
      ]
    },
    {
      "coordinates": [
        91,
        17
      ],
      "magnitude": 0.9711347222328186,
      "direction": [
        -0.14631597697734833,
        -0.989237904548645
      ]
    },
    {
      "coordinates": [
        113,
        17
      ],
      "magnitude": 1.1426255702972412,
      "direction": [
        -0.39345666766166687,
        -0.9193431735038757
      ]
    },
    {
      "coordinates": [
        136,
        17
      ],
      "magnitude": 0.9478691816329956,
      "direction": [
        0.19289007782936096,
        -0.9812203645706177
      ]
    },
    {
      "coordinates": [
        159,
        17
      ],
      "magnitude": 1.14010488986969,
      "direction": [
        0.43590888381004333,
        -0.8999908566474915
      ]
    },
    {
      "coordinates": [
        182,
        17
      ],
      "magnitude": 1.2799617052078247,
      "direction": [
        0.3163226544857025,
        -0.9486516714096069
      ]
    },
    {
      "coordinates": [
        205,
        17
      ],
      "magnitude": 0.8782903552055359,
      "direction": [
        0.3208191692829132,
        -0.9471405148506165
      ]
    },
    {
      "coordinates": [
        227,
        17
      ],
      "magnitude": 1.0338811874389648,
      "direction": [
        0.541829526424408,
        -0.8404883742332458
      ]
    },
    {
      "coordinates": [
        250,
        17
      ],
      "magnitude": 0.9882087111473083,
      "direction": [
        0.4706445634365082,
        -0.8823229074478149
      ]
    },
    {
      "coordinates": [
        273,
        17
      ],
      "magnitude": 0.9072152972221375,
      "direction": [
        0.4765312075614929,
        -0.879157543182373
      ]
    },
    {
      "coordinates": [
        296,
        17
      ],
      "magnitude": 0.9226903915405273,
      "direction": [
        0.4232045114040375,
        -0.9060341715812683
      ]
    },
    {
      "coordinates": [
        319,
        17
      ],
      "magnitude": 1.0368907451629639,
      "direction": [
        0.536198616027832,
        -0.8440918922424316
      ]
    },
    {
      "coordinates": [
        0,
        34
      ],
      "magnitude": 0.7088165879249573,
      "direction": [
        -0.4987052083015442,
        -0.8667716979980469
      ]
    },
    {
      "coordinates": [
        22,
        34
      ],
      "magnitude": 1.0271892547607422,
      "direction": [
        -0.6704798936843872,
        -0.7419276833534241
      ]
    },
    {
      "coordinates": [
        45,
        34
      ],
      "magnitude": 0.895114541053772,
      "direction": [
        -0.5612311959266663,
        -0.8276590704917908
      ]
    },
    {
      "coordinates": [
        68,
        34
      ],
      "magnitude": 0.8463317155838013,
      "direction": [
        -0.4668084383010864,
        -0.8843584060668945
      ]
    },
    {
      "coordinates": [
        91,
        34
      ],
      "magnitude": 1.219916582107544,
      "direction": [
        -0.40576785802841187,
        -0.9139761924743652
      ]
    },
    {
      "coordinates": [
        113,
        34
      ],
      "magnitude": 1.3866908550262451,
      "direction": [
        -0.07670124620199203,
        -0.9970541000366211
      ]
    },
    {
      "coordinates": [
        136,
        34
      ],
      "magnitude": 1.121734857559204,
      "direction": [
        0.13320599496364594,
        -0.9910884499549866
      ]
    },
    {
      "coordinates": [
        159,
        34
      ],
      "magnitude": 0.9820007681846619,
      "direction": [
        0.23515695333480835,
        -0.9719574451446533
      ]
    },
    {
      "coordinates": [
        182,
        34
      ],
      "magnitude": 1.0623366832733154,
      "direction": [
        0.4948698580265045,
        -0.8689671158790588
      ]
    },
    {
      "coordinates": [
        205,
        34
      ],
      "magnitude": 0.9079045653343201,
      "direction": [
        0.4744112193584442,
        -0.8803033828735352
      ]
    },
    {
      "coordinates": [
        227,
        34
      ],
      "magnitude": 1.0182334184646606,
      "direction": [
        0.6148213148117065,
        -0.7886663675308228
      ]
    },
    {
      "coordinates": [
        250,
        34
      ],
      "magnitude": 1.0448404550552368,
      "direction": [
        0.6557774543762207,
        -0.7549542188644409
      ]
    },
    {
      "coordinates": [
        273,
        34
      ],
      "magnitude": 1.029826283454895,
      "direction": [
        0.4819575250148773,
        -0.8761945962905884
      ]
    },
    {
      "coordinates": [
        296,
        34
      ],
      "magnitude": 0.8736239671707153,
      "direction": [
        0.4586712419986725,
        -0.8886060118675232
      ]
    },
    {
      "coordinates": [
        319,
        34
      ],
      "magnitude": 0.7755230665206909,
      "direction": [
        0.6106160879135132,
        -0.7919267416000366
      ]
    },
    {
      "coordinates": [
        0,
        51
      ],
      "magnitude": 0.9097974896430969,
      "direction": [
        -0.7673558592796326,
        -0.6412215232849121
      ]
    },
    {
      "coordinates": [
        22,
        51
      ],
      "magnitude": 0.9897828698158264,
      "direction": [
        -0.6044446229934692,
        -0.7966471314430237
      ]
    },
    {
      "coordinates": [
        45,
        51
      ],
      "magnitude": 1.2106759548187256,
      "direction": [
        -0.6585874557495117,
        -0.7525041103363037
      ]
    },
    {
      "coordinates": [
        68,
        51
      ],
      "magnitude": 0.9597406387329102,
      "direction": [
        -0.5516760349273682,
        -0.834058403968811
      ]
    },
    {
      "coordinates": [
        91,
        51
      ],
      "magnitude": 0.931774914264679,
      "direction": [
        -0.40195977687835693,
        -0.9156573414802551
      ]
    },
    {
      "coordinates": [
        113,
        51
      ],
      "magnitude": 1.070967197418213,
      "direction": [
        -0.03589659929275513,
        -0.9993554949760437
      ]
    },
    {
      "coordinates": [
        136,
        51
      ],
      "magnitude": 1.081036925315857,
      "direction": [
        0.4232945740222931,
        -0.9059921503067017
      ]
    },
    {
      "coordinates": [
        159,
        51
      ],
      "magnitude": 1.1631367206573486,
      "direction": [
        0.4489894509315491,
        -0.8935369849205017
      ]
    },
    {
      "coordinates": [
        182,
        51
      ],
      "magnitude": 1.0118236541748047,
      "direction": [
        0.3812449276447296,
        -0.9244740009307861
      ]
    },
    {
      "coordinates": [
        205,
        51
      ],
      "magnitude": 0.8362258672714233,
      "direction": [
        0.49119406938552856,
        -0.8710501790046692
      ]
    },
    {
      "coordinates": [
        227,
        51
      ],
      "magnitude": 0.9260944128036499,
      "direction": [
        0.6214970350265503,
        -0.7834165096282959
      ]
    },
    {
      "coordinates": [
        250,
        51
      ],
      "magnitude": 0.8348451852798462,
      "direction": [
        0.5961739420890808,
        -0.8028553128242493
      ]
    },
    {
      "coordinates": [
        273,
        51
      ],
      "magnitude": 0.7863160371780396,
      "direction": [
        0.4458017349243164,
        -0.8951317667961121
      ]
    },
    {
      "coordinates": [
        296,
        51
      ],
      "magnitude": 1.0152515172958374,
      "direction": [
        0.5795644521713257,
        -0.8149263858795166
      ]
    },
    {
      "coordinates": [
        319,
        51
      ],
      "magnitude": 0.7768411040306091,
      "direction": [
        0.6357578039169312,
        -0.7718885540962219
      ]
    },
    {
      "coordinates": [
        0,
        68
      ],
      "magnitude": 0.790591299533844,
      "direction": [
        -0.916934609413147,
        -0.39903751015663147
      ]
    },
    {
      "coordinates": [
        22,
        68
      ],
      "magnitude": 0.843226432800293,
      "direction": [
        -0.6740042567253113,
        -0.7387275099754333
      ]
    },
    {
      "coordinates": [
        45,
        68
      ],
      "magnitude": 0.9381317496299744,
      "direction": [
        -0.5854725241661072,
        -0.8106922507286072
      ]
    },
    {
      "coordinates": [
        68,
        68
      ],
      "magnitude": 0.8813177943229675,
      "direction": [
        -0.4478471577167511,
        -0.8941101431846619
      ]
    },
    {
      "coordinates": [
        91,
        68
      ],
      "magnitude": 1.1241713762283325,
      "direction": [
        -0.4679938852787018,
        -0.8837316632270813
      ]
    },
    {
      "coordinates": [
        113,
        68
      ],
      "magnitude": 1.065650463104248,
      "direction": [
        -0.13443708419799805,
        -0.9909221529960632
      ]
    },
    {
      "coordinates": [
        136,
        68
      ],
      "magnitude": 1.3485233783721924,
      "direction": [
        0.11212555319070816,
        -0.993694007396698
      ]
    },
    {
      "coordinates": [
        159,
        68
      ],
      "magnitude": 1.2234432697296143,
      "direction": [
        0.40106678009033203,
        -0.9160488247871399
      ]
    },
    {
      "coordinates": [
        182,
        68
      ],
      "magnitude": 0.8951539397239685,
      "direction": [
        0.5648913383483887,
        -0.8251652717590332
      ]
    },
    {
      "coordinates": [
        205,
        68
      ],
      "magnitude": 0.7507519125938416,
      "direction": [
        0.6193170547485352,
        -0.7851410508155823
      ]
    },
    {
      "coordinates": [
        227,
        68
      ],
      "magnitude": 0.9167348742485046,
      "direction": [
        0.7323709726333618,
        -0.6809058785438538
      ]
    },
    {
      "coordinates": [
        250,
        68
      ],
      "magnitude": 0.6398532390594482,
      "direction": [
        0.3283679187297821,
        -0.9445499181747437
      ]
    },
    {
      "coordinates": [
        273,
        68
      ],
      "magnitude": 0.6231841444969177,
      "direction": [
        0.6986663937568665,
        -0.7154476046562195
      ]
    },
    {
      "coordinates": [
        296,
        68
      ],
      "magnitude": 0.7890289425849915,
      "direction": [
        0.585372805595398,
        -0.8107642531394958
      ]
    },
    {
      "coordinates": [
        319,
        68
      ],
      "magnitude": 0.6143178343772888,
      "direction": [
        0.6671746969223022,
        -0.7449012994766235
      ]
    },
    {
      "coordinates": [
        0,
        85
      ],
      "magnitude": 0.9582579135894775,
      "direction": [
        -0.9691187143325806,
        -0.24659468233585358
      ]
    },
    {
      "coordinates": [
        22,
        85
      ],
      "magnitude": 1.1267353296279907,
      "direction": [
        -0.7595927715301514,
        -0.6503989100456238
      ]
    },
    {
      "coordinates": [
        45,
        85
      ],
      "magnitude": 0.9945691823959351,
      "direction": [
        -0.6631155610084534,
        -0.7485169768333435
      ]
    },
    {
      "coordinates": [
        68,
        85
      ],
      "magnitude": 0.8909775018692017,
      "direction": [
        -0.7493174076080322,
        -0.662211000919342
      ]
    },
    {
      "coordinates": [
        91,
        85
      ],
      "magnitude": 1.3783525228500366,
      "direction": [
        -0.5812661051750183,
        -0.8137134909629822
      ]
    },
    {
      "coordinates": [
        113,
        85
      ],
      "magnitude": 1.332454800605774,
      "direction": [
        -0.26474472880363464,
        -0.964318573474884
      ]
    },
    {
      "coordinates": [
        136,
        85
      ],
      "magnitude": 1.2985522747039795,
      "direction": [
        0.33972904086112976,
        -0.9405233263969421
      ]
    },
    {
      "coordinates": [
        159,
        85
      ],
      "magnitude": 1.185109257698059,
      "direction": [
        0.628406286239624,
        -0.7778853178024292
      ]
    },
    {
      "coordinates": [
        182,
        85
      ],
      "magnitude": 1.0340341329574585,
      "direction": [
        0.6040891408920288,
        -0.796916663646698
      ]
    },
    {
      "coordinates": [
        205,
        85
      ],
      "magnitude": 1.0164395570755005,
      "direction": [
        0.6183355450630188,
        -0.7859142422676086
      ]
    },
    {
      "coordinates": [
        227,
        85
      ],
      "magnitude": 0.8215488195419312,
      "direction": [
        0.7303100228309631,
        -0.6831158399581909
      ]
    },
    {
      "coordinates": [
        250,
        85
      ],
      "magnitude": 0.8874104619026184,
      "direction": [
        0.7004863023757935,
        -0.7136658430099487
      ]
    },
    {
      "coordinates": [
        273,
        85
      ],
      "magnitude": 0.6774777173995972,
      "direction": [
        0.8322466015815735,
        -0.5544057488441467
      ]
    },
    {
      "coordinates": [
        296,
        85
      ],
      "magnitude": 0.4184058606624603,
      "direction": [
        0.8610044121742249,
        -0.5085976123809814
      ]
    },
    {
      "coordinates": [
        319,
        85
      ],
      "magnitude": 0.39730802178382874,
      "direction": [
        0.9140310883522034,
        -0.40564417839050293
      ]
    },
    {
      "coordinates": [
        0,
        102
      ],
      "magnitude": 1.0714914798736572,
      "direction": [
        -0.9938870668411255,
        -0.1104012131690979
      ]
    },
    {
      "coordinates": [
        22,
        102
      ],
      "magnitude": 0.6872133612632751,
      "direction": [
        -0.9397339820861816,
        -0.34190666675567627
      ]
    },
    {
      "coordinates": [
        45,
        102
      ],
      "magnitude": 0.7252252697944641,
      "direction": [
        -0.6093771457672119,
        -0.7928804755210876
      ]
    },
    {
      "coordinates": [
        68,
        102
      ],
      "magnitude": 1.1467359066009521,
      "direction": [
        -0.8640562891960144,
        -0.503395140171051
      ]
    },
    {
      "coordinates": [
        91,
        102
      ],
      "magnitude": 1.6047067642211914,
      "direction": [
        -0.8100424408912659,
        -0.5863713026046753
      ]
    },
    {
      "coordinates": [
        113,
        102
      ],
      "magnitude": 1.8224503993988037,
      "direction": [
        -0.3209840953350067,
        -0.9470845460891724
      ]
    },
    {
      "coordinates": [
        136,
        102
      ],
      "magnitude": 1.7312743663787842,
      "direction": [
        0.3611309230327606,
        -0.9325151443481445
      ]
    },
    {
      "coordinates": [
        159,
        102
      ],
      "magnitude": 1.342256784439087,
      "direction": [
        0.782712459564209,
        -0.6223835349082947
      ]
    },
    {
      "coordinates": [
        182,
        102
      ],
      "magnitude": 1.3318248987197876,
      "direction": [
        0.7623575925827026,
        -0.6471559405326843
      ]
    },
    {
      "coordinates": [
        205,
        102
      ],
      "magnitude": 0.9882940053939819,
      "direction": [
        0.7607062458992004,
        -0.6490963101387024
      ]
    },
    {
      "coordinates": [
        227,
        102
      ],
      "magnitude": 0.5784822106361389,
      "direction": [
        0.6979683637619019,
        -0.7161285281181335
      ]
    },
    {
      "coordinates": [
        250,
        102
      ],
      "magnitude": 0.6877511143684387,
      "direction": [
        0.6654903292655945,
        -0.7464064955711365
      ]
    },
    {
      "coordinates": [
        273,
        102
      ],
      "magnitude": 0.5974705219268799,
      "direction": [
        0.5926553010940552,
        -0.8054561614990234
      ]
    },
    {
      "coordinates": [
        296,
        102
      ],
      "magnitude": 0.4095901846885681,
      "direction": [
        0.9302887916564941,
        -0.36682820320129395
      ]
    },
    {
      "coordinates": [
        319,
        102
      ],
      "magnitude": 0.7589570879936218,
      "direction": [
        0.9945946931838989,
        -0.10383403301239014
      ]
    },
    {
      "coordinates": [
        0,
        119
      ],
      "magnitude": 0.680216372013092,
      "direction": [
        -0.9949666857719421,
        -0.10020621120929718
      ]
    },
    {
      "coordinates": [
        22,
        119
      ],
      "magnitude": 0.790679395198822,
      "direction": [
        -0.8380382061004639,
        -0.5456115007400513
      ]
    },
    {
      "coordinates": [
        45,
        119
      ],
      "magnitude": 0.8252354264259338,
      "direction": [
        -0.8390595316886902,
        -0.5440395474433899
      ]
    },
    {
      "coordinates": [
        68,
        119
      ],
      "magnitude": 1.170453429222107,
      "direction": [
        -0.8922507762908936,
        -0.45154014229774475
      ]
    },
    {
      "coordinates": [
        91,
        119
      ],
      "magnitude": 1.6862173080444336,
      "direction": [
        -0.889237642288208,
        -0.45744553208351135
      ]
    },
    {
      "coordinates": [
        113,
        119
      ],
      "magnitude": 2.166195869445801,
      "direction": [
        -0.6029198169708252,
        -0.7978017330169678
      ]
    },
    {
      "coordinates": [
        136,
        119
      ],
      "magnitude": 2.3655283451080322,
      "direction": [
        0.5026901364326477,
        -0.864466667175293
      ]
    },
    {
      "coordinates": [
        159,
        119
      ],
      "magnitude": 2.111521005630493,
      "direction": [
        0.9162757992744446,
        -0.4005480110645294
      ]
    },
    {
      "coordinates": [
        182,
        119
      ],
      "magnitude": 1.3801532983779907,
      "direction": [
        0.8686317801475525,
        -0.49545818567276
      ]
    },
    {
      "coordinates": [
        205,
        119
      ],
      "magnitude": 0.9300785660743713,
      "direction": [
        0.8692275881767273,
        -0.49441224336624146
      ]
    },
    {
      "coordinates": [
        227,
        119
      ],
      "magnitude": 0.5998393297195435,
      "direction": [
        0.9774713516235352,
        -0.21106810867786407
      ]
    },
    {
      "coordinates": [
        250,
        119
      ],
      "magnitude": 0.5967961549758911,
      "direction": [
        0.8675472736358643,
        -0.4973548352718353
      ]
    },
    {
      "coordinates": [
        273,
        119
      ],
      "magnitude": 0.6714600324630737,
      "direction": [
        0.732157289981842,
        -0.6811355948448181
      ]
    },
    {
      "coordinates": [
        296,
        119
      ],
      "magnitude": 0.6039453148841858,
      "direction": [
        0.7754684090614319,
        -0.6313863396644592
      ]
    },
    {
      "coordinates": [
        319,
        119
      ],
      "magnitude": 0.5088258981704712,
      "direction": [
        0.9821481108665466,
        -0.18810923397541046
      ]
    },
    {
      "coordinates": [
        0,
        136
      ],
      "magnitude": 0.7537564039230347,
      "direction": [
        -0.9869858622550964,
        -0.16080699861049652
      ]
    },
    {
      "coordinates": [
        22,
        136
      ],
      "magnitude": 0.6239712238311768,
      "direction": [
        -0.9569798111915588,
        -0.2901546061038971
      ]
    },
    {
      "coordinates": [
        45,
        136
      ],
      "magnitude": 0.5742595195770264,
      "direction": [
        -0.8838101625442505,
        -0.467845618724823
      ]
    },
    {
      "coordinates": [
        68,
        136
      ],
      "magnitude": 1.0959413051605225,
      "direction": [
        -0.925775408744812,
        -0.3780739903450012
      ]
    },
    {
      "coordinates": [
        91,
        136
      ],
      "magnitude": 1.6027662754058838,
      "direction": [
        -0.977166473865509,
        -0.21247507631778717
      ]
    },
    {
      "coordinates": [
        113,
        136
      ],
      "magnitude": 1.8897709846496582,
      "direction": [
        -0.9983679056167603,
        -0.057110097259283066
      ]
    },
    {
      "coordinates": [
        136,
        136
      ],
      "magnitude": 1.1057623624801636,
      "direction": [
        0.9510082602500916,
        0.3091653287410736
      ]
    },
    {
      "coordinates": [
        159,
        136
      ],
      "magnitude": 1.7633607387542725,
      "direction": [
        0.9937817454338074,
        0.11134559661149979
      ]
    },
    {
      "coordinates": [
        182,
        136
      ],
      "magnitude": 1.3548927307128906,
      "direction": [
        0.9891539216041565,
        -0.1468828171491623
      ]
    },
    {
      "coordinates": [
        205,
        136
      ],
      "magnitude": 0.9047263860702515,
      "direction": [
        0.9996558427810669,
        0.026233471930027008
      ]
    },
    {
      "coordinates": [
        227,
        136
      ],
      "magnitude": 0.7019477486610413,
      "direction": [
        0.9885817170143127,
        -0.15068596601486206
      ]
    },
    {
      "coordinates": [
        250,
        136
      ],
      "magnitude": 0.6077714562416077,
      "direction": [
        0.9855471849441528,
        -0.1694008857011795
      ]
    },
    {
      "coordinates": [
        273,
        136
      ],
      "magnitude": 0.6727890372276306,
      "direction": [
        0.9791740775108337,
        -0.20302224159240723
      ]
    },
    {
      "coordinates": [
        296,
        136
      ],
      "magnitude": 0.7241678237915039,
      "direction": [
        0.9217634797096252,
        -0.38775259256362915
      ]
    },
    {
      "coordinates": [
        319,
        136
      ],
      "magnitude": 0.5398423671722412,
      "direction": [
        0.993155837059021,
        0.11679636687040329
      ]
    },
    {
      "coordinates": [
        0,
        153
      ],
      "magnitude": 0.7295405864715576,
      "direction": [
        -0.9999672174453735,
        0.008091301657259464
      ]
    },
    {
      "coordinates": [
        22,
        153
      ],
      "magnitude": 0.5411290526390076,
      "direction": [
        -0.943300724029541,
        -0.3319393992424011
      ]
    },
    {
      "coordinates": [
        45,
        153
      ],
      "magnitude": 0.5287700295448303,
      "direction": [
        -0.9445081949234009,
        -0.3284880518913269
      ]
    },
    {
      "coordinates": [
        68,
        153
      ],
      "magnitude": 1.0215835571289062,
      "direction": [
        -0.891470730304718,
        -0.4530782103538513
      ]
    },
    {
      "coordinates": [
        91,
        153
      ],
      "magnitude": 1.2611441612243652,
      "direction": [
        -0.9922803640365601,
        0.12401499599218369
      ]
    },
    {
      "coordinates": [
        113,
        153
      ],
      "magnitude": 1.4942221641540527,
      "direction": [
        -0.6282119750976562,
        0.778042197227478
      ]
    },
    {
      "coordinates": [
        136,
        153
      ],
      "magnitude": 1.4845565557479858,
      "direction": [
        0.5265241265296936,
        0.8501602411270142
      ]
    },
    {
      "coordinates": [
        159,
        153
      ],
      "magnitude": 1.5161784887313843,
      "direction": [
        0.8725566267967224,
        0.4885130822658539
      ]
    },
    {
      "coordinates": [
        182,
        153
      ],
      "magnitude": 1.064347267150879,
      "direction": [
        0.9694232940673828,
        0.24539443850517273
      ]
    },
    {
      "coordinates": [
        205,
        153
      ],
      "magnitude": 0.6677337288856506,
      "direction": [
        0.9556925892829895,
        0.2943664491176605
      ]
    },
    {
      "coordinates": [
        227,
        153
      ],
      "magnitude": 0.7913221716880798,
      "direction": [
        0.9999778270721436,
        -0.006652458105236292
      ]
    },
    {
      "coordinates": [
        250,
        153
      ],
      "magnitude": 0.8798132538795471,
      "direction": [
        0.9796212911605835,
        0.2008533775806427
      ]
    },
    {
      "coordinates": [
        273,
        153
      ],
      "magnitude": 0.7749626040458679,
      "direction": [
        0.9717494249343872,
        -0.2360149472951889
      ]
    },
    {
      "coordinates": [
        296,
        153
      ],
      "magnitude": 0.8228943347930908,
      "direction": [
        0.9545931220054626,
        -0.2979127764701843
      ]
    },
    {
      "coordinates": [
        319,
        153
      ],
      "magnitude": 0.45540058612823486,
      "direction": [
        0.9981375932693481,
        0.0610029399394989
      ]
    },
    {
      "coordinates": [
        0,
        170
      ],
      "magnitude": 0.8482161164283752,
      "direction": [
        -0.9719526767730713,
        0.23517636954784393
      ]
    },
    {
      "coordinates": [
        22,
        170
      ],
      "magnitude": 0.5189465284347534,
      "direction": [
        -0.9987782835960388,
        0.049416910856962204
      ]
    },
    {
      "coordinates": [
        45,
        170
      ],
      "magnitude": 0.4519205391407013,
      "direction": [
        -0.9986670613288879,
        0.0516149178147316
      ]
    },
    {
      "coordinates": [
        68,
        170
      ],
      "magnitude": 0.9061230421066284,
      "direction": [
        -0.9916178584098816,
        -0.12920545041561127
      ]
    },
    {
      "coordinates": [
        91,
        170
      ],
      "magnitude": 1.1836297512054443,
      "direction": [
        -0.8550031185150146,
        0.5186229348182678
      ]
    },
    {
      "coordinates": [
        113,
        170
      ],
      "magnitude": 1.4023358821868896,
      "direction": [
        -0.5951648950576782,
        0.8036036491394043
      ]
    },
    {
      "coordinates": [
        136,
        170
      ],
      "magnitude": 1.042253017425537,
      "direction": [
        0.07370193302631378,
        0.9972803592681885
      ]
    },
    {
      "coordinates": [
        159,
        170
      ],
      "magnitude": 0.9005006551742554,
      "direction": [
        0.7064780592918396,
        0.7077348828315735
      ]
    },
    {
      "coordinates": [
        182,
        170
      ],
      "magnitude": 0.955091655254364,
      "direction": [
        0.7425340414047241,
        0.6698083281517029
      ]
    },
    {
      "coordinates": [
        205,
        170
      ],
      "magnitude": 0.7890321612358093,
      "direction": [
        0.9445900321006775,
        0.32825231552124023
      ]
    },
    {
      "coordinates": [
        227,
        170
      ],
      "magnitude": 0.6813383102416992,
      "direction": [
        0.9828521609306335,
        0.18439549207687378
      ]
    },
    {
      "coordinates": [
        250,
        170
      ],
      "magnitude": 0.5535950064659119,
      "direction": [
        0.9749830365180969,
        0.22227908670902252
      ]
    },
    {
      "coordinates": [
        273,
        170
      ],
      "magnitude": 0.45931315422058105,
      "direction": [
        0.9856902360916138,
        -0.16856664419174194
      ]
    },
    {
      "coordinates": [
        296,
        170
      ],
      "magnitude": 0.52958083152771,
      "direction": [
        0.9910605549812317,
        -0.13341282308101654
      ]
    },
    {
      "coordinates": [
        319,
        170
      ],
      "magnitude": 0.4783990979194641,
      "direction": [
        0.9151572585105896,
        -0.40309691429138184
      ]
    },
    {
      "coordinates": [
        0,
        187
      ],
      "magnitude": 0.8057302236557007,
      "direction": [
        -0.9934486150741577,
        0.11427933722734451
      ]
    },
    {
      "coordinates": [
        22,
        187
      ],
      "magnitude": 0.7213255763053894,
      "direction": [
        -0.9697461724281311,
        0.24411556124687195
      ]
    },
    {
      "coordinates": [
        45,
        187
      ],
      "magnitude": 0.47799497842788696,
      "direction": [
        -0.9926842451095581,
        0.12073944509029388
      ]
    },
    {
      "coordinates": [
        68,
        187
      ],
      "magnitude": 0.7833376526832581,
      "direction": [
        -0.9788689613342285,
        0.20448841154575348
      ]
    },
    {
      "coordinates": [
        91,
        187
      ],
      "magnitude": 0.8888420462608337,
      "direction": [
        -0.8572707176208496,
        0.5148659348487854
      ]
    },
    {
      "coordinates": [
        113,
        187
      ],
      "magnitude": 0.866993248462677,
      "direction": [
        -0.45743051171302795,
        0.8892453908920288
      ]
    },
    {
      "coordinates": [
        136,
        187
      ],
      "magnitude": 0.7137519717216492,
      "direction": [
        -0.05412067100405693,
        0.9985344409942627
      ]
    },
    {
      "coordinates": [
        159,
        187
      ],
      "magnitude": 0.5556678771972656,
      "direction": [
        0.1404968649148941,
        0.9900811314582825
      ]
    },
    {
      "coordinates": [
        182,
        187
      ],
      "magnitude": 0.5674002766609192,
      "direction": [
        0.5982250571250916,
        0.8013280630111694
      ]
    },
    {
      "coordinates": [
        205,
        187
      ],
      "magnitude": 0.7146582007408142,
      "direction": [
        0.9893730282783508,
        0.14539949595928192
      ]
    },
    {
      "coordinates": [
        227,
        187
      ],
      "magnitude": 0.490586519241333,
      "direction": [
        0.9180518388748169,
        0.3964604437351227
      ]
    },
    {
      "coordinates": [
        250,
        187
      ],
      "magnitude": 0.46574723720550537,
      "direction": [
        0.976016104221344,
        -0.2176983505487442
      ]
    },
    {
      "coordinates": [
        273,
        187
      ],
      "magnitude": 0.6734215617179871,
      "direction": [
        0.9766510128974915,
        0.21483181416988373
      ]
    },
    {
      "coordinates": [
        296,
        187
      ],
      "magnitude": 0.39578884840011597,
      "direction": [
        0.969061017036438,
        0.24682126939296722
      ]
    },
    {
      "coordinates": [
        319,
        187
      ],
      "magnitude": 0.4105670750141144,
      "direction": [
        0.9911090135574341,
        0.1330522894859314
      ]
    },
    {
      "coordinates": [
        0,
        204
      ],
      "magnitude": 0.7736346125602722,
      "direction": [
        -0.9980778098106384,
        -0.06197366863489151
      ]
    },
    {
      "coordinates": [
        22,
        204
      ],
      "magnitude": 0.6321515440940857,
      "direction": [
        -0.8718340396881104,
        0.4898013174533844
      ]
    },
    {
      "coordinates": [
        45,
        204
      ],
      "magnitude": 0.4052214026451111,
      "direction": [
        -0.9833689332008362,
        0.18161898851394653
      ]
    },
    {
      "coordinates": [
        68,
        204
      ],
      "magnitude": 0.7243097424507141,
      "direction": [
        -0.993926465511322,
        -0.11004628241062164
      ]
    },
    {
      "coordinates": [
        91,
        204
      ],
      "magnitude": 0.78158038854599,
      "direction": [
        -0.9828256368637085,
        0.18453636765480042
      ]
    },
    {
      "coordinates": [
        113,
        204
      ],
      "magnitude": 0.6282488703727722,
      "direction": [
        -0.5658740997314453,
        0.8244916200637817
      ]
    },
    {
      "coordinates": [
        136,
        204
      ],
      "magnitude": 0.5838346481323242,
      "direction": [
        -0.035031795501708984,
        0.9993862509727478
      ]
    },
    {
      "coordinates": [
        159,
        204
      ],
      "magnitude": 0.5497392416000366,
      "direction": [
        0.22904111444950104,
        0.9734167456626892
      ]
    },
    {
      "coordinates": [
        182,
        204
      ],
      "magnitude": 0.5249106884002686,
      "direction": [
        0.6074070334434509,
        0.7943907380104065
      ]
    },
    {
      "coordinates": [
        205,
        204
      ],
      "magnitude": 0.5492925047874451,
      "direction": [
        0.928692638874054,
        0.3708503842353821
      ]
    },
    {
      "coordinates": [
        227,
        204
      ],
      "magnitude": 0.4890967905521393,
      "direction": [
        0.9279241561889648,
        0.37276896834373474
      ]
    },
    {
      "coordinates": [
        250,
        204
      ],
      "magnitude": 0.4720955491065979,
      "direction": [
        0.9913825988769531,
        0.13099795579910278
      ]
    },
    {
      "coordinates": [
        273,
        204
      ],
      "magnitude": 0.528364896774292,
      "direction": [
        0.9531798362731934,
        0.3024040162563324
      ]
    },
    {
      "coordinates": [
        296,
        204
      ],
      "magnitude": 0.2197270691394806,
      "direction": [
        -0.1522609293460846,
        0.9883403182029724
      ]
    },
    {
      "coordinates": [
        319,
        204
      ],
      "magnitude": 0.5123500823974609,
      "direction": [
        0.9308496117591858,
        0.36540254950523376
      ]
    },
    {
      "coordinates": [
        0,
        221
      ],
      "magnitude": 0.7925185561180115,
      "direction": [
        -0.9837325811386108,
        -0.17963926494121552
      ]
    },
    {
      "coordinates": [
        22,
        221
      ],
      "magnitude": 0.5124057531356812,
      "direction": [
        -0.8302096128463745,
        0.5574514269828796
      ]
    },
    {
      "coordinates": [
        45,
        221
      ],
      "magnitude": 0.398030549287796,
      "direction": [
        -0.8962433934211731,
        0.44356250762939453
      ]
    },
    {
      "coordinates": [
        68,
        221
      ],
      "magnitude": 0.37453708052635193,
      "direction": [
        -0.7688254117965698,
        0.6394587755203247
      ]
    },
    {
      "coordinates": [
        91,
        221
      ],
      "magnitude": 0.5431363582611084,
      "direction": [
        -0.8868719935417175,
        0.46201515197753906
      ]
    },
    {
      "coordinates": [
        113,
        221
      ],
      "magnitude": 0.6419471502304077,
      "direction": [
        -0.5467575192451477,
        0.8372910022735596
      ]
    },
    {
      "coordinates": [
        136,
        221
      ],
      "magnitude": 0.5667902231216431,
      "direction": [
        -0.1719607263803482,
        0.9851038455963135
      ]
    },
    {
      "coordinates": [
        159,
        221
      ],
      "magnitude": 0.6399581432342529,
      "direction": [
        0.35793301463127136,
        0.9337472319602966
      ]
    },
    {
      "coordinates": [
        182,
        221
      ],
      "magnitude": 0.5150887370109558,
      "direction": [
        0.4972221553325653,
        0.8676232695579529
      ]
    },
    {
      "coordinates": [
        205,
        221
      ],
      "magnitude": 0.4329599440097809,
      "direction": [
        0.7853915095329285,
        0.6189993023872375
      ]
    },
    {
      "coordinates": [
        227,
        221
      ],
      "magnitude": 0.5207598209381104,
      "direction": [
        0.8727025985717773,
        0.48825207352638245
      ]
    },
    {
      "coordinates": [
        250,
        221
      ],
      "magnitude": 0.3999464511871338,
      "direction": [
        0.8795090317726135,
        0.4758821427822113
      ]
    },
    {
      "coordinates": [
        273,
        221
      ],
      "magnitude": 0.4556310176849365,
      "direction": [
        0.9387420415878296,
        0.3446207046508789
      ]
    },
    {
      "coordinates": [
        296,
        221
      ],
      "magnitude": 0.29432493448257446,
      "direction": [
        0.9723178744316101,
        -0.23366212844848633
      ]
    },
    {
      "coordinates": [
        319,
        221
      ],
      "magnitude": 0.33850446343421936,
      "direction": [
        0.9177954792976379,
        0.39705348014831543
      ]
    },
    {
      "coordinates": [
        0,
        239
      ],
      "magnitude": 0.5529760122299194,
      "direction": [
        -0.6581689119338989,
        0.7528703808784485
      ]
    },
    {
      "coordinates": [
        22,
        239
      ],
      "magnitude": 0.3939702808856964,
      "direction": [
        -0.436442106962204,
        0.8997323513031006
      ]
    },
    {
      "coordinates": [
        45,
        239
      ],
      "magnitude": 0.608654260635376,
      "direction": [
        -0.6685429215431213,
        0.7436736226081848
      ]
    },
    {
      "coordinates": [
        68,
        239
      ],
      "magnitude": 0.5662974119186401,
      "direction": [
        -0.2562696039676666,
        0.9666053652763367
      ]
    },
    {
      "coordinates": [
        91,
        239
      ],
      "magnitude": 0.5358348488807678,
      "direction": [
        -0.7106793522834778,
        0.7035160064697266
      ]
    },
    {
      "coordinates": [
        113,
        239
      ],
      "magnitude": 0.6563074588775635,
      "direction": [
        -0.38044700026512146,
        0.9248027205467224
      ]
    },
    {
      "coordinates": [
        136,
        239
      ],
      "magnitude": 0.6590161323547363,
      "direction": [
        -0.18383042514324188,
        0.9829578995704651
      ]
    },
    {
      "coordinates": [
        159,
        239
      ],
      "magnitude": 0.5777578949928284,
      "direction": [
        0.06727909296751022,
        0.9977341890335083
      ]
    },
    {
      "coordinates": [
        182,
        239
      ],
      "magnitude": 0.5767096281051636,
      "direction": [
        0.8489400744438171,
        0.5284890532493591
      ]
    },
    {
      "coordinates": [
        205,
        239
      ],
      "magnitude": 0.14110241830348969,
      "direction": [
        0.9401876926422119,
        0.34065666794776917
      ]
    },
    {
      "coordinates": [
        227,
        239
      ],
      "magnitude": 0.5025018453598022,
      "direction": [
        0.9923515319824219,
        0.12344413995742798
      ]
    },
    {
      "coordinates": [
        250,
        239
      ],
      "magnitude": 0.32319650053977966,
      "direction": [
        0.7046546339988708,
        0.7095504403114319
      ]
    },
    {
      "coordinates": [
        273,
        239
      ],
      "magnitude": 0.6871634721755981,
      "direction": [
        0.9754359722137451,
        0.22028279304504395
      ]
    },
    {
      "coordinates": [
        296,
        239
      ],
      "magnitude": 0.4991808831691742,
      "direction": [
        0.9662659168243408,
        0.25754645466804504
      ]
    },
    {
      "coordinates": [
        319,
        239
      ],
      "magnitude": 0.4170551896095276,
      "direction": [
        0.9980242252349854,
        -0.0628303587436676
      ]
    }
  ],
  "shear_mesh": [
    {
      "coordinates": [
        0,
        0
      ],
      "magnitude": 0.26667487621307373,
      "direction": [
        -0.2603761553764343,
        -0.9655072093009949
      ]
    },
    {
      "coordinates": [
        22,
        0
      ],
      "magnitude": 0.06499198079109192,
      "direction": [
        -0.8706374764442444,
        -0.49192509055137634
      ]
    },
    {
      "coordinates": [
        45,
        0
      ],
      "magnitude": 0.3120477497577667,
      "direction": [
        0.698337197303772,
        -0.7157689332962036
      ]
    },
    {
      "coordinates": [
        68,
        0
      ],
      "magnitude": 0.46524250507354736,
      "direction": [
        -0.1800958514213562,
        -0.9836490750312805
      ]
    },
    {
      "coordinates": [
        91,
        0
      ],
      "magnitude": 0.1468440145254135,
      "direction": [
        -0.9997567534446716,
        0.022053316235542297
      ]
    },
    {
      "coordinates": [
        113,
        0
      ],
      "magnitude": 0.21319831907749176,
      "direction": [
        -0.3812588155269623,
        -0.9244683384895325
      ]
    },
    {
      "coordinates": [
        136,
        0
      ],
      "magnitude": 0.028642186895012856,
      "direction": [
        0.015424133278429508,
        0.9998810291290283
      ]
    },
    {
      "coordinates": [
        159,
        0
      ],
      "magnitude": 0.3600425720214844,
      "direction": [
        0.49815836548805237,
        -0.8670861124992371
      ]
    },
    {
      "coordinates": [
        182,
        0
      ],
      "magnitude": 0.3604282736778259,
      "direction": [
        0.18732205033302307,
        -0.9822985529899597
      ]
    },
    {
      "coordinates": [
        205,
        0
      ],
      "magnitude": 0.23588687181472778,
      "direction": [
        -0.33329033851623535,
        -0.9428242444992065
      ]
    },
    {
      "coordinates": [
        227,
        0
      ],
      "magnitude": 0.29795607924461365,
      "direction": [
        -0.4265154004096985,
        -0.9044803977012634
      ]
    },
    {
      "coordinates": [
        250,
        0
      ],
      "magnitude": 0.4167080223560333,
      "direction": [
        0.3925611078739166,
        -0.9197258949279785
      ]
    },
    {
      "coordinates": [
        273,
        0
      ],
      "magnitude": 0.28862157464027405,
      "direction": [
        0.3253084123134613,
        -0.9456079006195068
      ]
    },
    {
      "coordinates": [
        296,
        0
      ],
      "magnitude": 0.48746737837791443,
      "direction": [
        0.1984478384256363,
        -0.9801114201545715
      ]
    },
    {
      "coordinates": [
        319,
        0
      ],
      "magnitude": 0.45428070425987244,
      "direction": [
        0.30992430448532104,
        -0.9507612586021423
      ]
    },
    {
      "coordinates": [
        0,
        17
      ],
      "magnitude": 0.1926320493221283,
      "direction": [
        -0.10765262693166733,
        -0.9941886067390442
      ]
    },
    {
      "coordinates": [
        22,
        17
      ],
      "magnitude": 0.17866620421409607,
      "direction": [
        -0.14581966400146484,
        -0.989311158657074
      ]
    },
    {
      "coordinates": [
        45,
        17
      ],
      "magnitude": 0.2670276463031769,
      "direction": [
        -0.20548716187477112,
        -0.9786598682403564
      ]
    },
    {
      "coordinates": [
        68,
        17
      ],
      "magnitude": 0.3050311803817749,
      "direction": [
        -0.6551454663276672,
        -0.7555027604103088
      ]
    },
    {
      "coordinates": [
        91,
        17
      ],
      "magnitude": 0.2601035237312317,
      "direction": [
        -0.9087073802947998,
        -0.41743385791778564
      ]
    },
    {
      "coordinates": [
        113,
        17
      ],
      "magnitude": 0.3295447528362274,
      "direction": [
        -0.7452272176742554,
        -0.6668106317520142
      ]
    },
    {
      "coordinates": [
        136,
        17
      ],
      "magnitude": 0.2670764625072479,
      "direction": [
        0.013960643671452999,
        -0.999902606010437
      ]
    },
    {
      "coordinates": [
        159,
        17
      ],
      "magnitude": 0.2629837095737457,
      "direction": [
        0.7082302570343018,
        -0.7059815526008606
      ]
    },
    {
      "coordinates": [
        182,
        17
      ],
      "magnitude": 0.37307220697402954,
      "direction": [
        0.3179577589035034,
        -0.9481048583984375
      ]
    },
    {
      "coordinates": [
        205,
        17
      ],
      "magnitude": 0.10852809995412827,
      "direction": [
        0.3516213595867157,
        -0.9361423254013062
      ]
    },
    {
      "coordinates": [
        227,
        17
      ],
      "magnitude": 0.3722788393497467,
      "direction": [
        -0.00270662154071033,
        -0.9999964237213135
      ]
    },
    {
      "coordinates": [
        250,
        17
      ],
      "magnitude": 0.4214361608028412,
      "direction": [
        -0.21181926131248474,
        -0.9773088097572327
      ]
    },
    {
      "coordinates": [
        273,
        17
      ],
      "magnitude": 0.3103826344013214,
      "direction": [
        0.12062864750623703,
        -0.9926977157592773
      ]
    },
    {
      "coordinates": [
        296,
        17
      ],
      "magnitude": 0.4465239644050598,
      "direction": [
        0.01820063591003418,
        -0.9998343586921692
      ]
    },
    {
      "coordinates": [
        319,
        17
      ],
      "magnitude": 0.4701122045516968,
      "direction": [
        -0.05658086761832237,
        -0.9983980059623718
      ]
    },
    {
      "coordinates": [
        0,
        34
      ],
      "magnitude": 0.1475742906332016,
      "direction": [
        0.3201253116130829,
        -0.9473751783370972
      ]
    },
    {
      "coordinates": [
        22,
        34
      ],
      "magnitude": 0.322510302066803,
      "direction": [
        -0.8304323554039001,
        -0.5571195483207703
      ]
    },
    {
      "coordinates": [
        45,
        34
      ],
      "magnitude": 0.22334320843219757,
      "direction": [
        -0.22875447571277618,
        -0.9734841585159302
      ]
    },
    {
      "coordinates": [
        68,
        34
      ],
      "magnitude": 0.15915551781654358,
      "direction": [
        -0.6593132019042969,
        -0.7518684267997742
      ]
    },
    {
      "coordinates": [
        91,
        34
      ],
      "magnitude": 0.2894693613052368,
      "direction": [
        -0.6512349247932434,
        -0.7588762044906616
      ]
    },
    {
      "coordinates": [
        113,
        34
      ],
      "magnitude": 0.3652137815952301,
      "direction": [
        -0.015571072697639465,
        -0.9998788237571716
      ]
    },
    {
      "coordinates": [
        136,
        34
      ],
      "magnitude": 0.24646370112895966,
      "direction": [
        -0.3090059757232666,
        -0.9510601162910461
      ]
    },
    {
      "coordinates": [
        159,
        34
      ],
      "magnitude": 0.32481151819229126,
      "direction": [
        -0.20312218368053436,
        -0.9791534543037415
      ]
    },
    {
      "coordinates": [
        182,
        34
      ],
      "magnitude": 0.28647351264953613,
      "direction": [
        0.4267011880874634,
        -0.9043926000595093
      ]
    },
    {
      "coordinates": [
        205,
        34
      ],
      "magnitude": 0.2600547969341278,
      "direction": [
        0.33362630009651184,
        -0.9427053928375244
      ]
    },
    {
      "coordinates": [
        227,
        34
      ],
      "magnitude": 0.3423995077610016,
      "direction": [
        0.2982187569141388,
        -0.9544975161552429
      ]
    },
    {
      "coordinates": [
        250,
        34
      ],
      "magnitude": 0.330695778131485,
      "direction": [
        0.42038294672966003,
        -0.907346785068512
      ]
    },
    {
      "coordinates": [
        273,
        34
      ],
      "magnitude": 0.33914878964424133,
      "direction": [
        0.09770345687866211,
        -0.9952155947685242
      ]
    },
    {
      "coordinates": [
        296,
        34
      ],
      "magnitude": 0.3998909592628479,
      "direction": [
        0.031977005302906036,
        -0.9994885921478271
      ]
    },
    {
      "coordinates": [
        319,
        34
      ],
      "magnitude": 0.40631303191185,
      "direction": [
        -0.3329187333583832,
        -0.942955493927002
      ]
    },
    {
      "coordinates": [
        0,
        51
      ],
      "magnitude": 0.4074641168117523,
      "direction": [
        -0.9956183433532715,
        0.0935097262263298
      ]
    },
    {
      "coordinates": [
        22,
        51
      ],
      "magnitude": 0.30682283639907837,
      "direction": [
        -0.6121943593025208,
        -0.7907072901725769
      ]
    },
    {
      "coordinates": [
        45,
        51
      ],
      "magnitude": 0.3771764039993286,
      "direction": [
        -0.6772189140319824,
        -0.7357815504074097
      ]
    },
    {
      "coordinates": [
        68,
        51
      ],
      "magnitude": 0.19828349351882935,
      "direction": [
        -0.582331657409668,
        -0.8129513263702393
      ]
    },
    {
      "coordinates": [
        91,
        51
      ],
      "magnitude": 0.24324287474155426,
      "direction": [
        0.3205229341983795,
        -0.9472407698631287
      ]
    },
    {
      "coordinates": [
        113,
        51
      ],
      "magnitude": 0.3516343832015991,
      "direction": [
        0.20511138439178467,
        -0.9787386059761047
      ]
    },
    {
      "coordinates": [
        136,
        51
      ],
      "magnitude": 0.2316613346338272,
      "direction": [
        0.5731556415557861,
        -0.8194465041160583
      ]
    },
    {
      "coordinates": [
        159,
        51
      ],
      "magnitude": 0.31671142578125,
      "direction": [
        0.47510457038879395,
        -0.8799293041229248
      ]
    },
    {
      "coordinates": [
        182,
        51
      ],
      "magnitude": 0.29855236411094666,
      "direction": [
        -0.15998345613479614,
        -0.9871196746826172
      ]
    },
    {
      "coordinates": [
        205,
        51
      ],
      "magnitude": 0.26044899225234985,
      "direction": [
        0.03410713002085686,
        -0.9994182586669922
      ]
    },
    {
      "coordinates": [
        227,
        51
      ],
      "magnitude": 0.3907098174095154,
      "direction": [
        -0.1049467995762825,
        -0.9944778084754944
      ]
    },
    {
      "coordinates": [
        250,
        51
      ],
      "magnitude": 0.3624895215034485,
      "direction": [
        0.20484475791454315,
        -0.9787944555282593
      ]
    },
    {
      "coordinates": [
        273,
        51
      ],
      "magnitude": 0.27632829546928406,
      "direction": [
        -0.4179849624633789,
        -0.9084540009498596
      ]
    },
    {
      "coordinates": [
        296,
        51
      ],
      "magnitude": 0.432136207818985,
      "direction": [
        -0.01475900411605835,
        -0.9998911023139954
      ]
    },
    {
      "coordinates": [
        319,
        51
      ],
      "magnitude": 0.30745187401771545,
      "direction": [
        -0.3299904465675354,
        -0.9439842700958252
      ]
    },
    {
      "coordinates": [
        0,
        68
      ],
      "magnitude": 0.3395147919654846,
      "direction": [
        -0.991482675075531,
        -0.1302385926246643
      ]
    },
    {
      "coordinates": [
        22,
        68
      ],
      "magnitude": 0.28024956583976746,
      "direction": [
        -0.7573331594467163,
        -0.653028666973114
      ]
    },
    {
      "coordinates": [
        45,
        68
      ],
      "magnitude": 0.36494335532188416,
      "direction": [
        -0.3519827723503113,
        -0.9360064268112183
      ]
    },
    {
      "coordinates": [
        68,
        68
      ],
      "magnitude": 0.28881531953811646,
      "direction": [
        -0.05383399873971939,
        -0.9985498785972595
      ]
    },
    {
      "coordinates": [
        91,
        68
      ],
      "magnitude": 0.36850157380104065,
      "direction": [
        0.037470802664756775,
        -0.9992977976799011
      ]
    },
    {
      "coordinates": [
        113,
        68
      ],
      "magnitude": 0.19283907115459442,
      "direction": [
        0.16196073591709137,
        -0.9867972135543823
      ]
    },
    {
      "coordinates": [
        136,
        68
      ],
      "magnitude": 0.34539228677749634,
      "direction": [
        -0.20111589133739471,
        -0.9795674085617065
      ]
    },
    {
      "coordinates": [
        159,
        68
      ],
      "magnitude": 0.2562244236469269,
      "direction": [
        -0.058387286961078644,
        -0.9982940554618835
      ]
    },
    {
      "coordinates": [
        182,
        68
      ],
      "magnitude": 0.2698819041252136,
      "direction": [
        -0.4836796820163727,
        -0.8752450346946716
      ]
    },
    {
      "coordinates": [
        205,
        68
      ],
      "magnitude": 0.2432415783405304,
      "direction": [
        -0.09700996428728104,
        -0.9952834248542786
      ]
    },
    {
      "coordinates": [
        227,
        68
      ],
      "magnitude": 0.3595827519893646,
      "direction": [
        0.17002424597740173,
        -0.9854398965835571
      ]
    },
    {
      "coordinates": [
        250,
        68
      ],
      "magnitude": 0.3547143042087555,
      "direction": [
        -0.5076267719268799,
        -0.8615770936012268
      ]
    },
    {
      "coordinates": [
        273,
        68
      ],
      "magnitude": 0.2906109392642975,
      "direction": [
        -0.1710771918296814,
        -0.985257625579834
      ]
    },
    {
      "coordinates": [
        296,
        68
      ],
      "magnitude": 0.3723022937774658,
      "direction": [
        -0.29432210326194763,
        -0.9557062983512878
      ]
    },
    {
      "coordinates": [
        319,
        68
      ],
      "magnitude": 0.3059588372707367,
      "direction": [
        -0.7117509245872498,
        -0.7024319171905518
      ]
    },
    {
      "coordinates": [
        0,
        85
      ],
      "magnitude": 0.3027133047580719,
      "direction": [
        -0.9315298199653625,
        -0.363664835691452
      ]
    },
    {
      "coordinates": [
        22,
        85
      ],
      "magnitude": 0.4894338846206665,
      "direction": [
        -0.8915770649909973,
        -0.45286908745765686
      ]
    },
    {
      "coordinates": [
        45,
        85
      ],
      "magnitude": 0.511847734451294,
      "direction": [
        -0.4306223392486572,
        -0.9025322794914246
      ]
    },
    {
      "coordinates": [
        68,
        85
      ],
      "magnitude": 0.300807923078537,
      "direction": [
        -0.18372343480587006,
        -0.9829779267311096
      ]
    },
    {
      "coordinates": [
        91,
        85
      ],
      "magnitude": 0.44001778960227966,
      "direction": [
        -0.16530217230319977,
        -0.9862430095672607
      ]
    },
    {
      "coordinates": [
        113,
        85
      ],
      "magnitude": 0.20953992009162903,
      "direction": [
        0.2634325325489044,
        -0.9646778106689453
      ]
    },
    {
      "coordinates": [
        136,
        85
      ],
      "magnitude": 0.20078440010547638,
      "direction": [
        0.4138261079788208,
        -0.9103559255599976
      ]
    },
    {
      "coordinates": [
        159,
        85
      ],
      "magnitude": 0.2302386313676834,
      "direction": [
        0.03828682750463486,
        -0.9992668032646179
      ]
    },
    {
      "coordinates": [
        182,
        85
      ],
      "magnitude": 0.264549195766449,
      "direction": [
        -0.28359702229499817,
        -0.9589436650276184
      ]
    },
    {
      "coordinates": [
        205,
        85
      ],
      "magnitude": 0.4426461458206177,
      "direction": [
        -0.1796017289161682,
        -0.98373943567276
      ]
    },
    {
      "coordinates": [
        227,
        85
      ],
      "magnitude": 0.25272953510284424,
      "direction": [
        0.12472973763942719,
        -0.9921907186508179
      ]
    },
    {
      "coordinates": [
        250,
        85
      ],
      "magnitude": 0.35846275091171265,
      "direction": [
        -0.057816699147224426,
        -0.9983272552490234
      ]
    },
    {
      "coordinates": [
        273,
        85
      ],
      "magnitude": 0.2625386118888855,
      "direction": [
        0.20527450740337372,
        -0.9787043929100037
      ]
    },
    {
      "coordinates": [
        296,
        85
      ],
      "magnitude": 0.19475558400154114,
      "direction": [
        -0.17056505382061005,
        -0.9853463768959045
      ]
    },
    {
      "coordinates": [
        319,
        85
      ],
      "magnitude": 0.37307876348495483,
      "direction": [
        -0.9332003593444824,
        -0.35935643315315247
      ]
    },
    {
      "coordinates": [
        0,
        102
      ],
      "magnitude": 0.3669997751712799,
      "direction": [
        -0.8040498495101929,
        -0.5945619344711304
      ]
    },
    {
      "coordinates": [
        22,
        102
      ],
      "magnitude": 0.3478636145591736,
      "direction": [
        -0.33564823865890503,
        -0.9419874548912048
      ]
    },
    {
      "coordinates": [
        45,
        102
      ],
      "magnitude": 0.4515514075756073,
      "direction": [
        -0.2011793851852417,
        -0.9795544147491455
      ]
    },
    {
      "coordinates": [
        68,
        102
      ],
      "magnitude": 0.41178423166275024,
      "direction": [
        -0.3712315261363983,
        -0.9285402894020081
      ]
    },
    {
      "coordinates": [
        91,
        102
      ],
      "magnitude": 0.45221444964408875,
      "direction": [
        -0.4779330790042877,
        -0.8783963322639465
      ]
    },
    {
      "coordinates": [
        113,
        102
      ],
      "magnitude": 0.45909184217453003,
      "direction": [
        -0.03696845471858978,
        -0.9993164539337158
      ]
    },
    {
      "coordinates": [
        136,
        102
      ],
      "magnitude": 0.28666257858276367,
      "direction": [
        0.23996467888355255,
        -0.9707815647125244
      ]
    },
    {
      "coordinates": [
        159,
        102
      ],
      "magnitude": 0.07919114828109741,
      "direction": [
        0.8415136337280273,
        -0.5402359962463379
      ]
    },
    {
      "coordinates": [
        182,
        102
      ],
      "magnitude": 0.32448503375053406,
      "direction": [
        0.23333881795406342,
        -0.9723955392837524
      ]
    },
    {
      "coordinates": [
        205,
        102
      ],
      "magnitude": 0.4136688709259033,
      "direction": [
        0.1411864161491394,
        -0.989983081817627
      ]
    },
    {
      "coordinates": [
        227,
        102
      ],
      "magnitude": 0.2085423320531845,
      "direction": [
        -0.691876232624054,
        -0.7220161557197571
      ]
    },
    {
      "coordinates": [
        250,
        102
      ],
      "magnitude": 0.36830002069473267,
      "direction": [
        -0.44349294900894165,
        -0.896277904510498
      ]
    },
    {
      "coordinates": [
        273,
        102
      ],
      "magnitude": 0.4296920895576477,
      "direction": [
        -0.6079630851745605,
        -0.793965220451355
      ]
    },
    {
      "coordinates": [
        296,
        102
      ],
      "magnitude": 0.26678699254989624,
      "direction": [
        -0.46336156129837036,
        -0.8861693739891052
      ]
    },
    {
      "coordinates": [
        319,
        102
      ],
      "magnitude": 0.14147575199604034,
      "direction": [
        0.9812957644462585,
        -0.19250580668449402
      ]
    },
    {
      "coordinates": [
        0,
        119
      ],
      "magnitude": 0.11434576660394669,
      "direction": [
        0.9937422871589661,
        -0.111697718501091
      ]
    },
    {
      "coordinates": [
        22,
        119
      ],
      "magnitude": 0.4281047582626343,
      "direction": [
        -0.20544062554836273,
        -0.9786695241928101
      ]
    },
    {
      "coordinates": [
        45,
        119
      ],
      "magnitude": 0.3881390392780304,
      "direction": [
        -0.38708722591400146,
        -0.9220430850982666
      ]
    },
    {
      "coordinates": [
        68,
        119
      ],
      "magnitude": 0.3885900378227234,
      "direction": [
        -0.32548952102661133,
        -0.9455456137657166
      ]
    },
    {
      "coordinates": [
        91,
        119
      ],
      "magnitude": 0.3535006642341614,
      "direction": [
        -0.10921929031610489,
        -0.9940177202224731
      ]
    },
    {
      "coordinates": [
        113,
        119
      ],
      "magnitude": 0.5885684490203857,
      "direction": [
        -0.08092159032821655,
        -0.9967204332351685
      ]
    },
    {
      "coordinates": [
        136,
        119
      ],
      "magnitude": 0.4725343585014343,
      "direction": [
        0.678123414516449,
        -0.7349480390548706
      ]
    },
    {
      "coordinates": [
        159,
        119
      ],
      "magnitude": 0.30377283692359924,
      "direction": [
        0.9064245820045471,
        -0.42236778140068054
      ]
    },
    {
      "coordinates": [
        182,
        119
      ],
      "magnitude": 0.39696359634399414,
      "direction": [
        0.4415851831436157,
        -0.8972194194793701
      ]
    },
    {
      "coordinates": [
        205,
        119
      ],
      "magnitude": 0.18662144243717194,
      "direction": [
        -0.03047528862953186,
        -0.9995354413986206
      ]
    },
    {
      "coordinates": [
        227,
        119
      ],
      "magnitude": 0.20237107574939728,
      "direction": [
        -0.48307162523269653,
        -0.8755808472633362
      ]
    },
    {
      "coordinates": [
        250,
        119
      ],
      "magnitude": 0.3083474040031433,
      "direction": [
        -0.45763227343559265,
        -0.8891415596008301
      ]
    },
    {
      "coordinates": [
        273,
        119
      ],
      "magnitude": 0.418063223361969,
      "direction": [
        -0.2883125841617584,
        -0.9575363397598267
      ]
    },
    {
      "coordinates": [
        296,
        119
      ],
      "magnitude": 0.3566800653934479,
      "direction": [
        -0.24408718943595886,
        -0.9697533249855042
      ]
    },
    {
      "coordinates": [
        319,
        119
      ],
      "magnitude": 0.1309453547000885,
      "direction": [
        -0.5726784467697144,
        -0.8197799921035767
      ]
    },
    {
      "coordinates": [
        0,
        136
      ],
      "magnitude": 0.09916209429502487,
      "direction": [
        -0.9968698024749756,
        0.07906053215265274
      ]
    },
    {
      "coordinates": [
        22,
        136
      ],
      "magnitude": 0.32375913858413696,
      "direction": [
        -0.09413503110408783,
        -0.9955594539642334
      ]
    },
    {
      "coordinates": [
        45,
        136
      ],
      "magnitude": 0.3701690137386322,
      "direction": [
        -0.08010248094797134,
        -0.9967865943908691
      ]
    },
    {
      "coordinates": [
        68,
        136
      ],
      "magnitude": 0.4555967450141907,
      "direction": [
        -0.024175597354769707,
        -0.9997077584266663
      ]
    },
    {
      "coordinates": [
        91,
        136
      ],
      "magnitude": 0.4472757875919342,
      "direction": [
        0.26796936988830566,
        -0.9634274244308472
      ]
    },
    {
      "coordinates": [
        113,
        136
      ],
      "magnitude": 0.5170854926109314,
      "direction": [
        0.10922276228666306,
        -0.9940172433853149
      ]
    },
    {
      "coordinates": [
        136,
        136
      ],
      "magnitude": 0.39289453625679016,
      "direction": [
        -0.33764103055000305,
        -0.9412749409675598
      ]
    },
    {
      "coordinates": [
        159,
        136
      ],
      "magnitude": 0.08131619542837143,
      "direction": [
        -0.5965780019760132,
        0.8025550246238708
      ]
    },
    {
      "coordinates": [
        182,
        136
      ],
      "magnitude": 0.31702959537506104,
      "direction": [
        0.5289897918701172,
        -0.8486282229423523
      ]
    },
    {
      "coordinates": [
        205,
        136
      ],
      "magnitude": 0.0784323439002037,
      "direction": [
        0.13974489271640778,
        -0.9901875257492065
      ]
    },
    {
      "coordinates": [
        227,
        136
      ],
      "magnitude": 0.1189018040895462,
      "direction": [
        -0.23199117183685303,
        -0.9727178812026978
      ]
    },
    {
      "coordinates": [
        250,
        136
      ],
      "magnitude": 0.1572602391242981,
      "direction": [
        -0.2092622071504593,
        -0.977859616279602
      ]
    },
    {
      "coordinates": [
        273,
        136
      ],
      "magnitude": 0.26751747727394104,
      "direction": [
        -0.1922202706336975,
        -0.9813518524169922
      ]
    },
    {
      "coordinates": [
        296,
        136
      ],
      "magnitude": 0.40242844820022583,
      "direction": [
        -0.1022167056798935,
        -0.9947621822357178
      ]
    },
    {
      "coordinates": [
        319,
        136
      ],
      "magnitude": 0.04514383152127266,
      "direction": [
        0.2803165018558502,
        -0.9599076509475708
      ]
    },
    {
      "coordinates": [
        0,
        153
      ],
      "magnitude": 0.2729607820510864,
      "direction": [
        -0.5578481554985046,
        -0.8299430012702942
      ]
    },
    {
      "coordinates": [
        22,
        153
      ],
      "magnitude": 0.310413122177124,
      "direction": [
        0.22705474495887756,
        -0.9738820195198059
      ]
    },
    {
      "coordinates": [
        45,
        153
      ],
      "magnitude": 0.39160969853401184,
      "direction": [
        -0.1956767439842224,
        -0.9806684851646423
      ]
    },
    {
      "coordinates": [
        68,
        153
      ],
      "magnitude": 0.6248499751091003,
      "direction": [
        0.08393389731645584,
        -0.9964713454246521
      ]
    },
    {
      "coordinates": [
        91,
        153
      ],
      "magnitude": 0.4305289685726166,
      "direction": [
        0.18139860033988953,
        -0.9834097027778625
      ]
    },
    {
      "coordinates": [
        113,
        153
      ],
      "magnitude": 0.4980638921260834,
      "direction": [
        0.030545871704816818,
        -0.9995333552360535
      ]
    },
    {
      "coordinates": [
        136,
        153
      ],
      "magnitude": 0.474420428276062,
      "direction": [
        -0.2432709038257599,
        -0.9699583649635315
      ]
    },
    {
      "coordinates": [
        159,
        153
      ],
      "magnitude": 0.24523663520812988,
      "direction": [
        0.3168989419937134,
        -0.948459267616272
      ]
    },
    {
      "coordinates": [
        182,
        153
      ],
      "magnitude": 0.07041571289300919,
      "direction": [
        0.33721446990966797,
        -0.9414278864860535
      ]
    },
    {
      "coordinates": [
        205,
        153
      ],
      "magnitude": 0.17077720165252686,
      "direction": [
        -0.8504263162612915,
        -0.5260942578315735
      ]
    },
    {
      "coordinates": [
        227,
        153
      ],
      "magnitude": 0.2710646092891693,
      "direction": [
        0.4204154312610626,
        -0.9073317646980286
      ]
    },
    {
      "coordinates": [
        250,
        153
      ],
      "magnitude": 0.16748788952827454,
      "direction": [
        0.903195858001709,
        -0.42922860383987427
      ]
    },
    {
      "coordinates": [
        273,
        153
      ],
      "magnitude": 0.3633248805999756,
      "direction": [
        0.4109862446784973,
        -0.911641538143158
      ]
    },
    {
      "coordinates": [
        296,
        153
      ],
      "magnitude": 0.3312899172306061,
      "direction": [
        0.2637694776058197,
        -0.9645857214927673
      ]
    },
    {
      "coordinates": [
        319,
        153
      ],
      "magnitude": 0.04415314644575119,
      "direction": [
        -0.531650960445404,
        -0.8469635844230652
      ]
    },
    {
      "coordinates": [
        0,
        170
      ],
      "magnitude": 0.2849382758140564,
      "direction": [
        -0.3189273476600647,
        -0.9477791786193848
      ]
    },
    {
      "coordinates": [
        22,
        170
      ],
      "magnitude": 0.26418396830558777,
      "direction": [
        0.07941994071006775,
        -0.9968412518501282
      ]
    },
    {
      "coordinates": [
        45,
        170
      ],
      "magnitude": 0.330901175737381,
      "direction": [
        -0.053969092667102814,
        -0.9985426068305969
      ]
    },
    {
      "coordinates": [
        68,
        170
      ],
      "magnitude": 0.667700469493866,
      "direction": [
        -0.06390338391065598,
        -0.9979560971260071
      ]
    },
    {
      "coordinates": [
        91,
        170
      ],
      "magnitude": 0.4238738715648651,
      "direction": [
        -0.5790504217147827,
        -0.815291702747345
      ]
    },
    {
      "coordinates": [
        113,
        170
      ],
      "magnitude": 0.4078798294067383,
      "direction": [
        -0.7719592452049255,
        -0.6356720328330994
      ]
    },
    {
      "coordinates": [
        136,
        170
      ],
      "magnitude": 0.6134000420570374,
      "direction": [
        -0.5046785473823547,
        -0.8633073568344116
      ]
    },
    {
      "coordinates": [
        159,
        170
      ],
      "magnitude": 0.3741670250892639,
      "direction": [
        -0.4406878352165222,
        -0.8976603746414185
      ]
    },
    {
      "coordinates": [
        182,
        170
      ],
      "magnitude": 0.12571586668491364,
      "direction": [
        -0.7165119051933289,
        -0.6975749135017395
      ]
    },
    {
      "coordinates": [
        205,
        170
      ],
      "magnitude": 0.1754947006702423,
      "direction": [
        -0.3736368715763092,
        -0.9275751113891602
      ]
    },
    {
      "coordinates": [
        227,
        170
      ],
      "magnitude": 0.2848444879055023,
      "direction": [
        -0.184879332780838,
        -0.9827612042427063
      ]
    },
    {
      "coordinates": [
        250,
        170
      ],
      "magnitude": 0.18951861560344696,
      "direction": [
        -0.3971870541572571,
        -0.9177377223968506
      ]
    },
    {
      "coordinates": [
        273,
        170
      ],
      "magnitude": 0.3490836024284363,
      "direction": [
        -0.09951455146074295,
        -0.9950361847877502
      ]
    },
    {
      "coordinates": [
        296,
        170
      ],
      "magnitude": 0.15702781081199646,
      "direction": [
        -0.1253408044576645,
        -0.9921137690544128
      ]
    },
    {
      "coordinates": [
        319,
        170
      ],
      "magnitude": 0.1722170114517212,
      "direction": [
        -0.5939849615097046,
        -0.8044760823249817
      ]
    },
    {
      "coordinates": [
        0,
        187
      ],
      "magnitude": 0.38206353783607483,
      "direction": [
        -0.16771206259727478,
        -0.9858360290527344
      ]
    },
    {
      "coordinates": [
        22,
        187
      ],
      "magnitude": 0.23200011253356934,
      "direction": [
        -0.43958795070648193,
        -0.8981995582580566
      ]
    },
    {
      "coordinates": [
        45,
        187
      ],
      "magnitude": 0.4129478335380554,
      "direction": [
        -0.283292293548584,
        -0.9590336084365845
      ]
    },
    {
      "coordinates": [
        68,
        187
      ],
      "magnitude": 0.570270299911499,
      "direction": [
        -0.28571057319641113,
        -0.9583159685134888
      ]
    },
    {
      "coordinates": [
        91,
        187
      ],
      "magnitude": 0.45468026399612427,
      "direction": [
        -0.4306194484233856,
        -0.9025335907936096
      ]
    },
    {
      "coordinates": [
        113,
        187
      ],
      "magnitude": 0.323213130235672,
      "direction": [
        -0.27272844314575195,
        -0.9620909690856934
      ]
    },
    {
      "coordinates": [
        136,
        187
      ],
      "magnitude": 0.37144899368286133,
      "direction": [
        -0.5381507873535156,
        -0.842848539352417
      ]
    },
    {
      "coordinates": [
        159,
        187
      ],
      "magnitude": 0.5248826742172241,
      "direction": [
        -0.7248275876045227,
        -0.6889303922653198
      ]
    },
    {
      "coordinates": [
        182,
        187
      ],
      "magnitude": 0.367323100566864,
      "direction": [
        -0.947697103023529,
        -0.3191711902618408
      ]
    },
    {
      "coordinates": [
        205,
        187
      ],
      "magnitude": 0.3237384557723999,
      "direction": [
        -0.15973380208015442,
        -0.9871600866317749
      ]
    },
    {
      "coordinates": [
        227,
        187
      ],
      "magnitude": 0.2466895431280136,
      "direction": [
        -0.5834614038467407,
        -0.8121408224105835
      ]
    },
    {
      "coordinates": [
        250,
        187
      ],
      "magnitude": 0.3359223008155823,
      "direction": [
        -0.2506832182407379,
        -0.9680691957473755
      ]
    },
    {
      "coordinates": [
        273,
        187
      ],
      "magnitude": 0.26566433906555176,
      "direction": [
        0.2961769700050354,
        -0.9551331400871277
      ]
    },
    {
      "coordinates": [
        296,
        187
      ],
      "magnitude": 0.21589042246341705,
      "direction": [
        -0.28074195981025696,
        -0.9597832560539246
      ]
    },
    {
      "coordinates": [
        319,
        187
      ],
      "magnitude": 0.14311665296554565,
      "direction": [
        -0.3999759256839752,
        -0.9165256023406982
      ]
    },
    {
      "coordinates": [
        0,
        204
      ],
      "magnitude": 0.46308770775794983,
      "direction": [
        0.1334114670753479,
        -0.991060733795166
      ]
    },
    {
      "coordinates": [
        22,
        204
      ],
      "magnitude": 0.12084198743104935,
      "direction": [
        -0.14158369600772858,
        -0.989926278591156
      ]
    },
    {
      "coordinates": [
        45,
        204
      ],
      "magnitude": 0.30025866627693176,
      "direction": [
        -0.3199198246002197,
        -0.9474446177482605
      ]
    },
    {
      "coordinates": [
        68,
        204
      ],
      "magnitude": 0.5578768253326416,
      "direction": [
        -0.5250377655029297,
        -0.8510789275169373
      ]
    },
    {
      "coordinates": [
        91,
        204
      ],
      "magnitude": 0.551876962184906,
      "direction": [
        -0.3060808777809143,
        -0.9520055055618286
      ]
    },
    {
      "coordinates": [
        113,
        204
      ],
      "magnitude": 0.3355441391468048,
      "direction": [
        -0.5208700299263,
        -0.8536360263824463
      ]
    },
    {
      "coordinates": [
        136,
        204
      ],
      "magnitude": 0.3561187982559204,
      "direction": [
        -0.508694052696228,
        -0.8609474301338196
      ]
    },
    {
      "coordinates": [
        159,
        204
      ],
      "magnitude": 0.3756788671016693,
      "direction": [
        -0.7255191206932068,
        -0.6882020235061646
      ]
    },
    {
      "coordinates": [
        182,
        204
      ],
      "magnitude": 0.41192999482154846,
      "direction": [
        -0.6133917570114136,
        -0.7897788286209106
      ]
    },
    {
      "coordinates": [
        205,
        204
      ],
      "magnitude": 0.40463531017303467,
      "direction": [
        -0.33439990878105164,
        -0.9424312114715576
      ]
    },
    {
      "coordinates": [
        227,
        204
      ],
      "magnitude": 0.19500945508480072,
      "direction": [
        -0.4001394808292389,
        -0.9164542555809021
      ]
    },
    {
      "coordinates": [
        250,
        204
      ],
      "magnitude": 0.3980262279510498,
      "direction": [
        0.006915351375937462,
        -0.9999760985374451
      ]
    },
    {
      "coordinates": [
        273,
        204
      ],
      "magnitude": 0.19123530387878418,
      "direction": [
        -0.581422746181488,
        -0.813601553440094
      ]
    },
    {
      "coordinates": [
        296,
        204
      ],
      "magnitude": 0.27238553762435913,
      "direction": [
        -0.6367987394332886,
        -0.7710300087928772
      ]
    },
    {
      "coordinates": [
        319,
        204
      ],
      "magnitude": 0.12972582876682281,
      "direction": [
        -0.000708508538082242,
        -0.9999997615814209
      ]
    },
    {
      "coordinates": [
        0,
        221
      ],
      "magnitude": 0.38653579354286194,
      "direction": [
        -0.1797061413526535,
        -0.9837203621864319
      ]
    },
    {
      "coordinates": [
        22,
        221
      ],
      "magnitude": 0.20252655446529388,
      "direction": [
        -0.14110442996025085,
        -0.9899947047233582
      ]
    },
    {
      "coordinates": [
        45,
        221
      ],
      "magnitude": 0.35308849811553955,
      "direction": [
        0.14433696866035461,
        -0.9895285964012146
      ]
    },
    {
      "coordinates": [
        68,
        221
      ],
      "magnitude": 0.22670488059520721,
      "direction": [
        0.029687425121665,
        -0.999559223651886
      ]
    },
    {
      "coordinates": [
        91,
        221
      ],
      "magnitude": 0.554286003112793,
      "direction": [
        -0.41748806834220886,
        -0.9086823463439941
      ]
    },
    {
      "coordinates": [
        113,
        221
      ],
      "magnitude": 0.3448442816734314,
      "direction": [
        -0.5658585429191589,
        -0.8245023488998413
      ]
    },
    {
      "coordinates": [
        136,
        221
      ],
      "magnitude": 0.3392687737941742,
      "direction": [
        -0.5214806795120239,
        -0.8532630801200867
      ]
    },
    {
      "coordinates": [
        159,
        221
      ],
      "magnitude": 0.2251085340976715,
      "direction": [
        -0.6775434613227844,
        -0.7354826927185059
      ]
    },
    {
      "coordinates": [
        182,
        221
      ],
      "magnitude": 0.40408602356910706,
      "direction": [
        -0.5557765364646912,
        -0.831331729888916
      ]
    },
    {
      "coordinates": [
        205,
        221
      ],
      "magnitude": 0.45093509554862976,
      "direction": [
        -0.26073533296585083,
        -0.9654102921485901
      ]
    },
    {
      "coordinates": [
        227,
        221
      ],
      "magnitude": 0.3184371590614319,
      "direction": [
        -0.2898184657096863,
        -0.9570816159248352
      ]
    },
    {
      "coordinates": [
        250,
        221
      ],
      "magnitude": 0.29363778233528137,
      "direction": [
        -0.15861746668815613,
        -0.9873400926589966
      ]
    },
    {
      "coordinates": [
        273,
        221
      ],
      "magnitude": 0.25780272483825684,
      "direction": [
        -0.7167816162109375,
        -0.6972977519035339
      ]
    },
    {
      "coordinates": [
        296,
        221
      ],
      "magnitude": 0.29578903317451477,
      "direction": [
        0.09082008898258209,
        -0.9958673119544983
      ]
    },
    {
      "coordinates": [
        319,
        221
      ],
      "magnitude": 0.25291481614112854,
      "direction": [
        0.07508467882871628,
        -0.9971771240234375
      ]
    },
    {
      "coordinates": [
        0,
        239
      ],
      "magnitude": 0.2581879794597626,
      "direction": [
        0.9220083951950073,
        -0.38716989755630493
      ]
    },
    {
      "coordinates": [
        22,
        239
      ],
      "magnitude": 0.38094112277030945,
      "direction": [
        0.5582217574119568,
        -0.8296918272972107
      ]
    },
    {
      "coordinates": [
        45,
        239
      ],
      "magnitude": 0.2277929186820984,
      "direction": [
        0.19086907804012299,
        -0.9816155433654785
      ]
    },
    {
      "coordinates": [
        68,
        239
      ],
      "magnitude": 0.19758036732673645,
      "direction": [
        -0.040448613464832306,
        -0.9991815686225891
      ]
    },
    {
      "coordinates": [
        91,
        239
      ],
      "magnitude": 0.465355783700943,
      "direction": [
        -0.26147758960723877,
        -0.9652095437049866
      ]
    },
    {
      "coordinates": [
        113,
        239
      ],
      "magnitude": 0.2863391935825348,
      "direction": [
        -0.36345192790031433,
        -0.9316129684448242
      ]
    },
    {
      "coordinates": [
        136,
        239
      ],
      "magnitude": 0.2914569675922394,
      "direction": [
        -0.7473825812339783,
        -0.6643939018249512
      ]
    },
    {
      "coordinates": [
        159,
        239
      ],
      "magnitude": 0.35662293434143066,
      "direction": [
        -0.5917083024978638,
        -0.8061521053314209
      ]
    },
    {
      "coordinates": [
        182,
        239
      ],
      "magnitude": 0.42647290229797363,
      "direction": [
        -0.16338378190994263,
        -0.9865626096725464
      ]
    },
    {
      "coordinates": [
        205,
        239
      ],
      "magnitude": 0.51080721616745,
      "direction": [
        -0.3182772397994995,
        -0.9479977488517761
      ]
    },
    {
      "coordinates": [
        227,
        239
      ],
      "magnitude": 0.4346272349357605,
      "direction": [
        -0.009782499633729458,
        -0.9999521374702454
      ]
    },
    {
      "coordinates": [
        250,
        239
      ],
      "magnitude": 0.24007830023765564,
      "direction": [
        -0.06695448607206345,
        -0.9977560639381409
      ]
    },
    {
      "coordinates": [
        273,
        239
      ],
      "magnitude": 0.270413339138031,
      "direction": [
        0.6452451944351196,
        -0.7639755606651306
      ]
    },
    {
      "coordinates": [
        296,
        239
      ],
      "magnitude": 0.3118616044521332,
      "direction": [
        0.3249884843826294,
        -0.9457179307937622
      ]
    },
    {
      "coordinates": [
        319,
        239
      ],
      "magnitude": 0.421819269657135,
      "direction": [
        0.36834031343460083,
        -0.9296910762786865
      ]
    }
  ]
}