{
  "recording_timestamp": 1756817379.4984634,
  "mean_fz": -1.1053,
  "peak_intensity": 0.534,
  "deformation_mesh": [
    {
      "coordinates": [
        0,
        0
      ],
      "magnitude": 1.320267677307129,
      "direction": [
        -0.4135691225528717,
        -0.9104727506637573
      ]
    },
    {
      "coordinates": [
        22,
        0
      ],
      "magnitude": 1.5184115171432495,
      "direction": [
        -0.3968307375907898,
        -0.9178918600082397
      ]
    },
    {
      "coordinates": [
        45,
        0
      ],
      "magnitude": 1.2563260793685913,
      "direction": [
        -0.23661212623119354,
        -0.9716041684150696
      ]
    },
    {
      "coordinates": [
        68,
        0
      ],
      "magnitude": 1.6849627494812012,
      "direction": [
        -0.49647200107574463,
        -0.8680527806282043
      ]
    },
    {
      "coordinates": [
        91,
        0
      ],
      "magnitude": 1.3577241897583008,
      "direction": [
        -0.30978289246559143,
        -0.9508073329925537
      ]
    },
    {
      "coordinates": [
        113,
        0
      ],
      "magnitude": 1.6803525686264038,
      "direction": [
        -0.21709252893924713,
        -0.9761509895324707
      ]
    },
    {
      "coordinates": [
        136,
        0
      ],
      "magnitude": 1.5290175676345825,
      "direction": [
        0.12345388531684875,
        -0.9923503398895264
      ]
    },
    {
      "coordinates": [
        159,
        0
      ],
      "magnitude": 1.6582850217819214,
      "direction": [
        0.24883109331130981,
        -0.9685468673706055
      ]
    },
    {
      "coordinates": [
        182,
        0
      ],
      "magnitude": 1.3201979398727417,
      "direction": [
        0.4056413173675537,
        -0.9140323996543884
      ]
    },
    {
      "coordinates": [
        205,
        0
      ],
      "magnitude": 1.4340428113937378,
      "direction": [
        0.2999364137649536,
        -0.9539591670036316
      ]
    },
    {
      "coordinates": [
        227,
        0
      ],
      "magnitude": 1.38663649559021,
      "direction": [
        0.19939512014389038,
        -0.9799191951751709
      ]
    },
    {
      "coordinates": [
        250,
        0
      ],
      "magnitude": 1.3358347415924072,
      "direction": [
        0.6532611846923828,
        -0.7571325898170471
      ]
    },
    {
      "coordinates": [
        273,
        0
      ],
      "magnitude": 1.1646506786346436,
      "direction": [
        0.6918465495109558,
        -0.7220445275306702
      ]
    },
    {
      "coordinates": [
        296,
        0
      ],
      "magnitude": 1.1949307918548584,
      "direction": [
        0.6520190238952637,
        -0.7582025527954102
      ]
    },
    {
      "coordinates": [
        319,
        0
      ],
      "magnitude": 1.3214107751846313,
      "direction": [
        0.5814055800437927,
        -0.8136138916015625
      ]
    },
    {
      "coordinates": [
        0,
        17
      ],
      "magnitude": 1.2237896919250488,
      "direction": [
        -0.601464033126831,
        -0.79889976978302
      ]
    },
    {
      "coordinates": [
        22,
        17
      ],
      "magnitude": 1.5118893384933472,
      "direction": [
        -0.49113205075263977,
        -0.8710851669311523
      ]
    },
    {
      "coordinates": [
        45,
        17
      ],
      "magnitude": 1.5267512798309326,
      "direction": [
        -0.43766120076179504,
        -0.8991400003433228
      ]
    },
    {
      "coordinates": [
        68,
        17
      ],
      "magnitude": 1.8530253171920776,
      "direction": [
        -0.5464401245117188,
        -0.8374981880187988
      ]
    },
    {
      "coordinates": [
        91,
        17
      ],
      "magnitude": 1.5775701999664307,
      "direction": [
        -0.33233436942100525,
        -0.94316166639328
      ]
    },
    {
      "coordinates": [
        113,
        17
      ],
      "magnitude": 1.826759934425354,
      "direction": [
        -0.4786103367805481,
        -0.8780274391174316
      ]
    },
    {
      "coordinates": [
        136,
        17
      ],
      "magnitude": 1.5151211023330688,
      "direction": [
        -0.047303687781095505,
        -0.9988805651664734
      ]
    },
    {
      "coordinates": [
        159,
        17
      ],
      "magnitude": 1.5769613981246948,
      "direction": [
        0.28463509678840637,
        -0.9586359262466431
      ]
    },
    {
      "coordinates": [
        182,
        17
      ],
      "magnitude": 1.5800676345825195,
      "direction": [
        0.4419781267642975,
        -0.8970258235931396
      ]
    },
    {
      "coordinates": [
        205,
        17
      ],
      "magnitude": 1.3842500448226929,
      "direction": [
        0.41361695528030396,
        -0.9104509949684143
      ]
    },
    {
      "coordinates": [
        227,
        17
      ],
      "magnitude": 1.3983266353607178,
      "direction": [
        0.45796483755111694,
        -0.8889703154563904
      ]
    },
    {
      "coordinates": [
        250,
        17
      ],
      "magnitude": 1.5197430849075317,
      "direction": [
        0.5368707776069641,
        -0.8436645269393921
      ]
    },
    {
      "coordinates": [
        273,
        17
      ],
      "magnitude": 1.1493268013000488,
      "direction": [
        0.6664045453071594,
        -0.745590329170227
      ]
    },
    {
      "coordinates": [
        296,
        17
      ],
      "magnitude": 1.3144105672836304,
      "direction": [
        0.7404482364654541,
        -0.6721133589744568
      ]
    },
    {
      "coordinates": [
        319,
        17
      ],
      "magnitude": 1.3781968355178833,
      "direction": [
        0.7109336853027344,
        -0.7032591104507446
      ]
    },
    {
      "coordinates": [
        0,
        34
      ],
      "magnitude": 1.294554591178894,
      "direction": [
        -0.7164982557296753,
        -0.6975888609886169
      ]
    },
    {
      "coordinates": [
        22,
        34
      ],
      "magnitude": 1.4258419275283813,
      "direction": [
        -0.5738595724105835,
        -0.8189537525177002
      ]
    },
    {
      "coordinates": [
        45,
        34
      ],
      "magnitude": 1.3933278322219849,
      "direction": [
        -0.3911581337451935,
        -0.9203234314918518
      ]
    },
    {
      "coordinates": [
        68,
        34
      ],
      "magnitude": 1.4850327968597412,
      "direction": [
        -0.4374345541000366,
        -0.8992502093315125
      ]
    },
    {
      "coordinates": [
        91,
        34
      ],
      "magnitude": 1.6987318992614746,
      "direction": [
        -0.3410830795764923,
        -0.9400331974029541
      ]
    },
    {
      "coordinates": [
        113,
        34
      ],
      "magnitude": 1.9953652620315552,
      "direction": [
        -0.27215155959129333,
        -0.9622543454170227
      ]
    },
    {
      "coordinates": [
        136,
        34
      ],
      "magnitude": 1.7386127710342407,
      "direction": [
        0.0029168403707444668,
        -0.999995768070221
      ]
    },
    {
      "coordinates": [
        159,
        34
      ],
      "magnitude": 1.5384081602096558,
      "direction": [
        0.24055786430835724,
        -0.9706348180770874
      ]
    },
    {
      "coordinates": [
        182,
        34
      ],
      "magnitude": 1.681640625,
      "direction": [
        0.4866631329059601,
        -0.8735897541046143
      ]
    },
    {
      "coordinates": [
        205,
        34
      ],
      "magnitude": 1.3737133741378784,
      "direction": [
        0.5296033620834351,
        -0.8482454419136047
      ]
    },
    {
      "coordinates": [
        227,
        34
      ],
      "magnitude": 1.3253076076507568,
      "direction": [
        0.5747019648551941,
        -0.8183627128601074
      ]
    },
    {
      "coordinates": [
        250,
        34
      ],
      "magnitude": 1.3821532726287842,
      "direction": [
        0.5600572824478149,
        -0.8284538984298706
      ]
    },
    {
      "coordinates": [
        273,
        34
      ],
      "magnitude": 1.1622053384780884,
      "direction": [
        0.636652946472168,
        -0.771150529384613
      ]
    },
    {
      "coordinates": [
        296,
        34
      ],
      "magnitude": 1.314080834388733,
      "direction": [
        0.7532503008842468,
        -0.6577339768409729
      ]
    },
    {
      "coordinates": [
        319,
        34
      ],
      "magnitude": 1.1486762762069702,
      "direction": [
        0.7742088437080383,
        -0.6329302191734314
      ]
    },
    {
      "coordinates": [
        0,
        51
      ],
      "magnitude": 1.0938135385513306,
      "direction": [
        -0.7104825377464294,
        -0.7037147283554077
      ]
    },
    {
      "coordinates": [
        22,
        51
      ],
      "magnitude": 1.2513916492462158,
      "direction": [
        -0.5705539584159851,
        -0.8212601542472839
      ]
    },
    {
      "coordinates": [
        45,
        51
      ],
      "magnitude": 1.5723271369934082,
      "direction": [
        -0.5713720321655273,
        -0.8206911683082581
      ]
    },
    {
      "coordinates": [
        68,
        51
      ],
      "magnitude": 1.5439459085464478,
      "direction": [
        -0.4928268492221832,
        -0.8701273798942566
      ]
    },
    {
      "coordinates": [
        91,
        51
      ],
      "magnitude": 1.7673205137252808,
      "direction": [
        -0.3246680200099945,
        -0.9458280205726624
      ]
    },
    {
      "coordinates": [
        113,
        51
      ],
      "magnitude": 2.060955286026001,
      "direction": [
        -0.18965892493724823,
        -0.9818500876426697
      ]
    },
    {
      "coordinates": [
        136,
        51
      ],
      "magnitude": 1.7952386140823364,
      "direction": [
        0.12436702847480774,
        -0.992236316204071
      ]
    },
    {
      "coordinates": [
        159,
        51
      ],
      "magnitude": 1.8067487478256226,
      "direction": [
        0.23294655978679657,
        -0.972489595413208
      ]
    },
    {
      "coordinates": [
        182,
        51
      ],
      "magnitude": 1.6732441186904907,
      "direction": [
        0.35480138659477234,
        -0.9349416494369507
      ]
    },
    {
      "coordinates": [
        205,
        51
      ],
      "magnitude": 1.2921165227890015,
      "direction": [
        0.666122317314148,
        -0.7458423972129822
      ]
    },
    {
      "coordinates": [
        227,
        51
      ],
      "magnitude": 1.3864609003067017,
      "direction": [
        0.6110702157020569,
        -0.7915763854980469
      ]
    },
    {
      "coordinates": [
        250,
        51
      ],
      "magnitude": 1.3074989318847656,
      "direction": [
        0.5893723368644714,
        -0.8078615665435791
      ]
    },
    {
      "coordinates": [
        273,
        51
      ],
      "magnitude": 0.9607394337654114,
      "direction": [
        0.558905303478241,
        -0.8292314410209656
      ]
    },
    {
      "coordinates": [
        296,
        51
      ],
      "magnitude": 1.0144082307815552,
      "direction": [
        0.7624689936637878,
        -0.6470246911048889
      ]
    },
    {
      "coordinates": [
        319,
        51
      ],
      "magnitude": 0.9228225350379944,
      "direction": [
        0.8147708177566528,
        -0.5797832608222961
      ]
    },
    {
      "coordinates": [
        0,
        68
      ],
      "magnitude": 1.088164210319519,
      "direction": [
        -0.929818868637085,
        -0.36801743507385254
      ]
    },
    {
      "coordinates": [
        22,
        68
      ],
      "magnitude": 1.3227654695510864,
      "direction": [
        -0.7511241436004639,
        -0.6601609587669373
      ]
    },
    {
      "coordinates": [
        45,
        68
      ],
      "magnitude": 1.3016659021377563,
      "direction": [
        -0.7356322407722473,
        -0.6773810386657715
      ]
    },
    {
      "coordinates": [
        68,
        68
      ],
      "magnitude": 1.5136531591415405,
      "direction": [
        -0.5058070421218872,
        -0.8626465797424316
      ]
    },
    {
      "coordinates": [
        91,
        68
      ],
      "magnitude": 1.881069302558899,
      "direction": [
        -0.3691325783729553,
        -0.9293767809867859
      ]
    },
    {
      "coordinates": [
        113,
        68
      ],
      "magnitude": 2.0733864307403564,
      "direction": [
        -0.23281288146972656,
        -0.9725215435028076
      ]
    },
    {
      "coordinates": [
        136,
        68
      ],
      "magnitude": 2.0828540325164795,
      "direction": [
        0.07738058269023895,
        -0.9970016479492188
      ]
    },
    {
      "coordinates": [
        159,
        68
      ],
      "magnitude": 1.8607670068740845,
      "direction": [
        0.31193146109580994,
        -0.9501046538352966
      ]
    },
    {
      "coordinates": [
        182,
        68
      ],
      "magnitude": 1.798966407775879,
      "direction": [
        0.5664488077163696,
        -0.8240969777107239
      ]
    },
    {
      "coordinates": [
        205,
        68
      ],
      "magnitude": 1.310896396636963,
      "direction": [
        0.8349548578262329,
        -0.5503185391426086
      ]
    },
    {
      "coordinates": [
        227,
        68
      ],
      "magnitude": 1.3192838430404663,
      "direction": [
        0.6109961867332458,
        -0.7916335463523865
      ]
    },
    {
      "coordinates": [
        250,
        68
      ],
      "magnitude": 1.2603812217712402,
      "direction": [
        0.6432670950889587,
        -0.7656419277191162
      ]
    },
    {
      "coordinates": [
        273,
        68
      ],
      "magnitude": 0.9956954121589661,
      "direction": [
        0.8277472257614136,
        -0.5611011385917664
      ]
    },
    {
      "coordinates": [
        296,
        68
      ],
      "magnitude": 0.9292023181915283,
      "direction": [
        0.7648760676383972,
        -0.6441774368286133
      ]
    },
    {
      "coordinates": [
        319,
        68
      ],
      "magnitude": 0.9899376630783081,
      "direction": [
        0.871673583984375,
        -0.4900868833065033
      ]
    },
    {
      "coordinates": [
        0,
        85
      ],
      "magnitude": 1.3426806926727295,
      "direction": [
        -0.9119585752487183,
        -0.4102821946144104
      ]
    },
    {
      "coordinates": [
        22,
        85
      ],
      "magnitude": 1.4954174757003784,
      "direction": [
        -0.8216466307640076,
        -0.5699973106384277
      ]
    },
    {
      "coordinates": [
        45,
        85
      ],
      "magnitude": 1.4556729793548584,
      "direction": [
        -0.7654262185096741,
        -0.6435236930847168
      ]
    },
    {
      "coordinates": [
        68,
        85
      ],
      "magnitude": 1.7056567668914795,
      "direction": [
        -0.6717076897621155,
        -0.7408163547515869
      ]
    },
    {
      "coordinates": [
        91,
        85
      ],
      "magnitude": 2.338193416595459,
      "direction": [
        -0.4870334565639496,
        -0.8733832836151123
      ]
    },
    {
      "coordinates": [
        113,
        85
      ],
      "magnitude": 2.5956099033355713,
      "direction": [
        -0.31503739953041077,
        -0.9490792155265808
      ]
    },
    {
      "coordinates": [
        136,
        85
      ],
      "magnitude": 2.630000114440918,
      "direction": [
        0.12893454730510712,
        -0.9916530847549438
      ]
    },
    {
      "coordinates": [
        159,
        85
      ],
      "magnitude": 2.141444683074951,
      "direction": [
        0.5542347431182861,
        -0.8323603272438049
      ]
    },
    {
      "coordinates": [
        182,
        85
      ],
      "magnitude": 2.025916337966919,
      "direction": [
        0.618184506893158,
        -0.7860329747200012
      ]
    },
    {
      "coordinates": [
        205,
        85
      ],
      "magnitude": 1.8140361309051514,
      "direction": [
        0.7683938145637512,
        -0.639977216720581
      ]
    },
    {
      "coordinates": [
        227,
        85
      ],
      "magnitude": 1.3606297969818115,
      "direction": [
        0.7508991956710815,
        -0.660416841506958
      ]
    },
    {
      "coordinates": [
        250,
        85
      ],
      "magnitude": 1.2231522798538208,
      "direction": [
        0.7971157431602478,
        -0.6038265228271484
      ]
    },
    {
      "coordinates": [
        273,
        85
      ],
      "magnitude": 1.1990281343460083,
      "direction": [
        0.8168834447860718,
        -0.5768029093742371
      ]
    },
    {
      "coordinates": [
        296,
        85
      ],
      "magnitude": 0.9011934399604797,
      "direction": [
        0.8805437088012695,
        -0.47396501898765564
      ]
    },
    {
      "coordinates": [
        319,
        85
      ],
      "magnitude": 1.0272414684295654,
      "direction": [
        0.9664400815963745,
        -0.25689223408699036
      ]
    },
    {
      "coordinates": [
        0,
        102
      ],
      "magnitude": 1.6214512586593628,
      "direction": [
        -0.8914104104042053,
        -0.4531969726085663
      ]
    },
    {
      "coordinates": [
        22,
        102
      ],
      "magnitude": 1.267459750175476,
      "direction": [
        -0.8296316862106323,
        -0.5583111047744751
      ]
    },
    {
      "coordinates": [
        45,
        102
      ],
      "magnitude": 1.3220142126083374,
      "direction": [
        -0.777010977268219,
        -0.6294870376586914
      ]
    },
    {
      "coordinates": [
        68,
        102
      ],
      "magnitude": 2.0181503295898438,
      "direction": [
        -0.796055257320404,
        -0.6052238941192627
      ]
    },
    {
      "coordinates": [
        91,
        102
      ],
      "magnitude": 2.8233847618103027,
      "direction": [
        -0.6651355028152466,
        -0.7467225790023804
      ]
    },
    {
      "coordinates": [
        113,
        102
      ],
      "magnitude": 3.489190101623535,
      "direction": [
        -0.3695918917655945,
        -0.9291941523551941
      ]
    },
    {
      "coordinates": [
        136,
        102
      ],
      "magnitude": 3.5255544185638428,
      "direction": [
        0.30697980523109436,
        -0.9517160058021545
      ]
    },
    {
      "coordinates": [
        159,
        102
      ],
      "magnitude": 2.7209677696228027,
      "direction": [
        0.7203239798545837,
        -0.6936377882957458
      ]
    },
    {
      "coordinates": [
        182,
        102
      ],
      "magnitude": 2.2699265480041504,
      "direction": [
        0.8027562499046326,
        -0.5963073968887329
      ]
    },
    {
      "coordinates": [
        205,
        102
      ],
      "magnitude": 1.7300605773925781,
      "direction": [
        0.8653891086578369,
        -0.5011004209518433
      ]
    },
    {
      "coordinates": [
        227,
        102
      ],
      "magnitude": 1.3214691877365112,
      "direction": [
        0.8520058393478394,
        -0.5235322117805481
      ]
    },
    {
      "coordinates": [
        250,
        102
      ],
      "magnitude": 1.0659278631210327,
      "direction": [
        0.9381016492843628,
        -0.34635990858078003
      ]
    },
    {
      "coordinates": [
        273,
        102
      ],
      "magnitude": 1.1500133275985718,
      "direction": [
        0.8947104811668396,
        -0.4466465413570404
      ]
    },
    {
      "coordinates": [
        296,
        102
      ],
      "magnitude": 1.083434820175171,
      "direction": [
        0.9253307580947876,
        -0.3791608512401581
      ]
    },
    {
      "coordinates": [
        319,
        102
      ],
      "magnitude": 1.14545476436615,
      "direction": [
        0.9970182180404663,
        -0.07716568559408188
      ]
    },
    {
      "coordinates": [
        0,
        119
      ],
      "magnitude": 1.3492448329925537,
      "direction": [
        -0.9362413883209229,
        -0.3513574004173279
      ]
    },
    {
      "coordinates": [
        22,
        119
      ],
      "magnitude": 1.2760722637176514,
      "direction": [
        -0.8955007791519165,
        -0.4450599253177643
      ]
    },
    {
      "coordinates": [
        45,
        119
      ],
      "magnitude": 1.3793237209320068,
      "direction": [
        -0.8858820199966431,
        -0.4639104902744293
      ]
    },
    {
      "coordinates": [
        68,
        119
      ],
      "magnitude": 2.012860059738159,
      "direction": [
        -0.8458836078643799,
        -0.5333675146102905
      ]
    },
    {
      "coordinates": [
        91,
        119
      ],
      "magnitude": 3.0770761966705322,
      "direction": [
        -0.8545262217521667,
        -0.5194083452224731
      ]
    },
    {
      "coordinates": [
        113,
        119
      ],
      "magnitude": 4.186065196990967,
      "direction": [
        -0.6003576517105103,
        -0.7997315526008606
      ]
    },
    {
      "coordinates": [
        136,
        119
      ],
      "magnitude": 4.707485675811768,
      "direction": [
        0.6204429864883423,
        -0.7842515707015991
      ]
    },
    {
      "coordinates": [
        159,
        119
      ],
      "magnitude": 3.8577158451080322,
      "direction": [
        0.8879392743110657,
        -0.4599606692790985
      ]
    },
    {
      "coordinates": [
        182,
        119
      ],
      "magnitude": 2.452155828475952,
      "direction": [
        0.9258805513381958,
        -0.37781640887260437
      ]
    },
    {
      "coordinates": [
        205,
        119
      ],
      "magnitude": 1.6390365362167358,
      "direction": [
        0.975044846534729,
        -0.2220078855752945
      ]
    },
    {
      "coordinates": [
        227,
        119
      ],
      "magnitude": 1.4491024017333984,
      "direction": [
        0.9256073832511902,
        -0.3784850537776947
      ]
    },
    {
      "coordinates": [
        250,
        119
      ],
      "magnitude": 1.2775084972381592,
      "direction": [
        0.9694411158561707,
        -0.24532422423362732
      ]
    },
    {
      "coordinates": [
        273,
        119
      ],
      "magnitude": 1.2273253202438354,
      "direction": [
        0.9547403454780579,
        -0.2974403500556946
      ]
    },
    {
      "coordinates": [
        296,
        119
      ],
      "magnitude": 1.2926957607269287,
      "direction": [
        0.9316299557685852,
        -0.36340823769569397
      ]
    },
    {
      "coordinates": [
        319,
        119
      ],
      "magnitude": 0.9064207077026367,
      "direction": [
        0.9447441697120667,
        -0.32780855894088745
      ]
    },
    {
      "coordinates": [
        0,
        136
      ],
      "magnitude": 1.4559812545776367,
      "direction": [
        -0.9973491430282593,
        -0.07276518642902374
      ]
    },
    {
      "coordinates": [
        22,
        136
      ],
      "magnitude": 1.3309435844421387,
      "direction": [
        -0.9772441983222961,
        -0.2121172398328781
      ]
    },
    {
      "coordinates": [
        45,
        136
      ],
      "magnitude": 1.3139266967773438,
      "direction": [
        -0.9723026156425476,
        -0.2337256371974945
      ]
    },
    {
      "coordinates": [
        68,
        136
      ],
      "magnitude": 1.9489582777023315,
      "direction": [
        -0.9234201908111572,
        -0.3837905526161194
      ]
    },
    {
      "coordinates": [
        91,
        136
      ],
      "magnitude": 3.1459686756134033,
      "direction": [
        -0.9994596242904663,
        -0.03286929428577423
      ]
    },
    {
      "coordinates": [
        113,
        136
      ],
      "magnitude": 4.165996074676514,
      "direction": [
        -0.9936763644218445,
        0.11228196322917938
      ]
    },
    {
      "coordinates": [
        136,
        136
      ],
      "magnitude": 3.1817235946655273,
      "direction": [
        0.950053870677948,
        0.3120860755443573
      ]
    },
    {
      "coordinates": [
        159,
        136
      ],
      "magnitude": 3.792262315750122,
      "direction": [
        0.9855146408081055,
        0.16959050297737122
      ]
    },
    {
      "coordinates": [
        182,
        136
      ],
      "magnitude": 2.472222328186035,
      "direction": [
        0.9997153878211975,
        0.02385515347123146
      ]
    },
    {
      "coordinates": [
        205,
        136
      ],
      "magnitude": 1.5870755910873413,
      "direction": [
        0.9999330639839172,
        0.011572406627237797
      ]
    },
    {
      "coordinates": [
        227,
        136
      ],
      "magnitude": 1.6681913137435913,
      "direction": [
        0.993638813495636,
        -0.11261395364999771
      ]
    },
    {
      "coordinates": [
        250,
        136
      ],
      "magnitude": 1.3359346389770508,
      "direction": [
        0.9697146415710449,
        -0.2442409098148346
      ]
    },
    {
      "coordinates": [
        273,
        136
      ],
      "magnitude": 1.2218377590179443,
      "direction": [
        0.962222695350647,
        -0.2722633183002472
      ]
    },
    {
      "coordinates": [
        296,
        136
      ],
      "magnitude": 1.1531444787979126,
      "direction": [
        0.976905345916748,
        -0.21367226541042328
      ]
    },
    {
      "coordinates": [
        319,
        136
      ],
      "magnitude": 0.929591178894043,
      "direction": [
        0.9889403581619263,
        -0.14831407368183136
      ]
    },
    {
      "coordinates": [
        0,
        153
      ],
      "magnitude": 1.1108778715133667,
      "direction": [
        -0.9845957159996033,
        0.17484599351882935
      ]
    },
    {
      "coordinates": [
        22,
        153
      ],
      "magnitude": 0.9540635347366333,
      "direction": [
        -0.9935792088508606,
        -0.11313917487859726
      ]
    },
    {
      "coordinates": [
        45,
        153
      ],
      "magnitude": 1.1393072605133057,
      "direction": [
        -0.9993177056312561,
        0.036934152245521545
      ]
    },
    {
      "coordinates": [
        68,
        153
      ],
      "magnitude": 1.9464247226715088,
      "direction": [
        -0.9999014139175415,
        0.014041258953511715
      ]
    },
    {
      "coordinates": [
        91,
        153
      ],
      "magnitude": 2.5364670753479004,
      "direction": [
        -0.9054127931594849,
        0.42453238368034363
      ]
    },
    {
      "coordinates": [
        113,
        153
      ],
      "magnitude": 3.578101634979248,
      "direction": [
        -0.5990417003631592,
        0.8007177710533142
      ]
    },
    {
      "coordinates": [
        136,
        153
      ],
      "magnitude": 3.547032356262207,
      "direction": [
        0.5951163172721863,
        0.8036395311355591
      ]
    },
    {
      "coordinates": [
        159,
        153
      ],
      "magnitude": 3.358832359313965,
      "direction": [
        0.8654230833053589,
        0.5010418891906738
      ]
    },
    {
      "coordinates": [
        182,
        153
      ],
      "magnitude": 2.139214277267456,
      "direction": [
        0.9700735211372375,
        0.24281145632266998
      ]
    },
    {
      "coordinates": [
        205,
        153
      ],
      "magnitude": 1.602327823638916,
      "direction": [
        0.9640114903450012,
        0.26586055755615234
      ]
    },
    {
      "coordinates": [
        227,
        153
      ],
      "magnitude": 1.3929744958877563,
      "direction": [
        0.9995872378349304,
        0.02872980199754238
      ]
    },
    {
      "coordinates": [
        250,
        153
      ],
      "magnitude": 1.3184590339660645,
      "direction": [
        0.9986184239387512,
        0.05254782736301422
      ]
    },
    {
      "coordinates": [
        273,
        153
      ],
      "magnitude": 1.1248247623443604,
      "direction": [
        0.9976766109466553,
        -0.06812762469053268
      ]
    },
    {
      "coordinates": [
        296,
        153
      ],
      "magnitude": 1.0603820085525513,
      "direction": [
        0.9955776929855347,
        -0.09394127130508423
      ]
    },
    {
      "coordinates": [
        319,
        153
      ],
      "magnitude": 0.902259111404419,
      "direction": [
        0.9998660683631897,
        0.016365421935915947
      ]
    },
    {
      "coordinates": [
        0,
        170
      ],
      "magnitude": 1.2084803581237793,
      "direction": [
        -0.984062671661377,
        0.1778218299150467
      ]
    },
    {
      "coordinates": [
        22,
        170
      ],
      "magnitude": 1.1115893125534058,
      "direction": [
        -0.9862188696861267,
        0.16544649004936218
      ]
    },
    {
      "coordinates": [
        45,
        170
      ],
      "magnitude": 0.9414096474647522,
      "direction": [
        -0.9052639007568359,
        0.42484965920448303
      ]
    },
    {
      "coordinates": [
        68,
        170
      ],
      "magnitude": 1.589544653892517,
      "direction": [
        -0.8928745985031128,
        0.4503052830696106
      ]
    },
    {
      "coordinates": [
        91,
        170
      ],
      "magnitude": 2.308192729949951,
      "direction": [
        -0.7740619778633118,
        0.6331098675727844
      ]
    },
    {
      "coordinates": [
        113,
        170
      ],
      "magnitude": 2.6780171394348145,
      "direction": [
        -0.39248400926589966,
        0.9197588562965393
      ]
    },
    {
      "coordinates": [
        136,
        170
      ],
      "magnitude": 2.6209845542907715,
      "direction": [
        0.3238227069377899,
        0.9461178183555603
      ]
    },
    {
      "coordinates": [
        159,
        170
      ],
      "magnitude": 2.1684718132019043,
      "direction": [
        0.7219497561454773,
        0.6919456124305725
      ]
    },
    {
      "coordinates": [
        182,
        170
      ],
      "magnitude": 1.7972675561904907,
      "direction": [
        0.8383633494377136,
        0.545111894607544
      ]
    },
    {
      "coordinates": [
        205,
        170
      ],
      "magnitude": 1.4927490949630737,
      "direction": [
        0.9378966689109802,
        0.3469145894050598
      ]
    },
    {
      "coordinates": [
        227,
        170
      ],
      "magnitude": 1.363256573677063,
      "direction": [
        0.950575590133667,
        0.3104931712150574
      ]
    },
    {
      "coordinates": [
        250,
        170
      ],
      "magnitude": 1.223629117012024,
      "direction": [
        0.9932774305343628,
        0.11575757712125778
      ]
    },
    {
      "coordinates": [
        273,
        170
      ],
      "magnitude": 1.0175306797027588,
      "direction": [
        0.9852399230003357,
        0.17117923498153687
      ]
    },
    {
      "coordinates": [
        296,
        170
      ],
      "magnitude": 1.1046444177627563,
      "direction": [
        0.997962236404419,
        0.06380674242973328
      ]
    },
    {
      "coordinates": [
        319,
        170
      ],
      "magnitude": 0.9776825904846191,
      "direction": [
        0.9918050765991211,
        0.1277603656053543
      ]
    },
    {
      "coordinates": [
        0,
        187
      ],
      "magnitude": 1.2238503694534302,
      "direction": [
        -0.9857153296470642,
        0.16842015087604523
      ]
    },
    {
      "coordinates": [
        22,
        187
      ],
      "magnitude": 1.1695796251296997,
      "direction": [
        -0.9879182577133179,
        0.1549762487411499
      ]
    },
    {
      "coordinates": [
        45,
        187
      ],
      "magnitude": 1.1574597358703613,
      "direction": [
        -0.9634793996810913,
        0.2677825093269348
      ]
    },
    {
      "coordinates": [
        68,
        187
      ],
      "magnitude": 1.3312106132507324,
      "direction": [
        -0.9222573041915894,
        0.38657668232917786
      ]
    },
    {
      "coordinates": [
        91,
        187
      ],
      "magnitude": 1.9863415956497192,
      "direction": [
        -0.6713094711303711,
        0.7411771416664124
      ]
    },
    {
      "coordinates": [
        113,
        187
      ],
      "magnitude": 1.7909610271453857,
      "direction": [
        -0.23847369849681854,
        0.9711489081382751
      ]
    },
    {
      "coordinates": [
        136,
        187
      ],
      "magnitude": 1.9620428085327148,
      "direction": [
        0.17650631070137024,
        0.9842994809150696
      ]
    },
    {
      "coordinates": [
        159,
        187
      ],
      "magnitude": 1.5855509042739868,
      "direction": [
        0.41755640506744385,
        0.9086509943008423
      ]
    },
    {
      "coordinates": [
        182,
        187
      ],
      "magnitude": 1.4072597026824951,
      "direction": [
        0.7642495632171631,
        0.6449205875396729
      ]
    },
    {
      "coordinates": [
        205,
        187
      ],
      "magnitude": 1.4637497663497925,
      "direction": [
        0.9396079182624817,
        0.3422527611255646
      ]
    },
    {
      "coordinates": [
        227,
        187
      ],
      "magnitude": 1.2399696111679077,
      "direction": [
        0.900923490524292,
        0.43397796154022217
      ]
    },
    {
      "coordinates": [
        250,
        187
      ],
      "magnitude": 0.8839975595474243,
      "direction": [
        0.998216450214386,
        0.05969937890768051
      ]
    },
    {
      "coordinates": [
        273,
        187
      ],
      "magnitude": 1.01578950881958,
      "direction": [
        0.973601222038269,
        0.22825558483600616
      ]
    },
    {
      "coordinates": [
        296,
        187
      ],
      "magnitude": 1.035184621810913,
      "direction": [
        0.9988172054290771,
        0.0486212857067585
      ]
    },
    {
      "coordinates": [
        319,
        187
      ],
      "magnitude": 0.9497967958450317,
      "direction": [
        0.9978166818618774,
        0.06604412198066711
      ]
    },
    {
      "coordinates": [
        0,
        204
      ],
      "magnitude": 1.1044046878814697,
      "direction": [
        -0.9899464845657349,
        0.14144274592399597
      ]
    },
    {
      "coordinates": [
        22,
        204
      ],
      "magnitude": 1.2108620405197144,
      "direction": [
        -0.9261932373046875,
        0.3770492672920227
      ]
    },
    {
      "coordinates": [
        45,
        204
      ],
      "magnitude": 1.143266201019287,
      "direction": [
        -0.9604466557502747,
        0.27846404910087585
      ]
    },
    {
      "coordinates": [
        68,
        204
      ],
      "magnitude": 1.193554401397705,
      "direction": [
        -0.8725950717926025,
        0.4884442687034607
      ]
    },
    {
      "coordinates": [
        91,
        204
      ],
      "magnitude": 1.2876707315444946,
      "direction": [
        -0.7591880559921265,
        0.6508713364601135
      ]
    },
    {
      "coordinates": [
        113,
        204
      ],
      "magnitude": 1.368848443031311,
      "direction": [
        -0.3192448019981384,
        0.9476723074913025
      ]
    },
    {
      "coordinates": [
        136,
        204
      ],
      "magnitude": 1.416475534439087,
      "direction": [
        0.1031615361571312,
        0.9946646690368652
      ]
    },
    {
      "coordinates": [
        159,
        204
      ],
      "magnitude": 1.321956992149353,
      "direction": [
        0.4524093270301819,
        0.891810417175293
      ]
    },
    {
      "coordinates": [
        182,
        204
      ],
      "magnitude": 1.121675729751587,
      "direction": [
        0.7221335768699646,
        0.6917537450790405
      ]
    },
    {
      "coordinates": [
        205,
        204
      ],
      "magnitude": 1.1835227012634277,
      "direction": [
        0.8543824553489685,
        0.5196447372436523
      ]
    },
    {
      "coordinates": [
        227,
        204
      ],
      "magnitude": 0.8916577696800232,
      "direction": [
        0.849454939365387,
        0.527661144733429
      ]
    },
    {
      "coordinates": [
        250,
        204
      ],
      "magnitude": 0.7242845296859741,
      "direction": [
        0.9638365507125854,
        0.26649394631385803
      ]
    },
    {
      "coordinates": [
        273,
        204
      ],
      "magnitude": 0.9516088366508484,
      "direction": [
        0.9433421492576599,
        0.33182159066200256
      ]
    },
    {
      "coordinates": [
        296,
        204
      ],
      "magnitude": 0.797448456287384,
      "direction": [
        0.9965856075286865,
        0.08256575465202332
      ]
    },
    {
      "coordinates": [
        319,
        204
      ],
      "magnitude": 0.6746538877487183,
      "direction": [
        0.9999069571495056,
        0.01364050805568695
      ]
    },
    {
      "coordinates": [
        0,
        221
      ],
      "magnitude": 0.9607800245285034,
      "direction": [
        -0.9567817449569702,
        0.2908068299293518
      ]
    },
    {
      "coordinates": [
        22,
        221
      ],
      "magnitude": 1.0258272886276245,
      "direction": [
        -0.8660385608673096,
        0.4999772310256958
      ]
    },
    {
      "coordinates": [
        45,
        221
      ],
      "magnitude": 1.0991451740264893,
      "direction": [
        -0.8652315735816956,
        0.5013723969459534
      ]
    },
    {
      "coordinates": [
        68,
        221
      ],
      "magnitude": 1.0641683340072632,
      "direction": [
        -0.709408164024353,
        0.7047979235649109
      ]
    },
    {
      "coordinates": [
        91,
        221
      ],
      "magnitude": 1.135279893875122,
      "direction": [
        -0.7333866953849792,
        0.6798115968704224
      ]
    },
    {
      "coordinates": [
        113,
        221
      ],
      "magnitude": 1.3709614276885986,
      "direction": [
        -0.2514834702014923,
        0.967861533164978
      ]
    },
    {
      "coordinates": [
        136,
        221
      ],
      "magnitude": 1.343024730682373,
      "direction": [
        -0.004765510093420744,
        0.9999886155128479
      ]
    },
    {
      "coordinates": [
        159,
        221
      ],
      "magnitude": 1.1517307758331299,
      "direction": [
        0.6254642009735107,
        0.7802529335021973
      ]
    },
    {
      "coordinates": [
        182,
        221
      ],
      "magnitude": 1.0752897262573242,
      "direction": [
        0.6435921788215637,
        0.765368640422821
      ]
    },
    {
      "coordinates": [
        205,
        221
      ],
      "magnitude": 0.982322633266449,
      "direction": [
        0.7347297668457031,
        0.678359866142273
      ]
    },
    {
      "coordinates": [
        227,
        221
      ],
      "magnitude": 0.9368985295295715,
      "direction": [
        0.8551807403564453,
        0.518329918384552
      ]
    },
    {
      "coordinates": [
        250,
        221
      ],
      "magnitude": 0.8825520277023315,
      "direction": [
        0.9057798385620117,
        0.42374858260154724
      ]
    },
    {
      "coordinates": [
        273,
        221
      ],
      "magnitude": 0.9281607270240784,
      "direction": [
        0.9630189538002014,
        0.26943379640579224
      ]
    },
    {
      "coordinates": [
        296,
        221
      ],
      "magnitude": 0.8405949473381042,
      "direction": [
        0.9851084351539612,
        0.17193396389484406
      ]
    },
    {
      "coordinates": [
        319,
        221
      ],
      "magnitude": 0.7844398021697998,
      "direction": [
        0.9871247410774231,
        0.15995250642299652
      ]
    },
    {
      "coordinates": [
        0,
        239
      ],
      "magnitude": 0.7838520407676697,
      "direction": [
        -0.5952073931694031,
        0.8035721778869629
      ]
    },
    {
      "coordinates": [
        22,
        239
      ],
      "magnitude": 1.0047756433486938,
      "direction": [
        -0.8022769689559937,
        0.5969520211219788
      ]
    },
    {
      "coordinates": [
        45,
        239
      ],
      "magnitude": 0.9742572903633118,
      "direction": [
        -0.6423958539962769,
        0.7663730382919312
      ]
    },
    {
      "coordinates": [
        68,
        239
      ],
      "magnitude": 1.1521633863449097,
      "direction": [
        -0.6095132827758789,
        0.7927758693695068
      ]
    },
    {
      "coordinates": [
        91,
        239
      ],
      "magnitude": 1.0780653953552246,
      "direction": [
        -0.5930517911911011,
        0.8051643371582031
      ]
    },
    {
      "coordinates": [
        113,
        239
      ],
      "magnitude": 1.2276962995529175,
      "direction": [
        -0.17954957485198975,
        0.9837489724159241
      ]
    },
    {
      "coordinates": [
        136,
        239
      ],
      "magnitude": 1.3479148149490356,
      "direction": [
        -0.1631477326154709,
        0.9866016507148743
      ]
    },
    {
      "coordinates": [
        159,
        239
      ],
      "magnitude": 1.1252843141555786,
      "direction": [
        0.38723522424697876,
        0.9219808578491211
      ]
    },
    {
      "coordinates": [
        182,
        239
      ],
      "magnitude": 0.8689606785774231,
      "direction": [
        0.7633194327354431,
        0.6460211873054504
      ]
    },
    {
      "coordinates": [
        205,
        239
      ],
      "magnitude": 0.7422293424606323,
      "direction": [
        0.8456898927688599,
        0.5336746573448181
      ]
    },
    {
      "coordinates": [
        227,
        239
      ],
      "magnitude": 0.8263797760009766,
      "direction": [
        0.9266101121902466,
        0.37602341175079346
      ]
    },
    {
      "coordinates": [
        250,
        239
      ],
      "magnitude": 0.7901416420936584,
      "direction": [
        0.8715137839317322,
        0.4903710186481476
      ]
    },
    {
      "coordinates": [
        273,
        239
      ],
      "magnitude": 1.0431197881698608,
      "direction": [
        0.990547776222229,
        0.1371682584285736
      ]
    },
    {
      "coordinates": [
        296,
        239
      ],
      "magnitude": 0.8522697687149048,
      "direction": [
        0.9885455369949341,
        0.15092310309410095
      ]
    },
    {
      "coordinates": [
        319,
        239
      ],
      "magnitude": 1.171466588973999,
      "direction": [
        0.9963452816009521,
        0.08541743457317352
      ]
    }
  ],
  "shear_mesh": [
    {
      "coordinates": [
        0,
        0
      ],
      "magnitude": 0.1862875521183014,
      "direction": [
        0.7306874394416809,
        -0.6827121376991272
      ]
    },
    {
      "coordinates": [
        22,
        0
      ],
      "magnitude": 0.38871049880981445,
      "direction": [
        -0.3318563401699066,
        -0.9433299899101257
      ]
    },
    {
      "coordinates": [
        45,
        0
      ],
      "magnitude": 0.22111445665359497,
      "direction": [
        -0.4613560736179352,
        -0.8872150778770447
      ]
    },
    {
      "coordinates": [
        68,
        0
      ],
      "magnitude": 0.377453476190567,
      "direction": [
        -0.49588218331336975,
        -0.8683897256851196
      ]
    },
    {
      "coordinates": [
        91,
        0
      ],
      "magnitude": 0.2685805857181549,
      "direction": [
        -0.51175457239151,
        -0.8591316938400269
      ]
    },
    {
      "coordinates": [
        113,
        0
      ],
      "magnitude": 0.4594194293022156,
      "direction": [
        -0.10173095017671585,
        -0.9948119521141052
      ]
    },
    {
      "coordinates": [
        136,
        0
      ],
      "magnitude": 0.1692482978105545,
      "direction": [
        -0.1644727736711502,
        -0.9863815903663635
      ]
    },
    {
      "coordinates": [
        159,
        0
      ],
      "magnitude": 0.27537718415260315,
      "direction": [
        0.14760051667690277,
        -0.9890469908714294
      ]
    },
    {
      "coordinates": [
        182,
        0
      ],
      "magnitude": 0.14750957489013672,
      "direction": [
        0.4520920515060425,
        -0.8919712901115417
      ]
    },
    {
      "coordinates": [
        205,
        0
      ],
      "magnitude": 0.32061466574668884,
      "direction": [
        -0.09539998322725296,
        -0.9954390525817871
      ]
    },
    {
      "coordinates": [
        227,
        0
      ],
      "magnitude": 0.5102299451828003,
      "direction": [
        -0.4535505175590515,
        -0.891230583190918
      ]
    },
    {
      "coordinates": [
        250,
        0
      ],
      "magnitude": 0.2616833448410034,
      "direction": [
        0.5361776351928711,
        -0.844105064868927
      ]
    },
    {
      "coordinates": [
        273,
        0
      ],
      "magnitude": 0.2710525393486023,
      "direction": [
        0.9175136685371399,
        -0.39770427346229553
      ]
    },
    {
      "coordinates": [
        296,
        0
      ],
      "magnitude": 0.21230049431324005,
      "direction": [
        0.2099543660879135,
        -0.9777111411094666
      ]
    },
    {
      "coordinates": [
        319,
        0
      ],
      "magnitude": 0.5329170823097229,
      "direction": [
        -0.06920445710420609,
        -0.9976024627685547
      ]
    },
    {
      "coordinates": [
        0,
        17
      ],
      "magnitude": 0.1031857505440712,
      "direction": [
        -0.9497997760772705,
        -0.3128584325313568
      ]
    },
    {
      "coordinates": [
        22,
        17
      ],
      "magnitude": 0.38980814814567566,
      "direction": [
        -0.6442813277244568,
        -0.7647885680198669
      ]
    },
    {
      "coordinates": [
        45,
        17
      ],
      "magnitude": 0.3094485104084015,
      "direction": [
        -0.8155601620674133,
        -0.5786722898483276
      ]
    },
    {
      "coordinates": [
        68,
        17
      ],
      "magnitude": 0.4549405872821808,
      "direction": [
        -0.7080559730529785,
        -0.7061562538146973
      ]
    },
    {
      "coordinates": [
        91,
        17
      ],
      "magnitude": 0.46238404512405396,
      "direction": [
        -0.7429738640785217,
        -0.6693204045295715
      ]
    },
    {
      "coordinates": [
        113,
        17
      ],
      "magnitude": 0.5901702642440796,
      "direction": [
        -0.7387236952781677,
        -0.6740083694458008
      ]
    },
    {
      "coordinates": [
        136,
        17
      ],
      "magnitude": 0.37615659832954407,
      "direction": [
        -0.5582163333892822,
        -0.8296954035758972
      ]
    },
    {
      "coordinates": [
        159,
        17
      ],
      "magnitude": 0.2707333564758301,
      "direction": [
        0.07798244059085846,
        -0.9969547390937805
      ]
    },
    {
      "coordinates": [
        182,
        17
      ],
      "magnitude": 0.25231629610061646,
      "direction": [
        0.25540146231651306,
        -0.9668351411819458
      ]
    },
    {
      "coordinates": [
        205,
        17
      ],
      "magnitude": 0.1558898538351059,
      "direction": [
        0.24010375142097473,
        -0.970747172832489
      ]
    },
    {
      "coordinates": [
        227,
        17
      ],
      "magnitude": 0.4908306300640106,
      "direction": [
        -0.11423768103122711,
        -0.9934534430503845
      ]
    },
    {
      "coordinates": [
        250,
        17
      ],
      "magnitude": 0.5157492160797119,
      "direction": [
        0.008668248541653156,
        -0.9999624490737915
      ]
    },
    {
      "coordinates": [
        273,
        17
      ],
      "magnitude": 0.18377535045146942,
      "direction": [
        0.9003037810325623,
        -0.43526211380958557
      ]
    },
    {
      "coordinates": [
        296,
        17
      ],
      "magnitude": 0.2117631733417511,
      "direction": [
        0.7185612320899963,
        -0.6954637169837952
      ]
    },
    {
      "coordinates": [
        319,
        17
      ],
      "magnitude": 0.3959600031375885,
      "direction": [
        0.31464579701423645,
        -0.9492091536521912
      ]
    },
    {
      "coordinates": [
        0,
        34
      ],
      "magnitude": 0.25772279500961304,
      "direction": [
        -0.7707595825195312,
        -0.6371259689331055
      ]
    },
    {
      "coordinates": [
        22,
        34
      ],
      "magnitude": 0.29919588565826416,
      "direction": [
        -0.5494714379310608,
        -0.8355125188827515
      ]
    },
    {
      "coordinates": [
        45,
        34
      ],
      "magnitude": 0.24956044554710388,
      "direction": [
        -0.14445815980434418,
        -0.9895108938217163
      ]
    },
    {
      "coordinates": [
        68,
        34
      ],
      "magnitude": 0.22412176430225372,
      "direction": [
        -0.540176272392273,
        -0.8415518999099731
      ]
    },
    {
      "coordinates": [
        91,
        34
      ],
      "magnitude": 0.3815672695636749,
      "direction": [
        -0.6021106839179993,
        -0.7984126210212708
      ]
    },
    {
      "coordinates": [
        113,
        34
      ],
      "magnitude": 0.48277780413627625,
      "direction": [
        -0.13363412022590637,
        -0.991030752658844
      ]
    },
    {
      "coordinates": [
        136,
        34
      ],
      "magnitude": 0.4246806800365448,
      "direction": [
        -0.22446678578853607,
        -0.9744817614555359
      ]
    },
    {
      "coordinates": [
        159,
        34
      ],
      "magnitude": 0.4177139401435852,
      "direction": [
        -0.2286086529493332,
        -0.973518431186676
      ]
    },
    {
      "coordinates": [
        182,
        34
      ],
      "magnitude": 0.25225162506103516,
      "direction": [
        0.384060263633728,
        -0.9233080744743347
      ]
    },
    {
      "coordinates": [
        205,
        34
      ],
      "magnitude": 0.17731444537639618,
      "direction": [
        -0.009247497655451298,
        -0.9999572038650513
      ]
    },
    {
      "coordinates": [
        227,
        34
      ],
      "magnitude": 0.35166633129119873,
      "direction": [
        0.0393916517496109,
        -0.9992238283157349
      ]
    },
    {
      "coordinates": [
        250,
        34
      ],
      "magnitude": 0.48626986145973206,
      "direction": [
        -0.15775838494300842,
        -0.9874777793884277
      ]
    },
    {
      "coordinates": [
        273,
        34
      ],
      "magnitude": 0.22504672408103943,
      "direction": [
        -0.0662856251001358,
        -0.9978007078170776
      ]
    },
    {
      "coordinates": [
        296,
        34
      ],
      "magnitude": 0.32445234060287476,
      "direction": [
        0.560675323009491,
        -0.8280357122421265
      ]
    },
    {
      "coordinates": [
        319,
        34
      ],
      "magnitude": 0.17149625718593597,
      "direction": [
        -0.014203453436493874,
        -0.99989914894104
      ]
    },
    {
      "coordinates": [
        0,
        51
      ],
      "magnitude": 0.05866433307528496,
      "direction": [
        -0.3693918287754059,
        -0.9292737245559692
      ]
    },
    {
      "coordinates": [
        22,
        51
      ],
      "magnitude": 0.30428051948547363,
      "direction": [
        0.13146977126598358,
        -0.9913201332092285
      ]
    },
    {
      "coordinates": [
        45,
        51
      ],
      "magnitude": 0.3027973771095276,
      "direction": [
        -0.43939125537872314,
        -0.8982957601547241
      ]
    },
    {
      "coordinates": [
        68,
        51
      ],
      "magnitude": 0.16801606118679047,
      "direction": [
        -0.6664872169494629,
        -0.7455164790153503
      ]
    },
    {
      "coordinates": [
        91,
        51
      ],
      "magnitude": 0.2954126298427582,
      "direction": [
        0.03157172352075577,
        -0.9995014071464539
      ]
    },
    {
      "coordinates": [
        113,
        51
      ],
      "magnitude": 0.4296446740627289,
      "direction": [
        0.05289850011467934,
        -0.9985998868942261
      ]
    },
    {
      "coordinates": [
        136,
        51
      ],
      "magnitude": 0.3636322319507599,
      "direction": [
        -0.040422216057777405,
        -0.9991826415061951
      ]
    },
    {
      "coordinates": [
        159,
        51
      ],
      "magnitude": 0.35422855615615845,
      "direction": [
        -0.32770246267318726,
        -0.9447809457778931
      ]
    },
    {
      "coordinates": [
        182,
        51
      ],
      "magnitude": 0.4294564425945282,
      "direction": [
        -0.4312523305416107,
        -0.9022313952445984
      ]
    },
    {
      "coordinates": [
        205,
        51
      ],
      "magnitude": 0.14170041680335999,
      "direction": [
        -0.5548545122146606,
        -0.8319474458694458
      ]
    },
    {
      "coordinates": [
        227,
        51
      ],
      "magnitude": 0.4236105680465698,
      "direction": [
        -0.018299633637070656,
        -0.9998325705528259
      ]
    },
    {
      "coordinates": [
        250,
        51
      ],
      "magnitude": 0.4828234910964966,
      "direction": [
        0.03576836362481117,
        -0.9993600845336914
      ]
    },
    {
      "coordinates": [
        273,
        51
      ],
      "magnitude": 0.3167882561683655,
      "direction": [
        -0.6053294539451599,
        -0.7959750294685364
      ]
    },
    {
      "coordinates": [
        296,
        51
      ],
      "magnitude": 0.2798142731189728,
      "direction": [
        -0.4265259802341461,
        -0.9044753313064575
      ]
    },
    {
      "coordinates": [
        319,
        51
      ],
      "magnitude": 0.21334965527057648,
      "direction": [
        -0.9658719301223755,
        -0.25902023911476135
      ]
    },
    {
      "coordinates": [
        0,
        68
      ],
      "magnitude": 0.15482182800769806,
      "direction": [
        -0.955342173576355,
        -0.29550182819366455
      ]
    },
    {
      "coordinates": [
        22,
        68
      ],
      "magnitude": 0.30154359340667725,
      "direction": [
        -0.5874804854393005,
        -0.8092383742332458
      ]
    },
    {
      "coordinates": [
        45,
        68
      ],
      "magnitude": 0.22718968987464905,
      "direction": [
        -0.5568150877952576,
        -0.8306365013122559
      ]
    },
    {
      "coordinates": [
        68,
        68
      ],
      "magnitude": 0.3358815908432007,
      "direction": [
        0.14949247241020203,
        -0.9887628555297852
      ]
    },
    {
      "coordinates": [
        91,
        68
      ],
      "magnitude": 0.4121438264846802,
      "direction": [
        0.29339322447776794,
        -0.9559918642044067
      ]
    },
    {
      "coordinates": [
        113,
        68
      ],
      "magnitude": 0.3397197723388672,
      "direction": [
        0.030415697023272514,
        -0.9995373487472534
      ]
    },
    {
      "coordinates": [
        136,
        68
      ],
      "magnitude": 0.3650238513946533,
      "direction": [
        -0.18838250637054443,
        -0.9820957779884338
      ]
    },
    {
      "coordinates": [
        159,
        68
      ],
      "magnitude": 0.28584209084510803,
      "direction": [
        -0.6342441439628601,
        -0.773132860660553
      ]
    },
    {
      "coordinates": [
        182,
        68
      ],
      "magnitude": 0.5085169672966003,
      "direction": [
        -0.15186485648155212,
        -0.9884012341499329
      ]
    },
    {
      "coordinates": [
        205,
        68
      ],
      "magnitude": 0.08918219804763794,
      "direction": [
        -0.7376776933670044,
        -0.6751530766487122
      ]
    },
    {
      "coordinates": [
        227,
        68
      ],
      "magnitude": 0.4317185580730438,
      "direction": [
        -0.03882556036114693,
        -0.9992459416389465
      ]
    },
    {
      "coordinates": [
        250,
        68
      ],
      "magnitude": 0.4021013677120209,
      "direction": [
        -0.37152981758117676,
        -0.9284210205078125
      ]
    },
    {
      "coordinates": [
        273,
        68
      ],
      "magnitude": 0.28904643654823303,
      "direction": [
        -0.17011812329292297,
        -0.9854236245155334
      ]
    },
    {
      "coordinates": [
        296,
        68
      ],
      "magnitude": 0.2911502718925476,
      "direction": [
        -0.4875281751155853,
        -0.8731071949005127
      ]
    },
    {
      "coordinates": [
        319,
        68
      ],
      "magnitude": 0.05315042659640312,
      "direction": [
        0.0013626990839838982,
        -0.9999991059303284
      ]
    },
    {
      "coordinates": [
        0,
        85
      ],
      "magnitude": 0.2584483027458191,
      "direction": [
        -0.74295973777771,
        -0.6693360805511475
      ]
    },
    {
      "coordinates": [
        22,
        85
      ],
      "magnitude": 0.28508418798446655,
      "direction": [
        -0.7333225011825562,
        -0.6798809170722961
      ]
    },
    {
      "coordinates": [
        45,
        85
      ],
      "magnitude": 0.3522975444793701,
      "direction": [
        -0.4344521164894104,
        -0.9006949067115784
      ]
    },
    {
      "coordinates": [
        68,
        85
      ],
      "magnitude": 0.37803977727890015,
      "direction": [
        0.2475464791059494,
        -0.9688760042190552
      ]
    },
    {
      "coordinates": [
        91,
        85
      ],
      "magnitude": 0.46411582827568054,
      "direction": [
        0.07160614430904388,
        -0.9974329471588135
      ]
    },
    {
      "coordinates": [
        113,
        85
      ],
      "magnitude": 0.24962815642356873,
      "direction": [
        0.12103719264268875,
        -0.9926480054855347
      ]
    },
    {
      "coordinates": [
        136,
        85
      ],
      "magnitude": 0.3284088373184204,
      "direction": [
        -0.23950035870075226,
        -0.9708962440490723
      ]
    },
    {
      "coordinates": [
        159,
        85
      ],
      "magnitude": 0.2553494870662689,
      "direction": [
        -0.13819517195224762,
        -0.9904050230979919
      ]
    },
    {
      "coordinates": [
        182,
        85
      ],
      "magnitude": 0.48861321806907654,
      "direction": [
        -0.12664642930030823,
        -0.9919478893280029
      ]
    },
    {
      "coordinates": [
        205,
        85
      ],
      "magnitude": 0.2803644835948944,
      "direction": [
        0.0029330651741474867,
        -0.9999956488609314
      ]
    },
    {
      "coordinates": [
        227,
        85
      ],
      "magnitude": 0.38397544622421265,
      "direction": [
        0.06493252515792847,
        -0.9978896379470825
      ]
    },
    {
      "coordinates": [
        250,
        85
      ],
      "magnitude": 0.2932056486606598,
      "direction": [
        -0.33560213446617126,
        -0.9420039057731628
      ]
    },
    {
      "coordinates": [
        273,
        85
      ],
      "magnitude": 0.3060609698295593,
      "direction": [
        -0.03853520005941391,
        -0.9992572069168091
      ]
    },
    {
      "coordinates": [
        296,
        85
      ],
      "magnitude": 0.2520409822463989,
      "direction": [
        0.2034672349691391,
        -0.9790818095207214
      ]
    },
    {
      "coordinates": [
        319,
        85
      ],
      "magnitude": 0.1984521448612213,
      "direction": [
        0.12793126702308655,
        -0.991783082485199
      ]
    },
    {
      "coordinates": [
        0,
        102
      ],
      "magnitude": 0.44170916080474854,
      "direction": [
        -0.581673264503479,
        -0.8134225010871887
      ]
    },
    {
      "coordinates": [
        22,
        102
      ],
      "magnitude": 0.28610730171203613,
      "direction": [
        -0.04920211434364319,
        -0.9987888932228088
      ]
    },
    {
      "coordinates": [
        45,
        102
      ],
      "magnitude": 0.27038857340812683,
      "direction": [
        -0.04608479514718056,
        -0.9989376068115234
      ]
    },
    {
      "coordinates": [
        68,
        102
      ],
      "magnitude": 0.46412041783332825,
      "direction": [
        -0.12842680513858795,
        -0.9917190074920654
      ]
    },
    {
      "coordinates": [
        91,
        102
      ],
      "magnitude": 0.4856305718421936,
      "direction": [
        -0.04227695241570473,
        -0.9991059303283691
      ]
    },
    {
      "coordinates": [
        113,
        102
      ],
      "magnitude": 0.3738330006599426,
      "direction": [
        0.18747800588607788,
        -0.9822688102722168
      ]
    },
    {
      "coordinates": [
        136,
        102
      ],
      "magnitude": 0.2695748805999756,
      "direction": [
        0.2921694219112396,
        -0.9563664793968201
      ]
    },
    {
      "coordinates": [
        159,
        102
      ],
      "magnitude": 0.1454528272151947,
      "direction": [
        0.4322137236595154,
        -0.9017711281776428
      ]
    },
    {
      "coordinates": [
        182,
        102
      ],
      "magnitude": 0.3719899356365204,
      "direction": [
        0.4256972372531891,
        -0.9048656225204468
      ]
    },
    {
      "coordinates": [
        205,
        102
      ],
      "magnitude": 0.3835434317588806,
      "direction": [
        -0.005202895030379295,
        -0.999986469745636
      ]
    },
    {
      "coordinates": [
        227,
        102
      ],
      "magnitude": 0.3048052191734314,
      "direction": [
        -0.13376520574092865,
        -0.9910131096839905
      ]
    },
    {
      "coordinates": [
        250,
        102
      ],
      "magnitude": 0.25770360231399536,
      "direction": [
        -0.11196073889732361,
        -0.9937126636505127
      ]
    },
    {
      "coordinates": [
        273,
        102
      ],
      "magnitude": 0.3901078999042511,
      "direction": [
        -0.1723822057247162,
        -0.9850301742553711
      ]
    },
    {
      "coordinates": [
        296,
        102
      ],
      "magnitude": 0.3228496015071869,
      "direction": [
        0.057910650968551636,
        -0.9983217716217041
      ]
    },
    {
      "coordinates": [
        319,
        102
      ],
      "magnitude": 0.23148387670516968,
      "direction": [
        0.8882756233215332,
        -0.459310919046402
      ]
    },
    {
      "coordinates": [
        0,
        119
      ],
      "magnitude": 0.22756357491016388,
      "direction": [
        -0.06189264729619026,
        -0.9980828166007996
      ]
    },
    {
      "coordinates": [
        22,
        119
      ],
      "magnitude": 0.4193023443222046,
      "direction": [
        -0.16005440056324005,
        -0.9871082305908203
      ]
    },
    {
      "coordinates": [
        45,
        119
      ],
      "magnitude": 0.275345116853714,
      "direction": [
        -0.07633606344461441,
        -0.9970821738243103
      ]
    },
    {
      "coordinates": [
        68,
        119
      ],
      "magnitude": 0.5613850355148315,
      "direction": [
        0.10955633223056793,
        -0.9939805269241333
      ]
    },
    {
      "coordinates": [
        91,
        119
      ],
      "magnitude": 0.395458847284317,
      "direction": [
        0.45904460549354553,
        -0.8884132504463196
      ]
    },
    {
      "coordinates": [
        113,
        119
      ],
      "magnitude": 0.37000107765197754,
      "direction": [
        0.5047222971916199,
        -0.863281786441803
      ]
    },
    {
      "coordinates": [
        136,
        119
      ],
      "magnitude": 0.7339733839035034,
      "direction": [
        0.9455024600028992,
        -0.3256147801876068
      ]
    },
    {
      "coordinates": [
        159,
        119
      ],
      "magnitude": 0.5432462096214294,
      "direction": [
        0.8616794943809509,
        -0.5074528455734253
      ]
    },
    {
      "coordinates": [
        182,
        119
      ],
      "magnitude": 0.4307190477848053,
      "direction": [
        0.3948654234409332,
        -0.9187389612197876
      ]
    },
    {
      "coordinates": [
        205,
        119
      ],
      "magnitude": 0.18410499393939972,
      "direction": [
        0.6879643797874451,
        -0.7257444858551025
      ]
    },
    {
      "coordinates": [
        227,
        119
      ],
      "magnitude": 0.3912423849105835,
      "direction": [
        -0.07905815541744232,
        -0.9968700408935547
      ]
    },
    {
      "coordinates": [
        250,
        119
      ],
      "magnitude": 0.30519428849220276,
      "direction": [
        0.28309428691864014,
        -0.9590920209884644
      ]
    },
    {
      "coordinates": [
        273,
        119
      ],
      "magnitude": 0.42717045545578003,
      "direction": [
        0.5201865434646606,
        -0.854052722454071
      ]
    },
    {
      "coordinates": [
        296,
        119
      ],
      "magnitude": 0.4087727665901184,
      "direction": [
        0.4068732261657715,
        -0.9134846925735474
      ]
    },
    {
      "coordinates": [
        319,
        119
      ],
      "magnitude": 0.20849329233169556,
      "direction": [
        -0.034766506403684616,
        -0.9993954300880432
      ]
    },
    {
      "coordinates": [
        0,
        136
      ],
      "magnitude": 0.3802112340927124,
      "direction": [
        -0.6861713528633118,
        -0.7274398803710938
      ]
    },
    {
      "coordinates": [
        22,
        136
      ],
      "magnitude": 0.524120569229126,
      "direction": [
        -0.32046422362327576,
        -0.9472605586051941
      ]
    },
    {
      "coordinates": [
        45,
        136
      ],
      "magnitude": 0.39972054958343506,
      "direction": [
        0.10021494328975677,
        -0.9949657917022705
      ]
    },
    {
      "coordinates": [
        68,
        136
      ],
      "magnitude": 0.7096086144447327,
      "direction": [
        0.17922955751419067,
        -0.9838073253631592
      ]
    },
    {
      "coordinates": [
        91,
        136
      ],
      "magnitude": 0.3375610113143921,
      "direction": [
        0.3170560896396637,
        -0.9484068155288696
      ]
    },
    {
      "coordinates": [
        113,
        136
      ],
      "magnitude": 0.36314624547958374,
      "direction": [
        -0.42484432458877563,
        -0.9052663445472717
      ]
    },
    {
      "coordinates": [
        136,
        136
      ],
      "magnitude": 0.45896291732788086,
      "direction": [
        -0.07288724184036255,
        -0.9973401427268982
      ]
    },
    {
      "coordinates": [
        159,
        136
      ],
      "magnitude": 0.18426106870174408,
      "direction": [
        0.9722795486450195,
        0.2338215410709381
      ]
    },
    {
      "coordinates": [
        182,
        136
      ],
      "magnitude": 0.3633721172809601,
      "direction": [
        0.5728830695152283,
        -0.8196370601654053
      ]
    },
    {
      "coordinates": [
        205,
        136
      ],
      "magnitude": 0.21167241036891937,
      "direction": [
        0.5529990196228027,
        -0.8331819176673889
      ]
    },
    {
      "coordinates": [
        227,
        136
      ],
      "magnitude": 0.41523537039756775,
      "direction": [
        0.6957589983940125,
        -0.718275249004364
      ]
    },
    {
      "coordinates": [
        250,
        136
      ],
      "magnitude": 0.40441253781318665,
      "direction": [
        0.3054142892360687,
        -0.9522196054458618
      ]
    },
    {
      "coordinates": [
        273,
        136
      ],
      "magnitude": 0.40113094449043274,
      "direction": [
        0.38537633419036865,
        -0.922759473323822
      ]
    },
    {
      "coordinates": [
        296,
        136
      ],
      "magnitude": 0.29910892248153687,
      "direction": [
        0.44256916642189026,
        -0.8967342972755432
      ]
    },
    {
      "coordinates": [
        319,
        136
      ],
      "magnitude": 0.09055399894714355,
      "direction": [
        0.7745644450187683,
        -0.6324949860572815
      ]
    },
    {
      "coordinates": [
        0,
        153
      ],
      "magnitude": 0.3383195400238037,
      "direction": [
        0.05319143086671829,
        -0.9985843300819397
      ]
    },
    {
      "coordinates": [
        22,
        153
      ],
      "magnitude": 0.5387443900108337,
      "direction": [
        0.2904044985771179,
        -0.9569039940834045
      ]
    },
    {
      "coordinates": [
        45,
        153
      ],
      "magnitude": 0.4933330714702606,
      "direction": [
        0.19315797090530396,
        -0.9811676740646362
      ]
    },
    {
      "coordinates": [
        68,
        153
      ],
      "magnitude": 0.6109764575958252,
      "direction": [
        -0.08273249864578247,
        -0.9965717792510986
      ]
    },
    {
      "coordinates": [
        91,
        153
      ],
      "magnitude": 0.4912912845611572,
      "direction": [
        0.2867741584777832,
        -0.9579981565475464
      ]
    },
    {
      "coordinates": [
        113,
        153
      ],
      "magnitude": 0.3264658749103546,
      "direction": [
        0.3670169711112976,
        -0.9302142858505249
      ]
    },
    {
      "coordinates": [
        136,
        153
      ],
      "magnitude": 0.7404183149337769,
      "direction": [
        -0.05095762759447098,
        -0.9987007975578308
      ]
    },
    {
      "coordinates": [
        159,
        153
      ],
      "magnitude": 0.21030323207378387,
      "direction": [
        0.9463112950325012,
        -0.3232567012310028
      ]
    },
    {
      "coordinates": [
        182,
        153
      ],
      "magnitude": 0.2860206961631775,
      "direction": [
        0.5667790770530701,
        -0.8238697648048401
      ]
    },
    {
      "coordinates": [
        205,
        153
      ],
      "magnitude": 0.17202506959438324,
      "direction": [
        0.5875044465065002,
        -0.8092209696769714
      ]
    },
    {
      "coordinates": [
        227,
        153
      ],
      "magnitude": 0.3697802424430847,
      "direction": [
        0.442066490650177,
        -0.8969822525978088
      ]
    },
    {
      "coordinates": [
        250,
        153
      ],
      "magnitude": 0.33559450507164,
      "direction": [
        0.4334507882595062,
        -0.9011772274971008
      ]
    },
    {
      "coordinates": [
        273,
        153
      ],
      "magnitude": 0.36756712198257446,
      "direction": [
        0.4380250573158264,
        -0.8989627361297607
      ]
    },
    {
      "coordinates": [
        296,
        153
      ],
      "magnitude": 0.3691983222961426,
      "direction": [
        0.39558860659599304,
        -0.9184278249740601
      ]
    },
    {
      "coordinates": [
        319,
        153
      ],
      "magnitude": 0.21534541249275208,
      "direction": [
        0.9292711019515991,
        -0.36939847469329834
      ]
    },
    {
      "coordinates": [
        0,
        170
      ],
      "magnitude": 0.43685469031333923,
      "direction": [
        0.03622351586818695,
        -0.9993436932563782
      ]
    },
    {
      "coordinates": [
        22,
        170
      ],
      "magnitude": 0.49246475100517273,
      "direction": [
        0.15196070075035095,
        -0.9883865714073181
      ]
    },
    {
      "coordinates": [
        45,
        170
      ],
      "magnitude": 0.44416800141334534,
      "direction": [
        0.28336408734321594,
        -0.9590123891830444
      ]
    },
    {
      "coordinates": [
        68,
        170
      ],
      "magnitude": 0.5593259334564209,
      "direction": [
        0.29062288999557495,
        -0.9568375945091248
      ]
    },
    {
      "coordinates": [
        91,
        170
      ],
      "magnitude": 0.3723140060901642,
      "direction": [
        -0.41026756167411804,
        -0.9119651913642883
      ]
    },
    {
      "coordinates": [
        113,
        170
      ],
      "magnitude": 0.28127992153167725,
      "direction": [
        -0.20853406190872192,
        -0.9780150651931763
      ]
    },
    {
      "coordinates": [
        136,
        170
      ],
      "magnitude": 0.6358147263526917,
      "direction": [
        -0.0979808121919632,
        -0.9951883554458618
      ]
    },
    {
      "coordinates": [
        159,
        170
      ],
      "magnitude": 0.3298010230064392,
      "direction": [
        -0.5006967782974243,
        -0.8656227588653564
      ]
    },
    {
      "coordinates": [
        182,
        170
      ],
      "magnitude": 0.18159718811511993,
      "direction": [
        -0.10326278954744339,
        -0.99465411901474
      ]
    },
    {
      "coordinates": [
        205,
        170
      ],
      "magnitude": 0.26428303122520447,
      "direction": [
        0.3406181335449219,
        -0.9402018189430237
      ]
    },
    {
      "coordinates": [
        227,
        170
      ],
      "magnitude": 0.29163858294487,
      "direction": [
        0.3035016655921936,
        -0.9528309106826782
      ]
    },
    {
      "coordinates": [
        250,
        170
      ],
      "magnitude": 0.3961244225502014,
      "direction": [
        0.375064879655838,
        -0.926998496055603
      ]
    },
    {
      "coordinates": [
        273,
        170
      ],
      "magnitude": 0.3027224540710449,
      "direction": [
        0.48898035287857056,
        -0.8722947835922241
      ]
    },
    {
      "coordinates": [
        296,
        170
      ],
      "magnitude": 0.3613773286342621,
      "direction": [
        0.4067959785461426,
        -0.913519024848938
      ]
    },
    {
      "coordinates": [
        319,
        170
      ],
      "magnitude": 0.4025672972202301,
      "direction": [
        0.608487606048584,
        -0.7935633659362793
      ]
    },
    {
      "coordinates": [
        0,
        187
      ],
      "magnitude": 0.48380881547927856,
      "direction": [
        -0.20491334795951843,
        -0.9787801504135132
      ]
    },
    {
      "coordinates": [
        22,
        187
      ],
      "magnitude": 0.4670217037200928,
      "direction": [
        -0.21848630905151367,
        -0.9758399724960327
      ]
    },
    {
      "coordinates": [
        45,
        187
      ],
      "magnitude": 0.5126131772994995,
      "direction": [
        -0.2694174349308014,
        -0.9630234837532043
      ]
    },
    {
      "coordinates": [
        68,
        187
      ],
      "magnitude": 0.5343663096427917,
      "direction": [
        -0.21741983294487,
        -0.9760782122612
      ]
    },
    {
      "coordinates": [
        91,
        187
      ],
      "magnitude": 0.3237757980823517,
      "direction": [
        -0.47301504015922546,
        -0.8810543417930603
      ]
    },
    {
      "coordinates": [
        113,
        187
      ],
      "magnitude": 0.4043761193752289,
      "direction": [
        0.19785591959953308,
        -0.9802310466766357
      ]
    },
    {
      "coordinates": [
        136,
        187
      ],
      "magnitude": 0.3261752426624298,
      "direction": [
        -0.3298712372779846,
        -0.9440259337425232
      ]
    },
    {
      "coordinates": [
        159,
        187
      ],
      "magnitude": 0.46378594636917114,
      "direction": [
        -0.7492005228996277,
        -0.6623432040214539
      ]
    },
    {
      "coordinates": [
        182,
        187
      ],
      "magnitude": 0.3520992696285248,
      "direction": [
        -0.5542532801628113,
        -0.832348108291626
      ]
    },
    {
      "coordinates": [
        205,
        187
      ],
      "magnitude": 0.3996449410915375,
      "direction": [
        0.23600277304649353,
        -0.9717523455619812
      ]
    },
    {
      "coordinates": [
        227,
        187
      ],
      "magnitude": 0.22034472227096558,
      "direction": [
        0.35752180218696594,
        -0.933904767036438
      ]
    },
    {
      "coordinates": [
        250,
        187
      ],
      "magnitude": 0.4276285767555237,
      "direction": [
        0.04741007089614868,
        -0.9988754987716675
      ]
    },
    {
      "coordinates": [
        273,
        187
      ],
      "magnitude": 0.23902198672294617,
      "direction": [
        0.29444411396980286,
        -0.9556686878204346
      ]
    },
    {
      "coordinates": [
        296,
        187
      ],
      "magnitude": 0.4582083523273468,
      "direction": [
        0.3690766990184784,
        -0.9293988943099976
      ]
    },
    {
      "coordinates": [
        319,
        187
      ],
      "magnitude": 0.41219231486320496,
      "direction": [
        0.5921140313148499,
        -0.8058542013168335
      ]
    },
    {
      "coordinates": [
        0,
        204
      ],
      "magnitude": 0.5061990022659302,
      "direction": [
        -0.005184694193303585,
        -0.9999865889549255
      ]
    },
    {
      "coordinates": [
        22,
        204
      ],
      "magnitude": 0.3501019775867462,
      "direction": [
        -0.1638506054878235,
        -0.9864851832389832
      ]
    },
    {
      "coordinates": [
        45,
        204
      ],
      "magnitude": 0.524567723274231,
      "direction": [
        -0.4150344729423523,
        -0.9098056554794312
      ]
    },
    {
      "coordinates": [
        68,
        204
      ],
      "magnitude": 0.5006659030914307,
      "direction": [
        -0.45347633957862854,
        -0.8912683725357056
      ]
    },
    {
      "coordinates": [
        91,
        204
      ],
      "magnitude": 0.47564953565597534,
      "direction": [
        -0.05724263936281204,
        -0.998360276222229
      ]
    },
    {
      "coordinates": [
        113,
        204
      ],
      "magnitude": 0.3948969841003418,
      "direction": [
        -0.3396017849445343,
        -0.940569281578064
      ]
    },
    {
      "coordinates": [
        136,
        204
      ],
      "magnitude": 0.3296077251434326,
      "direction": [
        -0.7078655958175659,
        -0.7063471078872681
      ]
    },
    {
      "coordinates": [
        159,
        204
      ],
      "magnitude": 0.41096124053001404,
      "direction": [
        -0.5101009011268616,
        -0.860114574432373
      ]
    },
    {
      "coordinates": [
        182,
        204
      ],
      "magnitude": 0.5473478436470032,
      "direction": [
        -0.24536557495594025,
        -0.969430685043335
      ]
    },
    {
      "coordinates": [
        205,
        204
      ],
      "magnitude": 0.36305850744247437,
      "direction": [
        -0.3091980814933777,
        -0.9509977102279663
      ]
    },
    {
      "coordinates": [
        227,
        204
      ],
      "magnitude": 0.27406400442123413,
      "direction": [
        -0.2576241195201874,
        -0.9662452340126038
      ]
    },
    {
      "coordinates": [
        250,
        204
      ],
      "magnitude": 0.48416435718536377,
      "direction": [
        0.009982483461499214,
        -0.9999501705169678
      ]
    },
    {
      "coordinates": [
        273,
        204
      ],
      "magnitude": 0.3082294166088104,
      "direction": [
        -0.04626443237066269,
        -0.9989292621612549
      ]
    },
    {
      "coordinates": [
        296,
        204
      ],
      "magnitude": 0.4448743760585785,
      "direction": [
        0.19227884709835052,
        -0.9813402891159058
      ]
    },
    {
      "coordinates": [
        319,
        204
      ],
      "magnitude": 0.35358917713165283,
      "direction": [
        0.32257431745529175,
        -0.9465441703796387
      ]
    },
    {
      "coordinates": [
        0,
        221
      ],
      "magnitude": 0.4618341028690338,
      "direction": [
        0.013089651241898537,
        -0.9999143481254578
      ]
    },
    {
      "coordinates": [
        22,
        221
      ],
      "magnitude": 0.35539743304252625,
      "direction": [
        -0.050508588552474976,
        -0.9987236261367798
      ]
    },
    {
      "coordinates": [
        45,
        221
      ],
      "magnitude": 0.4311300218105316,
      "direction": [
        -0.23007231950759888,
        -0.9731734991073608
      ]
    },
    {
      "coordinates": [
        68,
        221
      ],
      "magnitude": 0.38664063811302185,
      "direction": [
        -0.16563721001148224,
        -0.9861868023872375
      ]
    },
    {
      "coordinates": [
        91,
        221
      ],
      "magnitude": 0.6062960028648376,
      "direction": [
        -0.35315123200416565,
        -0.9355663061141968
      ]
    },
    {
      "coordinates": [
        113,
        221
      ],
      "magnitude": 0.42466792464256287,
      "direction": [
        -0.6108974814414978,
        -0.7917096614837646
      ]
    },
    {
      "coordinates": [
        136,
        221
      ],
      "magnitude": 0.2995448410511017,
      "direction": [
        -0.49748340249061584,
        -0.8674734234809875
      ]
    },
    {
      "coordinates": [
        159,
        221
      ],
      "magnitude": 0.3381462097167969,
      "direction": [
        -0.1846625804901123,
        -0.9828019738197327
      ]
    },
    {
      "coordinates": [
        182,
        221
      ],
      "magnitude": 0.4686952829360962,
      "direction": [
        -0.2649816572666168,
        -0.9642534255981445
      ]
    },
    {
      "coordinates": [
        205,
        221
      ],
      "magnitude": 0.4678992033004761,
      "direction": [
        -0.3238033354282379,
        -0.9461244344711304
      ]
    },
    {
      "coordinates": [
        227,
        221
      ],
      "magnitude": 0.34805935621261597,
      "direction": [
        0.026622392237186432,
        -0.9996455907821655
      ]
    },
    {
      "coordinates": [
        250,
        221
      ],
      "magnitude": 0.42048588395118713,
      "direction": [
        0.06694602221250534,
        -0.9977565407752991
      ]
    },
    {
      "coordinates": [
        273,
        221
      ],
      "magnitude": 0.39583155512809753,
      "direction": [
        -0.0927843451499939,
        -0.9956862330436707
      ]
    },
    {
      "coordinates": [
        296,
        221
      ],
      "magnitude": 0.43242889642715454,
      "direction": [
        0.3961103558540344,
        -0.9182029366493225
      ]
    },
    {
      "coordinates": [
        319,
        221
      ],
      "magnitude": 0.410178005695343,
      "direction": [
        0.3226531147956848,
        -0.946517288684845
      ]
    },
    {
      "coordinates": [
        0,
        239
      ],
      "magnitude": 0.4424208700656891,
      "direction": [
        0.8707889914512634,
        -0.4916568696498871
      ]
    },
    {
      "coordinates": [
        22,
        239
      ],
      "magnitude": 0.32272446155548096,
      "direction": [
        0.30577030777931213,
        -0.9521052837371826
      ]
    },
    {
      "coordinates": [
        45,
        239
      ],
      "magnitude": 0.3543627858161926,
      "direction": [
        0.07998540252447128,
        -0.9967960715293884
      ]
    },
    {
      "coordinates": [
        68,
        239
      ],
      "magnitude": 0.3332412838935852,
      "direction": [
        -0.31459373235702515,
        -0.949226438999176
      ]
    },
    {
      "coordinates": [
        91,
        239
      ],
      "magnitude": 0.6329218745231628,
      "direction": [
        -0.19546377658843994,
        -0.9807109236717224
      ]
    },
    {
      "coordinates": [
        113,
        239
      ],
      "magnitude": 0.37428736686706543,
      "direction": [
        -0.43090394139289856,
        -0.9023978114128113
      ]
    },
    {
      "coordinates": [
        136,
        239
      ],
      "magnitude": 0.3320970833301544,
      "direction": [
        -0.6999126672744751,
        -0.7142283916473389
      ]
    },
    {
      "coordinates": [
        159,
        239
      ],
      "magnitude": 0.41657721996307373,
      "direction": [
        -0.09611156582832336,
        -0.9953705668449402
      ]
    },
    {
      "coordinates": [
        182,
        239
      ],
      "magnitude": 0.5543189644813538,
      "direction": [
        -0.2728881537914276,
        -0.9620458483695984
      ]
    },
    {
      "coordinates": [
        205,
        239
      ],
      "magnitude": 0.5330533385276794,
      "direction": [
        -0.020492324605584145,
        -0.9997900128364563
      ]
    },
    {
      "coordinates": [
        227,
        239
      ],
      "magnitude": 0.4995206594467163,
      "direction": [
        0.07196128368377686,
        -0.9974074363708496
      ]
    },
    {
      "coordinates": [
        250,
        239
      ],
      "magnitude": 0.4107131361961365,
      "direction": [
        -0.027024637907743454,
        -0.9996347427368164
      ]
    },
    {
      "coordinates": [
        273,
        239
      ],
      "magnitude": 0.5985434651374817,
      "direction": [
        0.4648551344871521,
        -0.8853867650032043
      ]
    },
    {
      "coordinates": [
        296,
        239
      ],
      "magnitude": 0.5636919140815735,
      "direction": [
        0.5357877612113953,
        -0.8443527817726135
      ]
    },
    {
      "coordinates": [
        319,
        239
      ],
      "magnitude": 0.6987860202789307,
      "direction": [
        0.6585465669631958,
        -0.752539873123169
      ]
    }
  ]
}