{
  "recording_timestamp": 1756817037.7646167,
  "mean_fz": -0.6718,
  "peak_intensity": 0.344,
  "deformation_mesh": [
    {
      "coordinates": [
        0,
        0
      ],
      "magnitude": 1.1511402130126953,
      "direction": [
        -0.6237096190452576,
        -0.7816561460494995
      ]
    },
    {
      "coordinates": [
        22,
        0
      ],
      "magnitude": 1.0891163349151611,
      "direction": [
        -0.6536450982093811,
        -0.7568011283874512
      ]
    },
    {
      "coordinates": [
        45,
        0
      ],
      "magnitude": 0.7284179329872131,
      "direction": [
        -0.36741557717323303,
        -0.9300568699836731
      ]
    },
    {
      "coordinates": [
        68,
        0
      ],
      "magnitude": 0.9778130054473877,
      "direction": [
        -0.43878936767578125,
        -0.8985899686813354
      ]
    },
    {
      "coordinates": [
        91,
        0
      ],
      "magnitude": 0.8831084370613098,
      "direction": [
        -0.5351195931434631,
        -0.8447762727737427
      ]
    },
    {
      "coordinates": [
        113,
        0
      ],
      "magnitude": 0.9725768566131592,
      "direction": [
        -0.24954865872859955,
        -0.9683622717857361
      ]
    },
    {
      "coordinates": [
        136,
        0
      ],
      "magnitude": 0.9780155420303345,
      "direction": [
        -0.08689378947019577,
        -0.9962176084518433
      ]
    },
    {
      "coordinates": [
        159,
        0
      ],
      "magnitude": 1.0869756937026978,
      "direction": [
        0.190044566988945,
        -0.9817754626274109
      ]
    },
    {
      "coordinates": [
        182,
        0
      ],
      "magnitude": 0.9084718823432922,
      "direction": [
        0.09573107957839966,
        -0.995407223701477
      ]
    },
    {
      "coordinates": [
        205,
        0
      ],
      "magnitude": 0.9433445334434509,
      "direction": [
        0.011983775533735752,
        -0.9999282360076904
      ]
    },
    {
      "coordinates": [
        227,
        0
      ],
      "magnitude": 0.9577205181121826,
      "direction": [
        0.13451629877090454,
        -0.9909113645553589
      ]
    },
    {
      "coordinates": [
        250,
        0
      ],
      "magnitude": 1.149343729019165,
      "direction": [
        0.6786391735076904,
        -0.7344717979431152
      ]
    },
    {
      "coordinates": [
        273,
        0
      ],
      "magnitude": 0.8443584442138672,
      "direction": [
        0.7493417859077454,
        -0.6621833443641663
      ]
    },
    {
      "coordinates": [
        296,
        0
      ],
      "magnitude": 0.8984913229942322,
      "direction": [
        0.5675233602523804,
        -0.8233572840690613
      ]
    },
    {
      "coordinates": [
        319,
        0
      ],
      "magnitude": 1.3705352544784546,
      "direction": [
        0.5633313655853271,
        -0.826231062412262
      ]
    },
    {
      "coordinates": [
        0,
        17
      ],
      "magnitude": 1.0123999118804932,
      "direction": [
        -0.6201736330986023,
        -0.7844645380973816
      ]
    },
    {
      "coordinates": [
        22,
        17
      ],
      "magnitude": 0.9811815619468689,
      "direction": [
        -0.5485295057296753,
        -0.8361311554908752
      ]
    },
    {
      "coordinates": [
        45,
        17
      ],
      "magnitude": 0.9047191739082336,
      "direction": [
        -0.4463765621185303,
        -0.894845187664032
      ]
    },
    {
      "coordinates": [
        68,
        17
      ],
      "magnitude": 1.0319247245788574,
      "direction": [
        -0.45665213465690613,
        -0.8896453976631165
      ]
    },
    {
      "coordinates": [
        91,
        17
      ],
      "magnitude": 0.8491672277450562,
      "direction": [
        -0.3464970290660858,
        -0.9380510449409485
      ]
    },
    {
      "coordinates": [
        113,
        17
      ],
      "magnitude": 1.136091709136963,
      "direction": [
        -0.5257546305656433,
        -0.8506363034248352
      ]
    },
    {
      "coordinates": [
        136,
        17
      ],
      "magnitude": 1.0071020126342773,
      "direction": [
        -0.11590687185525894,
        -0.9932600855827332
      ]
    },
    {
      "coordinates": [
        159,
        17
      ],
      "magnitude": 0.9043005704879761,
      "direction": [
        0.25612637400627136,
        -0.9666432738304138
      ]
    },
    {
      "coordinates": [
        182,
        17
      ],
      "magnitude": 1.1802253723144531,
      "direction": [
        0.16477693617343903,
        -0.9863308072090149
      ]
    },
    {
      "coordinates": [
        205,
        17
      ],
      "magnitude": 1.1183192729949951,
      "direction": [
        0.24538245797157288,
        -0.9694263339042664
      ]
    },
    {
      "coordinates": [
        227,
        17
      ],
      "magnitude": 0.9777477383613586,
      "direction": [
        0.5278044939041138,
        -0.8493659496307373
      ]
    },
    {
      "coordinates": [
        250,
        17
      ],
      "magnitude": 1.1710478067398071,
      "direction": [
        0.4695250391960144,
        -0.882919192314148
      ]
    },
    {
      "coordinates": [
        273,
        17
      ],
      "magnitude": 0.868626594543457,
      "direction": [
        0.47809240221977234,
        -0.8783094882965088
      ]
    },
    {
      "coordinates": [
        296,
        17
      ],
      "magnitude": 0.8805808424949646,
      "direction": [
        0.7695251107215881,
        -0.6386166214942932
      ]
    },
    {
      "coordinates": [
        319,
        17
      ],
      "magnitude": 1.3002796173095703,
      "direction": [
        0.668831467628479,
        -0.743414044380188
      ]
    },
    {
      "coordinates": [
        0,
        34
      ],
      "magnitude": 0.9019643664360046,
      "direction": [
        -0.7557772397994995,
        -0.6548288464546204
      ]
    },
    {
      "coordinates": [
        22,
        34
      ],
      "magnitude": 1.1975516080856323,
      "direction": [
        -0.5960565209388733,
        -0.8029424548149109
      ]
    },
    {
      "coordinates": [
        45,
        34
      ],
      "magnitude": 0.9378809928894043,
      "direction": [
        -0.5182252526283264,
        -0.8552442193031311
      ]
    },
    {
      "coordinates": [
        68,
        34
      ],
      "magnitude": 1.031989336013794,
      "direction": [
        -0.4498359262943268,
        -0.8931112289428711
      ]
    },
    {
      "coordinates": [
        91,
        34
      ],
      "magnitude": 1.0445020198822021,
      "direction": [
        -0.470702588558197,
        -0.8822920322418213
      ]
    },
    {
      "coordinates": [
        113,
        34
      ],
      "magnitude": 1.217214822769165,
      "direction": [
        -0.295507550239563,
        -0.9553404450416565
      ]
    },
    {
      "coordinates": [
        136,
        34
      ],
      "magnitude": 1.1246789693832397,
      "direction": [
        -0.134574756026268,
        -0.9909034967422485
      ]
    },
    {
      "coordinates": [
        159,
        34
      ],
      "magnitude": 0.9229171276092529,
      "direction": [
        0.07085701078176498,
        -0.9974864721298218
      ]
    },
    {
      "coordinates": [
        182,
        34
      ],
      "magnitude": 1.146347999572754,
      "direction": [
        0.27927061915397644,
        -0.9602124094963074
      ]
    },
    {
      "coordinates": [
        205,
        34
      ],
      "magnitude": 1.1665242910385132,
      "direction": [
        0.469148725271225,
        -0.8831191658973694
      ]
    },
    {
      "coordinates": [
        227,
        34
      ],
      "magnitude": 0.9565033912658691,
      "direction": [
        0.6555953025817871,
        -0.7551124095916748
      ]
    },
    {
      "coordinates": [
        250,
        34
      ],
      "magnitude": 1.0836821794509888,
      "direction": [
        0.4110219180583954,
        -0.9116255044937134
      ]
    },
    {
      "coordinates": [
        273,
        34
      ],
      "magnitude": 0.9204421639442444,
      "direction": [
        0.2808920741081238,
        -0.9597393870353699
      ]
    },
    {
      "coordinates": [
        296,
        34
      ],
      "magnitude": 0.9469094276428223,
      "direction": [
        0.7885170578956604,
        -0.6150129437446594
      ]
    },
    {
      "coordinates": [
        319,
        34
      ],
      "magnitude": 0.9937902688980103,
      "direction": [
        0.6657955050468445,
        -0.7461342811584473
      ]
    },
    {
      "coordinates": [
        0,
        51
      ],
      "magnitude": 0.9999650120735168,
      "direction": [
        -0.8387513756752014,
        -0.5445145964622498
      ]
    },
    {
      "coordinates": [
        22,
        51
      ],
      "magnitude": 1.1334419250488281,
      "direction": [
        -0.6226720809936523,
        -0.7824829816818237
      ]
    },
    {
      "coordinates": [
        45,
        51
      ],
      "magnitude": 1.0125943422317505,
      "direction": [
        -0.6329443454742432,
        -0.7741973400115967
      ]
    },
    {
      "coordinates": [
        68,
        51
      ],
      "magnitude": 1.0495233535766602,
      "direction": [
        -0.513851523399353,
        -0.8578791618347168
      ]
    },
    {
      "coordinates": [
        91,
        51
      ],
      "magnitude": 1.2367116212844849,
      "direction": [
        -0.46604859828948975,
        -0.8847591280937195
      ]
    },
    {
      "coordinates": [
        113,
        51
      ],
      "magnitude": 1.2654368877410889,
      "direction": [
        -0.20731453597545624,
        -0.978274405002594
      ]
    },
    {
      "coordinates": [
        136,
        51
      ],
      "magnitude": 1.1632274389266968,
      "direction": [
        0.20053106546401978,
        -0.9796873331069946
      ]
    },
    {
      "coordinates": [
        159,
        51
      ],
      "magnitude": 1.1178125143051147,
      "direction": [
        0.21028006076812744,
        -0.9776411056518555
      ]
    },
    {
      "coordinates": [
        182,
        51
      ],
      "magnitude": 1.0541462898254395,
      "direction": [
        0.34732383489608765,
        -0.9377452731132507
      ]
    },
    {
      "coordinates": [
        205,
        51
      ],
      "magnitude": 0.945034921169281,
      "direction": [
        0.6041778922080994,
        -0.7968494296073914
      ]
    },
    {
      "coordinates": [
        227,
        51
      ],
      "magnitude": 1.0165843963623047,
      "direction": [
        0.6239572167396545,
        -0.7814585566520691
      ]
    },
    {
      "coordinates": [
        250,
        51
      ],
      "magnitude": 0.9873899817466736,
      "direction": [
        0.6335577964782715,
        -0.7736954092979431
      ]
    },
    {
      "coordinates": [
        273,
        51
      ],
      "magnitude": 0.8725183010101318,
      "direction": [
        0.37787771224975586,
        -0.9258555769920349
      ]
    },
    {
      "coordinates": [
        296,
        51
      ],
      "magnitude": 0.8153851628303528,
      "direction": [
        0.8069856762886047,
        -0.5905709862709045
      ]
    },
    {
      "coordinates": [
        319,
        51
      ],
      "magnitude": 0.8646186590194702,
      "direction": [
        0.6612720489501953,
        -0.750146210193634
      ]
    },
    {
      "coordinates": [
        0,
        68
      ],
      "magnitude": 1.0368822813034058,
      "direction": [
        -0.9591224193572998,
        -0.2829917073249817
      ]
    },
    {
      "coordinates": [
        22,
        68
      ],
      "magnitude": 1.0506176948547363,
      "direction": [
        -0.7240552306175232,
        -0.6897419095039368
      ]
    },
    {
      "coordinates": [
        45,
        68
      ],
      "magnitude": 1.0137391090393066,
      "direction": [
        -0.7375208735466003,
        -0.6753242611885071
      ]
    },
    {
      "coordinates": [
        68,
        68
      ],
      "magnitude": 1.0440648794174194,
      "direction": [
        -0.626869797706604,
        -0.7791240811347961
      ]
    },
    {
      "coordinates": [
        91,
        68
      ],
      "magnitude": 1.3040794134140015,
      "direction": [
        -0.5185662508010864,
        -0.8550374507904053
      ]
    },
    {
      "coordinates": [
        113,
        68
      ],
      "magnitude": 1.3523119688034058,
      "direction": [
        -0.34042370319366455,
        -0.9402720928192139
      ]
    },
    {
      "coordinates": [
        136,
        68
      ],
      "magnitude": 1.203281283378601,
      "direction": [
        0.04607700929045677,
        -0.9989378452301025
      ]
    },
    {
      "coordinates": [
        159,
        68
      ],
      "magnitude": 1.2457256317138672,
      "direction": [
        0.3465133309364319,
        -0.938045084476471
      ]
    },
    {
      "coordinates": [
        182,
        68
      ],
      "magnitude": 1.115132451057434,
      "direction": [
        0.47568804025650024,
        -0.8796141147613525
      ]
    },
    {
      "coordinates": [
        205,
        68
      ],
      "magnitude": 0.7234704494476318,
      "direction": [
        0.7840928435325623,
        -0.6206435561180115
      ]
    },
    {
      "coordinates": [
        227,
        68
      ],
      "magnitude": 0.855640709400177,
      "direction": [
        0.6852487921714783,
        -0.7283090353012085
      ]
    },
    {
      "coordinates": [
        250,
        68
      ],
      "magnitude": 0.8158791661262512,
      "direction": [
        0.7435410022735596,
        -0.6686903238296509
      ]
    },
    {
      "coordinates": [
        273,
        68
      ],
      "magnitude": 0.7955074310302734,
      "direction": [
        0.6641770005226135,
        -0.7475754022598267
      ]
    },
    {
      "coordinates": [
        296,
        68
      ],
      "magnitude": 0.7489941716194153,
      "direction": [
        0.4456959664821625,
        -0.8951843976974487
      ]
    },
    {
      "coordinates": [
        319,
        68
      ],
      "magnitude": 0.9313368797302246,
      "direction": [
        0.6819457411766052,
        -0.7314027547836304
      ]
    },
    {
      "coordinates": [
        0,
        85
      ],
      "magnitude": 1.4383933544158936,
      "direction": [
        -0.9678401947021484,
        -0.2515657842159271
      ]
    },
    {
      "coordinates": [
        22,
        85
      ],
      "magnitude": 1.16206693649292,
      "direction": [
        -0.72605299949646,
        -0.6876387000083923
      ]
    },
    {
      "coordinates": [
        45,
        85
      ],
      "magnitude": 1.2593950033187866,
      "direction": [
        -0.7187795639038086,
        -0.6952380537986755
      ]
    },
    {
      "coordinates": [
        68,
        85
      ],
      "magnitude": 1.263938546180725,
      "direction": [
        -0.7290042638778687,
        -0.6845092177391052
      ]
    },
    {
      "coordinates": [
        91,
        85
      ],
      "magnitude": 1.5618096590042114,
      "direction": [
        -0.5775574445724487,
        -0.8163500428199768
      ]
    },
    {
      "coordinates": [
        113,
        85
      ],
      "magnitude": 1.6263538599014282,
      "direction": [
        -0.26162058115005493,
        -0.9651707410812378
      ]
    },
    {
      "coordinates": [
        136,
        85
      ],
      "magnitude": 1.3831477165222168,
      "direction": [
        0.09899196773767471,
        -0.9950882196426392
      ]
    },
    {
      "coordinates": [
        159,
        85
      ],
      "magnitude": 1.4475054740905762,
      "direction": [
        0.5483171939849854,
        -0.8362704515457153
      ]
    },
    {
      "coordinates": [
        182,
        85
      ],
      "magnitude": 1.0735976696014404,
      "direction": [
        0.5262828469276428,
        -0.8503095507621765
      ]
    },
    {
      "coordinates": [
        205,
        85
      ],
      "magnitude": 1.0303566455841064,
      "direction": [
        0.5487326383590698,
        -0.8359978795051575
      ]
    },
    {
      "coordinates": [
        227,
        85
      ],
      "magnitude": 0.7659662365913391,
      "direction": [
        0.852847158908844,
        -0.5221606492996216
      ]
    },
    {
      "coordinates": [
        250,
        85
      ],
      "magnitude": 0.7340161800384521,
      "direction": [
        0.7323952317237854,
        -0.6808797717094421
      ]
    },
    {
      "coordinates": [
        273,
        85
      ],
      "magnitude": 0.7854169607162476,
      "direction": [
        0.7496318817138672,
        -0.6618550419807434
      ]
    },
    {
      "coordinates": [
        296,
        85
      ],
      "magnitude": 0.6076036095619202,
      "direction": [
        0.4585235118865967,
        -0.8886823058128357
      ]
    },
    {
      "coordinates": [
        319,
        85
      ],
      "magnitude": 0.7590585350990295,
      "direction": [
        0.7705392837524414,
        -0.637392520904541
      ]
    },
    {
      "coordinates": [
        0,
        102
      ],
      "magnitude": 1.5885406732559204,
      "direction": [
        -0.9483469724655151,
        -0.3172351121902466
      ]
    },
    {
      "coordinates": [
        22,
        102
      ],
      "magnitude": 0.837195098400116,
      "direction": [
        -0.7548462152481079,
        -0.6559019088745117
      ]
    },
    {
      "coordinates": [
        45,
        102
      ],
      "magnitude": 1.015136957168579,
      "direction": [
        -0.9060202240943909,
        -0.42323440313339233
      ]
    },
    {
      "coordinates": [
        68,
        102
      ],
      "magnitude": 1.507952094078064,
      "direction": [
        -0.8856992721557617,
        -0.46425944566726685
      ]
    },
    {
      "coordinates": [
        91,
        102
      ],
      "magnitude": 1.923656702041626,
      "direction": [
        -0.6528587341308594,
        -0.757479727268219
      ]
    },
    {
      "coordinates": [
        113,
        102
      ],
      "magnitude": 2.18420147895813,
      "direction": [
        -0.43473565578460693,
        -0.9005580544471741
      ]
    },
    {
      "coordinates": [
        136,
        102
      ],
      "magnitude": 1.907915472984314,
      "direction": [
        0.23312939703464508,
        -0.9724456667900085
      ]
    },
    {
      "coordinates": [
        159,
        102
      ],
      "magnitude": 1.645071268081665,
      "direction": [
        0.7495584487915039,
        -0.6619381904602051
      ]
    },
    {
      "coordinates": [
        182,
        102
      ],
      "magnitude": 1.1366432905197144,
      "direction": [
        0.8391572833061218,
        -0.5438889265060425
      ]
    },
    {
      "coordinates": [
        205,
        102
      ],
      "magnitude": 0.9712552428245544,
      "direction": [
        0.8226286768913269,
        -0.5685788989067078
      ]
    },
    {
      "coordinates": [
        227,
        102
      ],
      "magnitude": 0.6297237277030945,
      "direction": [
        0.8358960747718811,
        -0.5488876700401306
      ]
    },
    {
      "coordinates": [
        250,
        102
      ],
      "magnitude": 0.6263635754585266,
      "direction": [
        0.882026731967926,
        -0.47119927406311035
      ]
    },
    {
      "coordinates": [
        273,
        102
      ],
      "magnitude": 0.7419716119766235,
      "direction": [
        0.865186333656311,
        -0.5014505386352539
      ]
    },
    {
      "coordinates": [
        296,
        102
      ],
      "magnitude": 0.6619746088981628,
      "direction": [
        0.8036982417106628,
        -0.595037043094635
      ]
    },
    {
      "coordinates": [
        319,
        102
      ],
      "magnitude": 0.8138175010681152,
      "direction": [
        0.8610880374908447,
        -0.5084558725357056
      ]
    },
    {
      "coordinates": [
        0,
        119
      ],
      "magnitude": 1.2408889532089233,
      "direction": [
        -0.9638897776603699,
        -0.2663014233112335
      ]
    },
    {
      "coordinates": [
        22,
        119
      ],
      "magnitude": 1.0675400495529175,
      "direction": [
        -0.9411501288414001,
        -0.3379889130592346
      ]
    },
    {
      "coordinates": [
        45,
        119
      ],
      "magnitude": 1.0129780769348145,
      "direction": [
        -0.9844702482223511,
        -0.17555150389671326
      ]
    },
    {
      "coordinates": [
        68,
        119
      ],
      "magnitude": 1.6907082796096802,
      "direction": [
        -0.9069768190383911,
        -0.4211806356906891
      ]
    },
    {
      "coordinates": [
        91,
        119
      ],
      "magnitude": 2.183866262435913,
      "direction": [
        -0.9274621605873108,
        -0.37391698360443115
      ]
    },
    {
      "coordinates": [
        113,
        119
      ],
      "magnitude": 2.655303478240967,
      "direction": [
        -0.7012806534767151,
        -0.712885320186615
      ]
    },
    {
      "coordinates": [
        136,
        119
      ],
      "magnitude": 2.754788875579834,
      "direction": [
        0.6462621092796326,
        -0.7631155252456665
      ]
    },
    {
      "coordinates": [
        159,
        119
      ],
      "magnitude": 2.40370512008667,
      "direction": [
        0.8796975016593933,
        -0.475533664226532
      ]
    },
    {
      "coordinates": [
        182,
        119
      ],
      "magnitude": 1.3812973499298096,
      "direction": [
        0.9538954496383667,
        -0.30013906955718994
      ]
    },
    {
      "coordinates": [
        205,
        119
      ],
      "magnitude": 0.9381661415100098,
      "direction": [
        0.8991687297821045,
        -0.43760213255882263
      ]
    },
    {
      "coordinates": [
        227,
        119
      ],
      "magnitude": 0.9428649544715881,
      "direction": [
        0.9607197642326355,
        -0.2775202691555023
      ]
    },
    {
      "coordinates": [
        250,
        119
      ],
      "magnitude": 0.8586172461509705,
      "direction": [
        0.9525025486946106,
        -0.3045308291912079
      ]
    },
    {
      "coordinates": [
        273,
        119
      ],
      "magnitude": 0.7618938684463501,
      "direction": [
        0.9123018980026245,
        -0.4095183312892914
      ]
    },
    {
      "coordinates": [
        296,
        119
      ],
      "magnitude": 0.7568422555923462,
      "direction": [
        0.8735737204551697,
        -0.4866919219493866
      ]
    },
    {
      "coordinates": [
        319,
        119
      ],
      "magnitude": 0.7995188236236572,
      "direction": [
        0.7874051332473755,
        -0.6164358258247375
      ]
    },
    {
      "coordinates": [
        0,
        136
      ],
      "magnitude": 1.234224796295166,
      "direction": [
        -0.9836894869804382,
        -0.1798752248287201
      ]
    },
    {
      "coordinates": [
        22,
        136
      ],
      "magnitude": 1.0048890113830566,
      "direction": [
        -0.991593599319458,
        -0.12939177453517914
      ]
    },
    {
      "coordinates": [
        45,
        136
      ],
      "magnitude": 1.1464364528656006,
      "direction": [
        -0.9999722242355347,
        -0.007452351041138172
      ]
    },
    {
      "coordinates": [
        68,
        136
      ],
      "magnitude": 1.7557262182235718,
      "direction": [
        -0.978675365447998,
        -0.20541293919086456
      ]
    },
    {
      "coordinates": [
        91,
        136
      ],
      "magnitude": 2.4327008724212646,
      "direction": [
        -0.9996893405914307,
        0.024927765130996704
      ]
    },
    {
      "coordinates": [
        113,
        136
      ],
      "magnitude": 3.2913577556610107,
      "direction": [
        -0.983316957950592,
        0.18190056085586548
      ]
    },
    {
      "coordinates": [
        136,
        136
      ],
      "magnitude": 2.005049467086792,
      "direction": [
        0.9039363861083984,
        0.4276670515537262
      ]
    },
    {
      "coordinates": [
        159,
        136
      ],
      "magnitude": 2.382984161376953,
      "direction": [
        0.9847986102104187,
        0.173699751496315
      ]
    },
    {
      "coordinates": [
        182,
        136
      ],
      "magnitude": 1.6423628330230713,
      "direction": [
        0.9944230914115906,
        0.10546403378248215
      ]
    },
    {
      "coordinates": [
        205,
        136
      ],
      "magnitude": 1.0963703393936157,
      "direction": [
        0.9977501630783081,
        0.06704279035329819
      ]
    },
    {
      "coordinates": [
        227,
        136
      ],
      "magnitude": 1.0488412380218506,
      "direction": [
        0.9773581624031067,
        -0.21159131824970245
      ]
    },
    {
      "coordinates": [
        250,
        136
      ],
      "magnitude": 0.9908140301704407,
      "direction": [
        0.9853511452674866,
        -0.17053736746311188
      ]
    },
    {
      "coordinates": [
        273,
        136
      ],
      "magnitude": 0.6671592593193054,
      "direction": [
        0.8909587264060974,
        -0.4540843367576599
      ]
    },
    {
      "coordinates": [
        296,
        136
      ],
      "magnitude": 0.61311936378479,
      "direction": [
        0.9361526370048523,
        -0.35159388184547424
      ]
    },
    {
      "coordinates": [
        319,
        136
      ],
      "magnitude": 0.6719624400138855,
      "direction": [
        0.9743451476097107,
        -0.22505904734134674
      ]
    },
    {
      "coordinates": [
        0,
        153
      ],
      "magnitude": 0.8420009613037109,
      "direction": [
        -0.9998197555541992,
        -0.01898597925901413
      ]
    },
    {
      "coordinates": [
        22,
        153
      ],
      "magnitude": 0.8901021480560303,
      "direction": [
        -0.9999766945838928,
        -0.006824411451816559
      ]
    },
    {
      "coordinates": [
        45,
        153
      ],
      "magnitude": 0.9941777586936951,
      "direction": [
        -0.9980151057243347,
        0.06297420710325241
      ]
    },
    {
      "coordinates": [
        68,
        153
      ],
      "magnitude": 1.6008894443511963,
      "direction": [
        -0.998161256313324,
        0.060613963752985
      ]
    },
    {
      "coordinates": [
        91,
        153
      ],
      "magnitude": 2.0756733417510986,
      "direction": [
        -0.9194720387458801,
        0.393155574798584
      ]
    },
    {
      "coordinates": [
        113,
        153
      ],
      "magnitude": 2.8524186611175537,
      "direction": [
        -0.5287134647369385,
        0.8488003611564636
      ]
    },
    {
      "coordinates": [
        136,
        153
      ],
      "magnitude": 2.503404378890991,
      "direction": [
        0.48330286145210266,
        0.8754532337188721
      ]
    },
    {
      "coordinates": [
        159,
        153
      ],
      "magnitude": 2.3633053302764893,
      "direction": [
        0.8724238276481628,
        0.48875007033348083
      ]
    },
    {
      "coordinates": [
        182,
        153
      ],
      "magnitude": 1.2982769012451172,
      "direction": [
        0.9323830604553223,
        0.36147165298461914
      ]
    },
    {
      "coordinates": [
        205,
        153
      ],
      "magnitude": 0.891083300113678,
      "direction": [
        0.9561852216720581,
        0.29276227951049805
      ]
    },
    {
      "coordinates": [
        227,
        153
      ],
      "magnitude": 0.7781128883361816,
      "direction": [
        0.9999893307685852,
        0.004613928962498903
      ]
    },
    {
      "coordinates": [
        250,
        153
      ],
      "magnitude": 0.9403257966041565,
      "direction": [
        0.9905316233634949,
        0.13728493452072144
      ]
    },
    {
      "coordinates": [
        273,
        153
      ],
      "magnitude": 0.6172384023666382,
      "direction": [
        0.9930306077003479,
        -0.11785710602998734
      ]
    },
    {
      "coordinates": [
        296,
        153
      ],
      "magnitude": 0.6205172538757324,
      "direction": [
        0.9483624696731567,
        -0.31718870997428894
      ]
    },
    {
      "coordinates": [
        319,
        153
      ],
      "magnitude": 0.700717031955719,
      "direction": [
        0.9997110366821289,
        0.024038586765527725
      ]
    },
    {
      "coordinates": [
        0,
        170
      ],
      "magnitude": 1.0455328226089478,
      "direction": [
        -0.9518657326698303,
        0.30651527643203735
      ]
    },
    {
      "coordinates": [
        22,
        170
      ],
      "magnitude": 0.8104720115661621,
      "direction": [
        -0.9988268613815308,
        0.0484246127307415
      ]
    },
    {
      "coordinates": [
        45,
        170
      ],
      "magnitude": 0.9817513227462769,
      "direction": [
        -0.9741462469100952,
        0.2259184569120407
      ]
    },
    {
      "coordinates": [
        68,
        170
      ],
      "magnitude": 1.4418734312057495,
      "direction": [
        -0.8998696804046631,
        0.4361588954925537
      ]
    },
    {
      "coordinates": [
        91,
        170
      ],
      "magnitude": 1.9926040172576904,
      "direction": [
        -0.7565102577209473,
        0.6539817452430725
      ]
    },
    {
      "coordinates": [
        113,
        170
      ],
      "magnitude": 2.314910888671875,
      "direction": [
        -0.5612109303474426,
        0.8276728391647339
      ]
    },
    {
      "coordinates": [
        136,
        170
      ],
      "magnitude": 1.9719228744506836,
      "direction": [
        0.1282690465450287,
        0.9917393922805786
      ]
    },
    {
      "coordinates": [
        159,
        170
      ],
      "magnitude": 1.4065884351730347,
      "direction": [
        0.6490037441253662,
        0.7607852816581726
      ]
    },
    {
      "coordinates": [
        182,
        170
      ],
      "magnitude": 1.2130696773529053,
      "direction": [
        0.7947746515274048,
        0.6069046258926392
      ]
    },
    {
      "coordinates": [
        205,
        170
      ],
      "magnitude": 0.8487496972084045,
      "direction": [
        0.903061032295227,
        0.42951223254203796
      ]
    },
    {
      "coordinates": [
        227,
        170
      ],
      "magnitude": 0.754751980304718,
      "direction": [
        0.9812817573547363,
        0.1925775408744812
      ]
    },
    {
      "coordinates": [
        250,
        170
      ],
      "magnitude": 0.8475450277328491,
      "direction": [
        0.9970849752426147,
        0.0762987956404686
      ]
    },
    {
      "coordinates": [
        273,
        170
      ],
      "magnitude": 0.6576588153839111,
      "direction": [
        0.9466254711151123,
        0.32233577966690063
      ]
    },
    {
      "coordinates": [
        296,
        170
      ],
      "magnitude": 0.6990755796432495,
      "direction": [
        0.9730889797210693,
        -0.2304297536611557
      ]
    },
    {
      "coordinates": [
        319,
        170
      ],
      "magnitude": 0.9297263026237488,
      "direction": [
        0.9996792078018188,
        0.025329764932394028
      ]
    },
    {
      "coordinates": [
        0,
        187
      ],
      "magnitude": 0.9709117412567139,
      "direction": [
        -0.988545298576355,
        0.15092463791370392
      ]
    },
    {
      "coordinates": [
        22,
        187
      ],
      "magnitude": 0.8845515251159668,
      "direction": [
        -0.989052951335907,
        0.1475612223148346
      ]
    },
    {
      "coordinates": [
        45,
        187
      ],
      "magnitude": 0.8635010123252869,
      "direction": [
        -0.919751763343811,
        0.3925006091594696
      ]
    },
    {
      "coordinates": [
        68,
        187
      ],
      "magnitude": 1.211003303527832,
      "direction": [
        -0.9004397392272949,
        0.4349808990955353
      ]
    },
    {
      "coordinates": [
        91,
        187
      ],
      "magnitude": 1.5800710916519165,
      "direction": [
        -0.6521519422531128,
        0.7580882906913757
      ]
    },
    {
      "coordinates": [
        113,
        187
      ],
      "magnitude": 1.5401062965393066,
      "direction": [
        -0.363996684551239,
        0.9314002394676208
      ]
    },
    {
      "coordinates": [
        136,
        187
      ],
      "magnitude": 1.5029791593551636,
      "direction": [
        0.12152367830276489,
        0.9925885200500488
      ]
    },
    {
      "coordinates": [
        159,
        187
      ],
      "magnitude": 0.9911971688270569,
      "direction": [
        0.36522620916366577,
        0.93091881275177
      ]
    },
    {
      "coordinates": [
        182,
        187
      ],
      "magnitude": 0.8340170383453369,
      "direction": [
        0.6909108757972717,
        0.7229399681091309
      ]
    },
    {
      "coordinates": [
        205,
        187
      ],
      "magnitude": 0.7761498689651489,
      "direction": [
        0.9737143516540527,
        0.22777260839939117
      ]
    },
    {
      "coordinates": [
        227,
        187
      ],
      "magnitude": 0.8205744624137878,
      "direction": [
        0.8943190574645996,
        0.4474298059940338
      ]
    },
    {
      "coordinates": [
        250,
        187
      ],
      "magnitude": 0.6607354879379272,
      "direction": [
        0.9999993443489075,
        -0.0011760126799345016
      ]
    },
    {
      "coordinates": [
        273,
        187
      ],
      "magnitude": 0.7097245454788208,
      "direction": [
        0.9361154437065125,
        0.3516928255558014
      ]
    },
    {
      "coordinates": [
        296,
        187
      ],
      "magnitude": 0.6405747532844543,
      "direction": [
        0.9608505964279175,
        0.27706724405288696
      ]
    },
    {
      "coordinates": [
        319,
        187
      ],
      "magnitude": 0.797577440738678,
      "direction": [
        0.9984104633331299,
        0.05636054649949074
      ]
    },
    {
      "coordinates": [
        0,
        204
      ],
      "magnitude": 1.0180752277374268,
      "direction": [
        -0.9777235388755798,
        0.20989662408828735
      ]
    },
    {
      "coordinates": [
        22,
        204
      ],
      "magnitude": 0.7608805894851685,
      "direction": [
        -0.8948608040809631,
        0.4463452994823456
      ]
    },
    {
      "coordinates": [
        45,
        204
      ],
      "magnitude": 0.7816885113716125,
      "direction": [
        -0.8863131403923035,
        0.4630865156650543
      ]
    },
    {
      "coordinates": [
        68,
        204
      ],
      "magnitude": 1.133201241493225,
      "direction": [
        -0.8415048718452454,
        0.5402495265007019
      ]
    },
    {
      "coordinates": [
        91,
        204
      ],
      "magnitude": 1.0810012817382812,
      "direction": [
        -0.7754896283149719,
        0.6313602924346924
      ]
    },
    {
      "coordinates": [
        113,
        204
      ],
      "magnitude": 1.3476253747940063,
      "direction": [
        -0.4026225805282593,
        0.9153661131858826
      ]
    },
    {
      "coordinates": [
        136,
        204
      ],
      "magnitude": 1.0602312088012695,
      "direction": [
        -0.03914190083742142,
        0.999233603477478
      ]
    },
    {
      "coordinates": [
        159,
        204
      ],
      "magnitude": 0.9692798256874084,
      "direction": [
        0.49404245615005493,
        0.8694377541542053
      ]
    },
    {
      "coordinates": [
        182,
        204
      ],
      "magnitude": 0.9401474595069885,
      "direction": [
        0.6541107892990112,
        0.7563987970352173
      ]
    },
    {
      "coordinates": [
        205,
        204
      ],
      "magnitude": 0.79613196849823,
      "direction": [
        0.7825583815574646,
        0.6225771903991699
      ]
    },
    {
      "coordinates": [
        227,
        204
      ],
      "magnitude": 0.7542827129364014,
      "direction": [
        0.7377199530601501,
        0.6751068830490112
      ]
    },
    {
      "coordinates": [
        250,
        204
      ],
      "magnitude": 0.616199791431427,
      "direction": [
        0.740419864654541,
        0.6721447706222534
      ]
    },
    {
      "coordinates": [
        273,
        204
      ],
      "magnitude": 0.5391255021095276,
      "direction": [
        0.9234495759010315,
        0.3837197721004486
      ]
    },
    {
      "coordinates": [
        296,
        204
      ],
      "magnitude": 0.26241108775138855,
      "direction": [
        0.9823029041290283,
        0.18729965388774872
      ]
    },
    {
      "coordinates": [
        319,
        204
      ],
      "magnitude": 0.5379367470741272,
      "direction": [
        0.9950853586196899,
        -0.09902054816484451
      ]
    },
    {
      "coordinates": [
        0,
        221
      ],
      "magnitude": 1.226064682006836,
      "direction": [
        -0.9995671510696411,
        -0.029419392347335815
      ]
    },
    {
      "coordinates": [
        22,
        221
      ],
      "magnitude": 0.5881293416023254,
      "direction": [
        -0.8509673476219177,
        0.525218665599823
      ]
    },
    {
      "coordinates": [
        45,
        221
      ],
      "magnitude": 0.7668861150741577,
      "direction": [
        -0.8648356199264526,
        0.5020551681518555
      ]
    },
    {
      "coordinates": [
        68,
        221
      ],
      "magnitude": 0.9565222859382629,
      "direction": [
        -0.634107768535614,
        0.7732446789741516
      ]
    },
    {
      "coordinates": [
        91,
        221
      ],
      "magnitude": 1.029879093170166,
      "direction": [
        -0.6522358655929565,
        0.7580162286758423
      ]
    },
    {
      "coordinates": [
        113,
        221
      ],
      "magnitude": 1.2200474739074707,
      "direction": [
        -0.42885857820510864,
        0.9033716320991516
      ]
    },
    {
      "coordinates": [
        136,
        221
      ],
      "magnitude": 0.8277102112770081,
      "direction": [
        0.08023577183485031,
        0.9967759251594543
      ]
    },
    {
      "coordinates": [
        159,
        221
      ],
      "magnitude": 0.9713316559791565,
      "direction": [
        0.556446373462677,
        0.8308835029602051
      ]
    },
    {
      "coordinates": [
        182,
        221
      ],
      "magnitude": 0.8865377902984619,
      "direction": [
        0.45618346333503723,
        0.8898857235908508
      ]
    },
    {
      "coordinates": [
        205,
        221
      ],
      "magnitude": 0.8042371273040771,
      "direction": [
        0.6608407497406006,
        0.7505261301994324
      ]
    },
    {
      "coordinates": [
        227,
        221
      ],
      "magnitude": 0.6649996638298035,
      "direction": [
        0.9075534343719482,
        0.4199367165565491
      ]
    },
    {
      "coordinates": [
        250,
        221
      ],
      "magnitude": 0.7896071672439575,
      "direction": [
        0.8898122906684875,
        0.45632678270339966
      ]
    },
    {
      "coordinates": [
        273,
        221
      ],
      "magnitude": 0.6427638530731201,
      "direction": [
        0.9193074107170105,
        0.39354023337364197
      ]
    },
    {
      "coordinates": [
        296,
        221
      ],
      "magnitude": 0.5385151505470276,
      "direction": [
        0.9406770467758179,
        0.339303195476532
      ]
    },
    {
      "coordinates": [
        319,
        221
      ],
      "magnitude": 0.7124086618423462,
      "direction": [
        0.999458372592926,
        0.032910529524087906
      ]
    },
    {
      "coordinates": [
        0,
        239
      ],
      "magnitude": 0.6760846972465515,
      "direction": [
        -0.8386054635047913,
        0.5447394251823425
      ]
    },
    {
      "coordinates": [
        22,
        239
      ],
      "magnitude": 0.6595826148986816,
      "direction": [
        -0.6479905247688293,
        0.761648416519165
      ]
    },
    {
      "coordinates": [
        45,
        239
      ],
      "magnitude": 0.9291051626205444,
      "direction": [
        -0.6753333210945129,
        0.7375126481056213
      ]
    },
    {
      "coordinates": [
        68,
        239
      ],
      "magnitude": 0.9948605298995972,
      "direction": [
        -0.5126853585243225,
        0.8585766553878784
      ]
    },
    {
      "coordinates": [
        91,
        239
      ],
      "magnitude": 1.0431081056594849,
      "direction": [
        -0.5862797498703003,
        0.8101086616516113
      ]
    },
    {
      "coordinates": [
        113,
        239
      ],
      "magnitude": 1.067065954208374,
      "direction": [
        -0.4890606701374054,
        0.8722497820854187
      ]
    },
    {
      "coordinates": [
        136,
        239
      ],
      "magnitude": 0.9371997117996216,
      "direction": [
        -0.0462789312005043,
        0.9989285469055176
      ]
    },
    {
      "coordinates": [
        159,
        239
      ],
      "magnitude": 0.8732672929763794,
      "direction": [
        0.16577735543251038,
        0.9861631989479065
      ]
    },
    {
      "coordinates": [
        182,
        239
      ],
      "magnitude": 0.5409255027770996,
      "direction": [
        0.7108805775642395,
        0.7033126950263977
      ]
    },
    {
      "coordinates": [
        205,
        239
      ],
      "magnitude": 0.33391299843788147,
      "direction": [
        0.55561763048172,
        0.8314379453659058
      ]
    },
    {
      "coordinates": [
        227,
        239
      ],
      "magnitude": 0.6408089399337769,
      "direction": [
        0.9652356505393982,
        0.26138126850128174
      ]
    },
    {
      "coordinates": [
        250,
        239
      ],
      "magnitude": 0.6099027395248413,
      "direction": [
        0.9530840516090393,
        0.3027059733867645
      ]
    },
    {
      "coordinates": [
        273,
        239
      ],
      "magnitude": 0.8092190623283386,
      "direction": [
        0.9257723689079285,
        0.37808144092559814
      ]
    },
    {
      "coordinates": [
        296,
        239
      ],
      "magnitude": 0.7290477752685547,
      "direction": [
        0.9621143937110901,
        0.2726461887359619
      ]
    },
    {
      "coordinates": [
        319,
        239
      ],
      "magnitude": 1.011316180229187,
      "direction": [
        0.9877268671989441,
        0.1561908721923828
      ]
    }
  ],
  "shear_mesh": [
    {
      "coordinates": [
        0,
        0
      ],
      "magnitude": 0.23282259702682495,
      "direction": [
        -0.820824146270752,
        -0.571181058883667
      ]
    },
    {
      "coordinates": [
        22,
        0
      ],
      "magnitude": 0.336539089679718,
      "direction": [
        -0.9788733720779419,
        -0.20446743071079254
      ]
    },
    {
      "coordinates": [
        45,
        0
      ],
      "magnitude": 0.11996681243181229,
      "direction": [
        -0.9705249667167664,
        0.24100066721439362
      ]
    },
    {
      "coordinates": [
        68,
        0
      ],
      "magnitude": 0.053521376103162766,
      "direction": [
        -0.796811044216156,
        -0.6042286157608032
      ]
    },
    {
      "coordinates": [
        91,
        0
      ],
      "magnitude": 0.23394989967346191,
      "direction": [
        -0.9999992251396179,
        0.0012174627045169473
      ]
    },
    {
      "coordinates": [
        113,
        0
      ],
      "magnitude": 0.11187427490949631,
      "direction": [
        -0.9793209433555603,
        -0.20231296122074127
      ]
    },
    {
      "coordinates": [
        136,
        0
      ],
      "magnitude": 0.13302429020404816,
      "direction": [
        -0.8335581421852112,
        0.5524317622184753
      ]
    },
    {
      "coordinates": [
        159,
        0
      ],
      "magnitude": 0.08401206880807877,
      "direction": [
        -0.15766139328479767,
        -0.9874932765960693
      ]
    },
    {
      "coordinates": [
        182,
        0
      ],
      "magnitude": 0.1791149526834488,
      "direction": [
        -0.9926322102546692,
        -0.12116611003875732
      ]
    },
    {
      "coordinates": [
        205,
        0
      ],
      "magnitude": 0.21790917217731476,
      "direction": [
        -0.8202716112136841,
        -0.5719742178916931
      ]
    },
    {
      "coordinates": [
        227,
        0
      ],
      "magnitude": 0.20426586270332336,
      "direction": [
        -0.702734112739563,
        -0.7114526033401489
      ]
    },
    {
      "coordinates": [
        250,
        0
      ],
      "magnitude": 0.3124350607395172,
      "direction": [
        0.6218038201332092,
        -0.7831729650497437
      ]
    },
    {
      "coordinates": [
        273,
        0
      ],
      "magnitude": 0.3289370834827423,
      "direction": [
        0.9971633553504944,
        0.07526836544275284
      ]
    },
    {
      "coordinates": [
        296,
        0
      ],
      "magnitude": 0.15661312639713287,
      "direction": [
        0.9501001238822937,
        -0.31194499135017395
      ]
    },
    {
      "coordinates": [
        319,
        0
      ],
      "magnitude": 0.6352431774139404,
      "direction": [
        0.12796317040920258,
        -0.9917789101600647
      ]
    },
    {
      "coordinates": [
        0,
        17
      ],
      "magnitude": 0.22842948138713837,
      "direction": [
        -0.9078013896942139,
        -0.4194003641605377
      ]
    },
    {
      "coordinates": [
        22,
        17
      ],
      "magnitude": 0.22500868141651154,
      "direction": [
        -0.8533297181129456,
        -0.5213716626167297
      ]
    },
    {
      "coordinates": [
        45,
        17
      ],
      "magnitude": 0.08646229654550552,
      "direction": [
        -0.9347919821739197,
        -0.3551956117153168
      ]
    },
    {
      "coordinates": [
        68,
        17
      ],
      "magnitude": 0.14046169817447662,
      "direction": [
        -0.8878212571144104,
        -0.4601883590221405
      ]
    },
    {
      "coordinates": [
        91,
        17
      ],
      "magnitude": 0.1629389375448227,
      "direction": [
        -0.761518657207489,
        0.64814293384552
      ]
    },
    {
      "coordinates": [
        113,
        17
      ],
      "magnitude": 0.2593074142932892,
      "direction": [
        -0.9938276410102844,
        -0.11093538254499435
      ]
    },
    {
      "coordinates": [
        136,
        17
      ],
      "magnitude": 0.16899575293064117,
      "direction": [
        -0.821864902973175,
        -0.5696824193000793
      ]
    },
    {
      "coordinates": [
        159,
        17
      ],
      "magnitude": 0.11056680232286453,
      "direction": [
        -0.02635304443538189,
        0.9996526837348938
      ]
    },
    {
      "coordinates": [
        182,
        17
      ],
      "magnitude": 0.13716858625411987,
      "direction": [
        -0.3621343970298767,
        -0.9321258664131165
      ]
    },
    {
      "coordinates": [
        205,
        17
      ],
      "magnitude": 0.15036913752555847,
      "direction": [
        -0.4248042106628418,
        -0.9052852988243103
      ]
    },
    {
      "coordinates": [
        227,
        17
      ],
      "magnitude": 0.22937975823879242,
      "direction": [
        -0.07287389039993286,
        -0.9973411560058594
      ]
    },
    {
      "coordinates": [
        250,
        17
      ],
      "magnitude": 0.4282224476337433,
      "direction": [
        -0.1626998335123062,
        -0.9866756200790405
      ]
    },
    {
      "coordinates": [
        273,
        17
      ],
      "magnitude": 0.10873261094093323,
      "direction": [
        0.9996368885040283,
        0.02694474346935749
      ]
    },
    {
      "coordinates": [
        296,
        17
      ],
      "magnitude": 0.20475079119205475,
      "direction": [
        0.8998351097106934,
        -0.43623021245002747
      ]
    },
    {
      "coordinates": [
        319,
        17
      ],
      "magnitude": 0.5563518404960632,
      "direction": [
        0.28798985481262207,
        -0.9576334357261658
      ]
    },
    {
      "coordinates": [
        0,
        34
      ],
      "magnitude": 0.09014104306697845,
      "direction": [
        -0.8640885949134827,
        -0.5033398270606995
      ]
    },
    {
      "coordinates": [
        22,
        34
      ],
      "magnitude": 0.33982571959495544,
      "direction": [
        -0.6944371461868286,
        -0.7195532917976379
      ]
    },
    {
      "coordinates": [
        45,
        34
      ],
      "magnitude": 0.14181020855903625,
      "direction": [
        -0.9935786724090576,
        0.11314336955547333
      ]
    },
    {
      "coordinates": [
        68,
        34
      ],
      "magnitude": 0.19350427389144897,
      "direction": [
        -0.98395836353302,
        -0.17839790880680084
      ]
    },
    {
      "coordinates": [
        91,
        34
      ],
      "magnitude": 0.15411476790905,
      "direction": [
        -0.7808664441108704,
        0.6246980428695679
      ]
    },
    {
      "coordinates": [
        113,
        34
      ],
      "magnitude": 0.022798098623752594,
      "direction": [
        -0.9117604494094849,
        -0.4107223153114319
      ]
    },
    {
      "coordinates": [
        136,
        34
      ],
      "magnitude": 0.176612988114357,
      "direction": [
        -0.9342386722564697,
        -0.3566485345363617
      ]
    },
    {
      "coordinates": [
        159,
        34
      ],
      "magnitude": 0.14883369207382202,
      "direction": [
        -0.9661303758621216,
        -0.25805458426475525
      ]
    },
    {
      "coordinates": [
        182,
        34
      ],
      "magnitude": 0.1245063990354538,
      "direction": [
        0.3001389503479004,
        -0.9538955092430115
      ]
    },
    {
      "coordinates": [
        205,
        34
      ],
      "magnitude": 0.18133702874183655,
      "direction": [
        0.13883070647716522,
        -0.9903161525726318
      ]
    },
    {
      "coordinates": [
        227,
        34
      ],
      "magnitude": 0.10478103160858154,
      "direction": [
        0.08918774127960205,
        -0.9960147738456726
      ]
    },
    {
      "coordinates": [
        250,
        34
      ],
      "magnitude": 0.4326436519622803,
      "direction": [
        -0.3112979233264923,
        -0.9503123760223389
      ]
    },
    {
      "coordinates": [
        273,
        34
      ],
      "magnitude": 0.3428964614868164,
      "direction": [
        -0.5458217859268188,
        -0.8379013538360596
      ]
    },
    {
      "coordinates": [
        296,
        34
      ],
      "magnitude": 0.22660031914710999,
      "direction": [
        0.7555452585220337,
        -0.6550964117050171
      ]
    },
    {
      "coordinates": [
        319,
        34
      ],
      "magnitude": 0.31396979093551636,
      "direction": [
        0.2528592050075531,
        -0.9675031304359436
      ]
    },
    {
      "coordinates": [
        0,
        51
      ],
      "magnitude": 0.29695847630500793,
      "direction": [
        -0.9898830652236938,
        0.1418856531381607
      ]
    },
    {
      "coordinates": [
        22,
        51
      ],
      "magnitude": 0.352173388004303,
      "direction": [
        -0.6200146675109863,
        -0.7845902442932129
      ]
    },
    {
      "coordinates": [
        45,
        51
      ],
      "magnitude": 0.18717579543590546,
      "direction": [
        -0.8698380589485168,
        -0.4933372735977173
      ]
    },
    {
      "coordinates": [
        68,
        51
      ],
      "magnitude": 0.12393777817487717,
      "direction": [
        -0.9287275671958923,
        0.3707629144191742
      ]
    },
    {
      "coordinates": [
        91,
        51
      ],
      "magnitude": 0.06423348188400269,
      "direction": [
        -0.9911022186279297,
        0.13310274481773376
      ]
    },
    {
      "coordinates": [
        113,
        51
      ],
      "magnitude": 0.027127694338560104,
      "direction": [
        0.9984886646270752,
        0.05495867133140564
      ]
    },
    {
      "coordinates": [
        136,
        51
      ],
      "magnitude": 0.07719840854406357,
      "direction": [
        0.4176930785179138,
        0.908588171005249
      ]
    },
    {
      "coordinates": [
        159,
        51
      ],
      "magnitude": 0.07239852100610733,
      "direction": [
        -0.5565634965896606,
        -0.8308050036430359
      ]
    },
    {
      "coordinates": [
        182,
        51
      ],
      "magnitude": 0.2841273248195648,
      "direction": [
        0.09756110608577728,
        -0.9952295422554016
      ]
    },
    {
      "coordinates": [
        205,
        51
      ],
      "magnitude": 0.10578185319900513,
      "direction": [
        -0.08833827823400497,
        -0.9960905313491821
      ]
    },
    {
      "coordinates": [
        227,
        51
      ],
      "magnitude": 0.15548980236053467,
      "direction": [
        0.028606969863176346,
        -0.9995908141136169
      ]
    },
    {
      "coordinates": [
        250,
        51
      ],
      "magnitude": 0.19210486114025116,
      "direction": [
        -0.1344747394323349,
        -0.9909170269966125
      ]
    },
    {
      "coordinates": [
        273,
        51
      ],
      "magnitude": 0.3975597023963928,
      "direction": [
        -0.400711327791214,
        -0.9162043929100037
      ]
    },
    {
      "coordinates": [
        296,
        51
      ],
      "magnitude": 0.1694992482662201,
      "direction": [
        0.23477232456207275,
        -0.9720503687858582
      ]
    },
    {
      "coordinates": [
        319,
        51
      ],
      "magnitude": 0.18408545851707458,
      "direction": [
        -0.4846886098384857,
        -0.8746867179870605
      ]
    },
    {
      "coordinates": [
        0,
        68
      ],
      "magnitude": 0.2846432030200958,
      "direction": [
        -0.9422405362129211,
        -0.33493703603744507
      ]
    },
    {
      "coordinates": [
        22,
        68
      ],
      "magnitude": 0.374537855386734,
      "direction": [
        -0.7763557434082031,
        -0.6302949786186218
      ]
    },
    {
      "coordinates": [
        45,
        68
      ],
      "magnitude": 0.23317278921604156,
      "direction": [
        -0.7688288688659668,
        -0.6394546031951904
      ]
    },
    {
      "coordinates": [
        68,
        68
      ],
      "magnitude": 0.061562683433294296,
      "direction": [
        -0.5135786533355713,
        -0.8580425381660461
      ]
    },
    {
      "coordinates": [
        91,
        68
      ],
      "magnitude": 0.07077919691801071,
      "direction": [
        -0.654471755027771,
        -0.7560864090919495
      ]
    },
    {
      "coordinates": [
        113,
        68
      ],
      "magnitude": 0.07579749822616577,
      "direction": [
        -0.9943767786026001,
        -0.10590018332004547
      ]
    },
    {
      "coordinates": [
        136,
        68
      ],
      "magnitude": 0.13053493201732635,
      "direction": [
        -0.7811249494552612,
        0.6243748068809509
      ]
    },
    {
      "coordinates": [
        159,
        68
      ],
      "magnitude": 0.13190676271915436,
      "direction": [
        -0.6842024326324463,
        -0.7292920351028442
      ]
    },
    {
      "coordinates": [
        182,
        68
      ],
      "magnitude": 0.308599591255188,
      "direction": [
        -0.09585334360599518,
        -0.9953954815864563
      ]
    },
    {
      "coordinates": [
        205,
        68
      ],
      "magnitude": 0.091579869389534,
      "direction": [
        -0.7550145983695984,
        -0.6557080149650574
      ]
    },
    {
      "coordinates": [
        227,
        68
      ],
      "magnitude": 0.19573451578617096,
      "direction": [
        -0.17299863696098328,
        -0.9849221110343933
      ]
    },
    {
      "coordinates": [
        250,
        68
      ],
      "magnitude": 0.14504386484622955,
      "direction": [
        -0.6229867339134216,
        -0.782232403755188
      ]
    },
    {
      "coordinates": [
        273,
        68
      ],
      "magnitude": 0.2711501717567444,
      "direction": [
        -0.312593936920166,
        -0.9498868584632874
      ]
    },
    {
      "coordinates": [
        296,
        68
      ],
      "magnitude": 0.35911738872528076,
      "direction": [
        -0.5343581438064575,
        -0.8452580571174622
      ]
    },
    {
      "coordinates": [
        319,
        68
      ],
      "magnitude": 0.24801380932331085,
      "direction": [
        -0.2304527312517166,
        -0.97308349609375
      ]
    },
    {
      "coordinates": [
        0,
        85
      ],
      "magnitude": 0.45224258303642273,
      "direction": [
        -0.9537984132766724,
        -0.3004472851753235
      ]
    },
    {
      "coordinates": [
        22,
        85
      ],
      "magnitude": 0.35781577229499817,
      "direction": [
        -0.805281400680542,
        -0.5928928256034851
      ]
    },
    {
      "coordinates": [
        45,
        85
      ],
      "magnitude": 0.3293011486530304,
      "direction": [
        -0.5389562845230103,
        -0.8423337936401367
      ]
    },
    {
      "coordinates": [
        68,
        85
      ],
      "magnitude": 0.15367209911346436,
      "direction": [
        -0.5253509283065796,
        -0.8508856296539307
      ]
    },
    {
      "coordinates": [
        91,
        85
      ],
      "magnitude": 0.18366768956184387,
      "direction": [
        -0.6200094819068909,
        -0.7845943570137024
      ]
    },
    {
      "coordinates": [
        113,
        85
      ],
      "magnitude": 0.09980399906635284,
      "direction": [
        0.705277681350708,
        -0.7089312076568604
      ]
    },
    {
      "coordinates": [
        136,
        85
      ],
      "magnitude": 0.22026333212852478,
      "direction": [
        -0.3408850431442261,
        0.9401049613952637
      ]
    },
    {
      "coordinates": [
        159,
        85
      ],
      "magnitude": 0.17182157933712006,
      "direction": [
        -0.5070307850837708,
        -0.8619279265403748
      ]
    },
    {
      "coordinates": [
        182,
        85
      ],
      "magnitude": 0.2999069392681122,
      "direction": [
        -0.863244891166687,
        -0.5047853589057922
      ]
    },
    {
      "coordinates": [
        205,
        85
      ],
      "magnitude": 0.41862356662750244,
      "direction": [
        -0.7815223336219788,
        -0.6238772869110107
      ]
    },
    {
      "coordinates": [
        227,
        85
      ],
      "magnitude": 0.12157432734966278,
      "direction": [
        -0.15861304104328156,
        -0.9873408079147339
      ]
    },
    {
      "coordinates": [
        250,
        85
      ],
      "magnitude": 0.24241316318511963,
      "direction": [
        -0.8037566542625427,
        -0.5949582457542419
      ]
    },
    {
      "coordinates": [
        273,
        85
      ],
      "magnitude": 0.19136430323123932,
      "direction": [
        -0.13063611090183258,
        -0.991430401802063
      ]
    },
    {
      "coordinates": [
        296,
        85
      ],
      "magnitude": 0.3137493133544922,
      "direction": [
        -0.43776455521583557,
        -0.8990896344184875
      ]
    },
    {
      "coordinates": [
        319,
        85
      ],
      "magnitude": 0.3195105791091919,
      "direction": [
        -0.23286819458007812,
        -0.9725083112716675
      ]
    },
    {
      "coordinates": [
        0,
        102
      ],
      "magnitude": 0.4971056580543518,
      "direction": [
        -0.7737041115760803,
        -0.6335471868515015
      ]
    },
    {
      "coordinates": [
        22,
        102
      ],
      "magnitude": 0.3932884633541107,
      "direction": [
        0.019759420305490494,
        -0.9998047351837158
      ]
    },
    {
      "coordinates": [
        45,
        102
      ],
      "magnitude": 0.26432597637176514,
      "direction": [
        -0.8536567091941833,
        -0.5208360552787781
      ]
    },
    {
      "coordinates": [
        68,
        102
      ],
      "magnitude": 0.28189170360565186,
      "direction": [
        -0.739282488822937,
        -0.6733953952789307
      ]
    },
    {
      "coordinates": [
        91,
        102
      ],
      "magnitude": 0.23364122211933136,
      "direction": [
        -0.22247274219989777,
        -0.9749388694763184
      ]
    },
    {
      "coordinates": [
        113,
        102
      ],
      "magnitude": 0.04684317857027054,
      "direction": [
        -0.43115144968032837,
        0.9022796154022217
      ]
    },
    {
      "coordinates": [
        136,
        102
      ],
      "magnitude": 0.29649677872657776,
      "direction": [
        -0.7336022257804871,
        0.6795791387557983
      ]
    },
    {
      "coordinates": [
        159,
        102
      ],
      "magnitude": 0.0817730575799942,
      "direction": [
        -0.8449264764785767,
        0.5348824262619019
      ]
    },
    {
      "coordinates": [
        182,
        102
      ],
      "magnitude": 0.0650901198387146,
      "direction": [
        -0.8532185554504395,
        0.5215535163879395
      ]
    },
    {
      "coordinates": [
        205,
        102
      ],
      "magnitude": 0.31839385628700256,
      "direction": [
        -0.2481311708688736,
        -0.9687264561653137
      ]
    },
    {
      "coordinates": [
        227,
        102
      ],
      "magnitude": 0.2537476718425751,
      "direction": [
        -0.9457821846008301,
        -0.3248017430305481
      ]
    },
    {
      "coordinates": [
        250,
        102
      ],
      "magnitude": 0.20730577409267426,
      "direction": [
        -0.5188307762145996,
        -0.8548769950866699
      ]
    },
    {
      "coordinates": [
        273,
        102
      ],
      "magnitude": 0.27984070777893066,
      "direction": [
        -0.30733412504196167,
        -0.9516015648841858
      ]
    },
    {
      "coordinates": [
        296,
        102
      ],
      "magnitude": 0.2427101582288742,
      "direction": [
        0.030339017510414124,
        -0.9995396733283997
      ]
    },
    {
      "coordinates": [
        319,
        102
      ],
      "magnitude": 0.3175545930862427,
      "direction": [
        -0.016843611374497414,
        -0.9998580813407898
      ]
    },
    {
      "coordinates": [
        0,
        119
      ],
      "magnitude": 0.3219345211982727,
      "direction": [
        -0.23855318129062653,
        -0.9711294770240784
      ]
    },
    {
      "coordinates": [
        22,
        119
      ],
      "magnitude": 0.47249719500541687,
      "direction": [
        -0.5493726134300232,
        -0.8355774879455566
      ]
    },
    {
      "coordinates": [
        45,
        119
      ],
      "magnitude": 0.21568605303764343,
      "direction": [
        -0.8688815236091614,
        -0.4950200617313385
      ]
    },
    {
      "coordinates": [
        68,
        119
      ],
      "magnitude": 0.40776699781417847,
      "direction": [
        -0.3860896825790405,
        -0.9224612712860107
      ]
    },
    {
      "coordinates": [
        91,
        119
      ],
      "magnitude": 0.14542217552661896,
      "direction": [
        -0.362453430891037,
        -0.9320019483566284
      ]
    },
    {
      "coordinates": [
        113,
        119
      ],
      "magnitude": 0.06528475135564804,
      "direction": [
        -0.9936197400093079,
        -0.11278251558542252
      ]
    },
    {
      "coordinates": [
        136,
        119
      ],
      "magnitude": 0.3074911832809448,
      "direction": [
        0.7781612277030945,
        0.6280645728111267
      ]
    },
    {
      "coordinates": [
        159,
        119
      ],
      "magnitude": 0.09725106507539749,
      "direction": [
        0.8403713703155518,
        -0.5420109629631042
      ]
    },
    {
      "coordinates": [
        182,
        119
      ],
      "magnitude": 0.04144077003002167,
      "direction": [
        -0.2372128963470459,
        -0.9714576601982117
      ]
    },
    {
      "coordinates": [
        205,
        119
      ],
      "magnitude": 0.2190735936164856,
      "direction": [
        -0.24363155663013458,
        -0.9698678851127625
      ]
    },
    {
      "coordinates": [
        227,
        119
      ],
      "magnitude": 0.22994063794612885,
      "direction": [
        -0.10071033984422684,
        -0.994915783405304
      ]
    },
    {
      "coordinates": [
        250,
        119
      ],
      "magnitude": 0.25564977526664734,
      "direction": [
        0.139829620718956,
        -0.9901755452156067
      ]
    },
    {
      "coordinates": [
        273,
        119
      ],
      "magnitude": 0.31646808981895447,
      "direction": [
        0.39419275522232056,
        -0.9190277457237244
      ]
    },
    {
      "coordinates": [
        296,
        119
      ],
      "magnitude": 0.25698259472846985,
      "direction": [
        0.5261821150779724,
        -0.8503720164299011
      ]
    },
    {
      "coordinates": [
        319,
        119
      ],
      "magnitude": 0.37222984433174133,
      "direction": [
        0.00460886349901557,
        -0.9999893307685852
      ]
    },
    {
      "coordinates": [
        0,
        136
      ],
      "magnitude": 0.41626620292663574,
      "direction": [
        -0.6635403037071228,
        -0.7481404542922974
      ]
    },
    {
      "coordinates": [
        22,
        136
      ],
      "magnitude": 0.4516657292842865,
      "direction": [
        -0.6078156232833862,
        -0.7940781712532043
      ]
    },
    {
      "coordinates": [
        45,
        136
      ],
      "magnitude": 0.27085375785827637,
      "direction": [
        -0.7296918630599976,
        -0.6837760806083679
      ]
    },
    {
      "coordinates": [
        68,
        136
      ],
      "magnitude": 0.5018765330314636,
      "direction": [
        -0.47639551758766174,
        -0.8792310357093811
      ]
    },
    {
      "coordinates": [
        91,
        136
      ],
      "magnitude": 0.2761584520339966,
      "direction": [
        -0.9257648587226868,
        -0.37809988856315613
      ]
    },
    {
      "coordinates": [
        113,
        136
      ],
      "magnitude": 0.4879200756549835,
      "direction": [
        -0.9434589743614197,
        0.3314892053604126
      ]
    },
    {
      "coordinates": [
        136,
        136
      ],
      "magnitude": 0.3695584237575531,
      "direction": [
        -0.9764952063560486,
        -0.21553891897201538
      ]
    },
    {
      "coordinates": [
        159,
        136
      ],
      "magnitude": 0.12750600278377533,
      "direction": [
        -0.6076799631118774,
        0.7941820025444031
      ]
    },
    {
      "coordinates": [
        182,
        136
      ],
      "magnitude": 0.19721099734306335,
      "direction": [
        0.8275870084762573,
        -0.5613374710083008
      ]
    },
    {
      "coordinates": [
        205,
        136
      ],
      "magnitude": 0.189947247505188,
      "direction": [
        0.8144626021385193,
        -0.5802159905433655
      ]
    },
    {
      "coordinates": [
        227,
        136
      ],
      "magnitude": 0.3002241849899292,
      "direction": [
        0.49144741892814636,
        -0.8709072470664978
      ]
    },
    {
      "coordinates": [
        250,
        136
      ],
      "magnitude": 0.24268779158592224,
      "direction": [
        0.5704319477081299,
        -0.8213448524475098
      ]
    },
    {
      "coordinates": [
        273,
        136
      ],
      "magnitude": 0.34330058097839355,
      "direction": [
        0.12644316256046295,
        -0.991973876953125
      ]
    },
    {
      "coordinates": [
        296,
        136
      ],
      "magnitude": 0.19953663647174835,
      "direction": [
        0.35607442259788513,
        -0.9344576001167297
      ]
    },
    {
      "coordinates": [
        319,
        136
      ],
      "magnitude": 0.14859513938426971,
      "direction": [
        0.08661431819200516,
        -0.9962418675422668
      ]
    },
    {
      "coordinates": [
        0,
        153
      ],
      "magnitude": 0.31996068358421326,
      "direction": [
        -0.3285984396934509,
        -0.9444697499275208
      ]
    },
    {
      "coordinates": [
        22,
        153
      ],
      "magnitude": 0.4141905903816223,
      "direction": [
        -0.36655446887016296,
        -0.930396556854248
      ]
    },
    {
      "coordinates": [
        45,
        153
      ],
      "magnitude": 0.30342987179756165,
      "direction": [
        -0.3427434265613556,
        -0.9394290447235107
      ]
    },
    {
      "coordinates": [
        68,
        153
      ],
      "magnitude": 0.35901638865470886,
      "direction": [
        -0.2735435664653778,
        -0.9618595838546753
      ]
    },
    {
      "coordinates": [
        91,
        153
      ],
      "magnitude": 0.2469927817583084,
      "direction": [
        -0.7337145209312439,
        -0.6794579029083252
      ]
    },
    {
      "coordinates": [
        113,
        153
      ],
      "magnitude": 0.10627911239862442,
      "direction": [
        -0.6494882702827454,
        0.7603716254234314
      ]
    },
    {
      "coordinates": [
        136,
        153
      ],
      "magnitude": 0.3200417757034302,
      "direction": [
        -0.523157000541687,
        -0.852236270904541
      ]
    },
    {
      "coordinates": [
        159,
        153
      ],
      "magnitude": 0.14931420981884003,
      "direction": [
        0.9835248589515686,
        -0.1807728111743927
      ]
    },
    {
      "coordinates": [
        182,
        153
      ],
      "magnitude": 0.0546729676425457,
      "direction": [
        0.18836595118045807,
        -0.9820989370346069
      ]
    },
    {
      "coordinates": [
        205,
        153
      ],
      "magnitude": 0.11182112991809845,
      "direction": [
        -0.06512172520160675,
        -0.997877299785614
      ]
    },
    {
      "coordinates": [
        227,
        153
      ],
      "magnitude": 0.3328641355037689,
      "direction": [
        0.09489820152521133,
        -0.9954869747161865
      ]
    },
    {
      "coordinates": [
        250,
        153
      ],
      "magnitude": 0.1972905844449997,
      "direction": [
        0.6937646865844727,
        -0.7202017307281494
      ]
    },
    {
      "coordinates": [
        273,
        153
      ],
      "magnitude": 0.28084492683410645,
      "direction": [
        0.11769282072782516,
        -0.9930499792098999
      ]
    },
    {
      "coordinates": [
        296,
        153
      ],
      "magnitude": 0.31072998046875,
      "direction": [
        0.2642665207386017,
        -0.9644496440887451
      ]
    },
    {
      "coordinates": [
        319,
        153
      ],
      "magnitude": 0.1965712159872055,
      "direction": [
        0.9515096545219421,
        -0.3076189458370209
      ]
    },
    {
      "coordinates": [
        0,
        170
      ],
      "magnitude": 0.2911863923072815,
      "direction": [
        -0.33023038506507874,
        -0.9439003467559814
      ]
    },
    {
      "coordinates": [
        22,
        170
      ],
      "magnitude": 0.3026297390460968,
      "direction": [
        -0.18311943113803864,
        -0.9830906391143799
      ]
    },
    {
      "coordinates": [
        45,
        170
      ],
      "magnitude": 0.3009752929210663,
      "direction": [
        -0.5081257224082947,
        -0.8612829446792603
      ]
    },
    {
      "coordinates": [
        68,
        170
      ],
      "magnitude": 0.29367560148239136,
      "direction": [
        -0.46628105640411377,
        -0.884636640548706
      ]
    },
    {
      "coordinates": [
        91,
        170
      ],
      "magnitude": 0.37398645281791687,
      "direction": [
        -0.9552831649780273,
        -0.2956922948360443
      ]
    },
    {
      "coordinates": [
        113,
        170
      ],
      "magnitude": 0.43286895751953125,
      "direction": [
        -0.9987136125564575,
        0.05070553347468376
      ]
    },
    {
      "coordinates": [
        136,
        170
      ],
      "magnitude": 0.3799627423286438,
      "direction": [
        -0.7981002330780029,
        -0.6025246977806091
      ]
    },
    {
      "coordinates": [
        159,
        170
      ],
      "magnitude": 0.3198033571243286,
      "direction": [
        -0.7387072443962097,
        -0.6740264296531677
      ]
    },
    {
      "coordinates": [
        182,
        170
      ],
      "magnitude": 0.12060339748859406,
      "direction": [
        -0.48217707872390747,
        -0.8760737776756287
      ]
    },
    {
      "coordinates": [
        205,
        170
      ],
      "magnitude": 0.19439008831977844,
      "direction": [
        -0.3579616844654083,
        -0.933736264705658
      ]
    },
    {
      "coordinates": [
        227,
        170
      ],
      "magnitude": 0.27504897117614746,
      "direction": [
        0.026385342702269554,
        -0.9996518492698669
      ]
    },
    {
      "coordinates": [
        250,
        170
      ],
      "magnitude": 0.3235607445240021,
      "direction": [
        0.2504681646823883,
        -0.9681248664855957
      ]
    },
    {
      "coordinates": [
        273,
        170
      ],
      "magnitude": 0.21759819984436035,
      "direction": [
        0.7974281907081604,
        -0.6034138202667236
      ]
    },
    {
      "coordinates": [
        296,
        170
      ],
      "magnitude": 0.4516700506210327,
      "direction": [
        0.3596130907535553,
        -0.9331015348434448
      ]
    },
    {
      "coordinates": [
        319,
        170
      ],
      "magnitude": 0.4307609796524048,
      "direction": [
        0.7640663981437683,
        -0.6451375484466553
      ]
    },
    {
      "coordinates": [
        0,
        187
      ],
      "magnitude": 0.26390540599823,
      "direction": [
        -0.3796383738517761,
        -0.9251350164413452
      ]
    },
    {
      "coordinates": [
        22,
        187
      ],
      "magnitude": 0.34052738547325134,
      "direction": [
        -0.5583488941192627,
        -0.8296062350273132
      ]
    },
    {
      "coordinates": [
        45,
        187
      ],
      "magnitude": 0.2912566065788269,
      "direction": [
        -0.4788648188114166,
        -0.8778886795043945
      ]
    },
    {
      "coordinates": [
        68,
        187
      ],
      "magnitude": 0.3463311493396759,
      "direction": [
        -0.645387589931488,
        -0.7638551592826843
      ]
    },
    {
      "coordinates": [
        91,
        187
      ],
      "magnitude": 0.23102211952209473,
      "direction": [
        -0.9954530596733093,
        -0.09525321424007416
      ]
    },
    {
      "coordinates": [
        113,
        187
      ],
      "magnitude": 0.0688006654381752,
      "direction": [
        -0.35203948616981506,
        -0.9359852075576782
      ]
    },
    {
      "coordinates": [
        136,
        187
      ],
      "magnitude": 0.13495442271232605,
      "direction": [
        -0.9940207600593567,
        -0.10919087380170822
      ]
    },
    {
      "coordinates": [
        159,
        187
      ],
      "magnitude": 0.4287256598472595,
      "direction": [
        -0.7526655197143555,
        -0.6584030985832214
      ]
    },
    {
      "coordinates": [
        182,
        187
      ],
      "magnitude": 0.28773921728134155,
      "direction": [
        -0.7855435609817505,
        -0.6188064217567444
      ]
    },
    {
      "coordinates": [
        205,
        187
      ],
      "magnitude": 0.34559154510498047,
      "direction": [
        0.012907381169497967,
        -0.999916672706604
      ]
    },
    {
      "coordinates": [
        227,
        187
      ],
      "magnitude": 0.2181481570005417,
      "direction": [
        0.36845898628234863,
        -0.929643988609314
      ]
    },
    {
      "coordinates": [
        250,
        187
      ],
      "magnitude": 0.391979843378067,
      "direction": [
        -0.12333249300718307,
        -0.9923654198646545
      ]
    },
    {
      "coordinates": [
        273,
        187
      ],
      "magnitude": 0.2205323725938797,
      "direction": [
        0.5419209003448486,
        -0.8404295444488525
      ]
    },
    {
      "coordinates": [
        296,
        187
      ],
      "magnitude": 0.40071365237236023,
      "direction": [
        0.3836221694946289,
        -0.9234901666641235
      ]
    },
    {
      "coordinates": [
        319,
        187
      ],
      "magnitude": 0.4242347180843353,
      "direction": [
        0.5153942704200745,
        -0.8569532036781311
      ]
    },
    {
      "coordinates": [
        0,
        204
      ],
      "magnitude": 0.3990861177444458,
      "direction": [
        -0.3700256645679474,
        -0.9290215373039246
      ]
    },
    {
      "coordinates": [
        22,
        204
      ],
      "magnitude": 0.20976214110851288,
      "direction": [
        -0.11503518372774124,
        -0.9933614134788513
      ]
    },
    {
      "coordinates": [
        45,
        204
      ],
      "magnitude": 0.238708034157753,
      "direction": [
        -0.5006533265113831,
        -0.8656478524208069
      ]
    },
    {
      "coordinates": [
        68,
        204
      ],
      "magnitude": 0.30609241127967834,
      "direction": [
        -0.9226058721542358,
        -0.3857438266277313
      ]
    },
    {
      "coordinates": [
        91,
        204
      ],
      "magnitude": 0.2921832203865051,
      "direction": [
        -0.461069792509079,
        -0.8873639106750488
      ]
    },
    {
      "coordinates": [
        113,
        204
      ],
      "magnitude": 0.19382944703102112,
      "direction": [
        -0.9795441627502441,
        -0.20122946798801422
      ]
    },
    {
      "coordinates": [
        136,
        204
      ],
      "magnitude": 0.26484307646751404,
      "direction": [
        -0.8642587065696716,
        -0.503047525882721
      ]
    },
    {
      "coordinates": [
        159,
        204
      ],
      "magnitude": 0.2606108784675598,
      "direction": [
        -0.35640397667884827,
        -0.9343318939208984
      ]
    },
    {
      "coordinates": [
        182,
        204
      ],
      "magnitude": 0.28970620036125183,
      "direction": [
        0.08788619190454483,
        -0.9961305260658264
      ]
    },
    {
      "coordinates": [
        205,
        204
      ],
      "magnitude": 0.33838942646980286,
      "direction": [
        -0.27735233306884766,
        -0.9607682824134827
      ]
    },
    {
      "coordinates": [
        227,
        204
      ],
      "magnitude": 0.21971742808818817,
      "direction": [
        -0.20689095556735992,
        -0.9783640503883362
      ]
    },
    {
      "coordinates": [
        250,
        204
      ],
      "magnitude": 0.30879393219947815,
      "direction": [
        -0.05116375535726547,
        -0.9986902475357056
      ]
    },
    {
      "coordinates": [
        273,
        204
      ],
      "magnitude": 0.2979449927806854,
      "direction": [
        -0.21814081072807312,
        -0.9759172797203064
      ]
    },
    {
      "coordinates": [
        296,
        204
      ],
      "magnitude": 0.39919403195381165,
      "direction": [
        -0.2782770097255707,
        -0.9605008959770203
      ]
    },
    {
      "coordinates": [
        319,
        204
      ],
      "magnitude": 0.5668879747390747,
      "direction": [
        0.06733918935060501,
        -0.9977301359176636
      ]
    },
    {
      "coordinates": [
        0,
        221
      ],
      "magnitude": 0.5125012993812561,
      "direction": [
        -0.604518473148346,
        -0.79659104347229
      ]
    },
    {
      "coordinates": [
        22,
        221
      ],
      "magnitude": 0.31278181076049805,
      "direction": [
        -0.19725476205348969,
        -0.9803522825241089
      ]
    },
    {
      "coordinates": [
        45,
        221
      ],
      "magnitude": 0.23828940093517303,
      "direction": [
        -0.45118609070777893,
        -0.8924298882484436
      ]
    },
    {
      "coordinates": [
        68,
        221
      ],
      "magnitude": 0.12858200073242188,
      "direction": [
        -0.9749458432197571,
        -0.22244219481945038
      ]
    },
    {
      "coordinates": [
        91,
        221
      ],
      "magnitude": 0.32062777876853943,
      "direction": [
        -0.7110426425933838,
        -0.7031489610671997
      ]
    },
    {
      "coordinates": [
        113,
        221
      ],
      "magnitude": 0.2658030390739441,
      "direction": [
        -0.9856892228126526,
        -0.16857261955738068
      ]
    },
    {
      "coordinates": [
        136,
        221
      ],
      "magnitude": 0.2885877788066864,
      "direction": [
        -0.06960341334342957,
        -0.9975746870040894
      ]
    },
    {
      "coordinates": [
        159,
        221
      ],
      "magnitude": 0.16984863579273224,
      "direction": [
        -0.16905486583709717,
        -0.9856066107749939
      ]
    },
    {
      "coordinates": [
        182,
        221
      ],
      "magnitude": 0.3032130300998688,
      "direction": [
        -0.4568721354007721,
        -0.8895323872566223
      ]
    },
    {
      "coordinates": [
        205,
        221
      ],
      "magnitude": 0.3282893896102905,
      "direction": [
        0.05577278509736061,
        -0.9984434843063354
      ]
    },
    {
      "coordinates": [
        227,
        221
      ],
      "magnitude": 0.3397701680660248,
      "direction": [
        -0.0009887495543807745,
        -0.999999463558197
      ]
    },
    {
      "coordinates": [
        250,
        221
      ],
      "magnitude": 0.3559974133968353,
      "direction": [
        0.5112574696540833,
        -0.8594276309013367
      ]
    },
    {
      "coordinates": [
        273,
        221
      ],
      "magnitude": 0.30754509568214417,
      "direction": [
        0.28735801577568054,
        -0.9578232765197754
      ]
    },
    {
      "coordinates": [
        296,
        221
      ],
      "magnitude": 0.3675861358642578,
      "direction": [
        0.4387541711330414,
        -0.898607075214386
      ]
    },
    {
      "coordinates": [
        319,
        221
      ],
      "magnitude": 0.524712860584259,
      "direction": [
        0.12239953130483627,
        -0.9924809336662292
      ]
    },
    {
      "coordinates": [
        0,
        239
      ],
      "magnitude": 0.40201976895332336,
      "direction": [
        0.6878587007522583,
        -0.7258446216583252
      ]
    },
    {
      "coordinates": [
        22,
        239
      ],
      "magnitude": 0.2492794394493103,
      "direction": [
        0.3146885335445404,
        -0.9491949677467346
      ]
    },
    {
      "coordinates": [
        45,
        239
      ],
      "magnitude": 0.12507155537605286,
      "direction": [
        -0.3840218186378479,
        -0.9233239889144897
      ]
    },
    {
      "coordinates": [
        68,
        239
      ],
      "magnitude": 0.12554866075515747,
      "direction": [
        -0.9719110727310181,
        -0.2353479564189911
      ]
    },
    {
      "coordinates": [
        91,
        239
      ],
      "magnitude": 0.3057920038700104,
      "direction": [
        -0.7102269530296326,
        -0.7039727568626404
      ]
    },
    {
      "coordinates": [
        113,
        239
      ],
      "magnitude": 0.29104435443878174,
      "direction": [
        -0.8119668960571289,
        -0.5837033987045288
      ]
    },
    {
      "coordinates": [
        136,
        239
      ],
      "magnitude": 0.30324941873550415,
      "direction": [
        -0.6605108380317688,
        -0.7508164644241333
      ]
    },
    {
      "coordinates": [
        159,
        239
      ],
      "magnitude": 0.310328871011734,
      "direction": [
        -0.8100898861885071,
        -0.5863057971000671
      ]
    },
    {
      "coordinates": [
        182,
        239
      ],
      "magnitude": 0.42186322808265686,
      "direction": [
        -0.32557108998298645,
        -0.9455175399780273
      ]
    },
    {
      "coordinates": [
        205,
        239
      ],
      "magnitude": 0.4849094748497009,
      "direction": [
        -0.1773083508014679,
        -0.9841553568840027
      ]
    },
    {
      "coordinates": [
        227,
        239
      ],
      "magnitude": 0.46382972598075867,
      "direction": [
        0.08277763426303864,
        -0.9965680241584778
      ]
    },
    {
      "coordinates": [
        250,
        239
      ],
      "magnitude": 0.4531320631504059,
      "direction": [
        0.3373103737831116,
        -0.9413934946060181
      ]
    },
    {
      "coordinates": [
        273,
        239
      ],
      "magnitude": 0.40565618872642517,
      "direction": [
        0.7495395541191101,
        -0.6619595289230347
      ]
    },
    {
      "coordinates": [
        296,
        239
      ],
      "magnitude": 0.5373708605766296,
      "direction": [
        0.6332333087921143,
        -0.7739610075950623
      ]
    },
    {
      "coordinates": [
        319,
        239
      ],
      "magnitude": 0.5945364236831665,
      "direction": [
        0.6072300672531128,
        -0.7945260405540466
      ]
    }
  ]
}