{
  "recording_timestamp": 1756817794.1797972,
  "mean_fz": -0.2645,
  "peak_intensity": 0.106,
  "deformation_mesh": [
    {
      "coordinates": [
        0,
        0
      ],
      "magnitude": 1.0347824096679688,
      "direction": [
        -0.48712193965911865,
        -0.8733339309692383
      ]
    },
    {
      "coordinates": [
        22,
        0
      ],
      "magnitude": 1.0258148908615112,
      "direction": [
        -0.7703094482421875,
        -0.6376702785491943
      ]
    },
    {
      "coordinates": [
        45,
        0
      ],
      "magnitude": 0.978355348110199,
      "direction": [
        0.02326001226902008,
        -0.9997294545173645
      ]
    },
    {
      "coordinates": [
        68,
        0
      ],
      "magnitude": 1.3428953886032104,
      "direction": [
        -0.2999670207500458,
        -0.9539495706558228
      ]
    },
    {
      "coordinates": [
        91,
        0
      ],
      "magnitude": 1.0874382257461548,
      "direction": [
        -0.30599445104599,
        -0.952033281326294
      ]
    },
    {
      "coordinates": [
        113,
        0
      ],
      "magnitude": 1.1074663400650024,
      "direction": [
        -0.07214558124542236,
        -0.9973940849304199
      ]
    },
    {
      "coordinates": [
        136,
        0
      ],
      "magnitude": 1.1179873943328857,
      "direction": [
        0.10615610331296921,
        -0.9943495392799377
      ]
    },
    {
      "coordinates": [
        159,
        0
      ],
      "magnitude": 1.4477804899215698,
      "direction": [
        0.25140973925590515,
        -0.9678807258605957
      ]
    },
    {
      "coordinates": [
        182,
        0
      ],
      "magnitude": 1.255141258239746,
      "direction": [
        0.1373603492975235,
        -0.9905211329460144
      ]
    },
    {
      "coordinates": [
        205,
        0
      ],
      "magnitude": 1.2326066493988037,
      "direction": [
        0.1561715304851532,
        -0.9877300262451172
      ]
    },
    {
      "coordinates": [
        227,
        0
      ],
      "magnitude": 1.1610007286071777,
      "direction": [
        0.10993176698684692,
        -0.9939391016960144
      ]
    },
    {
      "coordinates": [
        250,
        0
      ],
      "magnitude": 1.0492100715637207,
      "direction": [
        0.5087926387786865,
        -0.860889196395874
      ]
    },
    {
      "coordinates": [
        273,
        0
      ],
      "magnitude": 0.9740811586380005,
      "direction": [
        0.3906606137752533,
        -0.9205347895622253
      ]
    },
    {
      "coordinates": [
        296,
        0
      ],
      "magnitude": 1.4155001640319824,
      "direction": [
        0.39673155546188354,
        -0.9179346561431885
      ]
    },
    {
      "coordinates": [
        319,
        0
      ],
      "magnitude": 1.5715075731277466,
      "direction": [
        0.617622435092926,
        -0.7864747643470764
      ]
    },
    {
      "coordinates": [
        0,
        17
      ],
      "magnitude": 0.8449950218200684,
      "direction": [
        -0.48746418952941895,
        -0.8731429576873779
      ]
    },
    {
      "coordinates": [
        22,
        17
      ],
      "magnitude": 1.2100294828414917,
      "direction": [
        -0.48775696754455566,
        -0.872979462146759
      ]
    },
    {
      "coordinates": [
        45,
        17
      ],
      "magnitude": 1.1880342960357666,
      "direction": [
        -0.3929658532142639,
        -0.9195529818534851
      ]
    },
    {
      "coordinates": [
        68,
        17
      ],
      "magnitude": 1.2200363874435425,
      "direction": [
        -0.4651358425617218,
        -0.8852392435073853
      ]
    },
    {
      "coordinates": [
        91,
        17
      ],
      "magnitude": 1.0373311042785645,
      "direction": [
        -0.040901150554418564,
        -0.9991631507873535
      ]
    },
    {
      "coordinates": [
        113,
        17
      ],
      "magnitude": 1.2463371753692627,
      "direction": [
        -0.5019940733909607,
        -0.8648710250854492
      ]
    },
    {
      "coordinates": [
        136,
        17
      ],
      "magnitude": 1.0155404806137085,
      "direction": [
        -0.11726272106170654,
        -0.9931009411811829
      ]
    },
    {
      "coordinates": [
        159,
        17
      ],
      "magnitude": 1.1026790142059326,
      "direction": [
        0.36614710092544556,
        -0.9305569529533386
      ]
    },
    {
      "coordinates": [
        182,
        17
      ],
      "magnitude": 1.279969573020935,
      "direction": [
        0.18218044936656952,
        -0.9832651615142822
      ]
    },
    {
      "coordinates": [
        205,
        17
      ],
      "magnitude": 1.143564224243164,
      "direction": [
        0.30716922879219055,
        -0.9516549110412598
      ]
    },
    {
      "coordinates": [
        227,
        17
      ],
      "magnitude": 1.1143240928649902,
      "direction": [
        0.3541097342967987,
        -0.9352039098739624
      ]
    },
    {
      "coordinates": [
        250,
        17
      ],
      "magnitude": 1.3279746770858765,
      "direction": [
        0.7080775499343872,
        -0.7061346769332886
      ]
    },
    {
      "coordinates": [
        273,
        17
      ],
      "magnitude": 1.0236704349517822,
      "direction": [
        0.7430967092514038,
        -0.6691840291023254
      ]
    },
    {
      "coordinates": [
        296,
        17
      ],
      "magnitude": 1.2023969888687134,
      "direction": [
        0.7578293681144714,
        -0.6524527668952942
      ]
    },
    {
      "coordinates": [
        319,
        17
      ],
      "magnitude": 1.3834285736083984,
      "direction": [
        0.7210001945495605,
        -0.6929348707199097
      ]
    },
    {
      "coordinates": [
        0,
        34
      ],
      "magnitude": 1.0859559774398804,
      "direction": [
        -0.6198246479034424,
        -0.7847403287887573
      ]
    },
    {
      "coordinates": [
        22,
        34
      ],
      "magnitude": 1.2089190483093262,
      "direction": [
        -0.46949896216392517,
        -0.8829329609870911
      ]
    },
    {
      "coordinates": [
        45,
        34
      ],
      "magnitude": 1.1937512159347534,
      "direction": [
        -0.4949606955051422,
        -0.8689153790473938
      ]
    },
    {
      "coordinates": [
        68,
        34
      ],
      "magnitude": 1.138537049293518,
      "direction": [
        -0.5280138254165649,
        -0.8492357730865479
      ]
    },
    {
      "coordinates": [
        91,
        34
      ],
      "magnitude": 1.2904702425003052,
      "direction": [
        -0.33836832642555237,
        -0.941013753414154
      ]
    },
    {
      "coordinates": [
        113,
        34
      ],
      "magnitude": 1.3111625909805298,
      "direction": [
        -0.4058409631252289,
        -0.9139437675476074
      ]
    },
    {
      "coordinates": [
        136,
        34
      ],
      "magnitude": 1.1747260093688965,
      "direction": [
        -0.28541579842567444,
        -0.9584038257598877
      ]
    },
    {
      "coordinates": [
        159,
        34
      ],
      "magnitude": 0.9522772431373596,
      "direction": [
        0.10951254516839981,
        -0.9939854145050049
      ]
    },
    {
      "coordinates": [
        182,
        34
      ],
      "magnitude": 1.12540864944458,
      "direction": [
        0.3305984437465668,
        -0.9437715411186218
      ]
    },
    {
      "coordinates": [
        205,
        34
      ],
      "magnitude": 1.06546151638031,
      "direction": [
        0.3449307978153229,
        -0.938628077507019
      ]
    },
    {
      "coordinates": [
        227,
        34
      ],
      "magnitude": 0.9858067631721497,
      "direction": [
        0.2574414908885956,
        -0.9662938714027405
      ]
    },
    {
      "coordinates": [
        250,
        34
      ],
      "magnitude": 1.3452810049057007,
      "direction": [
        0.5687175989151001,
        -0.8225328326225281
      ]
    },
    {
      "coordinates": [
        273,
        34
      ],
      "magnitude": 1.0432217121124268,
      "direction": [
        0.686438798904419,
        -0.72718745470047
      ]
    },
    {
      "coordinates": [
        296,
        34
      ],
      "magnitude": 1.1661341190338135,
      "direction": [
        0.8057041764259338,
        -0.5923181772232056
      ]
    },
    {
      "coordinates": [
        319,
        34
      ],
      "magnitude": 1.2294352054595947,
      "direction": [
        0.6589660048484802,
        -0.7521727085113525
      ]
    },
    {
      "coordinates": [
        0,
        51
      ],
      "magnitude": 1.088025450706482,
      "direction": [
        -0.6810275316238403,
        -0.7322577834129333
      ]
    },
    {
      "coordinates": [
        22,
        51
      ],
      "magnitude": 1.1926295757293701,
      "direction": [
        -0.49842995405197144,
        -0.8669298887252808
      ]
    },
    {
      "coordinates": [
        45,
        51
      ],
      "magnitude": 1.260439157485962,
      "direction": [
        -0.6025937795639038,
        -0.7980480194091797
      ]
    },
    {
      "coordinates": [
        68,
        51
      ],
      "magnitude": 1.090874433517456,
      "direction": [
        -0.6579358577728271,
        -0.7530738711357117
      ]
    },
    {
      "coordinates": [
        91,
        51
      ],
      "magnitude": 1.0988370180130005,
      "direction": [
        -0.3573836088180542,
        -0.9339576959609985
      ]
    },
    {
      "coordinates": [
        113,
        51
      ],
      "magnitude": 0.9589980244636536,
      "direction": [
        -0.1967097371816635,
        -0.9804617762565613
      ]
    },
    {
      "coordinates": [
        136,
        51
      ],
      "magnitude": 0.9515357613563538,
      "direction": [
        0.04933077096939087,
        -0.9987825155258179
      ]
    },
    {
      "coordinates": [
        159,
        51
      ],
      "magnitude": 0.9710305333137512,
      "direction": [
        0.050573866814374924,
        -0.9987202882766724
      ]
    },
    {
      "coordinates": [
        182,
        51
      ],
      "magnitude": 1.029816746711731,
      "direction": [
        0.2915705740451813,
        -0.9565492868423462
      ]
    },
    {
      "coordinates": [
        205,
        51
      ],
      "magnitude": 0.9769311547279358,
      "direction": [
        0.339211106300354,
        -0.9407103061676025
      ]
    },
    {
      "coordinates": [
        227,
        51
      ],
      "magnitude": 1.1839344501495361,
      "direction": [
        0.46503520011901855,
        -0.8852921724319458
      ]
    },
    {
      "coordinates": [
        250,
        51
      ],
      "magnitude": 1.0503047704696655,
      "direction": [
        0.4087538719177246,
        -0.9126446843147278
      ]
    },
    {
      "coordinates": [
        273,
        51
      ],
      "magnitude": 0.8016471862792969,
      "direction": [
        0.3825244903564453,
        -0.9239453673362732
      ]
    },
    {
      "coordinates": [
        296,
        51
      ],
      "magnitude": 1.2557438611984253,
      "direction": [
        0.7699690461158752,
        -0.6380811929702759
      ]
    },
    {
      "coordinates": [
        319,
        51
      ],
      "magnitude": 1.024463176727295,
      "direction": [
        0.6335451602935791,
        -0.773705780506134
      ]
    },
    {
      "coordinates": [
        0,
        68
      ],
      "magnitude": 0.8985413312911987,
      "direction": [
        -0.8168563842773438,
        -0.5768411755561829
      ]
    },
    {
      "coordinates": [
        22,
        68
      ],
      "magnitude": 1.086808681488037,
      "direction": [
        -0.5754716992378235,
        -0.8178216218948364
      ]
    },
    {
      "coordinates": [
        45,
        68
      ],
      "magnitude": 0.9673189520835876,
      "direction": [
        -0.6594851613044739,
        -0.7517176270484924
      ]
    },
    {
      "coordinates": [
        68,
        68
      ],
      "magnitude": 1.0037322044372559,
      "direction": [
        -0.5457421541213989,
        -0.8379532098770142
      ]
    },
    {
      "coordinates": [
        91,
        68
      ],
      "magnitude": 1.1437615156173706,
      "direction": [
        -0.5663616061210632,
        -0.8241568207740784
      ]
    },
    {
      "coordinates": [
        113,
        68
      ],
      "magnitude": 0.9909721612930298,
      "direction": [
        -0.21393637359142303,
        -0.9768475890159607
      ]
    },
    {
      "coordinates": [
        136,
        68
      ],
      "magnitude": 0.9674209952354431,
      "direction": [
        0.032577164471149445,
        -0.9994692206382751
      ]
    },
    {
      "coordinates": [
        159,
        68
      ],
      "magnitude": 1.1537128686904907,
      "direction": [
        0.11808528751134872,
        -0.9930034279823303
      ]
    },
    {
      "coordinates": [
        182,
        68
      ],
      "magnitude": 1.0644335746765137,
      "direction": [
        0.4431144595146179,
        -0.8964650630950928
      ]
    },
    {
      "coordinates": [
        205,
        68
      ],
      "magnitude": 0.804129421710968,
      "direction": [
        0.7198537588119507,
        -0.6941257119178772
      ]
    },
    {
      "coordinates": [
        227,
        68
      ],
      "magnitude": 0.8768705725669861,
      "direction": [
        0.5919339060783386,
        -0.8059865236282349
      ]
    },
    {
      "coordinates": [
        250,
        68
      ],
      "magnitude": 0.934624195098877,
      "direction": [
        0.5061111450195312,
        -0.8624682426452637
      ]
    },
    {
      "coordinates": [
        273,
        68
      ],
      "magnitude": 0.7532455921173096,
      "direction": [
        0.7176406383514404,
        -0.6964135766029358
      ]
    },
    {
      "coordinates": [
        296,
        68
      ],
      "magnitude": 0.9530553221702576,
      "direction": [
        0.7558369040489197,
        -0.6547600030899048
      ]
    },
    {
      "coordinates": [
        319,
        68
      ],
      "magnitude": 1.051236867904663,
      "direction": [
        0.8126527070999146,
        -0.582748293876648
      ]
    },
    {
      "coordinates": [
        0,
        85
      ],
      "magnitude": 1.0140280723571777,
      "direction": [
        -0.9653066992759705,
        -0.2611185312271118
      ]
    },
    {
      "coordinates": [
        22,
        85
      ],
      "magnitude": 1.3723348379135132,
      "direction": [
        -0.7382229566574097,
        -0.6745568513870239
      ]
    },
    {
      "coordinates": [
        45,
        85
      ],
      "magnitude": 1.2996596097946167,
      "direction": [
        -0.6845076680183411,
        -0.7290056943893433
      ]
    },
    {
      "coordinates": [
        68,
        85
      ],
      "magnitude": 1.104071021080017,
      "direction": [
        -0.5692768692970276,
        -0.8221458792686462
      ]
    },
    {
      "coordinates": [
        91,
        85
      ],
      "magnitude": 1.2058565616607666,
      "direction": [
        -0.5848145484924316,
        -0.8111670017242432
      ]
    },
    {
      "coordinates": [
        113,
        85
      ],
      "magnitude": 1.1489561796188354,
      "direction": [
        -0.3277519941329956,
        -0.9447638392448425
      ]
    },
    {
      "coordinates": [
        136,
        85
      ],
      "magnitude": 0.8330647945404053,
      "direction": [
        0.34248819947242737,
        -0.9395221471786499
      ]
    },
    {
      "coordinates": [
        159,
        85
      ],
      "magnitude": 0.9114507436752319,
      "direction": [
        0.4508359134197235,
        -0.8926068544387817
      ]
    },
    {
      "coordinates": [
        182,
        85
      ],
      "magnitude": 0.9800229668617249,
      "direction": [
        0.45587387681007385,
        -0.8900443911552429
      ]
    },
    {
      "coordinates": [
        205,
        85
      ],
      "magnitude": 0.9051480889320374,
      "direction": [
        0.5938003659248352,
        -0.804612398147583
      ]
    },
    {
      "coordinates": [
        227,
        85
      ],
      "magnitude": 0.6703566908836365,
      "direction": [
        0.6260794997215271,
        -0.7797591686248779
      ]
    },
    {
      "coordinates": [
        250,
        85
      ],
      "magnitude": 0.7878824472427368,
      "direction": [
        0.6371776461601257,
        -0.7707169651985168
      ]
    },
    {
      "coordinates": [
        273,
        85
      ],
      "magnitude": 0.8953162431716919,
      "direction": [
        0.7234357595443726,
        -0.6903916597366333
      ]
    },
    {
      "coordinates": [
        296,
        85
      ],
      "magnitude": 0.5721153616905212,
      "direction": [
        0.840055525302887,
        -0.5425003170967102
      ]
    },
    {
      "coordinates": [
        319,
        85
      ],
      "magnitude": 1.0000184774398804,
      "direction": [
        0.977959394454956,
        -0.20879516005516052
      ]
    },
    {
      "coordinates": [
        0,
        102
      ],
      "magnitude": 1.2139430046081543,
      "direction": [
        -0.9536353349685669,
        -0.3009644150733948
      ]
    },
    {
      "coordinates": [
        22,
        102
      ],
      "magnitude": 0.9656440615653992,
      "direction": [
        -0.7948465943336487,
        -0.606810450553894
      ]
    },
    {
      "coordinates": [
        45,
        102
      ],
      "magnitude": 0.9259753823280334,
      "direction": [
        -0.660693883895874,
        -0.750655472278595
      ]
    },
    {
      "coordinates": [
        68,
        102
      ],
      "magnitude": 1.0714519023895264,
      "direction": [
        -0.6764422059059143,
        -0.7364956140518188
      ]
    },
    {
      "coordinates": [
        91,
        102
      ],
      "magnitude": 1.373469591140747,
      "direction": [
        -0.6782956719398499,
        -0.7347890138626099
      ]
    },
    {
      "coordinates": [
        113,
        102
      ],
      "magnitude": 1.4251501560211182,
      "direction": [
        -0.34914934635162354,
        -0.9370670318603516
      ]
    },
    {
      "coordinates": [
        136,
        102
      ],
      "magnitude": 1.19790518283844,
      "direction": [
        0.22348470985889435,
        -0.9747074246406555
      ]
    },
    {
      "coordinates": [
        159,
        102
      ],
      "magnitude": 0.6964896321296692,
      "direction": [
        0.5353073477745056,
        -0.8446573615074158
      ]
    },
    {
      "coordinates": [
        182,
        102
      ],
      "magnitude": 0.9703854918479919,
      "direction": [
        0.6629288792610168,
        -0.74868243932724
      ]
    },
    {
      "coordinates": [
        205,
        102
      ],
      "magnitude": 0.9743219614028931,
      "direction": [
        0.6757172346115112,
        -0.737160861492157
      ]
    },
    {
      "coordinates": [
        227,
        102
      ],
      "magnitude": 0.8064008951187134,
      "direction": [
        0.4831877648830414,
        -0.8755167722702026
      ]
    },
    {
      "coordinates": [
        250,
        102
      ],
      "magnitude": 0.6692463159561157,
      "direction": [
        0.6031824946403503,
        -0.7976032495498657
      ]
    },
    {
      "coordinates": [
        273,
        102
      ],
      "magnitude": 0.8727233409881592,
      "direction": [
        0.956182599067688,
        -0.2927711009979248
      ]
    },
    {
      "coordinates": [
        296,
        102
      ],
      "magnitude": 0.9864304661750793,
      "direction": [
        0.8940142393112183,
        -0.4480385482311249
      ]
    },
    {
      "coordinates": [
        319,
        102
      ],
      "magnitude": 0.99859219789505,
      "direction": [
        0.9723381996154785,
        -0.23357746005058289
      ]
    },
    {
      "coordinates": [
        0,
        119
      ],
      "magnitude": 1.0338387489318848,
      "direction": [
        -0.9756794571876526,
        -0.21920204162597656
      ]
    },
    {
      "coordinates": [
        22,
        119
      ],
      "magnitude": 0.9985557794570923,
      "direction": [
        -0.7110758423805237,
        -0.7031152248382568
      ]
    },
    {
      "coordinates": [
        45,
        119
      ],
      "magnitude": 0.7965108156204224,
      "direction": [
        -0.8365256786346436,
        -0.5479277968406677
      ]
    },
    {
      "coordinates": [
        68,
        119
      ],
      "magnitude": 1.1452314853668213,
      "direction": [
        -0.8713058829307556,
        -0.49074023962020874
      ]
    },
    {
      "coordinates": [
        91,
        119
      ],
      "magnitude": 1.44865882396698,
      "direction": [
        -0.837446391582489,
        -0.5465195775032043
      ]
    },
    {
      "coordinates": [
        113,
        119
      ],
      "magnitude": 1.3191192150115967,
      "direction": [
        -0.5320984125137329,
        -0.8466824889183044
      ]
    },
    {
      "coordinates": [
        136,
        119
      ],
      "magnitude": 1.54621160030365,
      "direction": [
        0.5054627060890198,
        -0.8628484606742859
      ]
    },
    {
      "coordinates": [
        159,
        119
      ],
      "magnitude": 1.2585748434066772,
      "direction": [
        0.8766065239906311,
        -0.48120781779289246
      ]
    },
    {
      "coordinates": [
        182,
        119
      ],
      "magnitude": 1.002940058708191,
      "direction": [
        0.8269537091255188,
        -0.562269926071167
      ]
    },
    {
      "coordinates": [
        205,
        119
      ],
      "magnitude": 0.6011261343955994,
      "direction": [
        0.5767514705657959,
        -0.8169196844100952
      ]
    },
    {
      "coordinates": [
        227,
        119
      ],
      "magnitude": 0.6035190224647522,
      "direction": [
        0.6763061285018921,
        -0.7366206645965576
      ]
    },
    {
      "coordinates": [
        250,
        119
      ],
      "magnitude": 0.7480816841125488,
      "direction": [
        0.8621429800987244,
        -0.506665050983429
      ]
    },
    {
      "coordinates": [
        273,
        119
      ],
      "magnitude": 0.94295734167099,
      "direction": [
        0.9123833179473877,
        -0.4093368649482727
      ]
    },
    {
      "coordinates": [
        296,
        119
      ],
      "magnitude": 0.999022364616394,
      "direction": [
        0.8978161215782166,
        -0.4403705596923828
      ]
    },
    {
      "coordinates": [
        319,
        119
      ],
      "magnitude": 0.8155919909477234,
      "direction": [
        0.9085657596588135,
        -0.41774189472198486
      ]
    },
    {
      "coordinates": [
        0,
        136
      ],
      "magnitude": 1.16561758518219,
      "direction": [
        -0.975089967250824,
        -0.22180941700935364
      ]
    },
    {
      "coordinates": [
        22,
        136
      ],
      "magnitude": 0.9660955667495728,
      "direction": [
        -0.8728501796722412,
        -0.48798826336860657
      ]
    },
    {
      "coordinates": [
        45,
        136
      ],
      "magnitude": 0.7952874302864075,
      "direction": [
        -0.9606478214263916,
        -0.2777692377567291
      ]
    },
    {
      "coordinates": [
        68,
        136
      ],
      "magnitude": 1.0958237648010254,
      "direction": [
        -0.9088563919067383,
        -0.4171091318130493
      ]
    },
    {
      "coordinates": [
        91,
        136
      ],
      "magnitude": 1.408250093460083,
      "direction": [
        -0.9611648321151733,
        -0.2759750783443451
      ]
    },
    {
      "coordinates": [
        113,
        136
      ],
      "magnitude": 0.8581334948539734,
      "direction": [
        -0.9764962792396545,
        -0.2155342400074005
      ]
    },
    {
      "coordinates": [
        136,
        136
      ],
      "magnitude": 0.749549388885498,
      "direction": [
        0.9732280969619751,
        0.2298412024974823
      ]
    },
    {
      "coordinates": [
        159,
        136
      ],
      "magnitude": 1.1547898054122925,
      "direction": [
        0.9775304794311523,
        0.21079383790493011
      ]
    },
    {
      "coordinates": [
        182,
        136
      ],
      "magnitude": 0.6667438745498657,
      "direction": [
        0.992344081401825,
        -0.12350419163703918
      ]
    },
    {
      "coordinates": [
        205,
        136
      ],
      "magnitude": 0.6084266901016235,
      "direction": [
        0.9925985336303711,
        -0.12144172936677933
      ]
    },
    {
      "coordinates": [
        227,
        136
      ],
      "magnitude": 0.5222647786140442,
      "direction": [
        0.8208158612251282,
        -0.5711928009986877
      ]
    },
    {
      "coordinates": [
        250,
        136
      ],
      "magnitude": 0.6168876886367798,
      "direction": [
        0.8734509944915771,
        -0.48691219091415405
      ]
    },
    {
      "coordinates": [
        273,
        136
      ],
      "magnitude": 0.8234537243843079,
      "direction": [
        0.7879984378814697,
        -0.6156772375106812
      ]
    },
    {
      "coordinates": [
        296,
        136
      ],
      "magnitude": 0.8961402773857117,
      "direction": [
        0.911106288433075,
        -0.4121715724468231
      ]
    },
    {
      "coordinates": [
        319,
        136
      ],
      "magnitude": 0.9570256471633911,
      "direction": [
        0.9809942245483398,
        -0.19403700530529022
      ]
    },
    {
      "coordinates": [
        0,
        153
      ],
      "magnitude": 0.8620845675468445,
      "direction": [
        -0.9929750561714172,
        -0.11832358688116074
      ]
    },
    {
      "coordinates": [
        22,
        153
      ],
      "magnitude": 0.8883848190307617,
      "direction": [
        -0.9813687205314636,
        -0.19213366508483887
      ]
    },
    {
      "coordinates": [
        45,
        153
      ],
      "magnitude": 1.0064256191253662,
      "direction": [
        -0.9624366164207458,
        -0.2715063691139221
      ]
    },
    {
      "coordinates": [
        68,
        153
      ],
      "magnitude": 0.9895537495613098,
      "direction": [
        -0.9146057367324829,
        -0.40434685349464417
      ]
    },
    {
      "coordinates": [
        91,
        153
      ],
      "magnitude": 1.1114362478256226,
      "direction": [
        -0.9872748255729675,
        -0.15902332961559296
      ]
    },
    {
      "coordinates": [
        113,
        153
      ],
      "magnitude": 0.9060302376747131,
      "direction": [
        -0.7062298655509949,
        0.70798259973526
      ]
    },
    {
      "coordinates": [
        136,
        153
      ],
      "magnitude": 0.937019407749176,
      "direction": [
        0.5312992334365845,
        0.8471842408180237
      ]
    },
    {
      "coordinates": [
        159,
        153
      ],
      "magnitude": 1.0264919996261597,
      "direction": [
        0.7933922410011292,
        0.608710765838623
      ]
    },
    {
      "coordinates": [
        182,
        153
      ],
      "magnitude": 0.5794805884361267,
      "direction": [
        0.9939842820167542,
        0.10952207446098328
      ]
    },
    {
      "coordinates": [
        205,
        153
      ],
      "magnitude": 0.6641286015510559,
      "direction": [
        0.9539951086044312,
        -0.2998221516609192
      ]
    },
    {
      "coordinates": [
        227,
        153
      ],
      "magnitude": 0.618752121925354,
      "direction": [
        0.8883666396141052,
        -0.4591348171234131
      ]
    },
    {
      "coordinates": [
        250,
        153
      ],
      "magnitude": 0.6896976828575134,
      "direction": [
        0.9465488195419312,
        -0.322560578584671
      ]
    },
    {
      "coordinates": [
        273,
        153
      ],
      "magnitude": 0.8316323757171631,
      "direction": [
        0.9070453643798828,
        -0.42103278636932373
      ]
    },
    {
      "coordinates": [
        296,
        153
      ],
      "magnitude": 0.96490478515625,
      "direction": [
        0.9115546345710754,
        -0.4111788868904114
      ]
    },
    {
      "coordinates": [
        319,
        153
      ],
      "magnitude": 0.9166147708892822,
      "direction": [
        0.9956799745559692,
        -0.09285087883472443
      ]
    },
    {
      "coordinates": [
        0,
        170
      ],
      "magnitude": 0.8591486811637878,
      "direction": [
        -0.9966455698013306,
        -0.08183865994215012
      ]
    },
    {
      "coordinates": [
        22,
        170
      ],
      "magnitude": 0.7198306322097778,
      "direction": [
        -0.9610618948936462,
        -0.2763332724571228
      ]
    },
    {
      "coordinates": [
        45,
        170
      ],
      "magnitude": 0.7247859835624695,
      "direction": [
        -0.9643892645835876,
        -0.26448702812194824
      ]
    },
    {
      "coordinates": [
        68,
        170
      ],
      "magnitude": 0.6866177916526794,
      "direction": [
        -0.9989571571350098,
        -0.04565803334116936
      ]
    },
    {
      "coordinates": [
        91,
        170
      ],
      "magnitude": 0.8612352609634399,
      "direction": [
        -0.8952808976173401,
        0.4455021023750305
      ]
    },
    {
      "coordinates": [
        113,
        170
      ],
      "magnitude": 0.9276576042175293,
      "direction": [
        -0.6710160374641418,
        0.7414427995681763
      ]
    },
    {
      "coordinates": [
        136,
        170
      ],
      "magnitude": 0.6359021067619324,
      "direction": [
        0.06998969614505768,
        0.9975476861000061
      ]
    },
    {
      "coordinates": [
        159,
        170
      ],
      "magnitude": 0.4862537086009979,
      "direction": [
        0.7960646152496338,
        0.6052115559577942
      ]
    },
    {
      "coordinates": [
        182,
        170
      ],
      "magnitude": 0.6299980878829956,
      "direction": [
        0.9444544315338135,
        0.32864221930503845
      ]
    },
    {
      "coordinates": [
        205,
        170
      ],
      "magnitude": 0.4586787223815918,
      "direction": [
        0.9856175780296326,
        -0.1689910888671875
      ]
    },
    {
      "coordinates": [
        227,
        170
      ],
      "magnitude": 0.6629963517189026,
      "direction": [
        0.9952777028083801,
        -0.09706825017929077
      ]
    },
    {
      "coordinates": [
        250,
        170
      ],
      "magnitude": 0.6075552105903625,
      "direction": [
        0.9798222184181213,
        -0.19987116754055023
      ]
    },
    {
      "coordinates": [
        273,
        170
      ],
      "magnitude": 0.747802197933197,
      "direction": [
        0.9736335873603821,
        -0.2281174212694168
      ]
    },
    {
      "coordinates": [
        296,
        170
      ],
      "magnitude": 0.9446815252304077,
      "direction": [
        0.9603177905082703,
        -0.2789079248905182
      ]
    },
    {
      "coordinates": [
        319,
        170
      ],
      "magnitude": 0.9698896408081055,
      "direction": [
        0.9842832088470459,
        -0.17659695446491241
      ]
    },
    {
      "coordinates": [
        0,
        187
      ],
      "magnitude": 1.0491143465042114,
      "direction": [
        -0.9999372959136963,
        -0.011201508343219757
      ]
    },
    {
      "coordinates": [
        22,
        187
      ],
      "magnitude": 0.8084388375282288,
      "direction": [
        -0.9824174046516418,
        -0.18669795989990234
      ]
    },
    {
      "coordinates": [
        45,
        187
      ],
      "magnitude": 0.5399828553199768,
      "direction": [
        -0.999730110168457,
        0.02323029562830925
      ]
    },
    {
      "coordinates": [
        68,
        187
      ],
      "magnitude": 0.5470157861709595,
      "direction": [
        -0.9992627501487732,
        -0.038392093032598495
      ]
    },
    {
      "coordinates": [
        91,
        187
      ],
      "magnitude": 0.6014804244041443,
      "direction": [
        -0.8872390985488892,
        0.4613097906112671
      ]
    },
    {
      "coordinates": [
        113,
        187
      ],
      "magnitude": 0.6659367084503174,
      "direction": [
        -0.7521779537200928,
        0.6589601039886475
      ]
    },
    {
      "coordinates": [
        136,
        187
      ],
      "magnitude": 0.41634708642959595,
      "direction": [
        -0.24797025322914124,
        0.9687676429748535
      ]
    },
    {
      "coordinates": [
        159,
        187
      ],
      "magnitude": 0.45203301310539246,
      "direction": [
        0.7095621824264526,
        0.7046428322792053
      ]
    },
    {
      "coordinates": [
        182,
        187
      ],
      "magnitude": 0.31372395157814026,
      "direction": [
        0.9009682536125183,
        0.43388497829437256
      ]
    },
    {
      "coordinates": [
        205,
        187
      ],
      "magnitude": 0.6281812787055969,
      "direction": [
        0.9852396845817566,
        -0.17118048667907715
      ]
    },
    {
      "coordinates": [
        227,
        187
      ],
      "magnitude": 0.7428592443466187,
      "direction": [
        0.9901221990585327,
        0.1402071863412857
      ]
    },
    {
      "coordinates": [
        250,
        187
      ],
      "magnitude": 0.5671839118003845,
      "direction": [
        0.9571581482887268,
        -0.28956571221351624
      ]
    },
    {
      "coordinates": [
        273,
        187
      ],
      "magnitude": 0.6732220649719238,
      "direction": [
        0.9997785687446594,
        0.02104289084672928
      ]
    },
    {
      "coordinates": [
        296,
        187
      ],
      "magnitude": 0.6828197836875916,
      "direction": [
        0.9341318607330322,
        -0.35692811012268066
      ]
    },
    {
      "coordinates": [
        319,
        187
      ],
      "magnitude": 0.7180817723274231,
      "direction": [
        0.9749347567558289,
        -0.22249092161655426
      ]
    },
    {
      "coordinates": [
        0,
        204
      ],
      "magnitude": 0.7593804001808167,
      "direction": [
        -0.9992762207984924,
        0.038040224462747574
      ]
    },
    {
      "coordinates": [
        22,
        204
      ],
      "magnitude": 0.7717631459236145,
      "direction": [
        -0.9663159847259521,
        0.2573584020137787
      ]
    },
    {
      "coordinates": [
        45,
        204
      ],
      "magnitude": 0.5414233207702637,
      "direction": [
        -0.998915433883667,
        0.04656248539686203
      ]
    },
    {
      "coordinates": [
        68,
        204
      ],
      "magnitude": 0.6580177545547485,
      "direction": [
        -0.9984146952629089,
        0.056284740567207336
      ]
    },
    {
      "coordinates": [
        91,
        204
      ],
      "magnitude": 0.5333031415939331,
      "direction": [
        -0.9938209652900696,
        0.11099494993686676
      ]
    },
    {
      "coordinates": [
        113,
        204
      ],
      "magnitude": 0.7909234762191772,
      "direction": [
        -0.8602874279022217,
        0.5098093748092651
      ]
    },
    {
      "coordinates": [
        136,
        204
      ],
      "magnitude": 0.2796553373336792,
      "direction": [
        -0.6524191498756409,
        0.7578583359718323
      ]
    },
    {
      "coordinates": [
        159,
        204
      ],
      "magnitude": 0.29612210392951965,
      "direction": [
        0.7261521220207214,
        0.6875340938568115
      ]
    },
    {
      "coordinates": [
        182,
        204
      ],
      "magnitude": 0.427344411611557,
      "direction": [
        0.6347256302833557,
        0.7727375030517578
      ]
    },
    {
      "coordinates": [
        205,
        204
      ],
      "magnitude": 0.65201336145401,
      "direction": [
        0.9814713001251221,
        0.19160912930965424
      ]
    },
    {
      "coordinates": [
        227,
        204
      ],
      "magnitude": 0.5554578304290771,
      "direction": [
        0.9481275677680969,
        0.31788986921310425
      ]
    },
    {
      "coordinates": [
        250,
        204
      ],
      "magnitude": 0.6419340372085571,
      "direction": [
        0.9542980194091797,
        0.2988567352294922
      ]
    },
    {
      "coordinates": [
        273,
        204
      ],
      "magnitude": 0.6195884943008423,
      "direction": [
        0.9282185435295105,
        0.3720352351665497
      ]
    },
    {
      "coordinates": [
        296,
        204
      ],
      "magnitude": 0.44464755058288574,
      "direction": [
        0.9607288241386414,
        0.27748903632164
      ]
    },
    {
      "coordinates": [
        319,
        204
      ],
      "magnitude": 0.5352282524108887,
      "direction": [
        0.9935422539710999,
        -0.11346279084682465
      ]
    },
    {
      "coordinates": [
        0,
        221
      ],
      "magnitude": 0.6743598580360413,
      "direction": [
        -0.9989727735519409,
        -0.04531416296958923
      ]
    },
    {
      "coordinates": [
        22,
        221
      ],
      "magnitude": 0.5687693953514099,
      "direction": [
        -0.9622800350189209,
        0.2720610499382019
      ]
    },
    {
      "coordinates": [
        45,
        221
      ],
      "magnitude": 0.5547574758529663,
      "direction": [
        -0.9547430872917175,
        0.29743197560310364
      ]
    },
    {
      "coordinates": [
        68,
        221
      ],
      "magnitude": 0.5704870223999023,
      "direction": [
        -0.9440146684646606,
        0.32990360260009766
      ]
    },
    {
      "coordinates": [
        91,
        221
      ],
      "magnitude": 0.5281866788864136,
      "direction": [
        -0.9434657692909241,
        0.33146974444389343
      ]
    },
    {
      "coordinates": [
        113,
        221
      ],
      "magnitude": 0.6655213832855225,
      "direction": [
        -0.6051939129829407,
        0.796078085899353
      ]
    },
    {
      "coordinates": [
        136,
        221
      ],
      "magnitude": 0.4280364513397217,
      "direction": [
        -0.3296096920967102,
        0.9441173076629639
      ]
    },
    {
      "coordinates": [
        159,
        221
      ],
      "magnitude": 0.5154532194137573,
      "direction": [
        0.4042026698589325,
        0.914669394493103
      ]
    },
    {
      "coordinates": [
        182,
        221
      ],
      "magnitude": 0.4944972097873688,
      "direction": [
        0.593173086643219,
        0.80507493019104
      ]
    },
    {
      "coordinates": [
        205,
        221
      ],
      "magnitude": 0.5919776558876038,
      "direction": [
        0.8952523469924927,
        0.44555941224098206
      ]
    },
    {
      "coordinates": [
        227,
        221
      ],
      "magnitude": 0.5550968647003174,
      "direction": [
        0.9311234354972839,
        0.36470410227775574
      ]
    },
    {
      "coordinates": [
        250,
        221
      ],
      "magnitude": 0.5283854007720947,
      "direction": [
        0.8951762914657593,
        0.445712149143219
      ]
    },
    {
      "coordinates": [
        273,
        221
      ],
      "magnitude": 0.8602373600006104,
      "direction": [
        0.9357016086578369,
        0.352792352437973
      ]
    },
    {
      "coordinates": [
        296,
        221
      ],
      "magnitude": 0.46858325600624084,
      "direction": [
        0.8450074791908264,
        0.5347544550895691
      ]
    },
    {
      "coordinates": [
        319,
        221
      ],
      "magnitude": 0.45476874709129333,
      "direction": [
        0.9692259430885315,
        -0.24617283046245575
      ]
    },
    {
      "coordinates": [
        0,
        239
      ],
      "magnitude": 0.5367195010185242,
      "direction": [
        -0.7501303553581238,
        0.6612899899482727
      ]
    },
    {
      "coordinates": [
        22,
        239
      ],
      "magnitude": 0.8162539601325989,
      "direction": [
        -0.9249401092529297,
        0.38011276721954346
      ]
    },
    {
      "coordinates": [
        45,
        239
      ],
      "magnitude": 0.6307228803634644,
      "direction": [
        -0.8285586833953857,
        0.5599020719528198
      ]
    },
    {
      "coordinates": [
        68,
        239
      ],
      "magnitude": 0.6236948370933533,
      "direction": [
        -0.5402920246124268,
        0.8414775729179382
      ]
    },
    {
      "coordinates": [
        91,
        239
      ],
      "magnitude": 0.6256489157676697,
      "direction": [
        -0.7709780335426331,
        0.6368617415428162
      ]
    },
    {
      "coordinates": [
        113,
        239
      ],
      "magnitude": 0.6048428416252136,
      "direction": [
        -0.4358973801136017,
        0.8999964594841003
      ]
    },
    {
      "coordinates": [
        136,
        239
      ],
      "magnitude": 0.5970361232757568,
      "direction": [
        -0.1767992228269577,
        0.9842469692230225
      ]
    },
    {
      "coordinates": [
        159,
        239
      ],
      "magnitude": 0.5057425498962402,
      "direction": [
        0.22623980045318604,
        0.9740716218948364
      ]
    },
    {
      "coordinates": [
        182,
        239
      ],
      "magnitude": 0.5207594037055969,
      "direction": [
        0.7734380960464478,
        0.633871853351593
      ]
    },
    {
      "coordinates": [
        205,
        239
      ],
      "magnitude": 0.38931673765182495,
      "direction": [
        0.8748288750648499,
        0.4844321012496948
      ]
    },
    {
      "coordinates": [
        227,
        239
      ],
      "magnitude": 0.7467653751373291,
      "direction": [
        0.97064608335495,
        0.24051214754581451
      ]
    },
    {
      "coordinates": [
        250,
        239
      ],
      "magnitude": 0.7543224096298218,
      "direction": [
        0.9949220418930054,
        0.10064883530139923
      ]
    },
    {
      "coordinates": [
        273,
        239
      ],
      "magnitude": 0.9306482672691345,
      "direction": [
        0.9009314775466919,
        0.43396130204200745
      ]
    },
    {
      "coordinates": [
        296,
        239
      ],
      "magnitude": 0.6275439262390137,
      "direction": [
        0.8757396340370178,
        0.48278382420539856
      ]
    },
    {
      "coordinates": [
        319,
        239
      ],
      "magnitude": 0.46256497502326965,
      "direction": [
        0.9816613793373108,
        0.19063325226306915
      ]
    }
  ],
  "shear_mesh": [
    {
      "coordinates": [
        0,
        0
      ],
      "magnitude": 0.3277474343776703,
      "direction": [
        0.3998353183269501,
        -0.9165869355201721
      ]
    },
    {
      "coordinates": [
        22,
        0
      ],
      "magnitude": 0.24670454859733582,
      "direction": [
        -0.6401093006134033,
        -0.7682838439941406
      ]
    },
    {
      "coordinates": [
        45,
        0
      ],
      "magnitude": 0.43343639373779297,
      "direction": [
        0.661701500415802,
        -0.7497673630714417
      ]
    },
    {
      "coordinates": [
        68,
        0
      ],
      "magnitude": 0.40782442688941956,
      "direction": [
        0.2400687038898468,
        -0.9707558751106262
      ]
    },
    {
      "coordinates": [
        91,
        0
      ],
      "magnitude": 0.2591293752193451,
      "direction": [
        -0.04442630708217621,
        -0.9990126490592957
      ]
    },
    {
      "coordinates": [
        113,
        0
      ],
      "magnitude": 0.3564491868019104,
      "direction": [
        0.48666882514953613,
        -0.8735865950584412
      ]
    },
    {
      "coordinates": [
        136,
        0
      ],
      "magnitude": 0.21718904376029968,
      "direction": [
        0.9470335841178894,
        -0.3211345374584198
      ]
    },
    {
      "coordinates": [
        159,
        0
      ],
      "magnitude": 0.3902616500854492,
      "direction": [
        0.39690154790878296,
        -0.9178612232208252
      ]
    },
    {
      "coordinates": [
        182,
        0
      ],
      "magnitude": 0.4358990490436554,
      "direction": [
        0.31585612893104553,
        -0.9488071203231812
      ]
    },
    {
      "coordinates": [
        205,
        0
      ],
      "magnitude": 0.44517067074775696,
      "direction": [
        -0.09780550748109818,
        -0.9952055215835571
      ]
    },
    {
      "coordinates": [
        227,
        0
      ],
      "magnitude": 0.41732820868492126,
      "direction": [
        -0.2726535201072693,
        -0.9621122479438782
      ]
    },
    {
      "coordinates": [
        250,
        0
      ],
      "magnitude": 0.15585187077522278,
      "direction": [
        0.3881983757019043,
        -0.9215757846832275
      ]
    },
    {
      "coordinates": [
        273,
        0
      ],
      "magnitude": 0.2202969491481781,
      "direction": [
        0.5236399173736572,
        -0.8519396781921387
      ]
    },
    {
      "coordinates": [
        296,
        0
      ],
      "magnitude": 0.5305238962173462,
      "direction": [
        0.0064685470424592495,
        -0.9999790787696838
      ]
    },
    {
      "coordinates": [
        319,
        0
      ],
      "magnitude": 0.7599844336509705,
      "direction": [
        0.037316709756851196,
        -0.9993034601211548
      ]
    },
    {
      "coordinates": [
        0,
        17
      ],
      "magnitude": 0.02622809261083603,
      "direction": [
        0.8935959339141846,
        -0.4488722085952759
      ]
    },
    {
      "coordinates": [
        22,
        17
      ],
      "magnitude": 0.3383956849575043,
      "direction": [
        0.08671502768993378,
        -0.9962331652641296
      ]
    },
    {
      "coordinates": [
        45,
        17
      ],
      "magnitude": 0.4105558395385742,
      "direction": [
        0.04320330172777176,
        -0.9990663528442383
      ]
    },
    {
      "coordinates": [
        68,
        17
      ],
      "magnitude": 0.2972148656845093,
      "direction": [
        0.07314863055944443,
        -0.9973210096359253
      ]
    },
    {
      "coordinates": [
        91,
        17
      ],
      "magnitude": 0.3031644821166992,
      "direction": [
        0.2669562101364136,
        -0.9637086987495422
      ]
    },
    {
      "coordinates": [
        113,
        17
      ],
      "magnitude": 0.3815365433692932,
      "direction": [
        -0.29244983196258545,
        -0.9562809467315674
      ]
    },
    {
      "coordinates": [
        136,
        17
      ],
      "magnitude": 0.24547697603702545,
      "direction": [
        0.09638641029596329,
        -0.9953439831733704
      ]
    },
    {
      "coordinates": [
        159,
        17
      ],
      "magnitude": 0.23363777995109558,
      "direction": [
        0.7908484935760498,
        -0.6120120286941528
      ]
    },
    {
      "coordinates": [
        182,
        17
      ],
      "magnitude": 0.4179604649543762,
      "direction": [
        0.25667300820350647,
        -0.9664983153343201
      ]
    },
    {
      "coordinates": [
        205,
        17
      ],
      "magnitude": 0.43746116757392883,
      "direction": [
        0.19497479498386383,
        -0.9808082580566406
      ]
    },
    {
      "coordinates": [
        227,
        17
      ],
      "magnitude": 0.44254881143569946,
      "direction": [
        0.27319830656051636,
        -0.9619576930999756
      ]
    },
    {
      "coordinates": [
        250,
        17
      ],
      "magnitude": 0.42983779311180115,
      "direction": [
        0.5996629595756531,
        -0.8002526164054871
      ]
    },
    {
      "coordinates": [
        273,
        17
      ],
      "magnitude": 0.47537896037101746,
      "direction": [
        0.9289829134941101,
        -0.37012261152267456
      ]
    },
    {
      "coordinates": [
        296,
        17
      ],
      "magnitude": 0.5087994337081909,
      "direction": [
        0.5693112015724182,
        -0.8221221566200256
      ]
    },
    {
      "coordinates": [
        319,
        17
      ],
      "magnitude": 0.6484044194221497,
      "direction": [
        0.2187952697277069,
        -0.9757707715034485
      ]
    },
    {
      "coordinates": [
        0,
        34
      ],
      "magnitude": 0.2728625237941742,
      "direction": [
        -0.4358856678009033,
        -0.9000020027160645
      ]
    },
    {
      "coordinates": [
        22,
        34
      ],
      "magnitude": 0.388346791267395,
      "direction": [
        -0.08658009767532349,
        -0.9962449073791504
      ]
    },
    {
      "coordinates": [
        45,
        34
      ],
      "magnitude": 0.41678953170776367,
      "direction": [
        -0.025507863610982895,
        -0.9996745586395264
      ]
    },
    {
      "coordinates": [
        68,
        34
      ],
      "magnitude": 0.2544103264808655,
      "direction": [
        -0.034729015082120895,
        -0.9993967413902283
      ]
    },
    {
      "coordinates": [
        91,
        34
      ],
      "magnitude": 0.38766366243362427,
      "direction": [
        -0.44234275817871094,
        -0.8968460559844971
      ]
    },
    {
      "coordinates": [
        113,
        34
      ],
      "magnitude": 0.27802956104278564,
      "direction": [
        -0.3109962046146393,
        -0.9504110813140869
      ]
    },
    {
      "coordinates": [
        136,
        34
      ],
      "magnitude": 0.4111219644546509,
      "direction": [
        -0.4932689964771271,
        -0.8698768615722656
      ]
    },
    {
      "coordinates": [
        159,
        34
      ],
      "magnitude": 0.3550499975681305,
      "direction": [
        -0.07008960098028183,
        -0.9975407123565674
      ]
    },
    {
      "coordinates": [
        182,
        34
      ],
      "magnitude": 0.3494057357311249,
      "direction": [
        0.44969993829727173,
        -0.893179714679718
      ]
    },
    {
      "coordinates": [
        205,
        34
      ],
      "magnitude": 0.40765079855918884,
      "direction": [
        0.06966357678174973,
        -0.9975705742835999
      ]
    },
    {
      "coordinates": [
        227,
        34
      ],
      "magnitude": 0.4515441358089447,
      "direction": [
        -0.17163769900798798,
        -0.9851601719856262
      ]
    },
    {
      "coordinates": [
        250,
        34
      ],
      "magnitude": 0.6408461928367615,
      "direction": [
        0.33238840103149414,
        -0.9431425929069519
      ]
    },
    {
      "coordinates": [
        273,
        34
      ],
      "magnitude": 0.356414794921875,
      "direction": [
        0.7561827301979065,
        -0.6543605327606201
      ]
    },
    {
      "coordinates": [
        296,
        34
      ],
      "magnitude": 0.42798277735710144,
      "direction": [
        0.5973207354545593,
        -0.802002489566803
      ]
    },
    {
      "coordinates": [
        319,
        34
      ],
      "magnitude": 0.5213460326194763,
      "direction": [
        0.04583663120865822,
        -0.9989489912986755
      ]
    },
    {
      "coordinates": [
        0,
        51
      ],
      "magnitude": 0.2501254975795746,
      "direction": [
        -0.6614347100257874,
        -0.7500027418136597
      ]
    },
    {
      "coordinates": [
        22,
        51
      ],
      "magnitude": 0.44756585359573364,
      "direction": [
        -0.08823718130588531,
        -0.9960994720458984
      ]
    },
    {
      "coordinates": [
        45,
        51
      ],
      "magnitude": 0.3483564853668213,
      "direction": [
        -0.30405959486961365,
        -0.9526530504226685
      ]
    },
    {
      "coordinates": [
        68,
        51
      ],
      "magnitude": 0.25641363859176636,
      "direction": [
        -0.4023871123790741,
        -0.9154696464538574
      ]
    },
    {
      "coordinates": [
        91,
        51
      ],
      "magnitude": 0.3176718056201935,
      "direction": [
        0.20443454384803772,
        -0.9788802266120911
      ]
    },
    {
      "coordinates": [
        113,
        51
      ],
      "magnitude": 0.18061761558055878,
      "direction": [
        0.592749297618866,
        -0.8053869605064392
      ]
    },
    {
      "coordinates": [
        136,
        51
      ],
      "magnitude": 0.2986314296722412,
      "direction": [
        0.07154359668493271,
        -0.9974375367164612
      ]
    },
    {
      "coordinates": [
        159,
        51
      ],
      "magnitude": 0.3886883854866028,
      "direction": [
        -0.030739231035113335,
        -0.9995274543762207
      ]
    },
    {
      "coordinates": [
        182,
        51
      ],
      "magnitude": 0.44106990098953247,
      "direction": [
        0.04110747575759888,
        -0.9991547465324402
      ]
    },
    {
      "coordinates": [
        205,
        51
      ],
      "magnitude": 0.3529490530490875,
      "direction": [
        -0.07185106724500656,
        -0.9974153637886047
      ]
    },
    {
      "coordinates": [
        227,
        51
      ],
      "magnitude": 0.5635741353034973,
      "direction": [
        0.19938890635967255,
        -0.979920506477356
      ]
    },
    {
      "coordinates": [
        250,
        51
      ],
      "magnitude": 0.5238150358200073,
      "direction": [
        -0.06039372831583023,
        -0.9981746077537537
      ]
    },
    {
      "coordinates": [
        273,
        51
      ],
      "magnitude": 0.2486155927181244,
      "direction": [
        -0.2762299180030823,
        -0.9610915780067444
      ]
    },
    {
      "coordinates": [
        296,
        51
      ],
      "magnitude": 0.3780089020729065,
      "direction": [
        0.24338698387145996,
        -0.9699292182922363
      ]
    },
    {
      "coordinates": [
        319,
        51
      ],
      "magnitude": 0.2880135774612427,
      "direction": [
        -0.35507920384407043,
        -0.9348362684249878
      ]
    },
    {
      "coordinates": [
        0,
        68
      ],
      "magnitude": 0.17538979649543762,
      "direction": [
        -0.5881283283233643,
        -0.8087676167488098
      ]
    },
    {
      "coordinates": [
        22,
        68
      ],
      "magnitude": 0.454153448343277,
      "direction": [
        -0.047698646783828735,
        -0.9988617897033691
      ]
    },
    {
      "coordinates": [
        45,
        68
      ],
      "magnitude": 0.3068088889122009,
      "direction": [
        -0.2769775986671448,
        -0.9608763456344604
      ]
    },
    {
      "coordinates": [
        68,
        68
      ],
      "magnitude": 0.4202529191970825,
      "direction": [
        0.04457267001271248,
        -0.9990062117576599
      ]
    },
    {
      "coordinates": [
        91,
        68
      ],
      "magnitude": 0.3913755416870117,
      "direction": [
        -0.14973603188991547,
        -0.988726019859314
      ]
    },
    {
      "coordinates": [
        113,
        68
      ],
      "magnitude": 0.23973903059959412,
      "direction": [
        0.48619544506073,
        -0.8738500475883484
      ]
    },
    {
      "coordinates": [
        136,
        68
      ],
      "magnitude": 0.24688009917736053,
      "direction": [
        0.17852717638015747,
        -0.9839349389076233
      ]
    },
    {
      "coordinates": [
        159,
        68
      ],
      "magnitude": 0.4163275361061096,
      "direction": [
        -0.06091877445578575,
        -0.998142659664154
      ]
    },
    {
      "coordinates": [
        182,
        68
      ],
      "magnitude": 0.5121212601661682,
      "direction": [
        0.10156527906656265,
        -0.9948288798332214
      ]
    },
    {
      "coordinates": [
        205,
        68
      ],
      "magnitude": 0.36958757042884827,
      "direction": [
        0.4381619393825531,
        -0.8988960981369019
      ]
    },
    {
      "coordinates": [
        227,
        68
      ],
      "magnitude": 0.517149806022644,
      "direction": [
        0.26491090655326843,
        -0.9642727971076965
      ]
    },
    {
      "coordinates": [
        250,
        68
      ],
      "magnitude": 0.45186862349510193,
      "direction": [
        -0.14045681059360504,
        -0.9900867938995361
      ]
    },
    {
      "coordinates": [
        273,
        68
      ],
      "magnitude": 0.2750864624977112,
      "direction": [
        0.17517253756523132,
        -0.9845377802848816
      ]
    },
    {
      "coordinates": [
        296,
        68
      ],
      "magnitude": 0.32927408814430237,
      "direction": [
        0.08940581232309341,
        -0.9959952235221863
      ]
    },
    {
      "coordinates": [
        319,
        68
      ],
      "magnitude": 0.22493845224380493,
      "direction": [
        0.48583078384399414,
        -0.874052882194519
      ]
    },
    {
      "coordinates": [
        0,
        85
      ],
      "magnitude": 0.21611277759075165,
      "direction": [
        -0.8697943687438965,
        -0.49341443181037903
      ]
    },
    {
      "coordinates": [
        22,
        85
      ],
      "magnitude": 0.5738599300384521,
      "direction": [
        -0.5798396468162537,
        -0.8147305846214294
      ]
    },
    {
      "coordinates": [
        45,
        85
      ],
      "magnitude": 0.47735798358917236,
      "direction": [
        -0.33850622177124023,
        -0.9409641623497009
      ]
    },
    {
      "coordinates": [
        68,
        85
      ],
      "magnitude": 0.43884921073913574,
      "direction": [
        -0.00024173379642888904,
        -1.0
      ]
    },
    {
      "coordinates": [
        91,
        85
      ],
      "magnitude": 0.41233643889427185,
      "direction": [
        -0.09089159220457077,
        -0.995860755443573
      ]
    },
    {
      "coordinates": [
        113,
        85
      ],
      "magnitude": 0.35130614042282104,
      "direction": [
        0.13839110732078552,
        -0.99037766456604
      ]
    },
    {
      "coordinates": [
        136,
        85
      ],
      "magnitude": 0.1662510335445404,
      "direction": [
        0.9134541749954224,
        -0.40694183111190796
      ]
    },
    {
      "coordinates": [
        159,
        85
      ],
      "magnitude": 0.3534946143627167,
      "direction": [
        0.22841760516166687,
        -0.9735631942749023
      ]
    },
    {
      "coordinates": [
        182,
        85
      ],
      "magnitude": 0.4940672218799591,
      "direction": [
        -0.19027428328990936,
        -0.9817309379577637
      ]
    },
    {
      "coordinates": [
        205,
        85
      ],
      "magnitude": 0.43598318099975586,
      "direction": [
        -0.08248366415500641,
        -0.9965924024581909
      ]
    },
    {
      "coordinates": [
        227,
        85
      ],
      "magnitude": 0.41755223274230957,
      "direction": [
        0.20933619141578674,
        -0.977843701839447
      ]
    },
    {
      "coordinates": [
        250,
        85
      ],
      "magnitude": 0.33694496750831604,
      "direction": [
        -0.10175337642431259,
        -0.994809627532959
      ]
    },
    {
      "coordinates": [
        273,
        85
      ],
      "magnitude": 0.3678337633609772,
      "direction": [
        0.10778703540563583,
        -0.9941740036010742
      ]
    },
    {
      "coordinates": [
        296,
        85
      ],
      "magnitude": 0.35419386625289917,
      "direction": [
        -0.055426858365535736,
        -0.9984627366065979
      ]
    },
    {
      "coordinates": [
        319,
        85
      ],
      "magnitude": 0.2665761411190033,
      "direction": [
        0.5253884196281433,
        -0.8508625030517578
      ]
    },
    {
      "coordinates": [
        0,
        102
      ],
      "magnitude": 0.3297819495201111,
      "direction": [
        -0.8003444075584412,
        -0.5995405316352844
      ]
    },
    {
      "coordinates": [
        22,
        102
      ],
      "magnitude": 0.457884281873703,
      "direction": [
        -0.12161808460950851,
        -0.9925770163536072
      ]
    },
    {
      "coordinates": [
        45,
        102
      ],
      "magnitude": 0.4481683671474457,
      "direction": [
        -0.055167730897665024,
        -0.9984771013259888
      ]
    },
    {
      "coordinates": [
        68,
        102
      ],
      "magnitude": 0.46747538447380066,
      "direction": [
        -0.15680553019046783,
        -0.9876295328140259
      ]
    },
    {
      "coordinates": [
        91,
        102
      ],
      "magnitude": 0.41700106859207153,
      "direction": [
        -0.12235551327466965,
        -0.9924863576889038
      ]
    },
    {
      "coordinates": [
        113,
        102
      ],
      "magnitude": 0.42726510763168335,
      "direction": [
        -0.17112942039966583,
        -0.9852485656738281
      ]
    },
    {
      "coordinates": [
        136,
        102
      ],
      "magnitude": 0.3163975775241852,
      "direction": [
        -0.08227391541004181,
        -0.9966097474098206
      ]
    },
    {
      "coordinates": [
        159,
        102
      ],
      "magnitude": 0.11056578904390335,
      "direction": [
        -0.43768852949142456,
        -0.8991266489028931
      ]
    },
    {
      "coordinates": [
        182,
        102
      ],
      "magnitude": 0.4738668203353882,
      "direction": [
        0.10402318835258484,
        -0.9945749044418335
      ]
    },
    {
      "coordinates": [
        205,
        102
      ],
      "magnitude": 0.49780189990997314,
      "direction": [
        0.07015775144100189,
        -0.9975358843803406
      ]
    },
    {
      "coordinates": [
        227,
        102
      ],
      "magnitude": 0.3752957582473755,
      "direction": [
        -0.0871635302901268,
        -0.9961940050125122
      ]
    },
    {
      "coordinates": [
        250,
        102
      ],
      "magnitude": 0.4154844582080841,
      "direction": [
        -0.039107490330934525,
        -0.9992350339889526
      ]
    },
    {
      "coordinates": [
        273,
        102
      ],
      "magnitude": 0.3528466820716858,
      "direction": [
        0.02814149484038353,
        -0.9996039271354675
      ]
    },
    {
      "coordinates": [
        296,
        102
      ],
      "magnitude": 0.4301155209541321,
      "direction": [
        0.41531267762184143,
        -0.9096787571907043
      ]
    },
    {
      "coordinates": [
        319,
        102
      ],
      "magnitude": 0.32745784521102905,
      "direction": [
        0.5652910470962524,
        -0.8248915076255798
      ]
    },
    {
      "coordinates": [
        0,
        119
      ],
      "magnitude": 0.15707115828990936,
      "direction": [
        -0.34001901745796204,
        -0.940418541431427
      ]
    },
    {
      "coordinates": [
        22,
        119
      ],
      "magnitude": 0.5824149250984192,
      "direction": [
        -0.05068739876151085,
        -0.9987146258354187
      ]
    },
    {
      "coordinates": [
        45,
        119
      ],
      "magnitude": 0.37429335713386536,
      "direction": [
        -0.19161605834960938,
        -0.9814699292182922
      ]
    },
    {
      "coordinates": [
        68,
        119
      ],
      "magnitude": 0.4682873487472534,
      "direction": [
        -0.34210556745529175,
        -0.9396615028381348
      ]
    },
    {
      "coordinates": [
        91,
        119
      ],
      "magnitude": 0.44491738080978394,
      "direction": [
        0.016826119273900986,
        -0.9998583793640137
      ]
    },
    {
      "coordinates": [
        113,
        119
      ],
      "magnitude": 0.3844032883644104,
      "direction": [
        0.14865222573280334,
        -0.9888895153999329
      ]
    },
    {
      "coordinates": [
        136,
        119
      ],
      "magnitude": 0.47370630502700806,
      "direction": [
        0.5614159107208252,
        -0.8275337815284729
      ]
    },
    {
      "coordinates": [
        159,
        119
      ],
      "magnitude": 0.3218146860599518,
      "direction": [
        0.6512097716331482,
        -0.7588977813720703
      ]
    },
    {
      "coordinates": [
        182,
        119
      ],
      "magnitude": 0.5180079340934753,
      "direction": [
        0.2840227782726288,
        -0.9588175415992737
      ]
    },
    {
      "coordinates": [
        205,
        119
      ],
      "magnitude": 0.4206705093383789,
      "direction": [
        -0.3661764860153198,
        -0.930545449256897
      ]
    },
    {
      "coordinates": [
        227,
        119
      ],
      "magnitude": 0.43555229902267456,
      "direction": [
        -0.1681886464357376,
        -0.9857548475265503
      ]
    },
    {
      "coordinates": [
        250,
        119
      ],
      "magnitude": 0.4898563623428345,
      "direction": [
        0.09314465522766113,
        -0.9956525564193726
      ]
    },
    {
      "coordinates": [
        273,
        119
      ],
      "magnitude": 0.5177906155586243,
      "direction": [
        0.34090813994407654,
        -0.9400966763496399
      ]
    },
    {
      "coordinates": [
        296,
        119
      ],
      "magnitude": 0.4660634994506836,
      "direction": [
        0.4696531891822815,
        -0.8828510046005249
      ]
    },
    {
      "coordinates": [
        319,
        119
      ],
      "magnitude": 0.33322909474372864,
      "direction": [
        0.11393632739782333,
        -0.993488073348999
      ]
    },
    {
      "coordinates": [
        0,
        136
      ],
      "magnitude": 0.3422697186470032,
      "direction": [
        -0.8094286918640137,
        -0.5872182250022888
      ]
    },
    {
      "coordinates": [
        22,
        136
      ],
      "magnitude": 0.6249464154243469,
      "direction": [
        -0.24034667015075684,
        -0.9706870913505554
      ]
    },
    {
      "coordinates": [
        45,
        136
      ],
      "magnitude": 0.3694172203540802,
      "direction": [
        -0.31178340315818787,
        -0.9501532316207886
      ]
    },
    {
      "coordinates": [
        68,
        136
      ],
      "magnitude": 0.46485933661460876,
      "direction": [
        -0.15754415094852448,
        -0.987511932849884
      ]
    },
    {
      "coordinates": [
        91,
        136
      ],
      "magnitude": 0.5421813130378723,
      "direction": [
        -0.04665827378630638,
        -0.9989109635353088
      ]
    },
    {
      "coordinates": [
        113,
        136
      ],
      "magnitude": 0.5527027249336243,
      "direction": [
        0.2677174210548401,
        -0.9634974598884583
      ]
    },
    {
      "coordinates": [
        136,
        136
      ],
      "magnitude": 0.28582537174224854,
      "direction": [
        0.12100734561681747,
        -0.992651641368866
      ]
    },
    {
      "coordinates": [
        159,
        136
      ],
      "magnitude": 0.13741840422153473,
      "direction": [
        0.8382794857025146,
        -0.5452408194541931
      ]
    },
    {
      "coordinates": [
        182,
        136
      ],
      "magnitude": 0.3023688793182373,
      "direction": [
        -0.19356341660022736,
        -0.9810877442359924
      ]
    },
    {
      "coordinates": [
        205,
        136
      ],
      "magnitude": 0.3107108473777771,
      "direction": [
        0.1396307349205017,
        -0.9902036786079407
      ]
    },
    {
      "coordinates": [
        227,
        136
      ],
      "magnitude": 0.5059842467308044,
      "direction": [
        -0.04816731810569763,
        -0.9988393187522888
      ]
    },
    {
      "coordinates": [
        250,
        136
      ],
      "magnitude": 0.4702121913433075,
      "direction": [
        -0.028105705976486206,
        -0.9996049404144287
      ]
    },
    {
      "coordinates": [
        273,
        136
      ],
      "magnitude": 0.5323145389556885,
      "direction": [
        0.009095635265111923,
        -0.9999585747718811
      ]
    },
    {
      "coordinates": [
        296,
        136
      ],
      "magnitude": 0.48471570014953613,
      "direction": [
        0.2604457437992096,
        -0.9654884934425354
      ]
    },
    {
      "coordinates": [
        319,
        136
      ],
      "magnitude": 0.2999142110347748,
      "direction": [
        0.8272923231124878,
        -0.5617716908454895
      ]
    },
    {
      "coordinates": [
        0,
        153
      ],
      "magnitude": 0.32843708992004395,
      "direction": [
        -0.1946381777524948,
        -0.9808751344680786
      ]
    },
    {
      "coordinates": [
        22,
        153
      ],
      "magnitude": 0.574869692325592,
      "direction": [
        -0.32842957973480225,
        -0.9445284605026245
      ]
    },
    {
      "coordinates": [
        45,
        153
      ],
      "magnitude": 0.5944064259529114,
      "direction": [
        -0.44803598523139954,
        -0.8940156102180481
      ]
    },
    {
      "coordinates": [
        68,
        153
      ],
      "magnitude": 0.5573540925979614,
      "direction": [
        -0.07003610581159592,
        -0.9975444078445435
      ]
    },
    {
      "coordinates": [
        91,
        153
      ],
      "magnitude": 0.6570233702659607,
      "direction": [
        -0.05927382782101631,
        -0.9982417821884155
      ]
    },
    {
      "coordinates": [
        113,
        153
      ],
      "magnitude": 0.5749320983886719,
      "direction": [
        -0.10464487224817276,
        -0.9945096373558044
      ]
    },
    {
      "coordinates": [
        136,
        153
      ],
      "magnitude": 0.3501735031604767,
      "direction": [
        -0.10516740381717682,
        -0.994454562664032
      ]
    },
    {
      "coordinates": [
        159,
        153
      ],
      "magnitude": 0.11865954846143723,
      "direction": [
        0.4477965533733368,
        -0.8941354751586914
      ]
    },
    {
      "coordinates": [
        182,
        153
      ],
      "magnitude": 0.27929413318634033,
      "direction": [
        0.09642048180103302,
        -0.9953407049179077
      ]
    },
    {
      "coordinates": [
        205,
        153
      ],
      "magnitude": 0.4359005093574524,
      "direction": [
        0.17877079546451569,
        -0.9838907718658447
      ]
    },
    {
      "coordinates": [
        227,
        153
      ],
      "magnitude": 0.4915142357349396,
      "direction": [
        0.2868841290473938,
        -0.9579652547836304
      ]
    },
    {
      "coordinates": [
        250,
        153
      ],
      "magnitude": 0.48044127225875854,
      "direction": [
        0.20464588701725006,
        -0.9788361191749573
      ]
    },
    {
      "coordinates": [
        273,
        153
      ],
      "magnitude": 0.5601148009300232,
      "direction": [
        0.21981973946094513,
        -0.9755405187606812
      ]
    },
    {
      "coordinates": [
        296,
        153
      ],
      "magnitude": 0.5365111827850342,
      "direction": [
        0.3392840623855591,
        -0.9406840205192566
      ]
    },
    {
      "coordinates": [
        319,
        153
      ],
      "magnitude": 0.40035414695739746,
      "direction": [
        0.6157923340797424,
        -0.7879084348678589
      ]
    },
    {
      "coordinates": [
        0,
        170
      ],
      "magnitude": 0.47495749592781067,
      "direction": [
        -0.18048982322216034,
        -0.9835768342018127
      ]
    },
    {
      "coordinates": [
        22,
        170
      ],
      "magnitude": 0.4285639226436615,
      "direction": [
        0.1910226196050644,
        -0.9815856218338013
      ]
    },
    {
      "coordinates": [
        45,
        170
      ],
      "magnitude": 0.46036237478256226,
      "direction": [
        -0.026664135977625847,
        -0.9996444582939148
      ]
    },
    {
      "coordinates": [
        68,
        170
      ],
      "magnitude": 0.6619340181350708,
      "direction": [
        0.06497840583324432,
        -0.9978867173194885
      ]
    },
    {
      "coordinates": [
        91,
        170
      ],
      "magnitude": 0.5678495764732361,
      "direction": [
        -0.24286924302577972,
        -0.9700590968132019
      ]
    },
    {
      "coordinates": [
        113,
        170
      ],
      "magnitude": 0.4433142840862274,
      "direction": [
        -0.4066595137119293,
        -0.9135798215866089
      ]
    },
    {
      "coordinates": [
        136,
        170
      ],
      "magnitude": 0.46863776445388794,
      "direction": [
        -0.5125014185905457,
        -0.8586863875389099
      ]
    },
    {
      "coordinates": [
        159,
        170
      ],
      "magnitude": 0.3380047380924225,
      "direction": [
        -0.3221376836299896,
        -0.9466928839683533
      ]
    },
    {
      "coordinates": [
        182,
        170
      ],
      "magnitude": 0.385621577501297,
      "direction": [
        0.48915407061576843,
        -0.8721973896026611
      ]
    },
    {
      "coordinates": [
        205,
        170
      ],
      "magnitude": 0.42756298184394836,
      "direction": [
        -0.03149054944515228,
        -0.9995040893554688
      ]
    },
    {
      "coordinates": [
        227,
        170
      ],
      "magnitude": 0.4445098638534546,
      "direction": [
        0.2049584984779358,
        -0.9787706732749939
      ]
    },
    {
      "coordinates": [
        250,
        170
      ],
      "magnitude": 0.49739623069763184,
      "direction": [
        0.17366112768650055,
        -0.9848054647445679
      ]
    },
    {
      "coordinates": [
        273,
        170
      ],
      "magnitude": 0.5284891128540039,
      "direction": [
        0.3288404643535614,
        -0.9443854689598083
      ]
    },
    {
      "coordinates": [
        296,
        170
      ],
      "magnitude": 0.6059206128120422,
      "direction": [
        0.33080363273620605,
        -0.9436996579170227
      ]
    },
    {
      "coordinates": [
        319,
        170
      ],
      "magnitude": 0.47653669118881226,
      "direction": [
        0.49012601375579834,
        -0.8716516494750977
      ]
    },
    {
      "coordinates": [
        0,
        187
      ],
      "magnitude": 0.5077452063560486,
      "direction": [
        -0.4144558608531952,
        -0.910069465637207
      ]
    },
    {
      "coordinates": [
        22,
        187
      ],
      "magnitude": 0.5042542219161987,
      "direction": [
        -0.24450087547302246,
        -0.9696491360664368
      ]
    },
    {
      "coordinates": [
        45,
        187
      ],
      "magnitude": 0.5092264413833618,
      "direction": [
        -0.0013050183188170195,
        -0.9999991655349731
      ]
    },
    {
      "coordinates": [
        68,
        187
      ],
      "magnitude": 0.5909924507141113,
      "direction": [
        -0.03602413088083267,
        -0.999350905418396
      ]
    },
    {
      "coordinates": [
        91,
        187
      ],
      "magnitude": 0.4899488389492035,
      "direction": [
        -0.13759486377239227,
        -0.990488588809967
      ]
    },
    {
      "coordinates": [
        113,
        187
      ],
      "magnitude": 0.4389479160308838,
      "direction": [
        -0.12085223197937012,
        -0.992670476436615
      ]
    },
    {
      "coordinates": [
        136,
        187
      ],
      "magnitude": 0.3448809087276459,
      "direction": [
        -0.3099570870399475,
        -0.9507505297660828
      ]
    },
    {
      "coordinates": [
        159,
        187
      ],
      "magnitude": 0.36805105209350586,
      "direction": [
        0.017794016748666763,
        -0.9998416900634766
      ]
    },
    {
      "coordinates": [
        182,
        187
      ],
      "magnitude": 0.3217819035053253,
      "direction": [
        -0.35454094409942627,
        -0.9350405335426331
      ]
    },
    {
      "coordinates": [
        205,
        187
      ],
      "magnitude": 0.5790243744850159,
      "direction": [
        0.22516916692256927,
        -0.9743196964263916
      ]
    },
    {
      "coordinates": [
        227,
        187
      ],
      "magnitude": 0.4904906749725342,
      "direction": [
        0.4576684832572937,
        -0.8891229033470154
      ]
    },
    {
      "coordinates": [
        250,
        187
      ],
      "magnitude": 0.6004292964935303,
      "direction": [
        0.17627042531967163,
        -0.9843417406082153
      ]
    },
    {
      "coordinates": [
        273,
        187
      ],
      "magnitude": 0.4696446359157562,
      "direction": [
        0.19720016419887543,
        -0.9803632497787476
      ]
    },
    {
      "coordinates": [
        296,
        187
      ],
      "magnitude": 0.6098042726516724,
      "direction": [
        0.058741625398397446,
        -0.9982732534408569
      ]
    },
    {
      "coordinates": [
        319,
        187
      ],
      "magnitude": 0.46678823232650757,
      "direction": [
        0.12683036923408508,
        -0.9919244647026062
      ]
    },
    {
      "coordinates": [
        0,
        204
      ],
      "magnitude": 0.5603299736976624,
      "direction": [
        0.08667158335447311,
        -0.9962369203567505
      ]
    },
    {
      "coordinates": [
        22,
        204
      ],
      "magnitude": 0.4534301161766052,
      "direction": [
        -0.14754310250282288,
        -0.9890556335449219
      ]
    },
    {
      "coordinates": [
        45,
        204
      ],
      "magnitude": 0.4787982106208801,
      "direction": [
        -0.06325425952672958,
        -0.9979974031448364
      ]
    },
    {
      "coordinates": [
        68,
        204
      ],
      "magnitude": 0.5495787858963013,
      "direction": [
        -0.2718591094017029,
        -0.9623371362686157
      ]
    },
    {
      "coordinates": [
        91,
        204
      ],
      "magnitude": 0.6019914746284485,
      "direction": [
        -0.17998531460762024,
        -0.9836692810058594
      ]
    },
    {
      "coordinates": [
        113,
        204
      ],
      "magnitude": 0.3774462342262268,
      "direction": [
        -0.7220813632011414,
        -0.6918081641197205
      ]
    },
    {
      "coordinates": [
        136,
        204
      ],
      "magnitude": 0.5657972693443298,
      "direction": [
        -0.38239219784736633,
        -0.9240001440048218
      ]
    },
    {
      "coordinates": [
        159,
        204
      ],
      "magnitude": 0.4235115945339203,
      "direction": [
        -0.1337035596370697,
        -0.9910213351249695
      ]
    },
    {
      "coordinates": [
        182,
        204
      ],
      "magnitude": 0.4699668288230896,
      "direction": [
        -0.06688166409730911,
        -0.9977609515190125
      ]
    },
    {
      "coordinates": [
        205,
        204
      ],
      "magnitude": 0.5212706327438354,
      "direction": [
        0.12380729615688324,
        -0.9923062920570374
      ]
    },
    {
      "coordinates": [
        227,
        204
      ],
      "magnitude": 0.47618183493614197,
      "direction": [
        0.21297308802604675,
        -0.9770581126213074
      ]
    },
    {
      "coordinates": [
        250,
        204
      ],
      "magnitude": 0.5378603339195251,
      "direction": [
        0.31687086820602417,
        -0.9484686851501465
      ]
    },
    {
      "coordinates": [
        273,
        204
      ],
      "magnitude": 0.4594402611255646,
      "direction": [
        0.07907518744468689,
        -0.9968686699867249
      ]
    },
    {
      "coordinates": [
        296,
        204
      ],
      "magnitude": 0.4714803397655487,
      "direction": [
        -0.1657339334487915,
        -0.9861705303192139
      ]
    },
    {
      "coordinates": [
        319,
        204
      ],
      "magnitude": 0.582162082195282,
      "direction": [
        -0.08621402829885483,
        -0.9962765574455261
      ]
    },
    {
      "coordinates": [
        0,
        221
      ],
      "magnitude": 0.48855429887771606,
      "direction": [
        0.18873533606529236,
        -0.9820280075073242
      ]
    },
    {
      "coordinates": [
        22,
        221
      ],
      "magnitude": 0.4866228699684143,
      "direction": [
        0.14271646738052368,
        -0.9897635579109192
      ]
    },
    {
      "coordinates": [
        45,
        221
      ],
      "magnitude": 0.4819096326828003,
      "direction": [
        0.10359720885753632,
        -0.9946193695068359
      ]
    },
    {
      "coordinates": [
        68,
        221
      ],
      "magnitude": 0.4363681972026825,
      "direction": [
        -0.17033547163009644,
        -0.985386073589325
      ]
    },
    {
      "coordinates": [
        91,
        221
      ],
      "magnitude": 0.5833288431167603,
      "direction": [
        -0.32080382108688354,
        -0.9471456408500671
      ]
    },
    {
      "coordinates": [
        113,
        221
      ],
      "magnitude": 0.36366355419158936,
      "direction": [
        -0.3788990378379822,
        -0.9254379868507385
      ]
    },
    {
      "coordinates": [
        136,
        221
      ],
      "magnitude": 0.5399036407470703,
      "direction": [
        -0.11214906722307205,
        -0.9936913847923279
      ]
    },
    {
      "coordinates": [
        159,
        221
      ],
      "magnitude": 0.42190614342689514,
      "direction": [
        -0.3057127594947815,
        -0.952123761177063
      ]
    },
    {
      "coordinates": [
        182,
        221
      ],
      "magnitude": 0.41953223943710327,
      "direction": [
        -0.0501878447830677,
        -0.9987397789955139
      ]
    },
    {
      "coordinates": [
        205,
        221
      ],
      "magnitude": 0.5837752819061279,
      "direction": [
        0.16410590708255768,
        -0.9864426851272583
      ]
    },
    {
      "coordinates": [
        227,
        221
      ],
      "magnitude": 0.453840434551239,
      "direction": [
        0.004568468313664198,
        -0.9999896287918091
      ]
    },
    {
      "coordinates": [
        250,
        221
      ],
      "magnitude": 0.5534340739250183,
      "direction": [
        0.06375797092914581,
        -0.9979654550552368
      ]
    },
    {
      "coordinates": [
        273,
        221
      ],
      "magnitude": 0.4154485762119293,
      "direction": [
        0.2948917746543884,
        -0.9555306434631348
      ]
    },
    {
      "coordinates": [
        296,
        221
      ],
      "magnitude": 0.41686785221099854,
      "direction": [
        0.021452562883496284,
        -0.9997698664665222
      ]
    },
    {
      "coordinates": [
        319,
        221
      ],
      "magnitude": 0.6774709820747375,
      "direction": [
        -0.11505595594644547,
        -0.9933590292930603
      ]
    },
    {
      "coordinates": [
        0,
        239
      ],
      "magnitude": 0.3542492389678955,
      "direction": [
        0.6215677261352539,
        -0.7833603620529175
      ]
    },
    {
      "coordinates": [
        22,
        239
      ],
      "magnitude": 0.3990003168582916,
      "direction": [
        -0.10067452490329742,
        -0.9949194192886353
      ]
    },
    {
      "coordinates": [
        45,
        239
      ],
      "magnitude": 0.44590699672698975,
      "direction": [
        -0.018558908253908157,
        -0.9998277425765991
      ]
    },
    {
      "coordinates": [
        68,
        239
      ],
      "magnitude": 0.3067535161972046,
      "direction": [
        0.023433106020092964,
        -0.999725341796875
      ]
    },
    {
      "coordinates": [
        91,
        239
      ],
      "magnitude": 0.5097969174385071,
      "direction": [
        -0.14824093878269196,
        -0.9889512062072754
      ]
    },
    {
      "coordinates": [
        113,
        239
      ],
      "magnitude": 0.38014504313468933,
      "direction": [
        -0.18902860581874847,
        -0.9819716215133667
      ]
    },
    {
      "coordinates": [
        136,
        239
      ],
      "magnitude": 0.3927750885486603,
      "direction": [
        -0.21778036653995514,
        -0.975997805595398
      ]
    },
    {
      "coordinates": [
        159,
        239
      ],
      "magnitude": 0.5194032192230225,
      "direction": [
        -0.15824472904205322,
        -0.9873998761177063
      ]
    },
    {
      "coordinates": [
        182,
        239
      ],
      "magnitude": 0.4991241693496704,
      "direction": [
        0.03734739497303963,
        -0.999302327632904
      ]
    },
    {
      "coordinates": [
        205,
        239
      ],
      "magnitude": 0.6746425032615662,
      "direction": [
        0.10827077925205231,
        -0.9941213726997375
      ]
    },
    {
      "coordinates": [
        227,
        239
      ],
      "magnitude": 0.6135447025299072,
      "direction": [
        0.3815985321998596,
        -0.9243282079696655
      ]
    },
    {
      "coordinates": [
        250,
        239
      ],
      "magnitude": 0.7163283824920654,
      "direction": [
        0.42362186312675476,
        -0.9058391451835632
      ]
    },
    {
      "coordinates": [
        273,
        239
      ],
      "magnitude": 0.3621473014354706,
      "direction": [
        0.7470210194587708,
        -0.6648004055023193
      ]
    },
    {
      "coordinates": [
        296,
        239
      ],
      "magnitude": 0.431678831577301,
      "direction": [
        0.4673115313053131,
        -0.8840926885604858
      ]
    },
    {
      "coordinates": [
        319,
        239
      ],
      "magnitude": 0.4784546196460724,
      "direction": [
        0.09939619153738022,
        -0.9950479865074158
      ]
    }
  ]
}