{
  "recording_timestamp": 1756817772.848332,
  "mean_fz": -0.0005,
  "peak_intensity": 0.104,
  "deformation_mesh": [
    {
      "coordinates": [
        0,
        0
      ],
      "magnitude": 1.1827448606491089,
      "direction": [
        -0.4020616114139557,
        -0.9156126379966736
      ]
    },
    {
      "coordinates": [
        22,
        0
      ],
      "magnitude": 1.1755560636520386,
      "direction": [
        -0.6356997489929199,
        -0.7719363570213318
      ]
    },
    {
      "coordinates": [
        45,
        0
      ],
      "magnitude": 1.0693070888519287,
      "direction": [
        0.22112047672271729,
        -0.9752464890480042
      ]
    },
    {
      "coordinates": [
        68,
        0
      ],
      "magnitude": 1.2825180292129517,
      "direction": [
        -0.4069923460483551,
        -0.9134315848350525
      ]
    },
    {
      "coordinates": [
        91,
        0
      ],
      "magnitude": 0.9916481971740723,
      "direction": [
        -0.25963667035102844,
        -0.9657064080238342
      ]
    },
    {
      "coordinates": [
        113,
        0
      ],
      "magnitude": 1.1230976581573486,
      "direction": [
        -0.3628939986228943,
        -0.9318304061889648
      ]
    },
    {
      "coordinates": [
        136,
        0
      ],
      "magnitude": 0.9626248478889465,
      "direction": [
        -0.05545734614133835,
        -0.9984610676765442
      ]
    },
    {
      "coordinates": [
        159,
        0
      ],
      "magnitude": 0.7951905131340027,
      "direction": [
        0.11652254313230515,
        -0.9931880235671997
      ]
    },
    {
      "coordinates": [
        182,
        0
      ],
      "magnitude": 0.990360677242279,
      "direction": [
        0.2050139307975769,
        -0.9787590503692627
      ]
    },
    {
      "coordinates": [
        205,
        0
      ],
      "magnitude": 0.908927321434021,
      "direction": [
        0.13851723074913025,
        -0.9903600811958313
      ]
    },
    {
      "coordinates": [
        227,
        0
      ],
      "magnitude": 1.3607064485549927,
      "direction": [
        0.0006214020540937781,
        -0.9999998211860657
      ]
    },
    {
      "coordinates": [
        250,
        0
      ],
      "magnitude": 1.204935908317566,
      "direction": [
        0.5741226673126221,
        -0.8187692761421204
      ]
    },
    {
      "coordinates": [
        273,
        0
      ],
      "magnitude": 0.8990170359611511,
      "direction": [
        0.4787443280220032,
        -0.8779544234275818
      ]
    },
    {
      "coordinates": [
        296,
        0
      ],
      "magnitude": 1.1819932460784912,
      "direction": [
        0.4864931106567383,
        -0.8736844062805176
      ]
    },
    {
      "coordinates": [
        319,
        0
      ],
      "magnitude": 1.5130397081375122,
      "direction": [
        0.5871073007583618,
        -0.8095091581344604
      ]
    },
    {
      "coordinates": [
        0,
        17
      ],
      "magnitude": 1.092207431793213,
      "direction": [
        -0.3476215600967407,
        -0.9376349449157715
      ]
    },
    {
      "coordinates": [
        22,
        17
      ],
      "magnitude": 1.1911102533340454,
      "direction": [
        -0.448211669921875,
        -0.8939274549484253
      ]
    },
    {
      "coordinates": [
        45,
        17
      ],
      "magnitude": 1.0635651350021362,
      "direction": [
        -0.20864622294902802,
        -0.9779911637306213
      ]
    },
    {
      "coordinates": [
        68,
        17
      ],
      "magnitude": 1.1221576929092407,
      "direction": [
        -0.6104702353477478,
        -0.7920392155647278
      ]
    },
    {
      "coordinates": [
        91,
        17
      ],
      "magnitude": 0.9040457010269165,
      "direction": [
        -0.462471067905426,
        -0.886634349822998
      ]
    },
    {
      "coordinates": [
        113,
        17
      ],
      "magnitude": 1.0925718545913696,
      "direction": [
        -0.6143853068351746,
        -0.7890060544013977
      ]
    },
    {
      "coordinates": [
        136,
        17
      ],
      "magnitude": 0.9081001281738281,
      "direction": [
        -0.17911827564239502,
        -0.983827531337738
      ]
    },
    {
      "coordinates": [
        159,
        17
      ],
      "magnitude": 0.6231969594955444,
      "direction": [
        -0.046994537115097046,
        -0.9988951086997986
      ]
    },
    {
      "coordinates": [
        182,
        17
      ],
      "magnitude": 1.0157530307769775,
      "direction": [
        0.2525593936443329,
        -0.9675813317298889
      ]
    },
    {
      "coordinates": [
        205,
        17
      ],
      "magnitude": 0.7778615951538086,
      "direction": [
        0.31542882323265076,
        -0.9489492774009705
      ]
    },
    {
      "coordinates": [
        227,
        17
      ],
      "magnitude": 1.02299964427948,
      "direction": [
        0.1870260089635849,
        -0.9823550581932068
      ]
    },
    {
      "coordinates": [
        250,
        17
      ],
      "magnitude": 1.0890963077545166,
      "direction": [
        0.41229453682899475,
        -0.9110506176948547
      ]
    },
    {
      "coordinates": [
        273,
        17
      ],
      "magnitude": 1.0687851905822754,
      "direction": [
        0.5320942401885986,
        -0.8466851711273193
      ]
    },
    {
      "coordinates": [
        296,
        17
      ],
      "magnitude": 1.0999563932418823,
      "direction": [
        0.6532811522483826,
        -0.7571154236793518
      ]
    },
    {
      "coordinates": [
        319,
        17
      ],
      "magnitude": 1.322970986366272,
      "direction": [
        0.706407368183136,
        -0.7078055739402771
      ]
    },
    {
      "coordinates": [
        0,
        34
      ],
      "magnitude": 0.896239697933197,
      "direction": [
        -0.401070237159729,
        -0.9160472750663757
      ]
    },
    {
      "coordinates": [
        22,
        34
      ],
      "magnitude": 1.1396459341049194,
      "direction": [
        -0.5023526549339294,
        -0.8646628260612488
      ]
    },
    {
      "coordinates": [
        45,
        34
      ],
      "magnitude": 1.1256639957427979,
      "direction": [
        -0.461784303188324,
        -0.8869922757148743
      ]
    },
    {
      "coordinates": [
        68,
        34
      ],
      "magnitude": 0.9675800800323486,
      "direction": [
        -0.7499716877937317,
        -0.6614699363708496
      ]
    },
    {
      "coordinates": [
        91,
        34
      ],
      "magnitude": 0.9713425040245056,
      "direction": [
        -0.4074854254722595,
        -0.9132117629051208
      ]
    },
    {
      "coordinates": [
        113,
        34
      ],
      "magnitude": 1.043120265007019,
      "direction": [
        -0.30394211411476135,
        -0.9526904821395874
      ]
    },
    {
      "coordinates": [
        136,
        34
      ],
      "magnitude": 0.9027183651924133,
      "direction": [
        -0.3669862747192383,
        -0.9302263259887695
      ]
    },
    {
      "coordinates": [
        159,
        34
      ],
      "magnitude": 0.7203800678253174,
      "direction": [
        -0.4293921887874603,
        -0.9031180739402771
      ]
    },
    {
      "coordinates": [
        182,
        34
      ],
      "magnitude": 0.9745676517486572,
      "direction": [
        0.15365251898765564,
        -0.9881249070167542
      ]
    },
    {
      "coordinates": [
        205,
        34
      ],
      "magnitude": 0.919675886631012,
      "direction": [
        0.23129132390022278,
        -0.9728845357894897
      ]
    },
    {
      "coordinates": [
        227,
        34
      ],
      "magnitude": 0.8303823471069336,
      "direction": [
        0.338886022567749,
        -0.9408274292945862
      ]
    },
    {
      "coordinates": [
        250,
        34
      ],
      "magnitude": 0.9673771858215332,
      "direction": [
        0.39034321904182434,
        -0.920669436454773
      ]
    },
    {
      "coordinates": [
        273,
        34
      ],
      "magnitude": 1.0892624855041504,
      "direction": [
        0.5645503997802734,
        -0.8253986239433289
      ]
    },
    {
      "coordinates": [
        296,
        34
      ],
      "magnitude": 1.1362190246582031,
      "direction": [
        0.7582069635391235,
        -0.6520139575004578
      ]
    },
    {
      "coordinates": [
        319,
        34
      ],
      "magnitude": 0.8942475914955139,
      "direction": [
        0.8657544851303101,
        -0.5004689693450928
      ]
    },
    {
      "coordinates": [
        0,
        51
      ],
      "magnitude": 1.0276532173156738,
      "direction": [
        -0.9437405467033386,
        -0.33068668842315674
      ]
    },
    {
      "coordinates": [
        22,
        51
      ],
      "magnitude": 0.8849315047264099,
      "direction": [
        -0.8942341804504395,
        -0.4475993812084198
      ]
    },
    {
      "coordinates": [
        45,
        51
      ],
      "magnitude": 1.1905088424682617,
      "direction": [
        -0.70879727602005,
        -0.7054122686386108
      ]
    },
    {
      "coordinates": [
        68,
        51
      ],
      "magnitude": 0.7960718870162964,
      "direction": [
        -0.44515636563301086,
        -0.8954528570175171
      ]
    },
    {
      "coordinates": [
        91,
        51
      ],
      "magnitude": 0.762198805809021,
      "direction": [
        -0.2387022227048874,
        -0.9710928201675415
      ]
    },
    {
      "coordinates": [
        113,
        51
      ],
      "magnitude": 0.8090758919715881,
      "direction": [
        -0.1149207353591919,
        -0.9933747053146362
      ]
    },
    {
      "coordinates": [
        136,
        51
      ],
      "magnitude": 0.7188768982887268,
      "direction": [
        -0.031040655449032784,
        -0.999518096446991
      ]
    },
    {
      "coordinates": [
        159,
        51
      ],
      "magnitude": 0.652764081954956,
      "direction": [
        -0.32965895533561707,
        -0.944100022315979
      ]
    },
    {
      "coordinates": [
        182,
        51
      ],
      "magnitude": 0.9663663506507874,
      "direction": [
        -0.04170864447951317,
        -0.9991297721862793
      ]
    },
    {
      "coordinates": [
        205,
        51
      ],
      "magnitude": 0.8459880352020264,
      "direction": [
        0.19394977390766144,
        -0.9810115098953247
      ]
    },
    {
      "coordinates": [
        227,
        51
      ],
      "magnitude": 1.0014598369598389,
      "direction": [
        0.357119619846344,
        -0.934058666229248
      ]
    },
    {
      "coordinates": [
        250,
        51
      ],
      "magnitude": 0.8293742537498474,
      "direction": [
        0.18880575895309448,
        -0.9820144176483154
      ]
    },
    {
      "coordinates": [
        273,
        51
      ],
      "magnitude": 0.8106763362884521,
      "direction": [
        0.3767949938774109,
        -0.9262967705726624
      ]
    },
    {
      "coordinates": [
        296,
        51
      ],
      "magnitude": 1.0098085403442383,
      "direction": [
        0.8156697154045105,
        -0.5785178542137146
      ]
    },
    {
      "coordinates": [
        319,
        51
      ],
      "magnitude": 0.9829695820808411,
      "direction": [
        0.8991333842277527,
        -0.43767473101615906
      ]
    },
    {
      "coordinates": [
        0,
        68
      ],
      "magnitude": 0.836639404296875,
      "direction": [
        -0.9897205233573914,
        -0.14301536977291107
      ]
    },
    {
      "coordinates": [
        22,
        68
      ],
      "magnitude": 0.8016201853752136,
      "direction": [
        -0.9466802477836609,
        -0.3221745491027832
      ]
    },
    {
      "coordinates": [
        45,
        68
      ],
      "magnitude": 0.8586482405662537,
      "direction": [
        -0.7216351628303528,
        -0.6922735571861267
      ]
    },
    {
      "coordinates": [
        68,
        68
      ],
      "magnitude": 0.7106361389160156,
      "direction": [
        -0.4126277267932892,
        -0.9108997583389282
      ]
    },
    {
      "coordinates": [
        91,
        68
      ],
      "magnitude": 0.7651077508926392,
      "direction": [
        -0.5801032185554504,
        -0.8145429491996765
      ]
    },
    {
      "coordinates": [
        113,
        68
      ],
      "magnitude": 0.6219785809516907,
      "direction": [
        -0.49266189336776733,
        -0.8702207803726196
      ]
    },
    {
      "coordinates": [
        136,
        68
      ],
      "magnitude": 0.6741389632225037,
      "direction": [
        -0.23306922614574432,
        -0.9724600911140442
      ]
    },
    {
      "coordinates": [
        159,
        68
      ],
      "magnitude": 0.6418548822402954,
      "direction": [
        -0.1812771111726761,
        -0.9834321141242981
      ]
    },
    {
      "coordinates": [
        182,
        68
      ],
      "magnitude": 0.9357590079307556,
      "direction": [
        0.008758009411394596,
        -0.9999616742134094
      ]
    },
    {
      "coordinates": [
        205,
        68
      ],
      "magnitude": 0.5282629132270813,
      "direction": [
        0.020283954218029976,
        -0.9997941851615906
      ]
    },
    {
      "coordinates": [
        227,
        68
      ],
      "magnitude": 0.6740038394927979,
      "direction": [
        0.27776971459388733,
        -0.960647702217102
      ]
    },
    {
      "coordinates": [
        250,
        68
      ],
      "magnitude": 0.6403159499168396,
      "direction": [
        0.05509829893708229,
        -0.9984809160232544
      ]
    },
    {
      "coordinates": [
        273,
        68
      ],
      "magnitude": 0.5817722082138062,
      "direction": [
        0.7316556572914124,
        -0.6816743612289429
      ]
    },
    {
      "coordinates": [
        296,
        68
      ],
      "magnitude": 0.7704885601997375,
      "direction": [
        0.775068461894989,
        -0.6318773627281189
      ]
    },
    {
      "coordinates": [
        319,
        68
      ],
      "magnitude": 1.1581337451934814,
      "direction": [
        0.8882957696914673,
        -0.45927172899246216
      ]
    },
    {
      "coordinates": [
        0,
        85
      ],
      "magnitude": 0.8572199940681458,
      "direction": [
        -0.8381679058074951,
        -0.5454122424125671
      ]
    },
    {
      "coordinates": [
        22,
        85
      ],
      "magnitude": 0.8505061864852905,
      "direction": [
        -0.7985666394233704,
        -0.6019063591957092
      ]
    },
    {
      "coordinates": [
        45,
        85
      ],
      "magnitude": 0.9655627012252808,
      "direction": [
        -0.7676807045936584,
        -0.6408326029777527
      ]
    },
    {
      "coordinates": [
        68,
        85
      ],
      "magnitude": 0.9537713527679443,
      "direction": [
        -0.6587616801261902,
        -0.752351701259613
      ]
    },
    {
      "coordinates": [
        91,
        85
      ],
      "magnitude": 0.8096147179603577,
      "direction": [
        -0.6621070504188538,
        -0.7494092583656311
      ]
    },
    {
      "coordinates": [
        113,
        85
      ],
      "magnitude": 0.7576668858528137,
      "direction": [
        -0.4912315905094147,
        -0.8710290193557739
      ]
    },
    {
      "coordinates": [
        136,
        85
      ],
      "magnitude": 0.3441947400569916,
      "direction": [
        -0.21488909423351288,
        -0.9766384959220886
      ]
    },
    {
      "coordinates": [
        159,
        85
      ],
      "magnitude": 0.27212756872177124,
      "direction": [
        0.17511485517024994,
        -0.9845479726791382
      ]
    },
    {
      "coordinates": [
        182,
        85
      ],
      "magnitude": 0.6621202230453491,
      "direction": [
        0.042093269526958466,
        -0.9991137385368347
      ]
    },
    {
      "coordinates": [
        205,
        85
      ],
      "magnitude": 0.6637080311775208,
      "direction": [
        0.052204351872205734,
        -0.9986363649368286
      ]
    },
    {
      "coordinates": [
        227,
        85
      ],
      "magnitude": 0.6757462620735168,
      "direction": [
        0.1509300321340561,
        -0.9885444641113281
      ]
    },
    {
      "coordinates": [
        250,
        85
      ],
      "magnitude": 0.7084082365036011,
      "direction": [
        0.5830996036529541,
        -0.812400758266449
      ]
    },
    {
      "coordinates": [
        273,
        85
      ],
      "magnitude": 0.5801181793212891,
      "direction": [
        0.8204598426818848,
        -0.5717042088508606
      ]
    },
    {
      "coordinates": [
        296,
        85
      ],
      "magnitude": 0.7015378475189209,
      "direction": [
        0.8968111872673035,
        -0.442413330078125
      ]
    },
    {
      "coordinates": [
        319,
        85
      ],
      "magnitude": 0.9013192057609558,
      "direction": [
        0.9570057392120361,
        -0.29006892442703247
      ]
    },
    {
      "coordinates": [
        0,
        102
      ],
      "magnitude": 1.2223151922225952,
      "direction": [
        -0.9713119268417358,
        -0.2378092110157013
      ]
    },
    {
      "coordinates": [
        22,
        102
      ],
      "magnitude": 0.5219169855117798,
      "direction": [
        -0.6048595309257507,
        -0.7963321805000305
      ]
    },
    {
      "coordinates": [
        45,
        102
      ],
      "magnitude": 0.5430361032485962,
      "direction": [
        -0.46939659118652344,
        -0.8829874396324158
      ]
    },
    {
      "coordinates": [
        68,
        102
      ],
      "magnitude": 0.6773300766944885,
      "direction": [
        -0.7571620345115662,
        -0.6532270908355713
      ]
    },
    {
      "coordinates": [
        91,
        102
      ],
      "magnitude": 0.7174819111824036,
      "direction": [
        -0.5750390291213989,
        -0.8181259632110596
      ]
    },
    {
      "coordinates": [
        113,
        102
      ],
      "magnitude": 0.6918219923973083,
      "direction": [
        -0.4595154821872711,
        -0.8881697058677673
      ]
    },
    {
      "coordinates": [
        136,
        102
      ],
      "magnitude": 0.33127665519714355,
      "direction": [
        -0.7626506686210632,
        -0.6468106508255005
      ]
    },
    {
      "coordinates": [
        159,
        102
      ],
      "magnitude": 0.26731494069099426,
      "direction": [
        -0.6591194868087769,
        -0.7520382404327393
      ]
    },
    {
      "coordinates": [
        182,
        102
      ],
      "magnitude": 0.3661867380142212,
      "direction": [
        0.028579045087099075,
        -0.9995915293693542
      ]
    },
    {
      "coordinates": [
        205,
        102
      ],
      "magnitude": 0.43430283665657043,
      "direction": [
        0.02687825635075569,
        -0.9996387362480164
      ]
    },
    {
      "coordinates": [
        227,
        102
      ],
      "magnitude": 0.4055349826812744,
      "direction": [
        -0.2206638604402542,
        -0.9753499031066895
      ]
    },
    {
      "coordinates": [
        250,
        102
      ],
      "magnitude": 0.590933084487915,
      "direction": [
        0.5146118998527527,
        -0.8574232459068298
      ]
    },
    {
      "coordinates": [
        273,
        102
      ],
      "magnitude": 0.7183367609977722,
      "direction": [
        0.7130919098854065,
        -0.7010706067085266
      ]
    },
    {
      "coordinates": [
        296,
        102
      ],
      "magnitude": 0.7497411370277405,
      "direction": [
        0.8047143220901489,
        -0.5936622023582458
      ]
    },
    {
      "coordinates": [
        319,
        102
      ],
      "magnitude": 0.9240052700042725,
      "direction": [
        0.8693602681159973,
        -0.49417877197265625
      ]
    },
    {
      "coordinates": [
        0,
        119
      ],
      "magnitude": 1.1317999362945557,
      "direction": [
        -0.9842033386230469,
        -0.17704179883003235
      ]
    },
    {
      "coordinates": [
        22,
        119
      ],
      "magnitude": 0.6669372320175171,
      "direction": [
        -0.7792636752128601,
        -0.6266961693763733
      ]
    },
    {
      "coordinates": [
        45,
        119
      ],
      "magnitude": 0.4178127944469452,
      "direction": [
        -0.8802096843719482,
        -0.4745848774909973
      ]
    },
    {
      "coordinates": [
        68,
        119
      ],
      "magnitude": 0.6722208261489868,
      "direction": [
        -0.7009643912315369,
        -0.7131962180137634
      ]
    },
    {
      "coordinates": [
        91,
        119
      ],
      "magnitude": 0.7529546022415161,
      "direction": [
        -0.5757055282592773,
        -0.8176571130752563
      ]
    },
    {
      "coordinates": [
        113,
        119
      ],
      "magnitude": 0.7176468968391418,
      "direction": [
        -0.4280790686607361,
        -0.9037413001060486
      ]
    },
    {
      "coordinates": [
        136,
        119
      ],
      "magnitude": 0.5843808054924011,
      "direction": [
        -0.021332232281565666,
        -0.9997724294662476
      ]
    },
    {
      "coordinates": [
        159,
        119
      ],
      "magnitude": 0.4518929421901703,
      "direction": [
        0.20305413007736206,
        -0.9791675209999084
      ]
    },
    {
      "coordinates": [
        182,
        119
      ],
      "magnitude": 0.5288803577423096,
      "direction": [
        0.28554442524909973,
        -0.9583654999732971
      ]
    },
    {
      "coordinates": [
        205,
        119
      ],
      "magnitude": 0.3799799680709839,
      "direction": [
        -0.11372250318527222,
        -0.9935126304626465
      ]
    },
    {
      "coordinates": [
        227,
        119
      ],
      "magnitude": 0.5121536254882812,
      "direction": [
        0.6642604470252991,
        -0.7475011944770813
      ]
    },
    {
      "coordinates": [
        250,
        119
      ],
      "magnitude": 0.6334159970283508,
      "direction": [
        0.5004549026489258,
        -0.8657625317573547
      ]
    },
    {
      "coordinates": [
        273,
        119
      ],
      "magnitude": 0.8045129179954529,
      "direction": [
        0.6076608300209045,
        -0.794196605682373
      ]
    },
    {
      "coordinates": [
        296,
        119
      ],
      "magnitude": 0.832120954990387,
      "direction": [
        0.7941076755523682,
        -0.6077769994735718
      ]
    },
    {
      "coordinates": [
        319,
        119
      ],
      "magnitude": 0.7225878238677979,
      "direction": [
        0.767830491065979,
        -0.6406530737876892
      ]
    },
    {
      "coordinates": [
        0,
        136
      ],
      "magnitude": 0.8671266436576843,
      "direction": [
        -0.8643012642860413,
        -0.5029744505882263
      ]
    },
    {
      "coordinates": [
        22,
        136
      ],
      "magnitude": 0.6601232886314392,
      "direction": [
        -0.8831918239593506,
        -0.46901190280914307
      ]
    },
    {
      "coordinates": [
        45,
        136
      ],
      "magnitude": 0.40026190876960754,
      "direction": [
        -0.9307355284690857,
        -0.36569300293922424
      ]
    },
    {
      "coordinates": [
        68,
        136
      ],
      "magnitude": 0.6717227101325989,
      "direction": [
        -0.6632955074310303,
        -0.7483575344085693
      ]
    },
    {
      "coordinates": [
        91,
        136
      ],
      "magnitude": 0.5800448656082153,
      "direction": [
        -0.5453041195869446,
        -0.8382382392883301
      ]
    },
    {
      "coordinates": [
        113,
        136
      ],
      "magnitude": 0.6522019505500793,
      "direction": [
        -0.28046542406082153,
        -0.9598641395568848
      ]
    },
    {
      "coordinates": [
        136,
        136
      ],
      "magnitude": 0.5416539311408997,
      "direction": [
        -0.23781868815422058,
        -0.9713095426559448
      ]
    },
    {
      "coordinates": [
        159,
        136
      ],
      "magnitude": 0.36066630482673645,
      "direction": [
        0.12914146482944489,
        -0.9916262030601501
      ]
    },
    {
      "coordinates": [
        182,
        136
      ],
      "magnitude": 0.15953360497951508,
      "direction": [
        0.4964224100112915,
        -0.8680810332298279
      ]
    },
    {
      "coordinates": [
        205,
        136
      ],
      "magnitude": 0.31943172216415405,
      "direction": [
        0.6549054384231567,
        -0.7557108402252197
      ]
    },
    {
      "coordinates": [
        227,
        136
      ],
      "magnitude": 0.4710031747817993,
      "direction": [
        0.6411198377609253,
        -0.7674407362937927
      ]
    },
    {
      "coordinates": [
        250,
        136
      ],
      "magnitude": 0.7534806728363037,
      "direction": [
        0.5377292037010193,
        -0.8431176543235779
      ]
    },
    {
      "coordinates": [
        273,
        136
      ],
      "magnitude": 0.8366954922676086,
      "direction": [
        0.6849683523178101,
        -0.7285728454589844
      ]
    },
    {
      "coordinates": [
        296,
        136
      ],
      "magnitude": 1.0278939008712769,
      "direction": [
        0.8884592056274414,
        -0.45895543694496155
      ]
    },
    {
      "coordinates": [
        319,
        136
      ],
      "magnitude": 0.5069261789321899,
      "direction": [
        0.9998897314071655,
        -0.014848502352833748
      ]
    },
    {
      "coordinates": [
        0,
        153
      ],
      "magnitude": 0.6277223229408264,
      "direction": [
        -0.9844024181365967,
        0.1759311705827713
      ]
    },
    {
      "coordinates": [
        22,
        153
      ],
      "magnitude": 0.6578894257545471,
      "direction": [
        -0.946980893611908,
        -0.3212897479534149
      ]
    },
    {
      "coordinates": [
        45,
        153
      ],
      "magnitude": 0.5836114883422852,
      "direction": [
        -0.96835857629776,
        -0.2495627999305725
      ]
    },
    {
      "coordinates": [
        68,
        153
      ],
      "magnitude": 0.670403242111206,
      "direction": [
        -0.6267359852790833,
        -0.7792316675186157
      ]
    },
    {
      "coordinates": [
        91,
        153
      ],
      "magnitude": 0.6660879850387573,
      "direction": [
        -0.6695626378059387,
        -0.7427555918693542
      ]
    },
    {
      "coordinates": [
        113,
        153
      ],
      "magnitude": 0.37737369537353516,
      "direction": [
        -0.7143850922584534,
        -0.6997528076171875
      ]
    },
    {
      "coordinates": [
        136,
        153
      ],
      "magnitude": 0.2679327428340912,
      "direction": [
        -0.1738336682319641,
        -0.9847750663757324
      ]
    },
    {
      "coordinates": [
        159,
        153
      ],
      "magnitude": 0.1338135004043579,
      "direction": [
        0.9944732189178467,
        -0.10499004274606705
      ]
    },
    {
      "coordinates": [
        182,
        153
      ],
      "magnitude": 0.11185954511165619,
      "direction": [
        0.6439751386642456,
        -0.7650464177131653
      ]
    },
    {
      "coordinates": [
        205,
        153
      ],
      "magnitude": 0.19335715472698212,
      "direction": [
        0.386015385389328,
        -0.9224923849105835
      ]
    },
    {
      "coordinates": [
        227,
        153
      ],
      "magnitude": 0.39864954352378845,
      "direction": [
        0.9092954993247986,
        -0.4161510765552521
      ]
    },
    {
      "coordinates": [
        250,
        153
      ],
      "magnitude": 0.5262430906295776,
      "direction": [
        0.9492497444152832,
        -0.3145233988761902
      ]
    },
    {
      "coordinates": [
        273,
        153
      ],
      "magnitude": 0.7508280277252197,
      "direction": [
        0.939899206161499,
        -0.34145215153694153
      ]
    },
    {
      "coordinates": [
        296,
        153
      ],
      "magnitude": 1.0568029880523682,
      "direction": [
        0.9801790118217468,
        -0.19811375439167023
      ]
    },
    {
      "coordinates": [
        319,
        153
      ],
      "magnitude": 0.7935377359390259,
      "direction": [
        0.9911003708839417,
        -0.1331167072057724
      ]
    },
    {
      "coordinates": [
        0,
        170
      ],
      "magnitude": 0.6711083054542542,
      "direction": [
        -0.9960975646972656,
        0.08825942128896713
      ]
    },
    {
      "coordinates": [
        22,
        170
      ],
      "magnitude": 0.594795286655426,
      "direction": [
        -0.9984506368637085,
        -0.05564550682902336
      ]
    },
    {
      "coordinates": [
        45,
        170
      ],
      "magnitude": 0.357200026512146,
      "direction": [
        -0.7272045612335205,
        -0.686420738697052
      ]
    },
    {
      "coordinates": [
        68,
        170
      ],
      "magnitude": 0.573670506477356,
      "direction": [
        -0.7368622422218323,
        -0.6760430335998535
      ]
    },
    {
      "coordinates": [
        91,
        170
      ],
      "magnitude": 0.6601896286010742,
      "direction": [
        -0.9584285020828247,
        -0.28533291816711426
      ]
    },
    {
      "coordinates": [
        113,
        170
      ],
      "magnitude": 0.3835469186306,
      "direction": [
        -0.9655556082725525,
        0.2601968050003052
      ]
    },
    {
      "coordinates": [
        136,
        170
      ],
      "magnitude": 0.2873859405517578,
      "direction": [
        -0.6811819076538086,
        -0.7321142554283142
      ]
    },
    {
      "coordinates": [
        159,
        170
      ],
      "magnitude": 0.28535449504852295,
      "direction": [
        -0.9203429222106934,
        -0.3911122679710388
      ]
    },
    {
      "coordinates": [
        182,
        170
      ],
      "magnitude": 0.209905743598938,
      "direction": [
        0.9761391282081604,
        0.217146098613739
      ]
    },
    {
      "coordinates": [
        205,
        170
      ],
      "magnitude": 0.29306671023368835,
      "direction": [
        0.8489783406257629,
        -0.5284276604652405
      ]
    },
    {
      "coordinates": [
        227,
        170
      ],
      "magnitude": 0.4376627504825592,
      "direction": [
        0.9877834916114807,
        -0.15583239495754242
      ]
    },
    {
      "coordinates": [
        250,
        170
      ],
      "magnitude": 0.5477102398872375,
      "direction": [
        0.938279390335083,
        -0.3458782732486725
      ]
    },
    {
      "coordinates": [
        273,
        170
      ],
      "magnitude": 0.5857646465301514,
      "direction": [
        0.9983183145523071,
        0.05797029286623001
      ]
    },
    {
      "coordinates": [
        296,
        170
      ],
      "magnitude": 0.9387843012809753,
      "direction": [
        0.98823082447052,
        -0.15297020971775055
      ]
    },
    {
      "coordinates": [
        319,
        170
      ],
      "magnitude": 1.0574713945388794,
      "direction": [
        0.9791748523712158,
        -0.20301884412765503
      ]
    },
    {
      "coordinates": [
        0,
        187
      ],
      "magnitude": 0.7814123034477234,
      "direction": [
        -0.9834114909172058,
        -0.1813887655735016
      ]
    },
    {
      "coordinates": [
        22,
        187
      ],
      "magnitude": 0.8333253860473633,
      "direction": [
        -0.96095210313797,
        0.27671483159065247
      ]
    },
    {
      "coordinates": [
        45,
        187
      ],
      "magnitude": 0.45021817088127136,
      "direction": [
        -0.9754592180252075,
        -0.22018006443977356
      ]
    },
    {
      "coordinates": [
        68,
        187
      ],
      "magnitude": 0.6213696002960205,
      "direction": [
        -0.9798243641853333,
        -0.1998603343963623
      ]
    },
    {
      "coordinates": [
        91,
        187
      ],
      "magnitude": 0.6483904123306274,
      "direction": [
        -0.9773749113082886,
        -0.21151427924633026
      ]
    },
    {
      "coordinates": [
        113,
        187
      ],
      "magnitude": 0.3452233672142029,
      "direction": [
        -0.9976494908332825,
        0.06852366030216217
      ]
    },
    {
      "coordinates": [
        136,
        187
      ],
      "magnitude": 0.1588403433561325,
      "direction": [
        -0.9797133803367615,
        -0.20040400326251984
      ]
    },
    {
      "coordinates": [
        159,
        187
      ],
      "magnitude": 0.118323914706707,
      "direction": [
        -0.9718036651611328,
        -0.23579151928424835
      ]
    },
    {
      "coordinates": [
        182,
        187
      ],
      "magnitude": 0.167495995759964,
      "direction": [
        0.43376466631889343,
        -0.90102618932724
      ]
    },
    {
      "coordinates": [
        205,
        187
      ],
      "magnitude": 0.485868901014328,
      "direction": [
        0.6989315152168274,
        -0.7151886224746704
      ]
    },
    {
      "coordinates": [
        227,
        187
      ],
      "magnitude": 0.38594409823417664,
      "direction": [
        0.9915447235107422,
        -0.1297655999660492
      ]
    },
    {
      "coordinates": [
        250,
        187
      ],
      "magnitude": 0.33242708444595337,
      "direction": [
        0.8026666045188904,
        -0.5964279174804688
      ]
    },
    {
      "coordinates": [
        273,
        187
      ],
      "magnitude": 0.6726346611976624,
      "direction": [
        0.9693792462348938,
        0.24556849896907806
      ]
    },
    {
      "coordinates": [
        296,
        187
      ],
      "magnitude": 0.4078389108181,
      "direction": [
        0.9608926177024841,
        -0.2769213318824768
      ]
    },
    {
      "coordinates": [
        319,
        187
      ],
      "magnitude": 0.8406439423561096,
      "direction": [
        0.9890649914741516,
        -0.14748062193393707
      ]
    },
    {
      "coordinates": [
        0,
        204
      ],
      "magnitude": 0.9577474594116211,
      "direction": [
        -0.9987911581993103,
        -0.049154944717884064
      ]
    },
    {
      "coordinates": [
        22,
        204
      ],
      "magnitude": 0.6124959588050842,
      "direction": [
        -0.9625374674797058,
        0.27114853262901306
      ]
    },
    {
      "coordinates": [
        45,
        204
      ],
      "magnitude": 0.5258200168609619,
      "direction": [
        -0.9704037308692932,
        -0.24148809909820557
      ]
    },
    {
      "coordinates": [
        68,
        204
      ],
      "magnitude": 0.6183083057403564,
      "direction": [
        -0.9249942898750305,
        -0.37998098134994507
      ]
    },
    {
      "coordinates": [
        91,
        204
      ],
      "magnitude": 0.3804533779621124,
      "direction": [
        -0.9740918278694153,
        -0.22615310549736023
      ]
    },
    {
      "coordinates": [
        113,
        204
      ],
      "magnitude": 0.4938236474990845,
      "direction": [
        -0.9541825652122498,
        0.29922521114349365
      ]
    },
    {
      "coordinates": [
        136,
        204
      ],
      "magnitude": 0.27767014503479004,
      "direction": [
        -0.9908095598220825,
        -0.1352643519639969
      ]
    },
    {
      "coordinates": [
        159,
        204
      ],
      "magnitude": 0.060356318950653076,
      "direction": [
        0.5426394939422607,
        -0.8399656414985657
      ]
    },
    {
      "coordinates": [
        182,
        204
      ],
      "magnitude": 0.19102543592453003,
      "direction": [
        0.954814612865448,
        0.2972019910812378
      ]
    },
    {
      "coordinates": [
        205,
        204
      ],
      "magnitude": 0.4334285259246826,
      "direction": [
        0.9901121258735657,
        0.14027813076972961
      ]
    },
    {
      "coordinates": [
        227,
        204
      ],
      "magnitude": 0.3685761094093323,
      "direction": [
        0.996658444404602,
        0.08168139308691025
      ]
    },
    {
      "coordinates": [
        250,
        204
      ],
      "magnitude": 0.3780122399330139,
      "direction": [
        0.9311614036560059,
        0.36460739374160767
      ]
    },
    {
      "coordinates": [
        273,
        204
      ],
      "magnitude": 0.4220913350582123,
      "direction": [
        0.8665712475776672,
        0.49905335903167725
      ]
    },
    {
      "coordinates": [
        296,
        204
      ],
      "magnitude": 0.03418963402509689,
      "direction": [
        -0.6786483526229858,
        0.7344633936882019
      ]
    },
    {
      "coordinates": [
        319,
        204
      ],
      "magnitude": 0.520972728729248,
      "direction": [
        0.9566215872764587,
        -0.29133340716362
      ]
    },
    {
      "coordinates": [
        0,
        221
      ],
      "magnitude": 0.6206369996070862,
      "direction": [
        -0.9764171242713928,
        -0.2158922702074051
      ]
    },
    {
      "coordinates": [
        22,
        221
      ],
      "magnitude": 0.5218217372894287,
      "direction": [
        -0.9748245477676392,
        0.22297325730323792
      ]
    },
    {
      "coordinates": [
        45,
        221
      ],
      "magnitude": 0.4421198070049286,
      "direction": [
        -0.9753467440605164,
        0.22067797183990479
      ]
    },
    {
      "coordinates": [
        68,
        221
      ],
      "magnitude": 0.38988733291625977,
      "direction": [
        -0.9139742255210876,
        -0.4057721495628357
      ]
    },
    {
      "coordinates": [
        91,
        221
      ],
      "magnitude": 0.38502800464630127,
      "direction": [
        -0.9997588396072388,
        0.021963275969028473
      ]
    },
    {
      "coordinates": [
        113,
        221
      ],
      "magnitude": 0.551934003829956,
      "direction": [
        -0.897108256816864,
        0.44181084632873535
      ]
    },
    {
      "coordinates": [
        136,
        221
      ],
      "magnitude": 0.2510939836502075,
      "direction": [
        -0.7982069849967957,
        0.6023832559585571
      ]
    },
    {
      "coordinates": [
        159,
        221
      ],
      "magnitude": 0.2135516107082367,
      "direction": [
        -0.18592004477977753,
        0.9825648069381714
      ]
    },
    {
      "coordinates": [
        182,
        221
      ],
      "magnitude": 0.3054257929325104,
      "direction": [
        0.9855223298072815,
        -0.16954609751701355
      ]
    },
    {
      "coordinates": [
        205,
        221
      ],
      "magnitude": 0.23913568258285522,
      "direction": [
        0.996501624584198,
        0.08357314765453339
      ]
    },
    {
      "coordinates": [
        227,
        221
      ],
      "magnitude": 0.36760902404785156,
      "direction": [
        0.8714481592178345,
        0.4904876947402954
      ]
    },
    {
      "coordinates": [
        250,
        221
      ],
      "magnitude": 0.24708274006843567,
      "direction": [
        0.8491297960281372,
        0.5281842350959778
      ]
    },
    {
      "coordinates": [
        273,
        221
      ],
      "magnitude": 0.6441211104393005,
      "direction": [
        0.8502064347267151,
        0.5264495015144348
      ]
    },
    {
      "coordinates": [
        296,
        221
      ],
      "magnitude": 0.4525567591190338,
      "direction": [
        0.8939463496208191,
        -0.44817402958869934
      ]
    },
    {
      "coordinates": [
        319,
        221
      ],
      "magnitude": 0.7565473318099976,
      "direction": [
        0.9999993443489075,
        0.0011126600438728929
      ]
    },
    {
      "coordinates": [
        0,
        239
      ],
      "magnitude": 0.7047675848007202,
      "direction": [
        -0.7212502956390381,
        0.692674458026886
      ]
    },
    {
      "coordinates": [
        22,
        239
      ],
      "magnitude": 0.6139042377471924,
      "direction": [
        -0.9545028209686279,
        0.2982017695903778
      ]
    },
    {
      "coordinates": [
        45,
        239
      ],
      "magnitude": 0.4281712472438812,
      "direction": [
        -0.7084706425666809,
        0.7057402729988098
      ]
    },
    {
      "coordinates": [
        68,
        239
      ],
      "magnitude": 0.42926284670829773,
      "direction": [
        -0.48959881067276,
        0.8719478249549866
      ]
    },
    {
      "coordinates": [
        91,
        239
      ],
      "magnitude": 0.37640300393104553,
      "direction": [
        -0.8864603042602539,
        0.4628045856952667
      ]
    },
    {
      "coordinates": [
        113,
        239
      ],
      "magnitude": 0.1802755445241928,
      "direction": [
        0.11144056171178818,
        0.9937710762023926
      ]
    },
    {
      "coordinates": [
        136,
        239
      ],
      "magnitude": 0.2521328628063202,
      "direction": [
        -0.37794414162635803,
        0.9258283972740173
      ]
    },
    {
      "coordinates": [
        159,
        239
      ],
      "magnitude": 0.032298553735017776,
      "direction": [
        0.45842963457107544,
        0.8887307643890381
      ]
    },
    {
      "coordinates": [
        182,
        239
      ],
      "magnitude": 0.4604967534542084,
      "direction": [
        0.7799339294433594,
        -0.6258618831634521
      ]
    },
    {
      "coordinates": [
        205,
        239
      ],
      "magnitude": 0.3319641947746277,
      "direction": [
        0.01967051811516285,
        -0.9998065233230591
      ]
    },
    {
      "coordinates": [
        227,
        239
      ],
      "magnitude": 0.30213800072669983,
      "direction": [
        0.9912945032119751,
        0.13166290521621704
      ]
    },
    {
      "coordinates": [
        250,
        239
      ],
      "magnitude": 0.3083382844924927,
      "direction": [
        0.8954831957817078,
        0.44509533047676086
      ]
    },
    {
      "coordinates": [
        273,
        239
      ],
      "magnitude": 0.9629476070404053,
      "direction": [
        0.8462039828300476,
        0.5328591465950012
      ]
    },
    {
      "coordinates": [
        296,
        239
      ],
      "magnitude": 0.762473464012146,
      "direction": [
        0.9729925394058228,
        0.23083625733852386
      ]
    },
    {
      "coordinates": [
        319,
        239
      ],
      "magnitude": 0.9325100183486938,
      "direction": [
        0.9998055100440979,
        -0.019720498472452164
      ]
    }
  ],
  "shear_mesh": [
    {
      "coordinates": [
        0,
        0
      ],
      "magnitude": 0.4543258547782898,
      "direction": [
        0.05184795334935188,
        -0.9986550211906433
      ]
    },
    {
      "coordinates": [
        22,
        0
      ],
      "magnitude": 0.3336997628211975,
      "direction": [
        -0.5110003352165222,
        -0.8595805168151855
      ]
    },
    {
      "coordinates": [
        45,
        0
      ],
      "magnitude": 0.47460296750068665,
      "direction": [
        0.6451420783996582,
        -0.7640625834465027
      ]
    },
    {
      "coordinates": [
        68,
        0
      ],
      "magnitude": 0.49487802386283875,
      "direction": [
        0.1230921670794487,
        -0.9923952221870422
      ]
    },
    {
      "coordinates": [
        91,
        0
      ],
      "magnitude": 0.35491815209388733,
      "direction": [
        -0.45644211769104004,
        -0.8897531032562256
      ]
    },
    {
      "coordinates": [
        113,
        0
      ],
      "magnitude": 0.35947683453559875,
      "direction": [
        -0.4008067548274994,
        -0.9161626100540161
      ]
    },
    {
      "coordinates": [
        136,
        0
      ],
      "magnitude": 0.23600471019744873,
      "direction": [
        -0.05393990874290466,
        -0.9985442161560059
      ]
    },
    {
      "coordinates": [
        159,
        0
      ],
      "magnitude": 0.10302150249481201,
      "direction": [
        0.952904224395752,
        -0.3032715320587158
      ]
    },
    {
      "coordinates": [
        182,
        0
      ],
      "magnitude": 0.32040777802467346,
      "direction": [
        0.4109991192817688,
        -0.9116357564926147
      ]
    },
    {
      "coordinates": [
        205,
        0
      ],
      "magnitude": 0.240330308675766,
      "direction": [
        0.6308653354644775,
        -0.7758923768997192
      ]
    },
    {
      "coordinates": [
        227,
        0
      ],
      "magnitude": 0.6561269164085388,
      "direction": [
        -0.027303434908390045,
        -0.9996271729469299
      ]
    },
    {
      "coordinates": [
        250,
        0
      ],
      "magnitude": 0.4088411033153534,
      "direction": [
        0.5380127429962158,
        -0.8429366946220398
      ]
    },
    {
      "coordinates": [
        273,
        0
      ],
      "magnitude": 0.28699392080307007,
      "direction": [
        0.8331542611122131,
        -0.553040623664856
      ]
    },
    {
      "coordinates": [
        296,
        0
      ],
      "magnitude": 0.4106139838695526,
      "direction": [
        0.3831215500831604,
        -0.9236980080604553
      ]
    },
    {
      "coordinates": [
        319,
        0
      ],
      "magnitude": 0.6879642605781555,
      "direction": [
        0.18612509965896606,
        -0.9825261235237122
      ]
    },
    {
      "coordinates": [
        0,
        17
      ],
      "magnitude": 0.22635850310325623,
      "direction": [
        -0.06154891848564148,
        -0.9981040954589844
      ]
    },
    {
      "coordinates": [
        22,
        17
      ],
      "magnitude": 0.4668278992176056,
      "direction": [
        -0.0812465026974678,
        -0.996694028377533
      ]
    },
    {
      "coordinates": [
        45,
        17
      ],
      "magnitude": 0.4630032181739807,
      "direction": [
        -0.11268287897109985,
        -0.9936309456825256
      ]
    },
    {
      "coordinates": [
        68,
        17
      ],
      "magnitude": 0.29656532406806946,
      "direction": [
        -0.607349157333374,
        -0.7944350242614746
      ]
    },
    {
      "coordinates": [
        91,
        17
      ],
      "magnitude": 0.3851338028907776,
      "direction": [
        -0.7532469630241394,
        -0.6577377319335938
      ]
    },
    {
      "coordinates": [
        113,
        17
      ],
      "magnitude": 0.5316663384437561,
      "direction": [
        -0.7042514681816101,
        -0.7099506258964539
      ]
    },
    {
      "coordinates": [
        136,
        17
      ],
      "magnitude": 0.3927364647388458,
      "direction": [
        -0.3385775089263916,
        -0.9409385323524475
      ]
    },
    {
      "coordinates": [
        159,
        17
      ],
      "magnitude": 0.06008994206786156,
      "direction": [
        0.8636244535446167,
        -0.5041356682777405
      ]
    },
    {
      "coordinates": [
        182,
        17
      ],
      "magnitude": 0.42130228877067566,
      "direction": [
        0.29328036308288574,
        -0.9560264945030212
      ]
    },
    {
      "coordinates": [
        205,
        17
      ],
      "magnitude": 0.21624793112277985,
      "direction": [
        0.8288536667823792,
        -0.5594654083251953
      ]
    },
    {
      "coordinates": [
        227,
        17
      ],
      "magnitude": 0.5940344333648682,
      "direction": [
        0.22906407713890076,
        -0.9734113216400146
      ]
    },
    {
      "coordinates": [
        250,
        17
      ],
      "magnitude": 0.507739782333374,
      "direction": [
        0.1406242847442627,
        -0.9900630116462708
      ]
    },
    {
      "coordinates": [
        273,
        17
      ],
      "magnitude": 0.3247394859790802,
      "direction": [
        0.7896952629089355,
        -0.6134993433952332
      ]
    },
    {
      "coordinates": [
        296,
        17
      ],
      "magnitude": 0.42738059163093567,
      "direction": [
        0.5709905624389648,
        -0.8209565877914429
      ]
    },
    {
      "coordinates": [
        319,
        17
      ],
      "magnitude": 0.5527109503746033,
      "direction": [
        0.14786511659622192,
        -0.9890075922012329
      ]
    },
    {
      "coordinates": [
        0,
        34
      ],
      "magnitude": 0.2605147063732147,
      "direction": [
        0.6736855506896973,
        -0.7390180230140686
      ]
    },
    {
      "coordinates": [
        22,
        34
      ],
      "magnitude": 0.3963778614997864,
      "direction": [
        -0.3624441623687744,
        -0.9320054650306702
      ]
    },
    {
      "coordinates": [
        45,
        34
      ],
      "magnitude": 0.4724208414554596,
      "direction": [
        -0.6076812744140625,
        -0.7941809892654419
      ]
    },
    {
      "coordinates": [
        68,
        34
      ],
      "magnitude": 0.434237003326416,
      "direction": [
        -0.9263333082199097,
        -0.3767048716545105
      ]
    },
    {
      "coordinates": [
        91,
        34
      ],
      "magnitude": 0.41061413288116455,
      "direction": [
        -0.6406126022338867,
        -0.7678642272949219
      ]
    },
    {
      "coordinates": [
        113,
        34
      ],
      "magnitude": 0.462903767824173,
      "direction": [
        -0.23302656412124634,
        -0.9724704027175903
      ]
    },
    {
      "coordinates": [
        136,
        34
      ],
      "magnitude": 0.45578721165657043,
      "direction": [
        -0.5356281995773315,
        -0.8444539308547974
      ]
    },
    {
      "coordinates": [
        159,
        34
      ],
      "magnitude": 0.3125469982624054,
      "direction": [
        -0.5754202604293823,
        -0.8178578615188599
      ]
    },
    {
      "coordinates": [
        182,
        34
      ],
      "magnitude": 0.3320413827896118,
      "direction": [
        0.021435482427477837,
        -0.9997702240943909
      ]
    },
    {
      "coordinates": [
        205,
        34
      ],
      "magnitude": 0.34118759632110596,
      "direction": [
        0.26472997665405273,
        -0.964322566986084
      ]
    },
    {
      "coordinates": [
        227,
        34
      ],
      "magnitude": 0.4480823278427124,
      "direction": [
        0.27426785230636597,
        -0.9616534113883972
      ]
    },
    {
      "coordinates": [
        250,
        34
      ],
      "magnitude": 0.5484853982925415,
      "direction": [
        0.2723134756088257,
        -0.9622085690498352
      ]
    },
    {
      "coordinates": [
        273,
        34
      ],
      "magnitude": 0.44002828001976013,
      "direction": [
        0.46016302704811096,
        -0.8878344297409058
      ]
    },
    {
      "coordinates": [
        296,
        34
      ],
      "magnitude": 0.438138484954834,
      "direction": [
        0.5942412614822388,
        -0.8042868971824646
      ]
    },
    {
      "coordinates": [
        319,
        34
      ],
      "magnitude": 0.2748139202594757,
      "direction": [
        0.1457449048757553,
        -0.9893221259117126
      ]
    },
    {
      "coordinates": [
        0,
        51
      ],
      "magnitude": 0.44930264353752136,
      "direction": [
        -0.9869152903556824,
        -0.16123926639556885
      ]
    },
    {
      "coordinates": [
        22,
        51
      ],
      "magnitude": 0.3598978817462921,
      "direction": [
        -0.9371812343597412,
        -0.34884291887283325
      ]
    },
    {
      "coordinates": [
        45,
        51
      ],
      "magnitude": 0.6239867806434631,
      "direction": [
        -0.7144725918769836,
        -0.6996634602546692
      ]
    },
    {
      "coordinates": [
        68,
        51
      ],
      "magnitude": 0.23883622884750366,
      "direction": [
        -0.46692031621932983,
        -0.8842993378639221
      ]
    },
    {
      "coordinates": [
        91,
        51
      ],
      "magnitude": 0.3710692524909973,
      "direction": [
        0.07596948742866516,
        -0.99711012840271
      ]
    },
    {
      "coordinates": [
        113,
        51
      ],
      "magnitude": 0.3474207818508148,
      "direction": [
        0.25037744641304016,
        -0.9681483507156372
      ]
    },
    {
      "coordinates": [
        136,
        51
      ],
      "magnitude": 0.2729995548725128,
      "direction": [
        -0.13165387511253357,
        -0.9912957549095154
      ]
    },
    {
      "coordinates": [
        159,
        51
      ],
      "magnitude": 0.23331132531166077,
      "direction": [
        -0.41589587926864624,
        -0.9094122648239136
      ]
    },
    {
      "coordinates": [
        182,
        51
      ],
      "magnitude": 0.5766957998275757,
      "direction": [
        -0.17944151163101196,
        -0.9837686419487
      ]
    },
    {
      "coordinates": [
        205,
        51
      ],
      "magnitude": 0.3479349911212921,
      "direction": [
        0.12387240678071976,
        -0.9922981858253479
      ]
    },
    {
      "coordinates": [
        227,
        51
      ],
      "magnitude": 0.4770742952823639,
      "direction": [
        0.260860800743103,
        -0.9653763771057129
      ]
    },
    {
      "coordinates": [
        250,
        51
      ],
      "magnitude": 0.4620647728443146,
      "direction": [
        0.1290397197008133,
        -0.9916394352912903
      ]
    },
    {
      "coordinates": [
        273,
        51
      ],
      "magnitude": 0.3781089782714844,
      "direction": [
        -0.16192764043807983,
        -0.9868026375770569
      ]
    },
    {
      "coordinates": [
        296,
        51
      ],
      "magnitude": 0.34646737575531006,
      "direction": [
        0.27208778262138367,
        -0.9622724652290344
      ]
    },
    {
      "coordinates": [
        319,
        51
      ],
      "magnitude": 0.10112887620925903,
      "direction": [
        0.12553401291370392,
        -0.9920893311500549
      ]
    },
    {
      "coordinates": [
        0,
        68
      ],
      "magnitude": 0.3689168691635132,
      "direction": [
        -0.9390138387680054,
        -0.34387919306755066
      ]
    },
    {
      "coordinates": [
        22,
        68
      ],
      "magnitude": 0.36460748314857483,
      "direction": [
        -0.9148092269897461,
        -0.40388625860214233
      ]
    },
    {
      "coordinates": [
        45,
        68
      ],
      "magnitude": 0.5230182409286499,
      "direction": [
        -0.3802787959575653,
        -0.9248719215393066
      ]
    },
    {
      "coordinates": [
        68,
        68
      ],
      "magnitude": 0.5272610783576965,
      "direction": [
        -0.2047470360994339,
        -0.9788148999214172
      ]
    },
    {
      "coordinates": [
        91,
        68
      ],
      "magnitude": 0.45163142681121826,
      "direction": [
        -0.32895252108573914,
        -0.9443464279174805
      ]
    },
    {
      "coordinates": [
        113,
        68
      ],
      "magnitude": 0.3540812134742737,
      "direction": [
        -0.2658333480358124,
        -0.9640190005302429
      ]
    },
    {
      "coordinates": [
        136,
        68
      ],
      "magnitude": 0.3315098285675049,
      "direction": [
        -0.30251675844192505,
        -0.9531440734863281
      ]
    },
    {
      "coordinates": [
        159,
        68
      ],
      "magnitude": 0.16527733206748962,
      "direction": [
        -0.36100345849990845,
        -0.9325644969940186
      ]
    },
    {
      "coordinates": [
        182,
        68
      ],
      "magnitude": 0.6896648406982422,
      "direction": [
        -0.20349135994911194,
        -0.9790767431259155
      ]
    },
    {
      "coordinates": [
        205,
        68
      ],
      "magnitude": 0.4246969521045685,
      "direction": [
        -0.17244847118854523,
        -0.9850185513496399
      ]
    },
    {
      "coordinates": [
        227,
        68
      ],
      "magnitude": 0.46684715151786804,
      "direction": [
        -0.17478270828723907,
        -0.9846071004867554
      ]
    },
    {
      "coordinates": [
        250,
        68
      ],
      "magnitude": 0.42856597900390625,
      "direction": [
        -0.3937327265739441,
        -0.9192249774932861
      ]
    },
    {
      "coordinates": [
        273,
        68
      ],
      "magnitude": 0.39028891921043396,
      "direction": [
        -0.07153152674436569,
        -0.997438371181488
      ]
    },
    {
      "coordinates": [
        296,
        68
      ],
      "magnitude": 0.3707869350910187,
      "direction": [
        -0.2054738998413086,
        -0.9786626100540161
      ]
    },
    {
      "coordinates": [
        319,
        68
      ],
      "magnitude": 0.299086332321167,
      "direction": [
        0.6258112192153931,
        -0.7799745798110962
      ]
    },
    {
      "coordinates": [
        0,
        85
      ],
      "magnitude": 0.18873196840286255,
      "direction": [
        -0.37533479928970337,
        -0.9268893003463745
      ]
    },
    {
      "coordinates": [
        22,
        85
      ],
      "magnitude": 0.3225891888141632,
      "direction": [
        -0.8432325124740601,
        -0.5375490188598633
      ]
    },
    {
      "coordinates": [
        45,
        85
      ],
      "magnitude": 0.5722216367721558,
      "direction": [
        -0.4965111315250397,
        -0.868030309677124
      ]
    },
    {
      "coordinates": [
        68,
        85
      ],
      "magnitude": 0.6161240935325623,
      "direction": [
        -0.3767809569835663,
        -0.9263023734092712
      ]
    },
    {
      "coordinates": [
        91,
        85
      ],
      "magnitude": 0.5602802634239197,
      "direction": [
        -0.5021504163742065,
        -0.8647803068161011
      ]
    },
    {
      "coordinates": [
        113,
        85
      ],
      "magnitude": 0.43889057636260986,
      "direction": [
        -0.21517466008663177,
        -0.9765755534172058
      ]
    },
    {
      "coordinates": [
        136,
        85
      ],
      "magnitude": 0.2527908980846405,
      "direction": [
        0.11144737154245377,
        -0.9937704205513
      ]
    },
    {
      "coordinates": [
        159,
        85
      ],
      "magnitude": 0.2705433964729309,
      "direction": [
        0.2626136541366577,
        -0.9649011492729187
      ]
    },
    {
      "coordinates": [
        182,
        85
      ],
      "magnitude": 0.47504448890686035,
      "direction": [
        -0.12569411098957062,
        -0.9920690059661865
      ]
    },
    {
      "coordinates": [
        205,
        85
      ],
      "magnitude": 0.5407915115356445,
      "direction": [
        -0.3135940730571747,
        -0.9495571255683899
      ]
    },
    {
      "coordinates": [
        227,
        85
      ],
      "magnitude": 0.45314472913742065,
      "direction": [
        -0.07848754525184631,
        -0.9969151020050049
      ]
    },
    {
      "coordinates": [
        250,
        85
      ],
      "magnitude": 0.45222795009613037,
      "direction": [
        -0.09795819967985153,
        -0.9951905608177185
      ]
    },
    {
      "coordinates": [
        273,
        85
      ],
      "magnitude": 0.43016624450683594,
      "direction": [
        0.09572482109069824,
        -0.9954078793525696
      ]
    },
    {
      "coordinates": [
        296,
        85
      ],
      "magnitude": 0.43091872334480286,
      "direction": [
        0.16436371207237244,
        -0.9863998293876648
      ]
    },
    {
      "coordinates": [
        319,
        85
      ],
      "magnitude": 0.43890440464019775,
      "direction": [
        0.18348091840744019,
        -0.9830232262611389
      ]
    },
    {
      "coordinates": [
        0,
        102
      ],
      "magnitude": 0.4626767337322235,
      "direction": [
        -0.9051812887191772,
        -0.42502570152282715
      ]
    },
    {
      "coordinates": [
        22,
        102
      ],
      "magnitude": 0.2756812870502472,
      "direction": [
        -0.11815579980611801,
        -0.9929950833320618
      ]
    },
    {
      "coordinates": [
        45,
        102
      ],
      "magnitude": 0.3604012131690979,
      "direction": [
        0.08021839708089828,
        -0.9967772960662842
      ]
    },
    {
      "coordinates": [
        68,
        102
      ],
      "magnitude": 0.5179087519645691,
      "direction": [
        -0.4229319989681244,
        -0.9061614274978638
      ]
    },
    {
      "coordinates": [
        91,
        102
      ],
      "magnitude": 0.5668557286262512,
      "direction": [
        -0.3783523738384247,
        -0.9256616830825806
      ]
    },
    {
      "coordinates": [
        113,
        102
      ],
      "magnitude": 0.6035906076431274,
      "direction": [
        -0.23810774087905884,
        -0.9712387323379517
      ]
    },
    {
      "coordinates": [
        136,
        102
      ],
      "magnitude": 0.3425416946411133,
      "direction": [
        -0.5084910988807678,
        -0.8610672354698181
      ]
    },
    {
      "coordinates": [
        159,
        102
      ],
      "magnitude": 0.29487669467926025,
      "direction": [
        -0.4518352746963501,
        -0.8921014070510864
      ]
    },
    {
      "coordinates": [
        182,
        102
      ],
      "magnitude": 0.3692770302295685,
      "direction": [
        0.0032704141922295094,
        -0.999994695186615
      ]
    },
    {
      "coordinates": [
        205,
        102
      ],
      "magnitude": 0.4515115022659302,
      "direction": [
        -0.08094434440135956,
        -0.9967185854911804
      ]
    },
    {
      "coordinates": [
        227,
        102
      ],
      "magnitude": 0.4381699562072754,
      "direction": [
        -0.5587701797485352,
        -0.8293225169181824
      ]
    },
    {
      "coordinates": [
        250,
        102
      ],
      "magnitude": 0.4791835844516754,
      "direction": [
        -0.29623112082481384,
        -0.9551162719726562
      ]
    },
    {
      "coordinates": [
        273,
        102
      ],
      "magnitude": 0.4452691674232483,
      "direction": [
        -0.06092659756541252,
        -0.9981422424316406
      ]
    },
    {
      "coordinates": [
        296,
        102
      ],
      "magnitude": 0.42403444647789,
      "direction": [
        -0.08189155161380768,
        -0.9966412782669067
      ]
    },
    {
      "coordinates": [
        319,
        102
      ],
      "magnitude": 0.34644395112991333,
      "direction": [
        0.07689101994037628,
        -0.9970394968986511
      ]
    },
    {
      "coordinates": [
        0,
        119
      ],
      "magnitude": 0.3774978220462799,
      "direction": [
        -0.8777716159820557,
        -0.4790791869163513
      ]
    },
    {
      "coordinates": [
        22,
        119
      ],
      "magnitude": 0.47900205850601196,
      "direction": [
        -0.30373233556747437,
        -0.9527574181556702
      ]
    },
    {
      "coordinates": [
        45,
        119
      ],
      "magnitude": 0.26480597257614136,
      "direction": [
        -0.46600866317749023,
        -0.8847801089286804
      ]
    },
    {
      "coordinates": [
        68,
        119
      ],
      "magnitude": 0.4872526228427887,
      "direction": [
        -0.3523435592651367,
        -0.9358707070350647
      ]
    },
    {
      "coordinates": [
        91,
        119
      ],
      "magnitude": 0.574896514415741,
      "direction": [
        -0.19241619110107422,
        -0.9813134074211121
      ]
    },
    {
      "coordinates": [
        113,
        119
      ],
      "magnitude": 0.5604889392852783,
      "direction": [
        -0.19439128041267395,
        -0.9809240102767944
      ]
    },
    {
      "coordinates": [
        136,
        119
      ],
      "magnitude": 0.38600996136665344,
      "direction": [
        0.2143687903881073,
        -0.9767528772354126
      ]
    },
    {
      "coordinates": [
        159,
        119
      ],
      "magnitude": 0.23792220652103424,
      "direction": [
        0.4273260831832886,
        -0.9040976166725159
      ]
    },
    {
      "coordinates": [
        182,
        119
      ],
      "magnitude": 0.4081309735774994,
      "direction": [
        0.2569985091686249,
        -0.966411828994751
      ]
    },
    {
      "coordinates": [
        205,
        119
      ],
      "magnitude": 0.34113502502441406,
      "direction": [
        -0.26264530420303345,
        -0.9648924469947815
      ]
    },
    {
      "coordinates": [
        227,
        119
      ],
      "magnitude": 0.443734347820282,
      "direction": [
        0.10290806740522385,
        -0.9946908950805664
      ]
    },
    {
      "coordinates": [
        250,
        119
      ],
      "magnitude": 0.5561678409576416,
      "direction": [
        -0.14811867475509644,
        -0.988969624042511
      ]
    },
    {
      "coordinates": [
        273,
        119
      ],
      "magnitude": 0.5173720121383667,
      "direction": [
        -0.07214843481779099,
        -0.9973939061164856
      ]
    },
    {
      "coordinates": [
        296,
        119
      ],
      "magnitude": 0.40556618571281433,
      "direction": [
        0.05968901142477989,
        -0.998216986656189
      ]
    },
    {
      "coordinates": [
        319,
        119
      ],
      "magnitude": 0.4308987557888031,
      "direction": [
        -0.12718559801578522,
        -0.9918789267539978
      ]
    },
    {
      "coordinates": [
        0,
        136
      ],
      "magnitude": 0.3666689991950989,
      "direction": [
        -0.525335967540741,
        -0.8508948087692261
      ]
    },
    {
      "coordinates": [
        22,
        136
      ],
      "magnitude": 0.5387213826179504,
      "direction": [
        -0.34960952401161194,
        -0.936895489692688
      ]
    },
    {
      "coordinates": [
        45,
        136
      ],
      "magnitude": 0.29531756043434143,
      "direction": [
        -0.485761433839798,
        -0.874091386795044
      ]
    },
    {
      "coordinates": [
        68,
        136
      ],
      "magnitude": 0.5015867352485657,
      "direction": [
        -0.07794950902462006,
        -0.9969573020935059
      ]
    },
    {
      "coordinates": [
        91,
        136
      ],
      "magnitude": 0.5173190832138062,
      "direction": [
        0.10834634304046631,
        -0.9941132664680481
      ]
    },
    {
      "coordinates": [
        113,
        136
      ],
      "magnitude": 0.5388650894165039,
      "direction": [
        -0.0003854195529129356,
        -0.9999998807907104
      ]
    },
    {
      "coordinates": [
        136,
        136
      ],
      "magnitude": 0.4254635274410248,
      "direction": [
        -0.11673583090305328,
        -0.9931630492210388
      ]
    },
    {
      "coordinates": [
        159,
        136
      ],
      "magnitude": 0.35651615262031555,
      "direction": [
        -0.053661808371543884,
        -0.9985591769218445
      ]
    },
    {
      "coordinates": [
        182,
        136
      ],
      "magnitude": 0.30051031708717346,
      "direction": [
        0.07266418635845184,
        -0.9973564743995667
      ]
    },
    {
      "coordinates": [
        205,
        136
      ],
      "magnitude": 0.3216438591480255,
      "direction": [
        0.2799307107925415,
        -0.9600201845169067
      ]
    },
    {
      "coordinates": [
        227,
        136
      ],
      "magnitude": 0.3891407251358032,
      "direction": [
        0.21978695690631866,
        -0.9755479097366333
      ]
    },
    {
      "coordinates": [
        250,
        136
      ],
      "magnitude": 0.5536384582519531,
      "direction": [
        0.21074727177619934,
        -0.9775406718254089
      ]
    },
    {
      "coordinates": [
        273,
        136
      ],
      "magnitude": 0.5059813857078552,
      "direction": [
        0.17002032697200775,
        -0.9854405522346497
      ]
    },
    {
      "coordinates": [
        296,
        136
      ],
      "magnitude": 0.40325671434402466,
      "direction": [
        0.3092038035392761,
        -0.9509958028793335
      ]
    },
    {
      "coordinates": [
        319,
        136
      ],
      "magnitude": 0.191277414560318,
      "direction": [
        -0.6963195204734802,
        -0.7177320122718811
      ]
    },
    {
      "coordinates": [
        0,
        153
      ],
      "magnitude": 0.35910677909851074,
      "direction": [
        -0.18326802551746368,
        -0.9830629825592041
      ]
    },
    {
      "coordinates": [
        22,
        153
      ],
      "magnitude": 0.4172227680683136,
      "direction": [
        -0.38745689392089844,
        -0.9218878149986267
      ]
    },
    {
      "coordinates": [
        45,
        153
      ],
      "magnitude": 0.4844902753829956,
      "direction": [
        -0.6948903203010559,
        -0.7191157341003418
      ]
    },
    {
      "coordinates": [
        68,
        153
      ],
      "magnitude": 0.6399375796318054,
      "direction": [
        -0.04391328990459442,
        -0.9990353584289551
      ]
    },
    {
      "coordinates": [
        91,
        153
      ],
      "magnitude": 0.507709264755249,
      "direction": [
        -0.06053583323955536,
        -0.9981659650802612
      ]
    },
    {
      "coordinates": [
        113,
        153
      ],
      "magnitude": 0.4827190935611725,
      "direction": [
        -0.13417325913906097,
        -0.9909578561782837
      ]
    },
    {
      "coordinates": [
        136,
        153
      ],
      "magnitude": 0.46294379234313965,
      "direction": [
        -0.19622808694839478,
        -0.9805582761764526
      ]
    },
    {
      "coordinates": [
        159,
        153
      ],
      "magnitude": 0.35036006569862366,
      "direction": [
        0.3084399998188019,
        -0.9512438178062439
      ]
    },
    {
      "coordinates": [
        182,
        153
      ],
      "magnitude": 0.3088110089302063,
      "direction": [
        0.033929601311683655,
        -0.9994242191314697
      ]
    },
    {
      "coordinates": [
        205,
        153
      ],
      "magnitude": 0.43026798963546753,
      "direction": [
        0.017585011199116707,
        -0.9998453855514526
      ]
    },
    {
      "coordinates": [
        227,
        153
      ],
      "magnitude": 0.4986521005630493,
      "direction": [
        0.34180116653442383,
        -0.9397722482681274
      ]
    },
    {
      "coordinates": [
        250,
        153
      ],
      "magnitude": 0.5195157527923584,
      "direction": [
        0.45801839232444763,
        -0.8889426589012146
      ]
    },
    {
      "coordinates": [
        273,
        153
      ],
      "magnitude": 0.5329466462135315,
      "direction": [
        0.49757319688796997,
        -0.8674219250679016
      ]
    },
    {
      "coordinates": [
        296,
        153
      ],
      "magnitude": 0.4048622250556946,
      "direction": [
        0.4842403829097748,
        -0.8749350309371948
      ]
    },
    {
      "coordinates": [
        319,
        153
      ],
      "magnitude": 0.23237189650535583,
      "direction": [
        0.9634784460067749,
        -0.26778578758239746
      ]
    },
    {
      "coordinates": [
        0,
        170
      ],
      "magnitude": 0.40751463174819946,
      "direction": [
        0.20760679244995117,
        -0.978212296962738
      ]
    },
    {
      "coordinates": [
        22,
        170
      ],
      "magnitude": 0.21992750465869904,
      "direction": [
        0.019530292600393295,
        -0.9998092651367188
      ]
    },
    {
      "coordinates": [
        45,
        170
      ],
      "magnitude": 0.45419803261756897,
      "direction": [
        -0.02866659313440323,
        -0.9995890259742737
      ]
    },
    {
      "coordinates": [
        68,
        170
      ],
      "magnitude": 0.683192789554596,
      "direction": [
        -0.06259556859731674,
        -0.9980390071868896
      ]
    },
    {
      "coordinates": [
        91,
        170
      ],
      "magnitude": 0.557448148727417,
      "direction": [
        -0.3623645007610321,
        -0.9320364594459534
      ]
    },
    {
      "coordinates": [
        113,
        170
      ],
      "magnitude": 0.3978331387042999,
      "direction": [
        -0.5822367072105408,
        -0.813019335269928
      ]
    },
    {
      "coordinates": [
        136,
        170
      ],
      "magnitude": 0.6401795148849487,
      "direction": [
        -0.44834065437316895,
        -0.8938627243041992
      ]
    },
    {
      "coordinates": [
        159,
        170
      ],
      "magnitude": 0.47207334637641907,
      "direction": [
        -0.629963755607605,
        -0.7766245603561401
      ]
    },
    {
      "coordinates": [
        182,
        170
      ],
      "magnitude": 0.36594158411026,
      "direction": [
        0.24035613238811493,
        -0.9706847667694092
      ]
    },
    {
      "coordinates": [
        205,
        170
      ],
      "magnitude": 0.6243619322776794,
      "direction": [
        0.16729088127613068,
        -0.9859075546264648
      ]
    },
    {
      "coordinates": [
        227,
        170
      ],
      "magnitude": 0.5227817296981812,
      "direction": [
        0.4005255103111267,
        -0.9162856340408325
      ]
    },
    {
      "coordinates": [
        250,
        170
      ],
      "magnitude": 0.6371333003044128,
      "direction": [
        0.45258599519729614,
        -0.891720712184906
      ]
    },
    {
      "coordinates": [
        273,
        170
      ],
      "magnitude": 0.4855392873287201,
      "direction": [
        0.433050274848938,
        -0.9013698101043701
      ]
    },
    {
      "coordinates": [
        296,
        170
      ],
      "magnitude": 0.5021398067474365,
      "direction": [
        0.6086908578872681,
        -0.7934073805809021
      ]
    },
    {
      "coordinates": [
        319,
        170
      ],
      "magnitude": 0.45370805263519287,
      "direction": [
        0.8597957491874695,
        -0.5106381177902222
      ]
    },
    {
      "coordinates": [
        0,
        187
      ],
      "magnitude": 0.38773664832115173,
      "direction": [
        -0.18222159147262573,
        -0.9832574725151062
      ]
    },
    {
      "coordinates": [
        22,
        187
      ],
      "magnitude": 0.30256882309913635,
      "direction": [
        -0.8665360808372498,
        -0.49911436438560486
      ]
    },
    {
      "coordinates": [
        45,
        187
      ],
      "magnitude": 0.5646166801452637,
      "direction": [
        -0.24320067465305328,
        -0.969976007938385
      ]
    },
    {
      "coordinates": [
        68,
        187
      ],
      "magnitude": 0.5674132108688354,
      "direction": [
        -0.4799381494522095,
        -0.877302348613739
      ]
    },
    {
      "coordinates": [
        91,
        187
      ],
      "magnitude": 0.6428318619728088,
      "direction": [
        -0.4099506437778473,
        -0.9121077060699463
      ]
    },
    {
      "coordinates": [
        113,
        187
      ],
      "magnitude": 0.3982617259025574,
      "direction": [
        -0.3703787326812744,
        -0.9288808703422546
      ]
    },
    {
      "coordinates": [
        136,
        187
      ],
      "magnitude": 0.5085484385490417,
      "direction": [
        -0.3593202829360962,
        -0.9332143664360046
      ]
    },
    {
      "coordinates": [
        159,
        187
      ],
      "magnitude": 0.49998044967651367,
      "direction": [
        -0.29235705733299255,
        -0.9563091993331909
      ]
    },
    {
      "coordinates": [
        182,
        187
      ],
      "magnitude": 0.5152584910392761,
      "direction": [
        -0.19123990833759308,
        -0.9815433025360107
      ]
    },
    {
      "coordinates": [
        205,
        187
      ],
      "magnitude": 0.6722070574760437,
      "direction": [
        0.2138296663761139,
        -0.9768709540367126
      ]
    },
    {
      "coordinates": [
        227,
        187
      ],
      "magnitude": 0.5640258193016052,
      "direction": [
        0.3021148145198822,
        -0.9532715678215027
      ]
    },
    {
      "coordinates": [
        250,
        187
      ],
      "magnitude": 0.5956853628158569,
      "direction": [
        0.20907890796661377,
        -0.9778988361358643
      ]
    },
    {
      "coordinates": [
        273,
        187
      ],
      "magnitude": 0.3687925636768341,
      "direction": [
        0.3803728520870209,
        -0.9248331785202026
      ]
    },
    {
      "coordinates": [
        296,
        187
      ],
      "magnitude": 0.4770429730415344,
      "direction": [
        0.05212516337633133,
        -0.9986405968666077
      ]
    },
    {
      "coordinates": [
        319,
        187
      ],
      "magnitude": 0.37065941095352173,
      "direction": [
        0.5065107941627502,
        -0.8622336983680725
      ]
    },
    {
      "coordinates": [
        0,
        204
      ],
      "magnitude": 0.5044759511947632,
      "direction": [
        -0.636614978313446,
        -0.7711817622184753
      ]
    },
    {
      "coordinates": [
        22,
        204
      ],
      "magnitude": 0.2617560625076294,
      "direction": [
        -0.4043229818344116,
        -0.9146162867546082
      ]
    },
    {
      "coordinates": [
        45,
        204
      ],
      "magnitude": 0.4298020601272583,
      "direction": [
        -0.5352771878242493,
        -0.8446764945983887
      ]
    },
    {
      "coordinates": [
        68,
        204
      ],
      "magnitude": 0.6169315576553345,
      "direction": [
        -0.3977620601654053,
        -0.9174886345863342
      ]
    },
    {
      "coordinates": [
        91,
        204
      ],
      "magnitude": 0.6329702138900757,
      "direction": [
        -0.187088742852211,
        -0.9823430180549622
      ]
    },
    {
      "coordinates": [
        113,
        204
      ],
      "magnitude": 0.5010702610015869,
      "direction": [
        -0.5559744238853455,
        -0.8311993479728699
      ]
    },
    {
      "coordinates": [
        136,
        204
      ],
      "magnitude": 0.5999528169631958,
      "direction": [
        -0.37118154764175415,
        -0.9285603165626526
      ]
    },
    {
      "coordinates": [
        159,
        204
      ],
      "magnitude": 0.5461322069168091,
      "direction": [
        -0.04998438432812691,
        -0.9987500309944153
      ]
    },
    {
      "coordinates": [
        182,
        204
      ],
      "magnitude": 0.6759299039840698,
      "direction": [
        0.10028889030218124,
        -0.9949582815170288
      ]
    },
    {
      "coordinates": [
        205,
        204
      ],
      "magnitude": 0.6849238276481628,
      "direction": [
        0.2518089711666107,
        -0.9677769541740417
      ]
    },
    {
      "coordinates": [
        227,
        204
      ],
      "magnitude": 0.5712593793869019,
      "direction": [
        0.3291490375995636,
        -0.9442779421806335
      ]
    },
    {
      "coordinates": [
        250,
        204
      ],
      "magnitude": 0.5432848930358887,
      "direction": [
        0.2697576880455017,
        -0.9629282355308533
      ]
    },
    {
      "coordinates": [
        273,
        204
      ],
      "magnitude": 0.2617682218551636,
      "direction": [
        -0.40477433800697327,
        -0.9144166707992554
      ]
    },
    {
      "coordinates": [
        296,
        204
      ],
      "magnitude": 0.48866525292396545,
      "direction": [
        -0.3406408727169037,
        -0.9401935338973999
      ]
    },
    {
      "coordinates": [
        319,
        204
      ],
      "magnitude": 0.559519350528717,
      "direction": [
        -0.046229854226112366,
        -0.9989308714866638
      ]
    },
    {
      "coordinates": [
        0,
        221
      ],
      "magnitude": 0.42721787095069885,
      "direction": [
        -0.22342906892299652,
        -0.9747202396392822
      ]
    },
    {
      "coordinates": [
        22,
        221
      ],
      "magnitude": 0.35578063130378723,
      "direction": [
        -0.31856244802474976,
        -0.9479019045829773
      ]
    },
    {
      "coordinates": [
        45,
        221
      ],
      "magnitude": 0.3361465036869049,
      "direction": [
        -0.21655912697315216,
        -0.976269543170929
      ]
    },
    {
      "coordinates": [
        68,
        221
      ],
      "magnitude": 0.49515098333358765,
      "direction": [
        -0.16486765444278717,
        -0.9863156676292419
      ]
    },
    {
      "coordinates": [
        91,
        221
      ],
      "magnitude": 0.6077185273170471,
      "direction": [
        -0.4392566680908203,
        -0.8983616232872009
      ]
    },
    {
      "coordinates": [
        113,
        221
      ],
      "magnitude": 0.5150255560874939,
      "direction": [
        -0.6027772426605225,
        -0.7979094982147217
      ]
    },
    {
      "coordinates": [
        136,
        221
      ],
      "magnitude": 0.6271905899047852,
      "direction": [
        -0.2196277379989624,
        -0.9755837917327881
      ]
    },
    {
      "coordinates": [
        159,
        221
      ],
      "magnitude": 0.5868594646453857,
      "direction": [
        -0.1597510278224945,
        -0.9871573448181152
      ]
    },
    {
      "coordinates": [
        182,
        221
      ],
      "magnitude": 0.8310442566871643,
      "direction": [
        -0.026587214320898056,
        -0.9996464848518372
      ]
    },
    {
      "coordinates": [
        205,
        221
      ],
      "magnitude": 0.8136817216873169,
      "direction": [
        0.19615288078784943,
        -0.980573296546936
      ]
    },
    {
      "coordinates": [
        227,
        221
      ],
      "magnitude": 0.4919312000274658,
      "direction": [
        0.2815183103084564,
        -0.9595558643341064
      ]
    },
    {
      "coordinates": [
        250,
        221
      ],
      "magnitude": 0.48266857862472534,
      "direction": [
        0.32194405794143677,
        -0.9467586874961853
      ]
    },
    {
      "coordinates": [
        273,
        221
      ],
      "magnitude": 0.14563247561454773,
      "direction": [
        0.6085280179977417,
        -0.7935323715209961
      ]
    },
    {
      "coordinates": [
        296,
        221
      ],
      "magnitude": 0.6119897365570068,
      "direction": [
        0.34868448972702026,
        -0.9372401237487793
      ]
    },
    {
      "coordinates": [
        319,
        221
      ],
      "magnitude": 0.648878812789917,
      "direction": [
        0.3051331639289856,
        -0.9523096680641174
      ]
    },
    {
      "coordinates": [
        0,
        239
      ],
      "magnitude": 0.11527210474014282,
      "direction": [
        0.11831514537334442,
        -0.9929761290550232
      ]
    },
    {
      "coordinates": [
        22,
        239
      ],
      "magnitude": 0.3890473246574402,
      "direction": [
        -0.2113935351371765,
        -0.977401077747345
      ]
    },
    {
      "coordinates": [
        45,
        239
      ],
      "magnitude": 0.3931881785392761,
      "direction": [
        0.13769179582595825,
        -0.9904751181602478
      ]
    },
    {
      "coordinates": [
        68,
        239
      ],
      "magnitude": 0.36849507689476013,
      "direction": [
        -0.13977943360805511,
        -0.990182638168335
      ]
    },
    {
      "coordinates": [
        91,
        239
      ],
      "magnitude": 0.5258802175521851,
      "direction": [
        -0.2308107167482376,
        -0.9729987382888794
      ]
    },
    {
      "coordinates": [
        113,
        239
      ],
      "magnitude": 0.5505585074424744,
      "direction": [
        0.19956502318382263,
        -0.9798845648765564
      ]
    },
    {
      "coordinates": [
        136,
        239
      ],
      "magnitude": 0.54252690076828,
      "direction": [
        -0.1167667955160141,
        -0.9931593537330627
      ]
    },
    {
      "coordinates": [
        159,
        239
      ],
      "magnitude": 0.7680305242538452,
      "direction": [
        -0.051197465509176254,
        -0.9986885786056519
      ]
    },
    {
      "coordinates": [
        182,
        239
      ],
      "magnitude": 0.8817472457885742,
      "direction": [
        0.047052908688783646,
        -0.9988924264907837
      ]
    },
    {
      "coordinates": [
        205,
        239
      ],
      "magnitude": 0.8842345476150513,
      "direction": [
        0.06802529096603394,
        -0.997683584690094
      ]
    },
    {
      "coordinates": [
        227,
        239
      ],
      "magnitude": 0.5968426465988159,
      "direction": [
        0.26686081290245056,
        -0.963735044002533
      ]
    },
    {
      "coordinates": [
        250,
        239
      ],
      "magnitude": 0.6025189161300659,
      "direction": [
        0.3522159159183502,
        -0.9359187483787537
      ]
    },
    {
      "coordinates": [
        273,
        239
      ],
      "magnitude": 0.5013580918312073,
      "direction": [
        0.9556955695152283,
        -0.29435697197914124
      ]
    },
    {
      "coordinates": [
        296,
        239
      ],
      "magnitude": 0.659101665019989,
      "direction": [
        0.5926509499549866,
        -0.8054593801498413
      ]
    },
    {
      "coordinates": [
        319,
        239
      ],
      "magnitude": 0.7231664657592773,
      "direction": [
        0.5503109693527222,
        -0.8349597454071045
      ]
    }
  ]
}