{
  "recording_timestamp": 1756817288.3729603,
  "mean_fz": -0.2777,
  "peak_intensity": 0.105,
  "deformation_mesh": [
    {
      "coordinates": [
        0,
        0
      ],
      "magnitude": 0.9144878387451172,
      "direction": [
        -0.7332384586334229,
        -0.6799715161323547
      ]
    },
    {
      "coordinates": [
        22,
        0
      ],
      "magnitude": 1.0843690633773804,
      "direction": [
        -0.4282844066619873,
        -0.9036440849304199
      ]
    },
    {
      "coordinates": [
        45,
        0
      ],
      "magnitude": 1.1434311866760254,
      "direction": [
        0.09777485579252243,
        -0.9952085018157959
      ]
    },
    {
      "coordinates": [
        68,
        0
      ],
      "magnitude": 1.185703158378601,
      "direction": [
        -0.3000826835632324,
        -0.953913152217865
      ]
    },
    {
      "coordinates": [
        91,
        0
      ],
      "magnitude": 0.865975558757782,
      "direction": [
        -0.1719307005405426,
        -0.9851090908050537
      ]
    },
    {
      "coordinates": [
        113,
        0
      ],
      "magnitude": 0.9991453886032104,
      "direction": [
        -0.23504629731178284,
        -0.9719841480255127
      ]
    },
    {
      "coordinates": [
        136,
        0
      ],
      "magnitude": 1.0043631792068481,
      "direction": [
        -0.02424493059515953,
        -0.9997060298919678
      ]
    },
    {
      "coordinates": [
        159,
        0
      ],
      "magnitude": 1.0812541246414185,
      "direction": [
        0.2612988352775574,
        -0.9652579426765442
      ]
    },
    {
      "coordinates": [
        182,
        0
      ],
      "magnitude": 1.0069695711135864,
      "direction": [
        0.22726041078567505,
        -0.9738340973854065
      ]
    },
    {
      "coordinates": [
        205,
        0
      ],
      "magnitude": 1.1304103136062622,
      "direction": [
        0.2329118847846985,
        -0.9724978804588318
      ]
    },
    {
      "coordinates": [
        227,
        0
      ],
      "magnitude": 1.1493747234344482,
      "direction": [
        -0.0013227022718638182,
        -0.9999991655349731
      ]
    },
    {
      "coordinates": [
        250,
        0
      ],
      "magnitude": 1.0501880645751953,
      "direction": [
        0.6016146540641785,
        -0.7987865209579468
      ]
    },
    {
      "coordinates": [
        273,
        0
      ],
      "magnitude": 0.6110775470733643,
      "direction": [
        0.39965635538101196,
        -0.9166650176048279
      ]
    },
    {
      "coordinates": [
        296,
        0
      ],
      "magnitude": 0.9127479195594788,
      "direction": [
        0.44437283277511597,
        -0.8958419561386108
      ]
    },
    {
      "coordinates": [
        319,
        0
      ],
      "magnitude": 1.172540307044983,
      "direction": [
        0.613179624080658,
        -0.7899434566497803
      ]
    },
    {
      "coordinates": [
        0,
        17
      ],
      "magnitude": 0.9821604490280151,
      "direction": [
        -0.666951596736908,
        -0.7451010346412659
      ]
    },
    {
      "coordinates": [
        22,
        17
      ],
      "magnitude": 1.1085370779037476,
      "direction": [
        -0.3342450261116028,
        -0.9424862861633301
      ]
    },
    {
      "coordinates": [
        45,
        17
      ],
      "magnitude": 1.0697200298309326,
      "direction": [
        -0.1479465216398239,
        -0.9889953136444092
      ]
    },
    {
      "coordinates": [
        68,
        17
      ],
      "magnitude": 1.016890048980713,
      "direction": [
        -0.5431398749351501,
        -0.8396422863006592
      ]
    },
    {
      "coordinates": [
        91,
        17
      ],
      "magnitude": 0.9941639304161072,
      "direction": [
        -0.12827958166599274,
        -0.9917380213737488
      ]
    },
    {
      "coordinates": [
        113,
        17
      ],
      "magnitude": 1.1093614101409912,
      "direction": [
        -0.4416777193546295,
        -0.8971738219261169
      ]
    },
    {
      "coordinates": [
        136,
        17
      ],
      "magnitude": 0.9924240112304688,
      "direction": [
        -0.12092293798923492,
        -0.9926618933677673
      ]
    },
    {
      "coordinates": [
        159,
        17
      ],
      "magnitude": 0.8372763991355896,
      "direction": [
        0.3747672438621521,
        -0.9271188974380493
      ]
    },
    {
      "coordinates": [
        182,
        17
      ],
      "magnitude": 1.1274834871292114,
      "direction": [
        0.22115740180015564,
        -0.975238025188446
      ]
    },
    {
      "coordinates": [
        205,
        17
      ],
      "magnitude": 1.1128848791122437,
      "direction": [
        0.4148997962474823,
        -0.9098670482635498
      ]
    },
    {
      "coordinates": [
        227,
        17
      ],
      "magnitude": 1.0436999797821045,
      "direction": [
        0.29147231578826904,
        -0.9565792679786682
      ]
    },
    {
      "coordinates": [
        250,
        17
      ],
      "magnitude": 0.9122666716575623,
      "direction": [
        0.4841003119945526,
        -0.8750125169754028
      ]
    },
    {
      "coordinates": [
        273,
        17
      ],
      "magnitude": 0.559447169303894,
      "direction": [
        0.5016653537750244,
        -0.8650617599487305
      ]
    },
    {
      "coordinates": [
        296,
        17
      ],
      "magnitude": 0.7295587062835693,
      "direction": [
        0.6841302514076233,
        -0.7293598055839539
      ]
    },
    {
      "coordinates": [
        319,
        17
      ],
      "magnitude": 1.1283830404281616,
      "direction": [
        0.7957090735435486,
        -0.605678915977478
      ]
    },
    {
      "coordinates": [
        0,
        34
      ],
      "magnitude": 0.9133001565933228,
      "direction": [
        -0.5781974792480469,
        -0.8158968687057495
      ]
    },
    {
      "coordinates": [
        22,
        34
      ],
      "magnitude": 1.0721882581710815,
      "direction": [
        -0.5395727157592773,
        -0.8419390320777893
      ]
    },
    {
      "coordinates": [
        45,
        34
      ],
      "magnitude": 1.0126209259033203,
      "direction": [
        -0.3562244474887848,
        -0.9344004392623901
      ]
    },
    {
      "coordinates": [
        68,
        34
      ],
      "magnitude": 0.9444890022277832,
      "direction": [
        -0.6500942707061768,
        -0.7598536014556885
      ]
    },
    {
      "coordinates": [
        91,
        34
      ],
      "magnitude": 0.9998346567153931,
      "direction": [
        -0.4345445930957794,
        -0.9006502628326416
      ]
    },
    {
      "coordinates": [
        113,
        34
      ],
      "magnitude": 1.1712398529052734,
      "direction": [
        -0.31073614954948425,
        -0.9504961371421814
      ]
    },
    {
      "coordinates": [
        136,
        34
      ],
      "magnitude": 1.0687739849090576,
      "direction": [
        -0.1985604614019394,
        -0.9800887107849121
      ]
    },
    {
      "coordinates": [
        159,
        34
      ],
      "magnitude": 0.7349898219108582,
      "direction": [
        0.23800097405910492,
        -0.9712648987770081
      ]
    },
    {
      "coordinates": [
        182,
        34
      ],
      "magnitude": 1.0234301090240479,
      "direction": [
        0.5091111063957214,
        -0.8607008457183838
      ]
    },
    {
      "coordinates": [
        205,
        34
      ],
      "magnitude": 0.944331705570221,
      "direction": [
        0.5051968693733215,
        -0.8630040884017944
      ]
    },
    {
      "coordinates": [
        227,
        34
      ],
      "magnitude": 0.9090365171432495,
      "direction": [
        0.34664013981819153,
        -0.9379981756210327
      ]
    },
    {
      "coordinates": [
        250,
        34
      ],
      "magnitude": 1.0707951784133911,
      "direction": [
        0.36305224895477295,
        -0.9317688345909119
      ]
    },
    {
      "coordinates": [
        273,
        34
      ],
      "magnitude": 0.844590425491333,
      "direction": [
        0.463514506816864,
        -0.8860893249511719
      ]
    },
    {
      "coordinates": [
        296,
        34
      ],
      "magnitude": 0.5777053833007812,
      "direction": [
        0.9163839221000671,
        -0.40030041337013245
      ]
    },
    {
      "coordinates": [
        319,
        34
      ],
      "magnitude": 0.9324573874473572,
      "direction": [
        0.8963620066642761,
        -0.4433228075504303
      ]
    },
    {
      "coordinates": [
        0,
        51
      ],
      "magnitude": 0.717770516872406,
      "direction": [
        -0.7770028710365295,
        -0.6294971108436584
      ]
    },
    {
      "coordinates": [
        22,
        51
      ],
      "magnitude": 0.9465305805206299,
      "direction": [
        -0.5449585318565369,
        -0.8384629487991333
      ]
    },
    {
      "coordinates": [
        45,
        51
      ],
      "magnitude": 1.2129833698272705,
      "direction": [
        -0.5453907251358032,
        -0.8381819128990173
      ]
    },
    {
      "coordinates": [
        68,
        51
      ],
      "magnitude": 1.030455470085144,
      "direction": [
        -0.5429057478904724,
        -0.8397936224937439
      ]
    },
    {
      "coordinates": [
        91,
        51
      ],
      "magnitude": 1.0778844356536865,
      "direction": [
        -0.29025986790657043,
        -0.9569478631019592
      ]
    },
    {
      "coordinates": [
        113,
        51
      ],
      "magnitude": 1.1211042404174805,
      "direction": [
        -0.14763332903385162,
        -0.9890421628952026
      ]
    },
    {
      "coordinates": [
        136,
        51
      ],
      "magnitude": 0.7893761396408081,
      "direction": [
        0.1633395552635193,
        -0.986569881439209
      ]
    },
    {
      "coordinates": [
        159,
        51
      ],
      "magnitude": 0.7795292735099792,
      "direction": [
        0.14093182981014252,
        -0.9900193214416504
      ]
    },
    {
      "coordinates": [
        182,
        51
      ],
      "magnitude": 0.9985427260398865,
      "direction": [
        0.35065698623657227,
        -0.9365039467811584
      ]
    },
    {
      "coordinates": [
        205,
        51
      ],
      "magnitude": 0.9458047151565552,
      "direction": [
        0.4502433240413666,
        -0.8929058909416199
      ]
    },
    {
      "coordinates": [
        227,
        51
      ],
      "magnitude": 0.923894464969635,
      "direction": [
        0.3859224319458008,
        -0.922531247138977
      ]
    },
    {
      "coordinates": [
        250,
        51
      ],
      "magnitude": 0.7307721972465515,
      "direction": [
        0.15212950110435486,
        -0.988360583782196
      ]
    },
    {
      "coordinates": [
        273,
        51
      ],
      "magnitude": 0.6572478413581848,
      "direction": [
        0.15273989737033844,
        -0.9882664084434509
      ]
    },
    {
      "coordinates": [
        296,
        51
      ],
      "magnitude": 0.7253114581108093,
      "direction": [
        0.8458379507064819,
        -0.5334399342536926
      ]
    },
    {
      "coordinates": [
        319,
        51
      ],
      "magnitude": 0.8786386251449585,
      "direction": [
        0.7994980216026306,
        -0.6006686687469482
      ]
    },
    {
      "coordinates": [
        0,
        68
      ],
      "magnitude": 0.8578193187713623,
      "direction": [
        -0.89108806848526,
        -0.453830361366272
      ]
    },
    {
      "coordinates": [
        22,
        68
      ],
      "magnitude": 0.9476392269134521,
      "direction": [
        -0.439697265625,
        -0.8981460928916931
      ]
    },
    {
      "coordinates": [
        45,
        68
      ],
      "magnitude": 0.8989399075508118,
      "direction": [
        -0.5537831783294678,
        -0.8326608538627625
      ]
    },
    {
      "coordinates": [
        68,
        68
      ],
      "magnitude": 0.8781849145889282,
      "direction": [
        -0.5308164358139038,
        -0.8474868535995483
      ]
    },
    {
      "coordinates": [
        91,
        68
      ],
      "magnitude": 1.0069841146469116,
      "direction": [
        -0.6202672123908997,
        -0.7843906283378601
      ]
    },
    {
      "coordinates": [
        113,
        68
      ],
      "magnitude": 0.892279863357544,
      "direction": [
        -0.40941405296325684,
        -0.9123486876487732
      ]
    },
    {
      "coordinates": [
        136,
        68
      ],
      "magnitude": 0.8265600800514221,
      "direction": [
        0.08542691916227341,
        -0.9963444471359253
      ]
    },
    {
      "coordinates": [
        159,
        68
      ],
      "magnitude": 0.6905269026756287,
      "direction": [
        0.2583312392234802,
        -0.9660563468933105
      ]
    },
    {
      "coordinates": [
        182,
        68
      ],
      "magnitude": 0.7914852499961853,
      "direction": [
        0.3344833254814148,
        -0.942401647567749
      ]
    },
    {
      "coordinates": [
        205,
        68
      ],
      "magnitude": 0.8487794995307922,
      "direction": [
        0.7833893895149231,
        -0.6215311884880066
      ]
    },
    {
      "coordinates": [
        227,
        68
      ],
      "magnitude": 0.655771791934967,
      "direction": [
        0.33146151900291443,
        -0.9434686899185181
      ]
    },
    {
      "coordinates": [
        250,
        68
      ],
      "magnitude": 0.6342111825942993,
      "direction": [
        0.09072156250476837,
        -0.9958763122558594
      ]
    },
    {
      "coordinates": [
        273,
        68
      ],
      "magnitude": 0.5438399314880371,
      "direction": [
        0.9182140827178955,
        -0.39608436822891235
      ]
    },
    {
      "coordinates": [
        296,
        68
      ],
      "magnitude": 0.7341711521148682,
      "direction": [
        0.7530664205551147,
        -0.6579444408416748
      ]
    },
    {
      "coordinates": [
        319,
        68
      ],
      "magnitude": 0.8649813532829285,
      "direction": [
        0.8667250275611877,
        -0.4987863600254059
      ]
    },
    {
      "coordinates": [
        0,
        85
      ],
      "magnitude": 1.1457194089889526,
      "direction": [
        -0.9120045900344849,
        -0.4101800322532654
      ]
    },
    {
      "coordinates": [
        22,
        85
      ],
      "magnitude": 1.3778194189071655,
      "direction": [
        -0.7262192964553833,
        -0.6874631643295288
      ]
    },
    {
      "coordinates": [
        45,
        85
      ],
      "magnitude": 1.2062565088272095,
      "direction": [
        -0.8550876379013062,
        -0.5184834599494934
      ]
    },
    {
      "coordinates": [
        68,
        85
      ],
      "magnitude": 1.0364341735839844,
      "direction": [
        -0.9163799285888672,
        -0.400309681892395
      ]
    },
    {
      "coordinates": [
        91,
        85
      ],
      "magnitude": 1.0682711601257324,
      "direction": [
        -0.7786702513694763,
        -0.6274333000183105
      ]
    },
    {
      "coordinates": [
        113,
        85
      ],
      "magnitude": 0.9938617944717407,
      "direction": [
        -0.5309388637542725,
        -0.8474100828170776
      ]
    },
    {
      "coordinates": [
        136,
        85
      ],
      "magnitude": 0.7845011353492737,
      "direction": [
        0.2322111576795578,
        -0.9726654291152954
      ]
    },
    {
      "coordinates": [
        159,
        85
      ],
      "magnitude": 0.783682644367218,
      "direction": [
        0.4897712767124176,
        -0.8718509674072266
      ]
    },
    {
      "coordinates": [
        182,
        85
      ],
      "magnitude": 0.6336502432823181,
      "direction": [
        0.05534997209906578,
        -0.9984670281410217
      ]
    },
    {
      "coordinates": [
        205,
        85
      ],
      "magnitude": 1.0365958213806152,
      "direction": [
        0.58531254529953,
        -0.8108077645301819
      ]
    },
    {
      "coordinates": [
        227,
        85
      ],
      "magnitude": 0.7815379500389099,
      "direction": [
        0.5365763306617737,
        -0.8438518047332764
      ]
    },
    {
      "coordinates": [
        250,
        85
      ],
      "magnitude": 0.7112001776695251,
      "direction": [
        0.5659493207931519,
        -0.824440062046051
      ]
    },
    {
      "coordinates": [
        273,
        85
      ],
      "magnitude": 0.756813645362854,
      "direction": [
        0.6110798716545105,
        -0.79156893491745
      ]
    },
    {
      "coordinates": [
        296,
        85
      ],
      "magnitude": 0.5749741792678833,
      "direction": [
        0.8484578728675842,
        -0.5292628407478333
      ]
    },
    {
      "coordinates": [
        319,
        85
      ],
      "magnitude": 0.662970244884491,
      "direction": [
        0.9282628893852234,
        -0.3719247281551361
      ]
    },
    {
      "coordinates": [
        0,
        102
      ],
      "magnitude": 1.2107900381088257,
      "direction": [
        -0.8698999285697937,
        -0.49322831630706787
      ]
    },
    {
      "coordinates": [
        22,
        102
      ],
      "magnitude": 0.9346771836280823,
      "direction": [
        -0.8005455732345581,
        -0.5992718935012817
      ]
    },
    {
      "coordinates": [
        45,
        102
      ],
      "magnitude": 0.7327039837837219,
      "direction": [
        -0.7639763951301575,
        -0.6452441811561584
      ]
    },
    {
      "coordinates": [
        68,
        102
      ],
      "magnitude": 1.1507797241210938,
      "direction": [
        -0.8977993130683899,
        -0.4404047727584839
      ]
    },
    {
      "coordinates": [
        91,
        102
      ],
      "magnitude": 1.2089895009994507,
      "direction": [
        -0.7331236600875854,
        -0.680095374584198
      ]
    },
    {
      "coordinates": [
        113,
        102
      ],
      "magnitude": 1.335445761680603,
      "direction": [
        -0.4115217924118042,
        -0.9113999605178833
      ]
    },
    {
      "coordinates": [
        136,
        102
      ],
      "magnitude": 0.9984785914421082,
      "direction": [
        0.3321315348148346,
        -0.943233072757721
      ]
    },
    {
      "coordinates": [
        159,
        102
      ],
      "magnitude": 1.0731614828109741,
      "direction": [
        0.7139908671379089,
        -0.7001550197601318
      ]
    },
    {
      "coordinates": [
        182,
        102
      ],
      "magnitude": 0.7191465497016907,
      "direction": [
        0.5205797553062439,
        -0.8538130521774292
      ]
    },
    {
      "coordinates": [
        205,
        102
      ],
      "magnitude": 0.7341441512107849,
      "direction": [
        0.5042099356651306,
        -0.863581120967865
      ]
    },
    {
      "coordinates": [
        227,
        102
      ],
      "magnitude": 0.6787005066871643,
      "direction": [
        0.5447190999984741,
        -0.8386185765266418
      ]
    },
    {
      "coordinates": [
        250,
        102
      ],
      "magnitude": 0.5940638780593872,
      "direction": [
        0.6491129994392395,
        -0.7606920003890991
      ]
    },
    {
      "coordinates": [
        273,
        102
      ],
      "magnitude": 0.6467927098274231,
      "direction": [
        0.7498087286949158,
        -0.6616545915603638
      ]
    },
    {
      "coordinates": [
        296,
        102
      ],
      "magnitude": 0.6360003352165222,
      "direction": [
        0.7224394679069519,
        -0.6914342045783997
      ]
    },
    {
      "coordinates": [
        319,
        102
      ],
      "magnitude": 0.8853450417518616,
      "direction": [
        0.9649296998977661,
        -0.2625085115432739
      ]
    },
    {
      "coordinates": [
        0,
        119
      ],
      "magnitude": 0.6766002774238586,
      "direction": [
        -0.9574486017227173,
        -0.28860387206077576
      ]
    },
    {
      "coordinates": [
        22,
        119
      ],
      "magnitude": 0.9873592257499695,
      "direction": [
        -0.8485869765281677,
        -0.5290558934211731
      ]
    },
    {
      "coordinates": [
        45,
        119
      ],
      "magnitude": 0.7296099066734314,
      "direction": [
        -0.8570395708084106,
        -0.5152505040168762
      ]
    },
    {
      "coordinates": [
        68,
        119
      ],
      "magnitude": 1.0123845338821411,
      "direction": [
        -0.8284895420074463,
        -0.560004472732544
      ]
    },
    {
      "coordinates": [
        91,
        119
      ],
      "magnitude": 1.3336225748062134,
      "direction": [
        -0.7529665231704712,
        -0.6580588817596436
      ]
    },
    {
      "coordinates": [
        113,
        119
      ],
      "magnitude": 1.404658555984497,
      "direction": [
        -0.5444782376289368,
        -0.8387749195098877
      ]
    },
    {
      "coordinates": [
        136,
        119
      ],
      "magnitude": 1.5582478046417236,
      "direction": [
        0.5387337803840637,
        -0.8424761295318604
      ]
    },
    {
      "coordinates": [
        159,
        119
      ],
      "magnitude": 1.4034838676452637,
      "direction": [
        0.8356640934944153,
        -0.5492409467697144
      ]
    },
    {
      "coordinates": [
        182,
        119
      ],
      "magnitude": 0.9395815134048462,
      "direction": [
        0.7323250770568848,
        -0.680955171585083
      ]
    },
    {
      "coordinates": [
        205,
        119
      ],
      "magnitude": 0.4820113480091095,
      "direction": [
        0.6845669746398926,
        -0.7289499640464783
      ]
    },
    {
      "coordinates": [
        227,
        119
      ],
      "magnitude": 0.6406309008598328,
      "direction": [
        0.8608042001724243,
        -0.5089362263679504
      ]
    },
    {
      "coordinates": [
        250,
        119
      ],
      "magnitude": 0.7575035691261292,
      "direction": [
        0.8034782409667969,
        -0.5953341126441956
      ]
    },
    {
      "coordinates": [
        273,
        119
      ],
      "magnitude": 0.7844113111495972,
      "direction": [
        0.8237036466598511,
        -0.5670205354690552
      ]
    },
    {
      "coordinates": [
        296,
        119
      ],
      "magnitude": 0.626899778842926,
      "direction": [
        0.685746431350708,
        -0.7278405427932739
      ]
    },
    {
      "coordinates": [
        319,
        119
      ],
      "magnitude": 0.7239341139793396,
      "direction": [
        0.8512402176856995,
        -0.5247762799263
      ]
    },
    {
      "coordinates": [
        0,
        136
      ],
      "magnitude": 0.8740615248680115,
      "direction": [
        -0.9879167079925537,
        -0.15498565137386322
      ]
    },
    {
      "coordinates": [
        22,
        136
      ],
      "magnitude": 0.8128006458282471,
      "direction": [
        -0.9783244132995605,
        -0.20707814395427704
      ]
    },
    {
      "coordinates": [
        45,
        136
      ],
      "magnitude": 0.8181143403053284,
      "direction": [
        -0.979707658290863,
        -0.20043188333511353
      ]
    },
    {
      "coordinates": [
        68,
        136
      ],
      "magnitude": 1.1214901208877563,
      "direction": [
        -0.894594669342041,
        -0.4468783736228943
      ]
    },
    {
      "coordinates": [
        91,
        136
      ],
      "magnitude": 1.1401562690734863,
      "direction": [
        -0.9596217274665833,
        -0.2812938392162323
      ]
    },
    {
      "coordinates": [
        113,
        136
      ],
      "magnitude": 1.0455087423324585,
      "direction": [
        -0.9932940006256104,
        -0.11561652272939682
      ]
    },
    {
      "coordinates": [
        136,
        136
      ],
      "magnitude": 0.8203904032707214,
      "direction": [
        0.9379937052726746,
        0.34665223956108093
      ]
    },
    {
      "coordinates": [
        159,
        136
      ],
      "magnitude": 1.1664414405822754,
      "direction": [
        0.9527059197425842,
        0.30389389395713806
      ]
    },
    {
      "coordinates": [
        182,
        136
      ],
      "magnitude": 0.7753915190696716,
      "direction": [
        0.9575198292732239,
        -0.2883674204349518
      ]
    },
    {
      "coordinates": [
        205,
        136
      ],
      "magnitude": 0.6555052399635315,
      "direction": [
        0.9269071817398071,
        -0.37529051303863525
      ]
    },
    {
      "coordinates": [
        227,
        136
      ],
      "magnitude": 0.7360437512397766,
      "direction": [
        0.9689422249794006,
        -0.24728725850582123
      ]
    },
    {
      "coordinates": [
        250,
        136
      ],
      "magnitude": 0.7054281830787659,
      "direction": [
        0.8695085644721985,
        -0.49391788244247437
      ]
    },
    {
      "coordinates": [
        273,
        136
      ],
      "magnitude": 0.7528619766235352,
      "direction": [
        0.7430210113525391,
        -0.6692680716514587
      ]
    },
    {
      "coordinates": [
        296,
        136
      ],
      "magnitude": 0.6766988039016724,
      "direction": [
        0.9882915019989014,
        -0.15257732570171356
      ]
    },
    {
      "coordinates": [
        319,
        136
      ],
      "magnitude": 0.5931927561759949,
      "direction": [
        0.9451400637626648,
        -0.3266655206680298
      ]
    },
    {
      "coordinates": [
        0,
        153
      ],
      "magnitude": 0.7259014248847961,
      "direction": [
        -0.9763535857200623,
        -0.21617963910102844
      ]
    },
    {
      "coordinates": [
        22,
        153
      ],
      "magnitude": 0.7441383600234985,
      "direction": [
        -0.9453017711639404,
        -0.32619717717170715
      ]
    },
    {
      "coordinates": [
        45,
        153
      ],
      "magnitude": 0.6727586984634399,
      "direction": [
        -0.8968858122825623,
        -0.4422622621059418
      ]
    },
    {
      "coordinates": [
        68,
        153
      ],
      "magnitude": 0.9622340798377991,
      "direction": [
        -0.9160900115966797,
        -0.4009726345539093
      ]
    },
    {
      "coordinates": [
        91,
        153
      ],
      "magnitude": 0.9696817398071289,
      "direction": [
        -0.9999163150787354,
        0.012935406528413296
      ]
    },
    {
      "coordinates": [
        113,
        153
      ],
      "magnitude": 1.1363986730575562,
      "direction": [
        -0.8098304271697998,
        0.5866640210151672
      ]
    },
    {
      "coordinates": [
        136,
        153
      ],
      "magnitude": 0.98500657081604,
      "direction": [
        0.4338238835334778,
        0.9009976983070374
      ]
    },
    {
      "coordinates": [
        159,
        153
      ],
      "magnitude": 1.1150106191635132,
      "direction": [
        0.7898843288421631,
        0.6132557988166809
      ]
    },
    {
      "coordinates": [
        182,
        153
      ],
      "magnitude": 0.7630050182342529,
      "direction": [
        0.9981197714805603,
        0.06129266321659088
      ]
    },
    {
      "coordinates": [
        205,
        153
      ],
      "magnitude": 0.536626398563385,
      "direction": [
        0.9542794227600098,
        -0.2989159822463989
      ]
    },
    {
      "coordinates": [
        227,
        153
      ],
      "magnitude": 0.5161812901496887,
      "direction": [
        0.9827452301979065,
        -0.18496419489383698
      ]
    },
    {
      "coordinates": [
        250,
        153
      ],
      "magnitude": 0.6750932335853577,
      "direction": [
        0.9945126175880432,
        -0.10461709648370743
      ]
    },
    {
      "coordinates": [
        273,
        153
      ],
      "magnitude": 0.6723676919937134,
      "direction": [
        0.9223873615264893,
        -0.3862663209438324
      ]
    },
    {
      "coordinates": [
        296,
        153
      ],
      "magnitude": 0.7979037165641785,
      "direction": [
        0.9824836850166321,
        -0.18634895980358124
      ]
    },
    {
      "coordinates": [
        319,
        153
      ],
      "magnitude": 0.749973475933075,
      "direction": [
        0.9999961256980896,
        -0.002802245318889618
      ]
    },
    {
      "coordinates": [
        0,
        170
      ],
      "magnitude": 0.8571996688842773,
      "direction": [
        -0.9992768168449402,
        -0.03802293911576271
      ]
    },
    {
      "coordinates": [
        22,
        170
      ],
      "magnitude": 0.6847588419914246,
      "direction": [
        -0.958443284034729,
        -0.28528308868408203
      ]
    },
    {
      "coordinates": [
        45,
        170
      ],
      "magnitude": 0.48395368456840515,
      "direction": [
        -0.7728745341300964,
        -0.6345588564872742
      ]
    },
    {
      "coordinates": [
        68,
        170
      ],
      "magnitude": 0.5643943548202515,
      "direction": [
        -0.990546464920044,
        -0.1371772438287735
      ]
    },
    {
      "coordinates": [
        91,
        170
      ],
      "magnitude": 0.8239285349845886,
      "direction": [
        -0.9309543967247009,
        0.36513552069664
      ]
    },
    {
      "coordinates": [
        113,
        170
      ],
      "magnitude": 1.0067471265792847,
      "direction": [
        -0.6395600438117981,
        0.7687410712242126
      ]
    },
    {
      "coordinates": [
        136,
        170
      ],
      "magnitude": 0.8763752579689026,
      "direction": [
        -0.3611089885234833,
        0.9325236082077026
      ]
    },
    {
      "coordinates": [
        159,
        170
      ],
      "magnitude": 0.6201624870300293,
      "direction": [
        0.38971081376075745,
        0.9209372997283936
      ]
    },
    {
      "coordinates": [
        182,
        170
      ],
      "magnitude": 0.6633968949317932,
      "direction": [
        0.7288723587989807,
        0.6846495866775513
      ]
    },
    {
      "coordinates": [
        205,
        170
      ],
      "magnitude": 0.5714807510375977,
      "direction": [
        0.8840761780738831,
        0.4673427939414978
      ]
    },
    {
      "coordinates": [
        227,
        170
      ],
      "magnitude": 0.4774181842803955,
      "direction": [
        0.8677360415458679,
        0.4970253109931946
      ]
    },
    {
      "coordinates": [
        250,
        170
      ],
      "magnitude": 0.7122589945793152,
      "direction": [
        0.9975126385688782,
        -0.0704876184463501
      ]
    },
    {
      "coordinates": [
        273,
        170
      ],
      "magnitude": 0.4760795533657074,
      "direction": [
        0.9955822825431824,
        0.09389267861843109
      ]
    },
    {
      "coordinates": [
        296,
        170
      ],
      "magnitude": 0.5973387956619263,
      "direction": [
        0.9928942918777466,
        -0.11900001019239426
      ]
    },
    {
      "coordinates": [
        319,
        170
      ],
      "magnitude": 0.76578289270401,
      "direction": [
        0.9988194704055786,
        -0.04857684671878815
      ]
    },
    {
      "coordinates": [
        0,
        187
      ],
      "magnitude": 0.996978223323822,
      "direction": [
        -0.9997529983520508,
        0.022222861647605896
      ]
    },
    {
      "coordinates": [
        22,
        187
      ],
      "magnitude": 0.7380104064941406,
      "direction": [
        -0.9504585266113281,
        -0.31085139513015747
      ]
    },
    {
      "coordinates": [
        45,
        187
      ],
      "magnitude": 0.3507853150367737,
      "direction": [
        -0.8919139504432678,
        -0.4522050619125366
      ]
    },
    {
      "coordinates": [
        68,
        187
      ],
      "magnitude": 0.7183611392974854,
      "direction": [
        -0.9998956322669983,
        -0.01444943342357874
      ]
    },
    {
      "coordinates": [
        91,
        187
      ],
      "magnitude": 0.8870880007743835,
      "direction": [
        -0.914530873298645,
        0.4045161008834839
      ]
    },
    {
      "coordinates": [
        113,
        187
      ],
      "magnitude": 0.6421833634376526,
      "direction": [
        -0.5480343699455261,
        0.8364558219909668
      ]
    },
    {
      "coordinates": [
        136,
        187
      ],
      "magnitude": 0.6419404149055481,
      "direction": [
        -0.28634265065193176,
        0.9581272602081299
      ]
    },
    {
      "coordinates": [
        159,
        187
      ],
      "magnitude": 0.4945768713951111,
      "direction": [
        0.3870331048965454,
        0.922065794467926
      ]
    },
    {
      "coordinates": [
        182,
        187
      ],
      "magnitude": 0.30115824937820435,
      "direction": [
        0.6264333724975586,
        0.7794749736785889
      ]
    },
    {
      "coordinates": [
        205,
        187
      ],
      "magnitude": 0.5679222345352173,
      "direction": [
        0.9993603229522705,
        0.03576158732175827
      ]
    },
    {
      "coordinates": [
        227,
        187
      ],
      "magnitude": 0.5072332620620728,
      "direction": [
        0.8823782205581665,
        0.4705408215522766
      ]
    },
    {
      "coordinates": [
        250,
        187
      ],
      "magnitude": 0.4661501348018646,
      "direction": [
        0.9796074628829956,
        -0.20092101395130157
      ]
    },
    {
      "coordinates": [
        273,
        187
      ],
      "magnitude": 0.691014289855957,
      "direction": [
        0.9555553197860718,
        0.29481175541877747
      ]
    },
    {
      "coordinates": [
        296,
        187
      ],
      "magnitude": 0.5728058815002441,
      "direction": [
        0.936662495136261,
        -0.35023337602615356
      ]
    },
    {
      "coordinates": [
        319,
        187
      ],
      "magnitude": 0.6669277548789978,
      "direction": [
        0.98579341173172,
        -0.16796202957630157
      ]
    },
    {
      "coordinates": [
        0,
        204
      ],
      "magnitude": 0.7724073529243469,
      "direction": [
        -0.9958265423774719,
        -0.09126581251621246
      ]
    },
    {
      "coordinates": [
        22,
        204
      ],
      "magnitude": 0.496812641620636,
      "direction": [
        -0.9518776535987854,
        0.30647820234298706
      ]
    },
    {
      "coordinates": [
        45,
        204
      ],
      "magnitude": 0.46703922748565674,
      "direction": [
        -0.9906572699546814,
        0.1363748162984848
      ]
    },
    {
      "coordinates": [
        68,
        204
      ],
      "magnitude": 0.7779355645179749,
      "direction": [
        -0.9990994334220886,
        -0.0424305759370327
      ]
    },
    {
      "coordinates": [
        91,
        204
      ],
      "magnitude": 0.4953276515007019,
      "direction": [
        -0.9997061491012573,
        0.02424117922782898
      ]
    },
    {
      "coordinates": [
        113,
        204
      ],
      "magnitude": 0.5745680928230286,
      "direction": [
        -0.7874852418899536,
        0.6163334250450134
      ]
    },
    {
      "coordinates": [
        136,
        204
      ],
      "magnitude": 0.47534146904945374,
      "direction": [
        -0.5132596492767334,
        0.8582333922386169
      ]
    },
    {
      "coordinates": [
        159,
        204
      ],
      "magnitude": 0.36609628796577454,
      "direction": [
        0.5467587113380432,
        0.8372902274131775
      ]
    },
    {
      "coordinates": [
        182,
        204
      ],
      "magnitude": 0.356202632188797,
      "direction": [
        0.41373905539512634,
        0.9103955030441284
      ]
    },
    {
      "coordinates": [
        205,
        204
      ],
      "magnitude": 0.4826890528202057,
      "direction": [
        0.8852567076683044,
        0.4651027023792267
      ]
    },
    {
      "coordinates": [
        227,
        204
      ],
      "magnitude": 0.47729066014289856,
      "direction": [
        0.9971755146980286,
        0.07510677725076675
      ]
    },
    {
      "coordinates": [
        250,
        204
      ],
      "magnitude": 0.4684205949306488,
      "direction": [
        0.9961004853248596,
        0.08822597563266754
      ]
    },
    {
      "coordinates": [
        273,
        204
      ],
      "magnitude": 0.624258816242218,
      "direction": [
        0.9726099371910095,
        0.23244322836399078
      ]
    },
    {
      "coordinates": [
        296,
        204
      ],
      "magnitude": 0.18154874444007874,
      "direction": [
        0.9848214983940125,
        -0.17357021570205688
      ]
    },
    {
      "coordinates": [
        319,
        204
      ],
      "magnitude": 0.5120205283164978,
      "direction": [
        0.9322915077209473,
        -0.3617079257965088
      ]
    },
    {
      "coordinates": [
        0,
        221
      ],
      "magnitude": 0.6626535654067993,
      "direction": [
        -0.9996166229248047,
        0.02768615074455738
      ]
    },
    {
      "coordinates": [
        22,
        221
      ],
      "magnitude": 0.2205159217119217,
      "direction": [
        -0.9676457047462463,
        0.2523128092288971
      ]
    },
    {
      "coordinates": [
        45,
        221
      ],
      "magnitude": 0.48929136991500854,
      "direction": [
        -0.9330298900604248,
        0.3597988188266754
      ]
    },
    {
      "coordinates": [
        68,
        221
      ],
      "magnitude": 0.6310322880744934,
      "direction": [
        -0.9764804244041443,
        0.21560604870319366
      ]
    },
    {
      "coordinates": [
        91,
        221
      ],
      "magnitude": 0.4052891433238983,
      "direction": [
        -0.896509051322937,
        0.4430255591869354
      ]
    },
    {
      "coordinates": [
        113,
        221
      ],
      "magnitude": 0.7005156874656677,
      "direction": [
        -0.5643119215965271,
        0.8255616426467896
      ]
    },
    {
      "coordinates": [
        136,
        221
      ],
      "magnitude": 0.5384910702705383,
      "direction": [
        -0.21047775447368622,
        0.9775985479354858
      ]
    },
    {
      "coordinates": [
        159,
        221
      ],
      "magnitude": 0.37924206256866455,
      "direction": [
        0.07749445736408234,
        0.996992826461792
      ]
    },
    {
      "coordinates": [
        182,
        221
      ],
      "magnitude": 0.263083815574646,
      "direction": [
        0.6667008399963379,
        0.7453253865242004
      ]
    },
    {
      "coordinates": [
        205,
        221
      ],
      "magnitude": 0.46318483352661133,
      "direction": [
        0.7706708312034607,
        0.6372333765029907
      ]
    },
    {
      "coordinates": [
        227,
        221
      ],
      "magnitude": 0.45527368783950806,
      "direction": [
        0.936634361743927,
        0.35030850768089294
      ]
    },
    {
      "coordinates": [
        250,
        221
      ],
      "magnitude": 0.45703476667404175,
      "direction": [
        0.9324842095375061,
        0.36121073365211487
      ]
    },
    {
      "coordinates": [
        273,
        221
      ],
      "magnitude": 0.6205061078071594,
      "direction": [
        0.9255129098892212,
        0.37871620059013367
      ]
    },
    {
      "coordinates": [
        296,
        221
      ],
      "magnitude": 0.3684084117412567,
      "direction": [
        0.9928015470504761,
        -0.11977086961269379
      ]
    },
    {
      "coordinates": [
        319,
        221
      ],
      "magnitude": 0.5559753775596619,
      "direction": [
        0.9730713367462158,
        -0.23050439357757568
      ]
    },
    {
      "coordinates": [
        0,
        239
      ],
      "magnitude": 0.3729921281337738,
      "direction": [
        -0.2985483705997467,
        0.954394519329071
      ]
    },
    {
      "coordinates": [
        22,
        239
      ],
      "magnitude": 0.3693433403968811,
      "direction": [
        -0.7456810474395752,
        0.6663031578063965
      ]
    },
    {
      "coordinates": [
        45,
        239
      ],
      "magnitude": 0.4391709268093109,
      "direction": [
        -0.8817152976989746,
        0.4717819094657898
      ]
    },
    {
      "coordinates": [
        68,
        239
      ],
      "magnitude": 0.666831910610199,
      "direction": [
        -0.8208354115486145,
        0.5711649060249329
      ]
    },
    {
      "coordinates": [
        91,
        239
      ],
      "magnitude": 0.5929373502731323,
      "direction": [
        -0.8833523392677307,
        0.46870946884155273
      ]
    },
    {
      "coordinates": [
        113,
        239
      ],
      "magnitude": 0.5713465213775635,
      "direction": [
        -0.3961349129676819,
        0.9181922078132629
      ]
    },
    {
      "coordinates": [
        136,
        239
      ],
      "magnitude": 0.5956715941429138,
      "direction": [
        -0.1211753785610199,
        0.9926310777664185
      ]
    },
    {
      "coordinates": [
        159,
        239
      ],
      "magnitude": 0.13115407526493073,
      "direction": [
        -0.6561412811279297,
        0.7546380758285522
      ]
    },
    {
      "coordinates": [
        182,
        239
      ],
      "magnitude": 0.19343775510787964,
      "direction": [
        0.4526829123497009,
        0.8916715383529663
      ]
    },
    {
      "coordinates": [
        205,
        239
      ],
      "magnitude": 0.20680351555347443,
      "direction": [
        0.9654902815818787,
        0.26043903827667236
      ]
    },
    {
      "coordinates": [
        227,
        239
      ],
      "magnitude": 0.6155257821083069,
      "direction": [
        0.9742020964622498,
        0.22567735612392426
      ]
    },
    {
      "coordinates": [
        250,
        239
      ],
      "magnitude": 0.5255699157714844,
      "direction": [
        0.8837600350379944,
        0.46794047951698303
      ]
    },
    {
      "coordinates": [
        273,
        239
      ],
      "magnitude": 0.776519775390625,
      "direction": [
        0.8595376014709473,
        0.51107257604599
      ]
    },
    {
      "coordinates": [
        296,
        239
      ],
      "magnitude": 0.7086613178253174,
      "direction": [
        0.9822101593017578,
        0.1877851039171219
      ]
    },
    {
      "coordinates": [
        319,
        239
      ],
      "magnitude": 0.7086285948753357,
      "direction": [
        0.9970505237579346,
        -0.07674789428710938
      ]
    }
  ],
  "shear_mesh": [
    {
      "coordinates": [
        0,
        0
      ],
      "magnitude": 0.057636115700006485,
      "direction": [
        0.32458755373954773,
        -0.9458556771278381
      ]
    },
    {
      "coordinates": [
        22,
        0
      ],
      "magnitude": 0.3592289388179779,
      "direction": [
        0.027227479964494705,
        -0.9996292591094971
      ]
    },
    {
      "coordinates": [
        45,
        0
      ],
      "magnitude": 0.5237064957618713,
      "direction": [
        0.48599833250045776,
        -0.8739597797393799
      ]
    },
    {
      "coordinates": [
        68,
        0
      ],
      "magnitude": 0.3759682774543762,
      "direction": [
        0.2518790066242218,
        -0.9677587747573853
      ]
    },
    {
      "coordinates": [
        91,
        0
      ],
      "magnitude": 0.24063773453235626,
      "direction": [
        0.020019404590129852,
        -0.9997995495796204
      ]
    },
    {
      "coordinates": [
        113,
        0
      ],
      "magnitude": 0.2610543370246887,
      "direction": [
        -0.0042363377287983894,
        -0.9999911189079285
      ]
    },
    {
      "coordinates": [
        136,
        0
      ],
      "magnitude": 0.09333617985248566,
      "direction": [
        0.22080081701278687,
        -0.9753189086914062
      ]
    },
    {
      "coordinates": [
        159,
        0
      ],
      "magnitude": 0.14746882021427155,
      "direction": [
        0.1655435711145401,
        -0.9862025380134583
      ]
    },
    {
      "coordinates": [
        182,
        0
      ],
      "magnitude": 0.2601344585418701,
      "direction": [
        0.22591586410999298,
        -0.9741467833518982
      ]
    },
    {
      "coordinates": [
        205,
        0
      ],
      "magnitude": 0.42462658882141113,
      "direction": [
        -0.04173087328672409,
        -0.9991288781166077
      ]
    },
    {
      "coordinates": [
        227,
        0
      ],
      "magnitude": 0.6019061207771301,
      "direction": [
        -0.3170740008354187,
        -0.9484007954597473
      ]
    },
    {
      "coordinates": [
        250,
        0
      ],
      "magnitude": 0.38449913263320923,
      "direction": [
        0.4524705111980438,
        -0.8917794227600098
      ]
    },
    {
      "coordinates": [
        273,
        0
      ],
      "magnitude": 0.21685034036636353,
      "direction": [
        0.9671787619590759,
        -0.2540968954563141
      ]
    },
    {
      "coordinates": [
        296,
        0
      ],
      "magnitude": 0.17757368087768555,
      "direction": [
        0.5196205973625183,
        -0.854397177696228
      ]
    },
    {
      "coordinates": [
        319,
        0
      ],
      "magnitude": 0.3976125419139862,
      "direction": [
        -0.12207689881324768,
        -0.9925206303596497
      ]
    },
    {
      "coordinates": [
        0,
        17
      ],
      "magnitude": 0.09925740212202072,
      "direction": [
        -0.581606924533844,
        -0.8134698867797852
      ]
    },
    {
      "coordinates": [
        22,
        17
      ],
      "magnitude": 0.4478960335254669,
      "direction": [
        0.0802539587020874,
        -0.996774435043335
      ]
    },
    {
      "coordinates": [
        45,
        17
      ],
      "magnitude": 0.45806801319122314,
      "direction": [
        0.14886146783828735,
        -0.9888580441474915
      ]
    },
    {
      "coordinates": [
        68,
        17
      ],
      "magnitude": 0.21790620684623718,
      "direction": [
        -0.11822497844696045,
        -0.992986798286438
      ]
    },
    {
      "coordinates": [
        91,
        17
      ],
      "magnitude": 0.26752427220344543,
      "direction": [
        -0.5638843774795532,
        -0.8258537650108337
      ]
    },
    {
      "coordinates": [
        113,
        17
      ],
      "magnitude": 0.31896981596946716,
      "direction": [
        -0.5169220566749573,
        -0.8560324907302856
      ]
    },
    {
      "coordinates": [
        136,
        17
      ],
      "magnitude": 0.2518324851989746,
      "direction": [
        -0.10199034214019775,
        -0.9947853684425354
      ]
    },
    {
      "coordinates": [
        159,
        17
      ],
      "magnitude": 0.1048751100897789,
      "direction": [
        0.9761702418327332,
        -0.2170058935880661
      ]
    },
    {
      "coordinates": [
        182,
        17
      ],
      "magnitude": 0.34589019417762756,
      "direction": [
        0.029242107644677162,
        -0.9995723962783813
      ]
    },
    {
      "coordinates": [
        205,
        17
      ],
      "magnitude": 0.33913320302963257,
      "direction": [
        0.354836106300354,
        -0.9349284768104553
      ]
    },
    {
      "coordinates": [
        227,
        17
      ],
      "magnitude": 0.5562945604324341,
      "direction": [
        0.04635168984532356,
        -0.9989250898361206
      ]
    },
    {
      "coordinates": [
        250,
        17
      ],
      "magnitude": 0.4022851884365082,
      "direction": [
        -0.03556659445166588,
        -0.999367356300354
      ]
    },
    {
      "coordinates": [
        273,
        17
      ],
      "magnitude": 0.18458229303359985,
      "direction": [
        0.9996448755264282,
        -0.02664685994386673
      ]
    },
    {
      "coordinates": [
        296,
        17
      ],
      "magnitude": 0.17084625363349915,
      "direction": [
        0.7527902126312256,
        -0.6582604646682739
      ]
    },
    {
      "coordinates": [
        319,
        17
      ],
      "magnitude": 0.41965988278388977,
      "direction": [
        0.08744032680988312,
        -0.9961698055267334
      ]
    },
    {
      "coordinates": [
        0,
        34
      ],
      "magnitude": 0.20274768769741058,
      "direction": [
        0.31534847617149353,
        -0.9489759206771851
      ]
    },
    {
      "coordinates": [
        22,
        34
      ],
      "magnitude": 0.49602311849594116,
      "direction": [
        -0.189251109957695,
        -0.9819287657737732
      ]
    },
    {
      "coordinates": [
        45,
        34
      ],
      "magnitude": 0.505795419216156,
      "direction": [
        -0.15398792922496796,
        -0.9880726337432861
      ]
    },
    {
      "coordinates": [
        68,
        34
      ],
      "magnitude": 0.16616134345531464,
      "direction": [
        -0.8585275411605835,
        -0.5127675533294678
      ]
    },
    {
      "coordinates": [
        91,
        34
      ],
      "magnitude": 0.32162946462631226,
      "direction": [
        -0.5964080095291138,
        -0.8026815056800842
      ]
    },
    {
      "coordinates": [
        113,
        34
      ],
      "magnitude": 0.31906619668006897,
      "direction": [
        -0.26893773674964905,
        -0.963157594203949
      ]
    },
    {
      "coordinates": [
        136,
        34
      ],
      "magnitude": 0.30167460441589355,
      "direction": [
        -0.3331950306892395,
        -0.9428579807281494
      ]
    },
    {
      "coordinates": [
        159,
        34
      ],
      "magnitude": 0.1820816993713379,
      "direction": [
        -0.2596736252307892,
        -0.965696394443512
      ]
    },
    {
      "coordinates": [
        182,
        34
      ],
      "magnitude": 0.3142198920249939,
      "direction": [
        0.5257186889648438,
        -0.8506584763526917
      ]
    },
    {
      "coordinates": [
        205,
        34
      ],
      "magnitude": 0.3544459640979767,
      "direction": [
        0.025159768760204315,
        -0.9996834397315979
      ]
    },
    {
      "coordinates": [
        227,
        34
      ],
      "magnitude": 0.4061918258666992,
      "direction": [
        -0.029633989557623863,
        -0.9995608925819397
      ]
    },
    {
      "coordinates": [
        250,
        34
      ],
      "magnitude": 0.48934218287467957,
      "direction": [
        0.010905572213232517,
        -0.9999405145645142
      ]
    },
    {
      "coordinates": [
        273,
        34
      ],
      "magnitude": 0.20386233925819397,
      "direction": [
        0.21924205124378204,
        -0.9756705164909363
      ]
    },
    {
      "coordinates": [
        296,
        34
      ],
      "magnitude": 0.15477021038532257,
      "direction": [
        0.7539917230606079,
        -0.656883955001831
      ]
    },
    {
      "coordinates": [
        319,
        34
      ],
      "magnitude": 0.23336416482925415,
      "direction": [
        0.4623676836490631,
        -0.8866882920265198
      ]
    },
    {
      "coordinates": [
        0,
        51
      ],
      "magnitude": 0.1475248783826828,
      "direction": [
        -0.7875218987464905,
        -0.6162866950035095
      ]
    },
    {
      "coordinates": [
        22,
        51
      ],
      "magnitude": 0.4250992238521576,
      "direction": [
        -0.20596948266029358,
        -0.9785584807395935
      ]
    },
    {
      "coordinates": [
        45,
        51
      ],
      "magnitude": 0.4721609354019165,
      "direction": [
        -0.2289852797985077,
        -0.9734298586845398
      ]
    },
    {
      "coordinates": [
        68,
        51
      ],
      "magnitude": 0.18582646548748016,
      "direction": [
        -0.3390830159187317,
        -0.9407564401626587
      ]
    },
    {
      "coordinates": [
        91,
        51
      ],
      "magnitude": 0.32204270362854004,
      "direction": [
        0.2790706753730774,
        -0.9602705240249634
      ]
    },
    {
      "coordinates": [
        113,
        51
      ],
      "magnitude": 0.32873067259788513,
      "direction": [
        0.2634721100330353,
        -0.964667022228241
      ]
    },
    {
      "coordinates": [
        136,
        51
      ],
      "magnitude": 0.16297823190689087,
      "direction": [
        -0.07328256964683533,
        -0.9973112344741821
      ]
    },
    {
      "coordinates": [
        159,
        51
      ],
      "magnitude": 0.24896851181983948,
      "direction": [
        -0.318111389875412,
        -0.9480533599853516
      ]
    },
    {
      "coordinates": [
        182,
        51
      ],
      "magnitude": 0.39112305641174316,
      "direction": [
        -0.009486597962677479,
        -0.9999549388885498
      ]
    },
    {
      "coordinates": [
        205,
        51
      ],
      "magnitude": 0.3009103536605835,
      "direction": [
        -0.2412342131137848,
        -0.9704669117927551
      ]
    },
    {
      "coordinates": [
        227,
        51
      ],
      "magnitude": 0.5066771507263184,
      "direction": [
        -0.13821826875209808,
        -0.9904017448425293
      ]
    },
    {
      "coordinates": [
        250,
        51
      ],
      "magnitude": 0.38640496134757996,
      "direction": [
        -0.3521091938018799,
        -0.935958981513977
      ]
    },
    {
      "coordinates": [
        273,
        51
      ],
      "magnitude": 0.33731478452682495,
      "direction": [
        -0.778386652469635,
        -0.6277852058410645
      ]
    },
    {
      "coordinates": [
        296,
        51
      ],
      "magnitude": 0.1594172567129135,
      "direction": [
        -0.31286364793777466,
        -0.949798047542572
      ]
    },
    {
      "coordinates": [
        319,
        51
      ],
      "magnitude": 0.19277700781822205,
      "direction": [
        -0.04207438975572586,
        -0.999114453792572
      ]
    },
    {
      "coordinates": [
        0,
        68
      ],
      "magnitude": 0.21997947990894318,
      "direction": [
        -0.8127371668815613,
        -0.5826303958892822
      ]
    },
    {
      "coordinates": [
        22,
        68
      ],
      "magnitude": 0.4962291717529297,
      "direction": [
        0.1402473747730255,
        -0.9901164770126343
      ]
    },
    {
      "coordinates": [
        45,
        68
      ],
      "magnitude": 0.3590298891067505,
      "direction": [
        0.2617934048175812,
        -0.9651239514350891
      ]
    },
    {
      "coordinates": [
        68,
        68
      ],
      "magnitude": 0.316214382648468,
      "direction": [
        -0.010512424632906914,
        -0.9999447464942932
      ]
    },
    {
      "coordinates": [
        91,
        68
      ],
      "magnitude": 0.2943803071975708,
      "direction": [
        -0.23764941096305847,
        -0.9713510274887085
      ]
    },
    {
      "coordinates": [
        113,
        68
      ],
      "magnitude": 0.2025890201330185,
      "direction": [
        -0.4892321228981018,
        -0.872153639793396
      ]
    },
    {
      "coordinates": [
        136,
        68
      ],
      "magnitude": 0.24858084321022034,
      "direction": [
        -0.5852247476577759,
        -0.8108711838722229
      ]
    },
    {
      "coordinates": [
        159,
        68
      ],
      "magnitude": 0.22049205005168915,
      "direction": [
        -0.56492680311203,
        -0.8251410126686096
      ]
    },
    {
      "coordinates": [
        182,
        68
      ],
      "magnitude": 0.3847028911113739,
      "direction": [
        -0.16851672530174255,
        -0.9856987595558167
      ]
    },
    {
      "coordinates": [
        205,
        68
      ],
      "magnitude": 0.2416381537914276,
      "direction": [
        0.053567856550216675,
        -0.9985641837120056
      ]
    },
    {
      "coordinates": [
        227,
        68
      ],
      "magnitude": 0.37387844920158386,
      "direction": [
        -0.24835582077503204,
        -0.9686688780784607
      ]
    },
    {
      "coordinates": [
        250,
        68
      ],
      "magnitude": 0.46417805552482605,
      "direction": [
        -0.5559195876121521,
        -0.8312360644340515
      ]
    },
    {
      "coordinates": [
        273,
        68
      ],
      "magnitude": 0.24993550777435303,
      "direction": [
        0.013795464299619198,
        -0.9999048709869385
      ]
    },
    {
      "coordinates": [
        296,
        68
      ],
      "magnitude": 0.36638951301574707,
      "direction": [
        -0.08638953417539597,
        -0.9962614178657532
      ]
    },
    {
      "coordinates": [
        319,
        68
      ],
      "magnitude": 0.19414778053760529,
      "direction": [
        0.39765992760658264,
        -0.9175329208374023
      ]
    },
    {
      "coordinates": [
        0,
        85
      ],
      "magnitude": 0.5050543546676636,
      "direction": [
        -0.789318323135376,
        -0.6139842867851257
      ]
    },
    {
      "coordinates": [
        22,
        85
      ],
      "magnitude": 0.6808483004570007,
      "direction": [
        -0.6943932771682739,
        -0.719595730304718
      ]
    },
    {
      "coordinates": [
        45,
        85
      ],
      "magnitude": 0.6221263408660889,
      "direction": [
        -0.7285770773887634,
        -0.6849638223648071
      ]
    },
    {
      "coordinates": [
        68,
        85
      ],
      "magnitude": 0.3989271819591522,
      "direction": [
        -0.7652503252029419,
        -0.6437327861785889
      ]
    },
    {
      "coordinates": [
        91,
        85
      ],
      "magnitude": 0.38363921642303467,
      "direction": [
        -0.6545177698135376,
        -0.7560465335845947
      ]
    },
    {
      "coordinates": [
        113,
        85
      ],
      "magnitude": 0.3005999028682709,
      "direction": [
        -0.3970666229724884,
        -0.9177897572517395
      ]
    },
    {
      "coordinates": [
        136,
        85
      ],
      "magnitude": 0.10344193875789642,
      "direction": [
        -0.47749215364456177,
        -0.8786360621452332
      ]
    },
    {
      "coordinates": [
        159,
        85
      ],
      "magnitude": 0.3508344292640686,
      "direction": [
        -0.4563056230545044,
        -0.8898230791091919
      ]
    },
    {
      "coordinates": [
        182,
        85
      ],
      "magnitude": 0.4239549934864044,
      "direction": [
        -0.5695655345916748,
        -0.8219459056854248
      ]
    },
    {
      "coordinates": [
        205,
        85
      ],
      "magnitude": 0.4641272723674774,
      "direction": [
        -0.22614902257919312,
        -0.9740927219390869
      ]
    },
    {
      "coordinates": [
        227,
        85
      ],
      "magnitude": 0.3127438426017761,
      "direction": [
        0.1955501139163971,
        -0.9806936979293823
      ]
    },
    {
      "coordinates": [
        250,
        85
      ],
      "magnitude": 0.3147200644016266,
      "direction": [
        -0.22144824266433716,
        -0.9751721024513245
      ]
    },
    {
      "coordinates": [
        273,
        85
      ],
      "magnitude": 0.4385591745376587,
      "direction": [
        -0.18102434277534485,
        -0.9834786057472229
      ]
    },
    {
      "coordinates": [
        296,
        85
      ],
      "magnitude": 0.3150177299976349,
      "direction": [
        0.3220987915992737,
        -0.9467060565948486
      ]
    },
    {
      "coordinates": [
        319,
        85
      ],
      "magnitude": 0.23804374039173126,
      "direction": [
        -0.3030063211917877,
        -0.9529885053634644
      ]
    },
    {
      "coordinates": [
        0,
        102
      ],
      "magnitude": 0.5044910311698914,
      "direction": [
        -0.6774001121520996,
        -0.7356147766113281
      ]
    },
    {
      "coordinates": [
        22,
        102
      ],
      "magnitude": 0.5004236698150635,
      "direction": [
        -0.2722735106945038,
        -0.9622198939323425
      ]
    },
    {
      "coordinates": [
        45,
        102
      ],
      "magnitude": 0.35879379510879517,
      "direction": [
        -0.5672460198402405,
        -0.823548436164856
      ]
    },
    {
      "coordinates": [
        68,
        102
      ],
      "magnitude": 0.5092074871063232,
      "direction": [
        -0.6758715510368347,
        -0.737019419670105
      ]
    },
    {
      "coordinates": [
        91,
        102
      ],
      "magnitude": 0.42549005150794983,
      "direction": [
        -0.3326801657676697,
        -0.9430397152900696
      ]
    },
    {
      "coordinates": [
        113,
        102
      ],
      "magnitude": 0.4551522433757782,
      "direction": [
        -0.04263743758201599,
        -0.9990905523300171
      ]
    },
    {
      "coordinates": [
        136,
        102
      ],
      "magnitude": 0.16369758546352386,
      "direction": [
        -0.09558821469545364,
        -0.9954209923744202
      ]
    },
    {
      "coordinates": [
        159,
        102
      ],
      "magnitude": 0.08174645900726318,
      "direction": [
        0.23128469288349152,
        -0.9728860855102539
      ]
    },
    {
      "coordinates": [
        182,
        102
      ],
      "magnitude": 0.4274299442768097,
      "direction": [
        -0.094046451151371,
        -0.995567798614502
      ]
    },
    {
      "coordinates": [
        205,
        102
      ],
      "magnitude": 0.454006165266037,
      "direction": [
        -0.11894106864929199,
        -0.9929013252258301
      ]
    },
    {
      "coordinates": [
        227,
        102
      ],
      "magnitude": 0.3321274220943451,
      "direction": [
        -0.50203937292099,
        -0.8648448586463928
      ]
    },
    {
      "coordinates": [
        250,
        102
      ],
      "magnitude": 0.40160173177719116,
      "direction": [
        -0.2881143093109131,
        -0.9575960040092468
      ]
    },
    {
      "coordinates": [
        273,
        102
      ],
      "magnitude": 0.4499514698982239,
      "direction": [
        -0.23058012127876282,
        -0.9730533361434937
      ]
    },
    {
      "coordinates": [
        296,
        102
      ],
      "magnitude": 0.3563807010650635,
      "direction": [
        -0.09428127855062485,
        -0.9955456256866455
      ]
    },
    {
      "coordinates": [
        319,
        102
      ],
      "magnitude": 0.28850510716438293,
      "direction": [
        0.6932188868522644,
        -0.7207271456718445
      ]
    },
    {
      "coordinates": [
        0,
        119
      ],
      "magnitude": 0.22746379673480988,
      "direction": [
        0.10833104699850082,
        -0.9941149353981018
      ]
    },
    {
      "coordinates": [
        22,
        119
      ],
      "magnitude": 0.5989732146263123,
      "direction": [
        -0.426210880279541,
        -0.9046239256858826
      ]
    },
    {
      "coordinates": [
        45,
        119
      ],
      "magnitude": 0.32962557673454285,
      "direction": [
        -0.6490667462348938,
        -0.7607315182685852
      ]
    },
    {
      "coordinates": [
        68,
        119
      ],
      "magnitude": 0.4573117792606354,
      "direction": [
        -0.18414746224880219,
        -0.9828985929489136
      ]
    },
    {
      "coordinates": [
        91,
        119
      ],
      "magnitude": 0.5380191206932068,
      "direction": [
        0.08001319319009781,
        -0.9967937469482422
      ]
    },
    {
      "coordinates": [
        113,
        119
      ],
      "magnitude": 0.4481295347213745,
      "direction": [
        0.29943564534187317,
        -0.9541165828704834
      ]
    },
    {
      "coordinates": [
        136,
        119
      ],
      "magnitude": 0.4380296468734741,
      "direction": [
        0.7583388686180115,
        -0.6518605351448059
      ]
    },
    {
      "coordinates": [
        159,
        119
      ],
      "magnitude": 0.2090471088886261,
      "direction": [
        0.9463245272636414,
        -0.3232179582118988
      ]
    },
    {
      "coordinates": [
        182,
        119
      ],
      "magnitude": 0.3842403292655945,
      "direction": [
        0.047037523239851,
        -0.998893141746521
      ]
    },
    {
      "coordinates": [
        205,
        119
      ],
      "magnitude": 0.2588469386100769,
      "direction": [
        -0.1932084709405899,
        -0.9811577200889587
      ]
    },
    {
      "coordinates": [
        227,
        119
      ],
      "magnitude": 0.38695400953292847,
      "direction": [
        -0.1660073846578598,
        -0.9861244559288025
      ]
    },
    {
      "coordinates": [
        250,
        119
      ],
      "magnitude": 0.43228965997695923,
      "direction": [
        0.04163875803351402,
        -0.9991327524185181
      ]
    },
    {
      "coordinates": [
        273,
        119
      ],
      "magnitude": 0.4202094078063965,
      "direction": [
        0.25734031200408936,
        -0.9663208723068237
      ]
    },
    {
      "coordinates": [
        296,
        119
      ],
      "magnitude": 0.3905172646045685,
      "direction": [
        0.05249777063727379,
        -0.9986210465431213
      ]
    },
    {
      "coordinates": [
        319,
        119
      ],
      "magnitude": 0.34308958053588867,
      "direction": [
        -0.14382973313331604,
        -0.9896025061607361
      ]
    },
    {
      "coordinates": [
        0,
        136
      ],
      "magnitude": 0.32746651768684387,
      "direction": [
        -0.9043171405792236,
        -0.42686134576797485
      ]
    },
    {
      "coordinates": [
        22,
        136
      ],
      "magnitude": 0.4604819118976593,
      "direction": [
        -0.4759567379951477,
        -0.8794686794281006
      ]
    },
    {
      "coordinates": [
        45,
        136
      ],
      "magnitude": 0.49256208539009094,
      "direction": [
        -0.5936811566352844,
        -0.8047003746032715
      ]
    },
    {
      "coordinates": [
        68,
        136
      ],
      "magnitude": 0.589425802230835,
      "direction": [
        -0.1666346788406372,
        -0.986018717288971
      ]
    },
    {
      "coordinates": [
        91,
        136
      ],
      "magnitude": 0.4914679527282715,
      "direction": [
        0.08114238828420639,
        -0.9967025518417358
      ]
    },
    {
      "coordinates": [
        113,
        136
      ],
      "magnitude": 0.5758227109909058,
      "direction": [
        0.28124281764030457,
        -0.9596366882324219
      ]
    },
    {
      "coordinates": [
        136,
        136
      ],
      "magnitude": 0.2599637806415558,
      "direction": [
        -0.38268813490867615,
        -0.9238775968551636
      ]
    },
    {
      "coordinates": [
        159,
        136
      ],
      "magnitude": 0.10725313425064087,
      "direction": [
        0.7820092439651489,
        0.623266875743866
      ]
    },
    {
      "coordinates": [
        182,
        136
      ],
      "magnitude": 0.3072763681411743,
      "direction": [
        0.09606435149908066,
        -0.9953750967979431
      ]
    },
    {
      "coordinates": [
        205,
        136
      ],
      "magnitude": 0.33503028750419617,
      "direction": [
        0.33307501673698425,
        -0.9429002404212952
      ]
    },
    {
      "coordinates": [
        227,
        136
      ],
      "magnitude": 0.31981590390205383,
      "direction": [
        0.42981332540512085,
        -0.902917742729187
      ]
    },
    {
      "coordinates": [
        250,
        136
      ],
      "magnitude": 0.3929940164089203,
      "direction": [
        0.07334574311971664,
        -0.9973065853118896
      ]
    },
    {
      "coordinates": [
        273,
        136
      ],
      "magnitude": 0.47338998317718506,
      "direction": [
        0.07831843942403793,
        -0.996928334236145
      ]
    },
    {
      "coordinates": [
        296,
        136
      ],
      "magnitude": 0.24983014166355133,
      "direction": [
        0.045574672520160675,
        -0.9989609122276306
      ]
    },
    {
      "coordinates": [
        319,
        136
      ],
      "magnitude": 0.24641010165214539,
      "direction": [
        0.05326254665851593,
        -0.9985805749893188
      ]
    },
    {
      "coordinates": [
        0,
        153
      ],
      "magnitude": 0.3194260895252228,
      "direction": [
        -0.4723329544067383,
        -0.8814202547073364
      ]
    },
    {
      "coordinates": [
        22,
        153
      ],
      "magnitude": 0.4249853789806366,
      "direction": [
        -0.48274558782577515,
        -0.8757606148719788
      ]
    },
    {
      "coordinates": [
        45,
        153
      ],
      "magnitude": 0.5191929340362549,
      "direction": [
        -0.27683278918266296,
        -0.960918128490448
      ]
    },
    {
      "coordinates": [
        68,
        153
      ],
      "magnitude": 0.6964982151985168,
      "direction": [
        0.013349493965506554,
        -0.9999108910560608
      ]
    },
    {
      "coordinates": [
        91,
        153
      ],
      "magnitude": 0.5136337876319885,
      "direction": [
        -0.12299899011850357,
        -0.9924068450927734
      ]
    },
    {
      "coordinates": [
        113,
        153
      ],
      "magnitude": 0.5220271944999695,
      "direction": [
        -0.44791728258132935,
        -0.8940750360488892
      ]
    },
    {
      "coordinates": [
        136,
        153
      ],
      "magnitude": 0.34472522139549255,
      "direction": [
        -0.24589882791042328,
        -0.9692955017089844
      ]
    },
    {
      "coordinates": [
        159,
        153
      ],
      "magnitude": 0.13106602430343628,
      "direction": [
        0.9813756346702576,
        -0.19209879636764526
      ]
    },
    {
      "coordinates": [
        182,
        153
      ],
      "magnitude": 0.32213786244392395,
      "direction": [
        0.561904788017273,
        -0.8272019028663635
      ]
    },
    {
      "coordinates": [
        205,
        153
      ],
      "magnitude": 0.3832066059112549,
      "direction": [
        0.09378993511199951,
        -0.9955919981002808
      ]
    },
    {
      "coordinates": [
        227,
        153
      ],
      "magnitude": 0.35101184248924255,
      "direction": [
        0.21352636814117432,
        -0.9769372344017029
      ]
    },
    {
      "coordinates": [
        250,
        153
      ],
      "magnitude": 0.34820595383644104,
      "direction": [
        0.16551010310649872,
        -0.9862081408500671
      ]
    },
    {
      "coordinates": [
        273,
        153
      ],
      "magnitude": 0.5018851161003113,
      "direction": [
        0.20471815764904022,
        -0.9788209795951843
      ]
    },
    {
      "coordinates": [
        296,
        153
      ],
      "magnitude": 0.31001943349838257,
      "direction": [
        0.5094359517097473,
        -0.8605086207389832
      ]
    },
    {
      "coordinates": [
        319,
        153
      ],
      "magnitude": 0.26606208086013794,
      "direction": [
        0.729153037071228,
        -0.6843506693840027
      ]
    },
    {
      "coordinates": [
        0,
        170
      ],
      "magnitude": 0.4357622265815735,
      "direction": [
        -0.47295933961868286,
        -0.8810843229293823
      ]
    },
    {
      "coordinates": [
        22,
        170
      ],
      "magnitude": 0.33740103244781494,
      "direction": [
        -0.35824376344680786,
        -0.9336281418800354
      ]
    },
    {
      "coordinates": [
        45,
        170
      ],
      "magnitude": 0.5364247560501099,
      "direction": [
        0.01041405089199543,
        -0.9999457597732544
      ]
    },
    {
      "coordinates": [
        68,
        170
      ],
      "magnitude": 0.6692563891410828,
      "direction": [
        0.10238715261220932,
        -0.994744598865509
      ]
    },
    {
      "coordinates": [
        91,
        170
      ],
      "magnitude": 0.5239876508712769,
      "direction": [
        -0.3107545077800751,
        -0.9504901766777039
      ]
    },
    {
      "coordinates": [
        113,
        170
      ],
      "magnitude": 0.4508635401725769,
      "direction": [
        -0.6706217527389526,
        -0.7417994737625122
      ]
    },
    {
      "coordinates": [
        136,
        170
      ],
      "magnitude": 0.5526133179664612,
      "direction": [
        -0.7411746382713318,
        -0.6713122129440308
      ]
    },
    {
      "coordinates": [
        159,
        170
      ],
      "magnitude": 0.35607120394706726,
      "direction": [
        -0.5972886085510254,
        -0.8020263314247131
      ]
    },
    {
      "coordinates": [
        182,
        170
      ],
      "magnitude": 0.37912794947624207,
      "direction": [
        0.22760534286499023,
        -0.9737535119056702
      ]
    },
    {
      "coordinates": [
        205,
        170
      ],
      "magnitude": 0.3146480619907379,
      "direction": [
        -0.14030767977237701,
        -0.9901080131530762
      ]
    },
    {
      "coordinates": [
        227,
        170
      ],
      "magnitude": 0.2593855857849121,
      "direction": [
        -0.14342381060123444,
        -0.9896613359451294
      ]
    },
    {
      "coordinates": [
        250,
        170
      ],
      "magnitude": 0.4186357259750366,
      "direction": [
        0.3249230682849884,
        -0.9457404613494873
      ]
    },
    {
      "coordinates": [
        273,
        170
      ],
      "magnitude": 0.3970271348953247,
      "direction": [
        0.10440884530544281,
        -0.994534432888031
      ]
    },
    {
      "coordinates": [
        296,
        170
      ],
      "magnitude": 0.40590354800224304,
      "direction": [
        -0.013174549676477909,
        -0.999913215637207
      ]
    },
    {
      "coordinates": [
        319,
        170
      ],
      "magnitude": 0.32400527596473694,
      "direction": [
        0.49625155329704285,
        -0.8681787252426147
      ]
    },
    {
      "coordinates": [
        0,
        187
      ],
      "magnitude": 0.4601556658744812,
      "direction": [
        -0.6478549242019653,
        -0.7617636919021606
      ]
    },
    {
      "coordinates": [
        22,
        187
      ],
      "magnitude": 0.5612936615943909,
      "direction": [
        -0.23789246380329132,
        -0.9712915420532227
      ]
    },
    {
      "coordinates": [
        45,
        187
      ],
      "magnitude": 0.6367663741111755,
      "direction": [
        -0.1390986293554306,
        -0.9902785420417786
      ]
    },
    {
      "coordinates": [
        68,
        187
      ],
      "magnitude": 0.6071721315383911,
      "direction": [
        -0.4093939960002899,
        -0.9123576879501343
      ]
    },
    {
      "coordinates": [
        91,
        187
      ],
      "magnitude": 0.5794537663459778,
      "direction": [
        -0.5815718173980713,
        -0.8134949803352356
      ]
    },
    {
      "coordinates": [
        113,
        187
      ],
      "magnitude": 0.3800356686115265,
      "direction": [
        -0.38521701097488403,
        -0.9228260517120361
      ]
    },
    {
      "coordinates": [
        136,
        187
      ],
      "magnitude": 0.3057725429534912,
      "direction": [
        -0.46363815665245056,
        -0.8860246539115906
      ]
    },
    {
      "coordinates": [
        159,
        187
      ],
      "magnitude": 0.38692858815193176,
      "direction": [
        -0.39453622698783875,
        -0.9188803434371948
      ]
    },
    {
      "coordinates": [
        182,
        187
      ],
      "magnitude": 0.39815646409988403,
      "direction": [
        -0.35678964853286743,
        -0.934184730052948
      ]
    },
    {
      "coordinates": [
        205,
        187
      ],
      "magnitude": 0.41509392857551575,
      "direction": [
        0.08387789875268936,
        -0.9964759945869446
      ]
    },
    {
      "coordinates": [
        227,
        187
      ],
      "magnitude": 0.3227701485157013,
      "direction": [
        0.19341208040714264,
        -0.9811175465583801
      ]
    },
    {
      "coordinates": [
        250,
        187
      ],
      "magnitude": 0.48486167192459106,
      "direction": [
        0.012102527543902397,
        -0.999926745891571
      ]
    },
    {
      "coordinates": [
        273,
        187
      ],
      "magnitude": 0.25437790155410767,
      "direction": [
        0.2116091400384903,
        -0.9773544073104858
      ]
    },
    {
      "coordinates": [
        296,
        187
      ],
      "magnitude": 0.5817426443099976,
      "direction": [
        0.12220974266529083,
        -0.9925042986869812
      ]
    },
    {
      "coordinates": [
        319,
        187
      ],
      "magnitude": 0.42362239956855774,
      "direction": [
        0.3774404227733612,
        -0.9260338544845581
      ]
    },
    {
      "coordinates": [
        0,
        204
      ],
      "magnitude": 0.4988778531551361,
      "direction": [
        -0.13150359690189362,
        -0.9913156628608704
      ]
    },
    {
      "coordinates": [
        22,
        204
      ],
      "magnitude": 0.5246248245239258,
      "direction": [
        -0.20680341124534607,
        -0.9783824682235718
      ]
    },
    {
      "coordinates": [
        45,
        204
      ],
      "magnitude": 0.5679386854171753,
      "direction": [
        -0.37726256251335144,
        -0.9261063933372498
      ]
    },
    {
      "coordinates": [
        68,
        204
      ],
      "magnitude": 0.5714836120605469,
      "direction": [
        -0.5415070652961731,
        -0.8406962156295776
      ]
    },
    {
      "coordinates": [
        91,
        204
      ],
      "magnitude": 0.5791752934455872,
      "direction": [
        -0.23474162817001343,
        -0.9720578193664551
      ]
    },
    {
      "coordinates": [
        113,
        204
      ],
      "magnitude": 0.4081244170665741,
      "direction": [
        -0.5937396287918091,
        -0.8046572208404541
      ]
    },
    {
      "coordinates": [
        136,
        204
      ],
      "magnitude": 0.4654228389263153,
      "direction": [
        -0.6422077417373657,
        -0.7665306329727173
      ]
    },
    {
      "coordinates": [
        159,
        204
      ],
      "magnitude": 0.44913047552108765,
      "direction": [
        -0.24827681481838226,
        -0.9686892032623291
      ]
    },
    {
      "coordinates": [
        182,
        204
      ],
      "magnitude": 0.4734652638435364,
      "direction": [
        -0.06130696088075638,
        -0.9981189370155334
      ]
    },
    {
      "coordinates": [
        205,
        204
      ],
      "magnitude": 0.3720359802246094,
      "direction": [
        -0.1081748828291893,
        -0.9941319227218628
      ]
    },
    {
      "coordinates": [
        227,
        204
      ],
      "magnitude": 0.4061283767223358,
      "direction": [
        0.28435760736465454,
        -0.9587183594703674
      ]
    },
    {
      "coordinates": [
        250,
        204
      ],
      "magnitude": 0.4978979527950287,
      "direction": [
        0.2342320680618286,
        -0.9721807241439819
      ]
    },
    {
      "coordinates": [
        273,
        204
      ],
      "magnitude": 0.22501130402088165,
      "direction": [
        0.02991253323853016,
        -0.9995525479316711
      ]
    },
    {
      "coordinates": [
        296,
        204
      ],
      "magnitude": 0.4889397919178009,
      "direction": [
        -0.20924581587314606,
        -0.977863073348999
      ]
    },
    {
      "coordinates": [
        319,
        204
      ],
      "magnitude": 0.5792173743247986,
      "direction": [
        0.0060020023956894875,
        -0.9999819993972778
      ]
    },
    {
      "coordinates": [
        0,
        221
      ],
      "magnitude": 0.4599856734275818,
      "direction": [
        -0.3380054235458374,
        -0.9411441683769226
      ]
    },
    {
      "coordinates": [
        22,
        221
      ],
      "magnitude": 0.5502707362174988,
      "direction": [
        0.06440673768520355,
        -0.997923731803894
      ]
    },
    {
      "coordinates": [
        45,
        221
      ],
      "magnitude": 0.43888112902641296,
      "direction": [
        -0.18850819766521454,
        -0.982071578502655
      ]
    },
    {
      "coordinates": [
        68,
        221
      ],
      "magnitude": 0.5109126567840576,
      "direction": [
        -0.22730574011802673,
        -0.9738233685493469
      ]
    },
    {
      "coordinates": [
        91,
        221
      ],
      "magnitude": 0.5404529571533203,
      "direction": [
        -0.3640412390232086,
        -0.9313828349113464
      ]
    },
    {
      "coordinates": [
        113,
        221
      ],
      "magnitude": 0.3538358807563782,
      "direction": [
        -0.7983012795448303,
        -0.6022582650184631
      ]
    },
    {
      "coordinates": [
        136,
        221
      ],
      "magnitude": 0.45107439160346985,
      "direction": [
        -0.4985964596271515,
        -0.866834282875061
      ]
    },
    {
      "coordinates": [
        159,
        221
      ],
      "magnitude": 0.5092300772666931,
      "direction": [
        -0.34752729535102844,
        -0.9376698732376099
      ]
    },
    {
      "coordinates": [
        182,
        221
      ],
      "magnitude": 0.5063338875770569,
      "direction": [
        -0.13964730501174927,
        -0.9902013540267944
      ]
    },
    {
      "coordinates": [
        205,
        221
      ],
      "magnitude": 0.4414407014846802,
      "direction": [
        0.13427414000034332,
        -0.9909442663192749
      ]
    },
    {
      "coordinates": [
        227,
        221
      ],
      "magnitude": 0.43572619557380676,
      "direction": [
        0.09747548401355743,
        -0.9952379465103149
      ]
    },
    {
      "coordinates": [
        250,
        221
      ],
      "magnitude": 0.38814765214920044,
      "direction": [
        0.2795778512954712,
        -0.9601230621337891
      ]
    },
    {
      "coordinates": [
        273,
        221
      ],
      "magnitude": 0.25825023651123047,
      "direction": [
        -0.14615193009376526,
        -0.9892621636390686
      ]
    },
    {
      "coordinates": [
        296,
        221
      ],
      "magnitude": 0.443914532661438,
      "direction": [
        0.038012657314538956,
        -0.9992772936820984
      ]
    },
    {
      "coordinates": [
        319,
        221
      ],
      "magnitude": 0.7197026610374451,
      "direction": [
        -0.02784252166748047,
        -0.9996123313903809
      ]
    },
    {
      "coordinates": [
        0,
        239
      ],
      "magnitude": 0.4490290582180023,
      "direction": [
        0.7630094289779663,
        -0.6463873982429504
      ]
    },
    {
      "coordinates": [
        22,
        239
      ],
      "magnitude": 0.36374080181121826,
      "direction": [
        0.24243634939193726,
        -0.970167338848114
      ]
    },
    {
      "coordinates": [
        45,
        239
      ],
      "magnitude": 0.4124804735183716,
      "direction": [
        -0.032137949019670486,
        -0.9994834661483765
      ]
    },
    {
      "coordinates": [
        68,
        239
      ],
      "magnitude": 0.3493698239326477,
      "direction": [
        -0.44863879680633545,
        -0.893713116645813
      ]
    },
    {
      "coordinates": [
        91,
        239
      ],
      "magnitude": 0.5546625256538391,
      "direction": [
        -0.42870020866394043,
        -0.9034468531608582
      ]
    },
    {
      "coordinates": [
        113,
        239
      ],
      "magnitude": 0.37253668904304504,
      "direction": [
        -0.425803005695343,
        -0.9048158526420593
      ]
    },
    {
      "coordinates": [
        136,
        239
      ],
      "magnitude": 0.33195269107818604,
      "direction": [
        -0.7449588179588318,
        -0.6671105027198792
      ]
    },
    {
      "coordinates": [
        159,
        239
      ],
      "magnitude": 0.7013542056083679,
      "direction": [
        -0.2417439967393875,
        -0.9703400135040283
      ]
    },
    {
      "coordinates": [
        182,
        239
      ],
      "magnitude": 0.5447101593017578,
      "direction": [
        -0.2693798840045929,
        -0.9630339741706848
      ]
    },
    {
      "coordinates": [
        205,
        239
      ],
      "magnitude": 0.5924193263053894,
      "direction": [
        0.10675444453954697,
        -0.9942854046821594
      ]
    },
    {
      "coordinates": [
        227,
        239
      ],
      "magnitude": 0.5024754405021667,
      "direction": [
        0.46550166606903076,
        -0.8850469589233398
      ]
    },
    {
      "coordinates": [
        250,
        239
      ],
      "magnitude": 0.4197528660297394,
      "direction": [
        0.2864628732204437,
        -0.9580913782119751
      ]
    },
    {
      "coordinates": [
        273,
        239
      ],
      "magnitude": 0.2679976224899292,
      "direction": [
        0.7282594442367554,
        -0.685301661491394
      ]
    },
    {
      "coordinates": [
        296,
        239
      ],
      "magnitude": 0.5106675028800964,
      "direction": [
        0.5205191969871521,
        -0.8538499474525452
      ]
    },
    {
      "coordinates": [
        319,
        239
      ],
      "magnitude": 0.6658916473388672,
      "direction": [
        0.24077926576137543,
        -0.9705798625946045
      ]
    }
  ]
}